Submission ID,Common Name,Scientific Name,Taxonomic Order,Count,State/Province,County,Location ID,Location,Latitude,Longitude,Date,Time,Protocol,Duration (Min),All Obs Reported,Distance Traveled (km),Area Covered (ha),Number of Observers,Breeding Code,Observation Details,Checklist Comments,ML Catalog Numbers
S285380811,Black-bellied Whistling-Duck,Dendrocygna autumnalis,243,9,US-TX,Cameron,L283726,South Padre Is.--WBC/Conv. Center/Laguna Madre Trail (LTC 035),26.1400912,-97.1748233,2025-11-20,12:53 PM,eBird - Traveling Count,120,1,1.609,,9,,,,645920320
S285225977,Black-bellied Whistling-Duck,Dendrocygna autumnalis,243,13,US-TX,Hidalgo,L249889,Edinburg Scenic Wetlands WBC (LTC 061),26.2905822,-98.1351909,2025-11-19,12:54 PM,eBird - Traveling Count,90,1,1.609,,9
S285380905,Black-bellied Whistling-Duck,Dendrocygna autumnalis,243,10,US-TX,Hidalgo,L259855,Estero Llano Grande SP WBC (LTC 054),26.1268335,-97.9578167,2025-11-20,07:13 AM,eBird - Traveling Count,60,1,.805,,9
S285225465,Black-bellied Whistling-Duck,Dendrocygna autumnalis,243,5,US-TX,Hidalgo,L21636963,Peculiar Nest Airbnb (restricted access),26.180693,-98.272806,2025-11-18,07:00 AM,eBird - Stationary Count,40,1,,,10
S312570475,Snow Goose,Anser caerulescens,267,X,US-WA,Adams,L1071738,Columbia NWR--Royal Lake,46.8716342,-119.3433344,2026-03-22,11:00 AM,eBird - Stationary Count,20,1,,,20
S312066452,Snow Goose,Anser caerulescens,267,1000,US-WA,Grant,L60811904,"Lower Crab Creek Road Southeast, Othello, Washington, US (46.81, -119.416)",46.8103875,-119.4164898,2026-03-22,10:02 AM,eBird - Stationary Count,3,1,,,1
S311113230,Snow Goose,Anser caerulescens,267,1000,US-WA,Grant,L1678863,Potholes Reservoir--south half,46.991357,-119.3181243,2026-03-20,10:58 AM,eBird - Traveling Count,156,1,20.014,,1
S164380841,Snow Goose,Anser caerulescens,267,X,US-WA,Skagit,L1369427,Fir Island -- Browns Slough Road,48.35381,-122.42297,2024-03-10,09:00 AM,eBird - Traveling Count,180,0,1.609,,6
S295226157,Snow Goose,Anser caerulescens,267,1,US-WA,Skagit,L476174,Skagit Wildlife Area--Wiley Slough,48.3246351,-122.3741287,2026-01-19,11:25 AM,eBird - Traveling Count,72,1,.891,,1
S159175946,Graylag Goose,Anser anser,275,1,AU-NSW,Sydney,L915566,Royal Botanic Gardens (Sydney),-33.8638957,151.2167577,2023-08-19,,Historical,,1
S260172580,Graylag Goose (Domestic type),Anser anser (Domestic type),278,X,CH-GE,,L926699,Jetée et Port des Pâquis,46.2102417,6.1546,2025-07-04,,Historical,,0
S327403524,Greater White-fronted Goose,Anser albifrons,287,14,US-WA,Snohomish,L2410089,"Home Acres Rd, Everett",47.9581889,-122.1737838,2026-04-25,03:16 PM,eBird - Stationary Count,20,1,,,1
S342994543,Domestic goose sp. (Domestic type),Anser sp. (Domestic type),312,1,US-WA,King,L163354,Green Lake,47.6783945,-122.3382464,2026-05-20,09:01 AM,eBird - Traveling Count,222,1,4.611,,1
S324366340,Brant,Branta bernicla,314,500,US-WA,Clallam,L828590,Dungeness Landing Park/Oyster House,48.1514639,-123.143456,2026-04-19,12:52 PM,eBird - Stationary Count,65,1,,,1
S323667024,Brant,Branta bernicla,314,70,US-WA,Clallam,L190512,Ediz Hook,48.14035,-123.44711,2026-04-18,08:22 AM,eBird - Traveling Count,154,1,4.076,,1
S324402551,Brant,Branta bernicla,314,100,US-WA,Clallam,L265438,Three Crabs,48.151945,-123.1222855,2026-04-19,02:15 PM,eBird - Traveling Count,74,1,.389,,1
S293545903,Brant,Branta bernicla,314,X,US-WA,Snohomish,L374382,Edmonds Waterfront,47.8119268,-122.3854144,2026-01-10,12:05 PM,eBird - Traveling Count,89,1,.914,,1,,,,648642230 648642231
S297588705,Brant,Branta bernicla,314,22,US-WA,Snohomish,L374382,Edmonds Waterfront,47.8119268,-122.3854144,2026-02-01,12:36 PM,eBird - Traveling Count,124,1,1.416,,1
S260172580,Barnacle Goose,Branta leucopsis,322,X,CH-GE,,L926699,Jetée et Port des Pâquis,46.2102417,6.1546,2025-07-04,,Historical,,0
S330084156,Cackling Goose,Branta hutchinsii,331,X,US-WA,Grays Harbor,L276426,Grays Harbor NWR (Bowerman Basin),46.9731644,-123.9436064,2026-04-30,02:47 PM,eBird - Traveling Count,104,1,1.512,,1
S282214936,Cackling Goose,Branta hutchinsii,331,X,US-WA,Thurston,L282253,Billy Frank Jr. Nisqually NWR,47.0812514,-122.7180576,2025-10-31,09:53 AM,eBird - Traveling Count,193,1,3.491,,1
S291455322,Cackling Goose,Branta hutchinsii,331,X,US-WA,Thurston,L282253,Billy Frank Jr. Nisqually NWR,47.0812514,-122.7180576,2025-12-31,08:11 AM,eBird - Traveling Count,256,1,3.231,,1
S311556119,Canada Goose,Branta canadensis,342,100,US-WA,Adams,L455722,Para/McCain's Ponds,46.8574296,-119.1854596,2026-03-21,10:39 AM,eBird - Traveling Count,30,1,.301,,1
S356765363,Canada Goose,Branta canadensis,342,2,US-CA,Alameda,L8307665,Albany State Marine Reserve,37.8893242,-122.3151134,2026-06-13,07:48 AM,eBird - Traveling Count,99,1,2.71,,1
S324366340,Canada Goose,Branta canadensis,342,2,US-WA,Clallam,L828590,Dungeness Landing Park/Oyster House,48.1514639,-123.143456,2026-04-19,12:52 PM,eBird - Stationary Count,65,1,,,1
S323667024,Canada Goose,Branta canadensis,342,5,US-WA,Clallam,L190512,Ediz Hook,48.14035,-123.44711,2026-04-18,08:22 AM,eBird - Traveling Count,154,1,4.076,,1
S323750410,Canada Goose,Branta canadensis,342,1,US-WA,Clallam,L793855,Elwha River Mouth,48.1447892,-123.5671808,2026-04-18,11:32 AM,eBird - Traveling Count,130,1,.681,,1
S323075329,Canada Goose,Branta canadensis,342,3,US-WA,Clallam,L894831,Freshwater Bay,48.1461024,-123.6414242,2026-04-17,09:39 AM,eBird - Traveling Count,130,1,5.296,,1
S323789056,Canada Goose,Branta canadensis,342,2,US-WA,Clallam,L894831,Freshwater Bay,48.1461024,-123.6414242,2026-04-18,02:00 PM,eBird - Traveling Count,75,1,.617,,1
S323134294,Canada Goose,Branta canadensis,342,1,US-WA,Clallam,L6125771,Jamestown S'Klallam Tribe Center,48.0252673,-122.9962617,2026-04-17,01:14 PM,eBird - Traveling Count,73,1,1.266,,1
S323179015,Canada Goose,Branta canadensis,342,3,US-WA,Clallam,L284497,John Wayne Marina,48.0623184,-123.0416377,2026-04-17,02:38 PM,eBird - Traveling Count,99,1,.876,,1
S324402551,Canada Goose,Branta canadensis,342,3,US-WA,Clallam,L265438,Three Crabs,48.151945,-123.1222855,2026-04-19,02:15 PM,eBird - Traveling Count,74,1,.389,,1
S180573811,Canada Goose,Branta canadensis,342,X,US-VA,Fairfax,L718525,**HUNTLEY MEADOWS PARK,38.7576451,-77.0984124,2024-06-10,07:09 AM,eBird - Traveling Count,148,1,3.203,,1
S206958982,Canada Goose,Branta canadensis,342,X,US-VA,Fairfax,L718525,**HUNTLEY MEADOWS PARK,38.7576451,-77.0984124,2024-12-22,,Historical,,1
S290526069,Canada Goose,Branta canadensis,342,X,US-VA,Fairfax,L5640834,Huntley Meadows Park--Cedar Trail Loop,38.7555851,-77.1024156,2025-12-27,08:42 AM,eBird - Traveling Count,80,1,1.967,,1
S159175317,Canada Goose,Branta canadensis,342,X,US-VA,Fairfax,L4138121,Washington & Old Dominion Trail--Vienna Town Green,38.9030318,-77.2646034,2023-12-27,,Historical,,1
S311613054,Canada Goose,Branta canadensis,342,3,US-WA,Franklin,L1518478,Wahluke Wildlife Area-White Bluffs Viewpoint,46.6314315,-119.3975395,2026-03-21,12:43 PM,eBird - Traveling Count,46,1,2.26,,1
S311113230,Canada Goose,Branta canadensis,342,3,US-WA,Grant,L1678863,Potholes Reservoir--south half,46.991357,-119.3181243,2026-03-20,10:58 AM,eBird - Traveling Count,156,1,20.014,,1
S331419171,Canada Goose,Branta canadensis,342,4,US-WA,Grays Harbor,L268372,Bottle Beach State Park,46.893277,-124.0468136,2026-05-02,03:04 PM,eBird - Traveling Count,112,1,1.449,,1
S330084156,Canada Goose,Branta canadensis,342,3,US-WA,Grays Harbor,L276426,Grays Harbor NWR (Bowerman Basin),46.9731644,-123.9436064,2026-04-30,02:47 PM,eBird - Traveling Count,104,1,1.512,,1
S330624973,Canada Goose,Branta canadensis,342,X,US-WA,Grays Harbor,L269804,Ocean Shores--Bill's Spit,46.9648907,-124.1339435,2026-05-01,01:44 PM,eBird - Traveling Count,36,1,.234,,1
S174147151,Canada Goose,Branta canadensis,342,X,US-WA,Jefferson,L249781,Fort Flagler SP,48.0960511,-122.7139785,2024-05-11,12:00 AM,Historical,,1,,,1
S349492168,Canada Goose,Branta canadensis,342,11,US-WA,Jefferson,L812287,Fort Flagler SP - Campground/Beach,48.0938751,-122.7226067,2026-05-30,05:59 AM,eBird - Traveling Count,160,1,1.696,,1
S230488049,Canada Goose,Branta canadensis,342,X,US-WA,Jefferson,L292851,Fort Worden SP,48.1408906,-122.7680969,2025-04-27,,Historical,,1
S377210785,Canada Goose,Branta canadensis,342,40,US-WA,King,L298030,Carkeek Park,47.7126411,-122.377647,2026-07-27,07:53 PM,eBird - Traveling Count,13,1,.357,,1
S309580927,Canada Goose,Branta canadensis,342,6,US-WA,King,L280267,Foster Island & Marsh Island,47.646592,-122.2909732,2026-03-15,10:53 AM,eBird - Traveling Count,96,1,1.041,,1
S380906489,Canada Goose,Branta canadensis,342,12,US-WA,King,L267071,Frager Rd. (north),47.418883,-122.2678757,2026-08-07,09:32 AM,eBird - Traveling Count,176,1,2.644,,1
S291993014,Canada Goose,Branta canadensis,342,X,US-WA,King,L2692026,Fremont Canal Park,47.6514476,-122.3570377,2026-01-02,03:40 PM,eBird - Stationary Count,240,1,,,1
S296590988,Canada Goose,Branta canadensis,342,2,US-WA,King,L2692026,Fremont Canal Park,47.6514476,-122.3570377,2026-01-27,11:39 AM,eBird - Stationary Count,180,1,,,1
S298134651,Canada Goose,Branta canadensis,342,4,US-WA,King,L2692026,Fremont Canal Park,47.6514476,-122.3570377,2026-02-04,08:30 AM,eBird - Stationary Count,240,1,,,1
S318059543,Canada Goose,Branta canadensis,342,3,US-WA,King,L2692026,Fremont Canal Park,47.6514476,-122.3570377,2026-04-06,07:30 AM,eBird - Stationary Count,7,1,,,1
S326022728,Canada Goose,Branta canadensis,342,3,US-WA,King,L2692026,Fremont Canal Park,47.6514476,-122.3570377,2026-04-23,08:45 AM,eBird - Traveling Count,19,1,.602,,1
S351854090,Canada Goose,Branta canadensis,342,11,US-WA,King,L2692026,Fremont Canal Park,47.6514476,-122.3570377,2026-06-03,08:30 AM,eBird - Traveling Count,21,1,.679,,1
S366226853,Canada Goose,Branta canadensis,342,6,US-WA,King,L2692026,Fremont Canal Park,47.6514476,-122.3570377,2026-07-01,07:33 AM,eBird - Traveling Count,20,1,.634,,1
S297342812,Canada Goose,Branta canadensis,342,23,US-WA,King,L163354,Green Lake,47.6783945,-122.3382464,2026-01-31,04:04 PM,eBird - Traveling Count,53,1,4.21,,1
S305332784,Canada Goose,Branta canadensis,342,31,US-WA,King,L163354,Green Lake,47.6783945,-122.3382464,2026-03-02,06:43 AM,eBird - Traveling Count,67,1,1.847,,1
S308650663,Canada Goose,Branta canadensis,342,35,US-WA,King,L163354,Green Lake,47.6783945,-122.3382464,2026-03-12,06:43 PM,eBird - Traveling Count,36,1,4.652,,1
S342994543,Canada Goose,Branta canadensis,342,50,US-WA,King,L163354,Green Lake,47.6783945,-122.3382464,2026-05-20,09:01 AM,eBird - Traveling Count,222,1,4.611,,1
S348567406,Canada Goose,Branta canadensis,342,20,US-WA,King,L163354,Green Lake,47.6783945,-122.3382464,2026-05-28,06:44 PM,eBird - Traveling Count,29,1,1.323,,1
S245777966,Canada Goose,Branta canadensis,342,X,US-WA,King,L208659,Hiram M. Chittenden Ballard Locks,47.6653579,-122.3974647,2025-05-31,,Historical,,1
S292421718,Canada Goose,Branta canadensis,342,X,US-WA,King,L208659,Hiram M. Chittenden Ballard Locks,47.6653579,-122.3974647,2026-01-04,09:39 AM,eBird - Traveling Count,35,1,1.144,,1
S305183920,Canada Goose,Branta canadensis,342,10,US-WA,King,L208659,Hiram M. Chittenden Ballard Locks,47.6653579,-122.3974647,2026-03-01,04:24 PM,eBird - Traveling Count,40,1,1.265,,1
S297296203,Canada Goose,Branta canadensis,342,5,US-WA,King,L269461,Magnuson Park,47.6815336,-122.2505453,2026-01-31,11:00 AM,eBird - Traveling Count,99,1,1.046,,1
S301500561,Canada Goose,Branta canadensis,342,16,US-WA,King,L269461,Magnuson Park,47.6815336,-122.2505453,2026-02-16,10:02 AM,eBird - Traveling Count,133,1,2.13,,1
S303069344,Canada Goose,Branta canadensis,342,13,US-WA,King,L351484,Marymoor Park,47.6612642,-122.1184109,2026-02-22,06:42 AM,eBird - Traveling Count,176,1,4.108,,1
S160044564,Canada Goose,Branta canadensis,342,1,US-WA,King,L162766,Union Bay Natural Area/Montlake Fill,47.65424,-122.29137,2024-01-28,09:15 AM,eBird - Traveling Count,130,0,7.001,,1
S175815092,Canada Goose,Branta canadensis,342,X,US-WA,King,L162766,Union Bay Natural Area/Montlake Fill,47.65424,-122.29137,2024-05-19,08:00 AM,eBird - Traveling Count,150,1,3.219,,1
S179154810,Canada Goose,Branta canadensis,342,X,US-WA,King,L162766,Union Bay Natural Area/Montlake Fill,47.65424,-122.29137,2024-06-03,05:47 AM,eBird - Traveling Count,116,1,5.053,,1
S183862008,Canada Goose,Branta canadensis,342,X,US-WA,King,L162766,Union Bay Natural Area/Montlake Fill,47.65424,-122.29137,2024-06-26,06:10 AM,eBird - Traveling Count,109,1,4.812,,1
S191250464,Canada Goose,Branta canadensis,342,X,US-WA,King,L162766,Union Bay Natural Area/Montlake Fill,47.65424,-122.29137,2024-08-12,05:40 PM,eBird - Traveling Count,53,1,2.639,,1
S286517370,Canada Goose,Branta canadensis,342,X,US-WA,King,L162766,Union Bay Natural Area/Montlake Fill,47.65424,-122.29137,2025-11-28,09:23 AM,eBird - Traveling Count,132,1,2.605,,1
S295024890,Canada Goose,Branta canadensis,342,15,US-WA,King,L162766,Union Bay Natural Area/Montlake Fill,47.65424,-122.29137,2026-01-18,08:05 AM,eBird - Traveling Count,287,1,2.302,,1,,,,649185815
S298942557,Canada Goose,Branta canadensis,342,20,US-WA,King,L162766,Union Bay Natural Area/Montlake Fill,47.65424,-122.29137,2026-02-08,07:30 AM,eBird - Traveling Count,133,1,3.101,,1,,,,650546198
S305068426,Canada Goose,Branta canadensis,342,16,US-WA,King,L162766,Union Bay Natural Area/Montlake Fill,47.65424,-122.29137,2026-03-01,06:45 AM,eBird - Traveling Count,215,1,3.562,,1,,,,651953415
S307285086,Canada Goose,Branta canadensis,342,20,US-WA,King,L162766,Union Bay Natural Area/Montlake Fill,47.65424,-122.29137,2026-03-08,07:52 AM,eBird - Traveling Count,130,1,3.898,,1
S309534495,Canada Goose,Branta canadensis,342,8,US-WA,King,L162766,Union Bay Natural Area/Montlake Fill,47.65424,-122.29137,2026-03-15,08:45 AM,eBird - Traveling Count,93,1,2.076,,1
S317515997,Canada Goose,Branta canadensis,342,10,US-WA,King,L162766,Union Bay Natural Area/Montlake Fill,47.65424,-122.29137,2026-04-05,10:27 AM,eBird - Traveling Count,191,1,2.366,,1
S320771289,Canada Goose,Branta canadensis,342,24,US-WA,King,L162766,Union Bay Natural Area/Montlake Fill,47.65424,-122.29137,2026-04-12,07:20 AM,eBird - Traveling Count,190,1,3.623,,1
S326594442,Canada Goose,Branta canadensis,342,10,US-WA,King,L162766,Union Bay Natural Area/Montlake Fill,47.65424,-122.29137,2026-04-24,06:55 AM,eBird - Traveling Count,222,1,2.992,,1,,,,655747451 655747452
S333055230,Canada Goose,Branta canadensis,342,22,US-WA,King,L162766,Union Bay Natural Area/Montlake Fill,47.65424,-122.29137,2026-05-05,05:54 AM,eBird - Traveling Count,113,1,2.301,,1
S334002351,Canada Goose,Branta canadensis,342,2,US-WA,King,L162766,Union Bay Natural Area/Montlake Fill,47.65424,-122.29137,2026-05-07,06:22 AM,eBird - Traveling Count,64,1,.721,,1
S336459661,Canada Goose,Branta canadensis,342,23,US-WA,King,L162766,Union Bay Natural Area/Montlake Fill,47.65424,-122.29137,2026-05-10,06:04 AM,eBird - Traveling Count,165,1,2.998,,1,,,,657099512
S339377883,Canada Goose,Branta canadensis,342,31,US-WA,King,L162766,Union Bay Natural Area/Montlake Fill,47.65424,-122.29137,2026-05-15,06:24 AM,eBird - Traveling Count,131,1,2.121,,1,,,,657542413
S342868105,Canada Goose,Branta canadensis,342,15,US-WA,King,L162766,Union Bay Natural Area/Montlake Fill,47.65424,-122.29137,2026-05-20,06:19 AM,eBird - Traveling Count,134,1,3.112,,1,,,,658002293 658002294
S347722254,Canada Goose,Branta canadensis,342,30,US-WA,King,L162766,Union Bay Natural Area/Montlake Fill,47.65424,-122.29137,2026-05-27,05:41 AM,eBird - Traveling Count,137,1,3.085,,1,,,,658541841
S359192903,Canada Goose,Branta canadensis,342,80,US-WA,King,L162766,Union Bay Natural Area/Montlake Fill,47.65424,-122.29137,2026-06-18,08:29 AM,eBird - Traveling Count,72,1,2.496,,1
S374368808,Canada Goose,Branta canadensis,342,50,US-WA,King,L162766,Union Bay Natural Area/Montlake Fill,47.65424,-122.29137,2026-07-20,05:31 AM,eBird - Traveling Count,90,1,2.509,,1
S167616265,Canada Goose,Branta canadensis,342,X,US-WA,King,L165740,Washington Park Arboretum,47.6370819,-122.29574,2024-04-07,08:30 AM,eBird - Traveling Count,180,1,3.219,,15
S331099224,Canada Goose,Branta canadensis,342,30,US-WA,Pacific,L682593,Grayland Beach State Park,46.7880721,-124.0941381,2026-05-02,06:57 AM,eBird - Traveling Count,87,1,2.2,,1
S182684618,Canada Goose,Branta canadensis,342,X,GB-WLS,Pembrokeshire,L1067540,Skomer Island,51.7374472,-5.2943802,2024-06-20,11:12 AM,eBird - Traveling Count,278,1,7.403,,1
S176978136,Canada Goose,Branta canadensis,342,X,US-RI,Providence,L804728,Blackstone Park,41.833327,-71.3792148,2024-05-25,09:31 AM,eBird - Traveling Count,43,1,1.931,,1
S170170746,Canada Goose,Branta canadensis,342,X,US-WA,Skagit,L1369427,Fir Island -- Browns Slough Road,48.35381,-122.42297,2024-04-14,,Historical,,0
S319751834,Canada Goose,Branta canadensis,342,1,US-WA,Skagit,L476174,Skagit Wildlife Area--Wiley Slough,48.3246351,-122.3741287,2026-04-10,09:30 AM,eBird - Traveling Count,229,1,2.012,,3
S319608405,Canada Goose,Branta canadensis,342,5,US-WA,Snohomish,L374380,Edmonds Marsh,47.8085287,-122.3864508,2026-04-10,07:23 AM,eBird - Traveling Count,27,1,.117,,1
S319626376,Canada Goose,Branta canadensis,342,1,US-WA,Snohomish,L20643235,Edmonds Public Fishing Pier,47.8110241,-122.3899493,2026-04-10,07:54 AM,eBird - Traveling Count,31,1,.49,,1
S304355760,Canada Goose,Branta canadensis,342,5,US-WA,Snohomish,L343338,Everett Sewage Lagoons,47.9988889,-122.17,2026-02-27,08:39 AM,eBird - Traveling Count,230,1,4.811,,1
S327075826,Canada Goose,Branta canadensis,342,4,US-WA,Snohomish,L343338,Everett Sewage Lagoons,47.9988889,-122.17,2026-04-25,06:23 AM,eBird - Traveling Count,47,1,.919,,1
S346491426,Canada Goose,Branta canadensis,342,70,US-WA,Snohomish,L4756268,Field's Riffle,47.9166297,-122.1268988,2026-05-25,07:11 AM,eBird - Traveling Count,177,1,1.517,,1
S327403524,Canada Goose,Branta canadensis,342,10,US-WA,Snohomish,L2410089,"Home Acres Rd, Everett",47.9581889,-122.1737838,2026-04-25,03:16 PM,eBird - Stationary Count,20,1,,,1
S371256974,Canada Goose,Branta canadensis,342,5,US-WA,Snohomish,L4444849,Riverview Wildlife Refuge / Snohomish Wastewater Treatment Plant,47.9165434,-122.1100652,2026-07-12,07:30 AM,eBird - Traveling Count,139,1,1.581,,1
S332089254,Canada Goose,Branta canadensis,342,10,US-WA,Thurston,L282253,Billy Frank Jr. Nisqually NWR,47.0812514,-122.7180576,2026-05-03,10:49 AM,eBird - Traveling Count,191,1,4.362,,1
S159174918,Canada Goose,Branta canadensis,342,X,US-AZ,,L108915,Arizona,34.16973,-111.93299,2024-01-12,,Historical,,1
S313780069,Hawaiian Goose,Branta sandvicensis,365,1,US-HI,Kauai,L856224,Ha'ena State Park (general),22.2202244,-159.5803642,2026-03-27,12:05 PM,eBird - Traveling Count,23,1,.581,,1
S313780052,Hawaiian Goose,Branta sandvicensis,365,X,US-HI,Kauai,L266182,Kilauea Point NWR,22.2316072,-159.4019778,2026-03-27,02:47 PM,eBird - Traveling Count,29,1,.836,,1
S313169342,Hawaiian Goose,Branta sandvicensis,365,5,US-HI,Kauai,L1186213,Poʻipū Beach Park,21.87229,-159.4540122,2026-03-25,03:49 PM,eBird - Traveling Count,90,1,3.655,,1
S314850063,Hawaiian Goose,Branta sandvicensis,365,5,US-HI,Kauai,L1186213,Poʻipū Beach Park,21.87229,-159.4540122,2026-03-30,07:30 AM,eBird - Traveling Count,45,1,1.61,,1
S159175946,Cape Barren Goose,Cereopsis novaehollandiae,372,1,AU-NSW,Sydney,L915566,Royal Botanic Gardens (Sydney),-33.8638957,151.2167577,2023-08-19,,Historical,,1
S176978136,Mute Swan,Cygnus olor,377,X,US-RI,Providence,L804728,Blackstone Park,41.833327,-71.3792148,2024-05-25,09:31 AM,eBird - Traveling Count,43,1,1.931,,1
S260171709,Mute Swan,Cygnus olor,377,X,CH-ZH,,L4507511,Zürich Stadt (city of Zurich)* general (use more precise loc.),47.3768774,8.5413551,2025-06-29,,Historical,,1
S159176051,Black Swan,Cygnus atratus,379,X,NZ-AUK,Auckland City,L15034121,Arch Hill Scenic Reserve,-36.8682519,174.7413516,2023-08-15,,Historical,,1
S159175946,Black Swan,Cygnus atratus,379,X,AU-NSW,Sydney,L915566,Royal Botanic Gardens (Sydney),-33.8638957,151.2167577,2023-08-19,,Historical,,1
S291712899,Trumpeter Swan,Cygnus buccinator,382,X,US-WA,King,L232479,Juanita Bay Park,47.6981686,-122.2101878,2026-01-01,10:37 AM,eBird - Traveling Count,158,1,1.357,,1
S296271926,Trumpeter Swan,Cygnus buccinator,382,11,US-WA,King,L232479,Juanita Bay Park,47.6981686,-122.2101878,2026-01-25,08:10 AM,eBird - Traveling Count,222,1,1.699,,1,,,,649619827
S306300352,Trumpeter Swan,Cygnus buccinator,382,2,US-WA,King,L232479,Juanita Bay Park,47.6981686,-122.2101878,2026-03-05,02:46 PM,eBird - Traveling Count,61,1,1.635,,1
S286517370,Trumpeter Swan,Cygnus buccinator,382,X,US-WA,King,L162766,Union Bay Natural Area/Montlake Fill,47.65424,-122.29137,2025-11-28,09:23 AM,eBird - Traveling Count,132,1,2.605,,1
S164380841,Trumpeter Swan,Cygnus buccinator,382,X,US-WA,Skagit,L1369427,Fir Island -- Browns Slough Road,48.35381,-122.42297,2024-03-10,09:00 AM,eBird - Traveling Count,180,0,1.609,,6
S295176122,Trumpeter Swan,Cygnus buccinator,382,20,US-WA,Skagit,L1068173,Samish Flats--East 90,48.5485465,-122.4661446,2026-01-19,07:24 AM,eBird - Stationary Count,74,1,,,1,,,,649262132
S295207120,Trumpeter Swan,Cygnus buccinator,382,10,US-WA,Skagit,L469546,Skagit Wildlife Area--Fir Island Farm Reserve (Hayton Reserve),48.3356338,-122.4131659,2026-01-19,10:32 AM,eBird - Traveling Count,32,1,.439,,1
S295226157,Trumpeter Swan,Cygnus buccinator,382,5,US-WA,Skagit,L476174,Skagit Wildlife Area--Wiley Slough,48.3246351,-122.3741287,2026-01-19,11:25 AM,eBird - Traveling Count,72,1,.891,,1
S291455322,Tundra Swan,Cygnus columbianus,384,X,US-WA,Thurston,L282253,Billy Frank Jr. Nisqually NWR,47.0812514,-122.7180576,2025-12-31,08:11 AM,eBird - Traveling Count,256,1,3.231,,1
S260178638,Egyptian Goose,Alopochen aegyptiaca,417,X,CH-BS,,L15540214,Lange Erlen--Akazienweg,47.5761232,7.6095505,2025-07-14,,Historical,,0
S159176051,Paradise Shelduck,Tadorna variegata,425,X,NZ-AUK,Auckland City,L15034121,Arch Hill Scenic Reserve,-36.8682519,174.7413516,2023-08-15,,Historical,,1
S144857692,Paradise Shelduck,Tadorna variegata,425,X,NZ-WKO,Hauraki District,L5005953,Waihi--Gilmour Reserve,-37.3947397,175.8499954,2023-07-17,,eBird - Casual Observation,,0,,,1
S285225465,Muscovy Duck (Domestic type),Cairina moschata (Domestic type),446,2,US-TX,Hidalgo,L21636963,Peculiar Nest Airbnb (restricted access),26.180693,-98.272806,2025-11-18,07:00 AM,eBird - Stationary Count,40,1,,,10
S323789056,Wood Duck,Aix sponsa,455,1,US-WA,Clallam,L894831,Freshwater Bay,48.1461024,-123.6414242,2026-04-18,02:00 PM,eBird - Traveling Count,75,1,.617,,1
S309580927,Wood Duck,Aix sponsa,455,7,US-WA,King,L280267,Foster Island & Marsh Island,47.646592,-122.2909732,2026-03-15,10:53 AM,eBird - Traveling Count,96,1,1.041,,1
S380906489,Wood Duck,Aix sponsa,455,1,US-WA,King,L267071,Frager Rd. (north),47.418883,-122.2678757,2026-08-07,09:32 AM,eBird - Traveling Count,176,1,2.644,,1,,,,662621204
S278673753,Wood Duck,Aix sponsa,455,X,US-WA,King,L232479,Juanita Bay Park,47.6981686,-122.2101878,2025-10-11,08:44 AM,eBird - Traveling Count,160,1,1.308,,1
S291712899,Wood Duck,Aix sponsa,455,X,US-WA,King,L232479,Juanita Bay Park,47.6981686,-122.2101878,2026-01-01,10:37 AM,eBird - Traveling Count,158,1,1.357,,1,,,,648016389 648016390
S296271926,Wood Duck,Aix sponsa,455,60,US-WA,King,L232479,Juanita Bay Park,47.6981686,-122.2101878,2026-01-25,08:10 AM,eBird - Traveling Count,222,1,1.699,,1,,,,649619851 649619853
S306300352,Wood Duck,Aix sponsa,455,30,US-WA,King,L232479,Juanita Bay Park,47.6981686,-122.2101878,2026-03-05,02:46 PM,eBird - Traveling Count,61,1,1.635,,1
S194059681,Wood Duck,Aix sponsa,455,X,US-WA,King,L269461,Magnuson Park,47.6815336,-122.2505453,2024-09-05,08:58 AM,eBird - Traveling Count,43,1,2.124,,1
S175815092,Wood Duck,Aix sponsa,455,X,US-WA,King,L162766,Union Bay Natural Area/Montlake Fill,47.65424,-122.29137,2024-05-19,08:00 AM,eBird - Traveling Count,150,1,3.219,,1
S179154810,Wood Duck,Aix sponsa,455,X,US-WA,King,L162766,Union Bay Natural Area/Montlake Fill,47.65424,-122.29137,2024-06-03,05:47 AM,eBird - Traveling Count,116,1,5.053,,1
S183862008,Wood Duck,Aix sponsa,455,X,US-WA,King,L162766,Union Bay Natural Area/Montlake Fill,47.65424,-122.29137,2024-06-26,06:10 AM,eBird - Traveling Count,109,1,4.812,,1
S191250464,Wood Duck,Aix sponsa,455,X,US-WA,King,L162766,Union Bay Natural Area/Montlake Fill,47.65424,-122.29137,2024-08-12,05:40 PM,eBird - Traveling Count,53,1,2.639,,1
S286517370,Wood Duck,Aix sponsa,455,X,US-WA,King,L162766,Union Bay Natural Area/Montlake Fill,47.65424,-122.29137,2025-11-28,09:23 AM,eBird - Traveling Count,132,1,2.605,,1
S295024890,Wood Duck,Aix sponsa,455,3,US-WA,King,L162766,Union Bay Natural Area/Montlake Fill,47.65424,-122.29137,2026-01-18,08:05 AM,eBird - Traveling Count,287,1,2.302,,1
S298942557,Wood Duck,Aix sponsa,455,8,US-WA,King,L162766,Union Bay Natural Area/Montlake Fill,47.65424,-122.29137,2026-02-08,07:30 AM,eBird - Traveling Count,133,1,3.101,,1
S305068426,Wood Duck,Aix sponsa,455,6,US-WA,King,L162766,Union Bay Natural Area/Montlake Fill,47.65424,-122.29137,2026-03-01,06:45 AM,eBird - Traveling Count,215,1,3.562,,1,,,,651953422
S307285086,Wood Duck,Aix sponsa,455,7,US-WA,King,L162766,Union Bay Natural Area/Montlake Fill,47.65424,-122.29137,2026-03-08,07:52 AM,eBird - Traveling Count,130,1,3.898,,1
S309534495,Wood Duck,Aix sponsa,455,2,US-WA,King,L162766,Union Bay Natural Area/Montlake Fill,47.65424,-122.29137,2026-03-15,08:45 AM,eBird - Traveling Count,93,1,2.076,,1
S320771289,Wood Duck,Aix sponsa,455,3,US-WA,King,L162766,Union Bay Natural Area/Montlake Fill,47.65424,-122.29137,2026-04-12,07:20 AM,eBird - Traveling Count,190,1,3.623,,1,,,,654861752
S326594442,Wood Duck,Aix sponsa,455,5,US-WA,King,L162766,Union Bay Natural Area/Montlake Fill,47.65424,-122.29137,2026-04-24,06:55 AM,eBird - Traveling Count,222,1,2.992,,1
S333055230,Wood Duck,Aix sponsa,455,1,US-WA,King,L162766,Union Bay Natural Area/Montlake Fill,47.65424,-122.29137,2026-05-05,05:54 AM,eBird - Traveling Count,113,1,2.301,,1
S339377883,Wood Duck,Aix sponsa,455,3,US-WA,King,L162766,Union Bay Natural Area/Montlake Fill,47.65424,-122.29137,2026-05-15,06:24 AM,eBird - Traveling Count,131,1,2.121,,1,,,,657542425
S342868105,Wood Duck,Aix sponsa,455,2,US-WA,King,L162766,Union Bay Natural Area/Montlake Fill,47.65424,-122.29137,2026-05-20,06:19 AM,eBird - Traveling Count,134,1,3.112,,1
S347722254,Wood Duck,Aix sponsa,455,2,US-WA,King,L162766,Union Bay Natural Area/Montlake Fill,47.65424,-122.29137,2026-05-27,05:41 AM,eBird - Traveling Count,137,1,3.085,,1
S359192903,Wood Duck,Aix sponsa,455,4,US-WA,King,L162766,Union Bay Natural Area/Montlake Fill,47.65424,-122.29137,2026-06-18,08:29 AM,eBird - Traveling Count,72,1,2.496,,1
S167616265,Wood Duck,Aix sponsa,455,X,US-WA,King,L165740,Washington Park Arboretum,47.6370819,-122.29574,2024-04-07,08:30 AM,eBird - Traveling Count,180,1,3.219,,15
S327420532,Wood Duck,Aix sponsa,455,3,US-WA,Snohomish,L63945150,"43rd Avenue Southeast, Everett, Washington, US (47.977, -122.174)",47.9765267,-122.1744969,2026-04-25,03:51 PM,eBird - Traveling Count,24,1,.435,,1
S327075826,Wood Duck,Aix sponsa,455,3,US-WA,Snohomish,L343338,Everett Sewage Lagoons,47.9988889,-122.17,2026-04-25,06:23 AM,eBird - Traveling Count,47,1,.919,,1
S371256974,Wood Duck,Aix sponsa,455,17,US-WA,Snohomish,L4444849,Riverview Wildlife Refuge / Snohomish Wastewater Treatment Plant,47.9165434,-122.1100652,2026-07-12,07:30 AM,eBird - Traveling Count,139,1,1.581,,1
S332089254,Wood Duck,Aix sponsa,455,1,US-WA,Thurston,L282253,Billy Frank Jr. Nisqually NWR,47.0812514,-122.7180576,2026-05-03,10:49 AM,eBird - Traveling Count,191,1,4.362,,1
S260179410,Mandarin Duck,Aix galericulata,457,X,CH-SG,,L20747299,Wenigerweiher,47.4181583,9.4133266,2025-07-14,,Historical,,0
S159175946,Maned Duck,Chenonetta jubata,459,X,AU-NSW,Sydney,L915566,Royal Botanic Gardens (Sydney),-33.8638957,151.2167577,2023-08-19,,Historical,,1
S159175691,Blue-winged Teal,Spatula discors,485,X,MX-ROO,Cozumel,L52344353,Playa Embarcadero Cozumel,20.5122933,-86.9489744,2023-11-23,,Historical,,1
S330412083,Blue-winged Teal,Spatula discors,485,1,US-WA,Grays Harbor,L264861,Hoquiam STP,46.9732093,-123.9165354,2026-05-01,07:22 AM,eBird - Traveling Count,35,1,.098,,1
S330540594,Blue-winged Teal,Spatula discors,485,X,US-WA,Grays Harbor,L43806903,Ocean Shores STP,46.931967,-124.1580575,2026-05-01,10:45 AM,eBird - Traveling Count,31,1,.413,,1
S330597903,Blue-winged Teal,Spatula discors,485,X,US-WA,Grays Harbor,L109535,Ocean Shores--Oyhut Wildlife Area,46.9444663,-124.1522412,2026-05-01,12:06 PM,eBird - Traveling Count,63,1,.63,,1
S285225918,Blue-winged Teal,Spatula discors,485,5,US-TX,Hidalgo,L128890,Bentsen-Rio Grande Val. SP WBC (Mission) (LTC 069),26.1796748,-98.3842338,2025-11-18,08:27 AM,eBird - Traveling Count,140,1,1.609,,10
S285225465,Blue-winged Teal,Spatula discors,485,1,US-TX,Hidalgo,L21636963,Peculiar Nest Airbnb (restricted access),26.180693,-98.272806,2025-11-18,07:00 AM,eBird - Stationary Count,40,1,,,10
S285226044,Blue-winged Teal,Spatula discors,485,5,US-TX,Hidalgo,L1850000,San Juan Wetlands,26.1606244,-98.157516,2025-11-19,12:00 PM,eBird - Traveling Count,22,1,.805,,9
S285226087,Blue-winged Teal,Spatula discors,485,25,US-TX,Hidalgo,L129085,Santa Ana NWR (LTC 059),26.0813003,-98.1351399,2025-11-19,07:24 AM,eBird - Traveling Count,200,1,2.414,,9
S177789951,Blue-winged Teal,Spatula discors,485,2,US-WA,King,L162766,Union Bay Natural Area/Montlake Fill,47.65424,-122.29137,2024-05-28,05:50 AM,eBird - Traveling Count,68,1,2.704,,1
S339377883,Blue-winged Teal,Spatula discors,485,1,US-WA,King,L162766,Union Bay Natural Area/Montlake Fill,47.65424,-122.29137,2026-05-15,06:24 AM,eBird - Traveling Count,131,1,2.121,,1,,,,657542432
S347722254,Blue-winged Teal,Spatula discors,485,1,US-WA,King,L162766,Union Bay Natural Area/Montlake Fill,47.65424,-122.29137,2026-05-27,05:41 AM,eBird - Traveling Count,137,1,3.085,,1
S216534367,Blue-winged Teal,Spatula discors,485,X,AG-,,L3680262,Antigua and Barbuda,17.2705798,-61.7982655,2025-02-28,,Historical,,1
S324366340,Cinnamon Teal,Spatula cyanoptera,487,2,US-WA,Clallam,L828590,Dungeness Landing Park/Oyster House,48.1514639,-123.143456,2026-04-19,12:52 PM,eBird - Stationary Count,65,1,,,1
S330412083,Cinnamon Teal,Spatula cyanoptera,487,1,US-WA,Grays Harbor,L264861,Hoquiam STP,46.9732093,-123.9165354,2026-05-01,07:22 AM,eBird - Traveling Count,35,1,.098,,1
S304371242,Cinnamon Teal,Spatula cyanoptera,487,1,US-WA,Snohomish,L1052763,Lowell Riverfront Trail,47.9560191,-122.1890402,2026-02-27,01:10 PM,eBird - Traveling Count,26,1,.58,,1,,,,651822654
S285814615,Northern Shoveler,Spatula clypeata,501,X,US-CA,Alameda,L2377313,McLaughlin Eastshore SP--Albany access,37.890326,-122.314765,2025-11-23,08:40 AM,eBird - Traveling Count,86,1,2.87,,1
S324366340,Northern Shoveler,Spatula clypeata,501,2,US-WA,Clallam,L828590,Dungeness Landing Park/Oyster House,48.1514639,-123.143456,2026-04-19,12:52 PM,eBird - Stationary Count,65,1,,,1
S206958982,Northern Shoveler,Spatula clypeata,501,X,US-VA,Fairfax,L718525,**HUNTLEY MEADOWS PARK,38.7576451,-77.0984124,2024-12-22,,Historical,,1
S290526069,Northern Shoveler,Spatula clypeata,501,X,US-VA,Fairfax,L5640834,Huntley Meadows Park--Cedar Trail Loop,38.7555851,-77.1024156,2025-12-27,08:42 AM,eBird - Traveling Count,80,1,1.967,,1
S330084156,Northern Shoveler,Spatula clypeata,501,X,US-WA,Grays Harbor,L276426,Grays Harbor NWR (Bowerman Basin),46.9731644,-123.9436064,2026-04-30,02:47 PM,eBird - Traveling Count,104,1,1.512,,1
S330412083,Northern Shoveler,Spatula clypeata,501,30,US-WA,Grays Harbor,L264861,Hoquiam STP,46.9732093,-123.9165354,2026-05-01,07:22 AM,eBird - Traveling Count,35,1,.098,,1
S330540594,Northern Shoveler,Spatula clypeata,501,X,US-WA,Grays Harbor,L43806903,Ocean Shores STP,46.931967,-124.1580575,2026-05-01,10:45 AM,eBird - Traveling Count,31,1,.413,,1
S330597903,Northern Shoveler,Spatula clypeata,501,X,US-WA,Grays Harbor,L109535,Ocean Shores--Oyhut Wildlife Area,46.9444663,-124.1522412,2026-05-01,12:06 PM,eBird - Traveling Count,63,1,.63,,1
S285226087,Northern Shoveler,Spatula clypeata,501,2,US-TX,Hidalgo,L129085,Santa Ana NWR (LTC 059),26.0813003,-98.1351399,2025-11-19,07:24 AM,eBird - Traveling Count,200,1,2.414,,9,,,,645919786
S294568450,Northern Shoveler,Spatula clypeata,501,X,US-WA,King,L285366,Golden Gardens Park,47.6928546,-122.4054806,2026-01-16,02:43 PM,eBird - Traveling Count,34,1,1.256,,1
S305332784,Northern Shoveler,Spatula clypeata,501,3,US-WA,King,L163354,Green Lake,47.6783945,-122.3382464,2026-03-02,06:43 AM,eBird - Traveling Count,67,1,1.847,,1
S308650663,Northern Shoveler,Spatula clypeata,501,8,US-WA,King,L163354,Green Lake,47.6783945,-122.3382464,2026-03-12,06:43 PM,eBird - Traveling Count,36,1,4.652,,1
S278673753,Northern Shoveler,Spatula clypeata,501,X,US-WA,King,L232479,Juanita Bay Park,47.6981686,-122.2101878,2025-10-11,08:44 AM,eBird - Traveling Count,160,1,1.308,,1
S296271926,Northern Shoveler,Spatula clypeata,501,4,US-WA,King,L232479,Juanita Bay Park,47.6981686,-122.2101878,2026-01-25,08:10 AM,eBird - Traveling Count,222,1,1.699,,1
S297296203,Northern Shoveler,Spatula clypeata,501,3,US-WA,King,L269461,Magnuson Park,47.6815336,-122.2505453,2026-01-31,11:00 AM,eBird - Traveling Count,99,1,1.046,,1
S301500561,Northern Shoveler,Spatula clypeata,501,1,US-WA,King,L269461,Magnuson Park,47.6815336,-122.2505453,2026-02-16,10:02 AM,eBird - Traveling Count,133,1,2.13,,1
S160044564,Northern Shoveler,Spatula clypeata,501,2,US-WA,King,L162766,Union Bay Natural Area/Montlake Fill,47.65424,-122.29137,2024-01-28,09:15 AM,eBird - Traveling Count,130,0,7.001,,1
S177789951,Northern Shoveler,Spatula clypeata,501,X,US-WA,King,L162766,Union Bay Natural Area/Montlake Fill,47.65424,-122.29137,2024-05-28,05:50 AM,eBird - Traveling Count,68,1,2.704,,1
S286517370,Northern Shoveler,Spatula clypeata,501,X,US-WA,King,L162766,Union Bay Natural Area/Montlake Fill,47.65424,-122.29137,2025-11-28,09:23 AM,eBird - Traveling Count,132,1,2.605,,1
S295024890,Northern Shoveler,Spatula clypeata,501,15,US-WA,King,L162766,Union Bay Natural Area/Montlake Fill,47.65424,-122.29137,2026-01-18,08:05 AM,eBird - Traveling Count,287,1,2.302,,1,,,,649185823
S298942557,Northern Shoveler,Spatula clypeata,501,14,US-WA,King,L162766,Union Bay Natural Area/Montlake Fill,47.65424,-122.29137,2026-02-08,07:30 AM,eBird - Traveling Count,133,1,3.101,,1
S305068426,Northern Shoveler,Spatula clypeata,501,4,US-WA,King,L162766,Union Bay Natural Area/Montlake Fill,47.65424,-122.29137,2026-03-01,06:45 AM,eBird - Traveling Count,215,1,3.562,,1,,,,651953430
S307285086,Northern Shoveler,Spatula clypeata,501,30,US-WA,King,L162766,Union Bay Natural Area/Montlake Fill,47.65424,-122.29137,2026-03-08,07:52 AM,eBird - Traveling Count,130,1,3.898,,1
S309534495,Northern Shoveler,Spatula clypeata,501,15,US-WA,King,L162766,Union Bay Natural Area/Montlake Fill,47.65424,-122.29137,2026-03-15,08:45 AM,eBird - Traveling Count,93,1,2.076,,1
S317515997,Northern Shoveler,Spatula clypeata,501,15,US-WA,King,L162766,Union Bay Natural Area/Montlake Fill,47.65424,-122.29137,2026-04-05,10:27 AM,eBird - Traveling Count,191,1,2.366,,1
S320771289,Northern Shoveler,Spatula clypeata,501,6,US-WA,King,L162766,Union Bay Natural Area/Montlake Fill,47.65424,-122.29137,2026-04-12,07:20 AM,eBird - Traveling Count,190,1,3.623,,1
S326594442,Northern Shoveler,Spatula clypeata,501,6,US-WA,King,L162766,Union Bay Natural Area/Montlake Fill,47.65424,-122.29137,2026-04-24,06:55 AM,eBird - Traveling Count,222,1,2.992,,1,,,,655747456
S342868105,Northern Shoveler,Spatula clypeata,501,2,US-WA,King,L162766,Union Bay Natural Area/Montlake Fill,47.65424,-122.29137,2026-05-20,06:19 AM,eBird - Traveling Count,134,1,3.112,,1
S167616265,Northern Shoveler,Spatula clypeata,501,X,US-WA,King,L165740,Washington Park Arboretum,47.6370819,-122.29574,2024-04-07,08:30 AM,eBird - Traveling Count,180,1,3.219,,15
S319751834,Northern Shoveler,Spatula clypeata,501,6,US-WA,Skagit,L476174,Skagit Wildlife Area--Wiley Slough,48.3246351,-122.3741287,2026-04-10,09:30 AM,eBird - Traveling Count,229,1,2.012,,3
S304355760,Northern Shoveler,Spatula clypeata,501,30,US-WA,Snohomish,L343338,Everett Sewage Lagoons,47.9988889,-122.17,2026-02-27,08:39 AM,eBird - Traveling Count,230,1,4.811,,1,,,,651822543
S327075826,Northern Shoveler,Spatula clypeata,501,400,US-WA,Snohomish,L343338,Everett Sewage Lagoons,47.9988889,-122.17,2026-04-25,06:23 AM,eBird - Traveling Count,47,1,.919,,1
S304371242,Northern Shoveler,Spatula clypeata,501,6,US-WA,Snohomish,L1052763,Lowell Riverfront Trail,47.9560191,-122.1890402,2026-02-27,01:10 PM,eBird - Traveling Count,26,1,.58,,1
S291455322,Northern Shoveler,Spatula clypeata,501,X,US-WA,Thurston,L282253,Billy Frank Jr. Nisqually NWR,47.0812514,-122.7180576,2025-12-31,08:11 AM,eBird - Traveling Count,256,1,3.231,,1
S332089254,Northern Shoveler,Spatula clypeata,501,5,US-WA,Thurston,L282253,Billy Frank Jr. Nisqually NWR,47.0812514,-122.7180576,2026-05-03,10:49 AM,eBird - Traveling Count,191,1,4.362,,1
S324402551,Gadwall,Mareca strepera,505,4,US-WA,Clallam,L265438,Three Crabs,48.151945,-123.1222855,2026-04-19,02:15 PM,eBird - Traveling Count,74,1,.389,,1
S290526069,Gadwall,Mareca strepera,505,X,US-VA,Fairfax,L5640834,Huntley Meadows Park--Cedar Trail Loop,38.7555851,-77.1024156,2025-12-27,08:42 AM,eBird - Traveling Count,80,1,1.967,,1
S330084156,Gadwall,Mareca strepera,505,X,US-WA,Grays Harbor,L276426,Grays Harbor NWR (Bowerman Basin),46.9731644,-123.9436064,2026-04-30,02:47 PM,eBird - Traveling Count,104,1,1.512,,1
S330412083,Gadwall,Mareca strepera,505,20,US-WA,Grays Harbor,L264861,Hoquiam STP,46.9732093,-123.9165354,2026-05-01,07:22 AM,eBird - Traveling Count,35,1,.098,,1
S330540594,Gadwall,Mareca strepera,505,X,US-WA,Grays Harbor,L43806903,Ocean Shores STP,46.931967,-124.1580575,2026-05-01,10:45 AM,eBird - Traveling Count,31,1,.413,,1
S330597903,Gadwall,Mareca strepera,505,X,US-WA,Grays Harbor,L109535,Ocean Shores--Oyhut Wildlife Area,46.9444663,-124.1522412,2026-05-01,12:06 PM,eBird - Traveling Count,63,1,.63,,1
S285226087,Gadwall,Mareca strepera,505,40,US-TX,Hidalgo,L129085,Santa Ana NWR (LTC 059),26.0813003,-98.1351399,2025-11-19,07:24 AM,eBird - Traveling Count,200,1,2.414,,9
S294267769,Gadwall,Mareca strepera,505,X,US-WA,King,L298030,Carkeek Park,47.7126411,-122.377647,2026-01-14,02:40 PM,eBird - Traveling Count,106,1,.524,,1
S327898050,Gadwall,Mareca strepera,505,1,US-WA,King,L298030,Carkeek Park,47.7126411,-122.377647,2026-04-26,08:39 AM,eBird - Traveling Count,29,1,.224,,1
S335596208,Gadwall,Mareca strepera,505,2,US-WA,King,L298030,Carkeek Park,47.7126411,-122.377647,2026-05-09,09:08 AM,eBird - Traveling Count,114,1,.82,,1
S309580927,Gadwall,Mareca strepera,505,4,US-WA,King,L280267,Foster Island & Marsh Island,47.646592,-122.2909732,2026-03-15,10:53 AM,eBird - Traveling Count,96,1,1.041,,1
S291993014,Gadwall,Mareca strepera,505,X,US-WA,King,L2692026,Fremont Canal Park,47.6514476,-122.3570377,2026-01-02,03:40 PM,eBird - Stationary Count,240,1,,,1
S298134651,Gadwall,Mareca strepera,505,2,US-WA,King,L2692026,Fremont Canal Park,47.6514476,-122.3570377,2026-02-04,08:30 AM,eBird - Stationary Count,240,1,,,1
S297342812,Gadwall,Mareca strepera,505,5,US-WA,King,L163354,Green Lake,47.6783945,-122.3382464,2026-01-31,04:04 PM,eBird - Traveling Count,53,1,4.21,,1
S305332784,Gadwall,Mareca strepera,505,12,US-WA,King,L163354,Green Lake,47.6783945,-122.3382464,2026-03-02,06:43 AM,eBird - Traveling Count,67,1,1.847,,1
S308650663,Gadwall,Mareca strepera,505,6,US-WA,King,L163354,Green Lake,47.6783945,-122.3382464,2026-03-12,06:43 PM,eBird - Traveling Count,36,1,4.652,,1
S342994543,Gadwall,Mareca strepera,505,2,US-WA,King,L163354,Green Lake,47.6783945,-122.3382464,2026-05-20,09:01 AM,eBird - Traveling Count,222,1,4.611,,1,,,,658004457
S278673753,Gadwall,Mareca strepera,505,X,US-WA,King,L232479,Juanita Bay Park,47.6981686,-122.2101878,2025-10-11,08:44 AM,eBird - Traveling Count,160,1,1.308,,1
S291712899,Gadwall,Mareca strepera,505,X,US-WA,King,L232479,Juanita Bay Park,47.6981686,-122.2101878,2026-01-01,10:37 AM,eBird - Traveling Count,158,1,1.357,,1,,,,648016397
S296271926,Gadwall,Mareca strepera,505,10,US-WA,King,L232479,Juanita Bay Park,47.6981686,-122.2101878,2026-01-25,08:10 AM,eBird - Traveling Count,222,1,1.699,,1,,,,649619860
S306300352,Gadwall,Mareca strepera,505,1,US-WA,King,L232479,Juanita Bay Park,47.6981686,-122.2101878,2026-03-05,02:46 PM,eBird - Traveling Count,61,1,1.635,,1
S297296203,Gadwall,Mareca strepera,505,6,US-WA,King,L269461,Magnuson Park,47.6815336,-122.2505453,2026-01-31,11:00 AM,eBird - Traveling Count,99,1,1.046,,1
S301500561,Gadwall,Mareca strepera,505,6,US-WA,King,L269461,Magnuson Park,47.6815336,-122.2505453,2026-02-16,10:02 AM,eBird - Traveling Count,133,1,2.13,,1
S303069344,Gadwall,Mareca strepera,505,11,US-WA,King,L351484,Marymoor Park,47.6612642,-122.1184109,2026-02-22,06:42 AM,eBird - Traveling Count,176,1,4.108,,1
S160044564,Gadwall,Mareca strepera,505,1,US-WA,King,L162766,Union Bay Natural Area/Montlake Fill,47.65424,-122.29137,2024-01-28,09:15 AM,eBird - Traveling Count,130,0,7.001,,1
S175815092,Gadwall,Mareca strepera,505,X,US-WA,King,L162766,Union Bay Natural Area/Montlake Fill,47.65424,-122.29137,2024-05-19,08:00 AM,eBird - Traveling Count,150,1,3.219,,1
S177789951,Gadwall,Mareca strepera,505,X,US-WA,King,L162766,Union Bay Natural Area/Montlake Fill,47.65424,-122.29137,2024-05-28,05:50 AM,eBird - Traveling Count,68,1,2.704,,1
S179154810,Gadwall,Mareca strepera,505,X,US-WA,King,L162766,Union Bay Natural Area/Montlake Fill,47.65424,-122.29137,2024-06-03,05:47 AM,eBird - Traveling Count,116,1,5.053,,1
S183862008,Gadwall,Mareca strepera,505,X,US-WA,King,L162766,Union Bay Natural Area/Montlake Fill,47.65424,-122.29137,2024-06-26,06:10 AM,eBird - Traveling Count,109,1,4.812,,1
S191250464,Gadwall,Mareca strepera,505,X,US-WA,King,L162766,Union Bay Natural Area/Montlake Fill,47.65424,-122.29137,2024-08-12,05:40 PM,eBird - Traveling Count,53,1,2.639,,1
S286517370,Gadwall,Mareca strepera,505,X,US-WA,King,L162766,Union Bay Natural Area/Montlake Fill,47.65424,-122.29137,2025-11-28,09:23 AM,eBird - Traveling Count,132,1,2.605,,1
S295024890,Gadwall,Mareca strepera,505,10,US-WA,King,L162766,Union Bay Natural Area/Montlake Fill,47.65424,-122.29137,2026-01-18,08:05 AM,eBird - Traveling Count,287,1,2.302,,1,,,,649185826
S298942557,Gadwall,Mareca strepera,505,7,US-WA,King,L162766,Union Bay Natural Area/Montlake Fill,47.65424,-122.29137,2026-02-08,07:30 AM,eBird - Traveling Count,133,1,3.101,,1
S305068426,Gadwall,Mareca strepera,505,6,US-WA,King,L162766,Union Bay Natural Area/Montlake Fill,47.65424,-122.29137,2026-03-01,06:45 AM,eBird - Traveling Count,215,1,3.562,,1,,,,651953445
S307285086,Gadwall,Mareca strepera,505,4,US-WA,King,L162766,Union Bay Natural Area/Montlake Fill,47.65424,-122.29137,2026-03-08,07:52 AM,eBird - Traveling Count,130,1,3.898,,1
S309534495,Gadwall,Mareca strepera,505,1,US-WA,King,L162766,Union Bay Natural Area/Montlake Fill,47.65424,-122.29137,2026-03-15,08:45 AM,eBird - Traveling Count,93,1,2.076,,1
S317515997,Gadwall,Mareca strepera,505,2,US-WA,King,L162766,Union Bay Natural Area/Montlake Fill,47.65424,-122.29137,2026-04-05,10:27 AM,eBird - Traveling Count,191,1,2.366,,1
S320771289,Gadwall,Mareca strepera,505,8,US-WA,King,L162766,Union Bay Natural Area/Montlake Fill,47.65424,-122.29137,2026-04-12,07:20 AM,eBird - Traveling Count,190,1,3.623,,1
S326594442,Gadwall,Mareca strepera,505,6,US-WA,King,L162766,Union Bay Natural Area/Montlake Fill,47.65424,-122.29137,2026-04-24,06:55 AM,eBird - Traveling Count,222,1,2.992,,1,,,,655747460
S333055230,Gadwall,Mareca strepera,505,7,US-WA,King,L162766,Union Bay Natural Area/Montlake Fill,47.65424,-122.29137,2026-05-05,05:54 AM,eBird - Traveling Count,113,1,2.301,,1
S334002351,Gadwall,Mareca strepera,505,2,US-WA,King,L162766,Union Bay Natural Area/Montlake Fill,47.65424,-122.29137,2026-05-07,06:22 AM,eBird - Traveling Count,64,1,.721,,1
S336459661,Gadwall,Mareca strepera,505,8,US-WA,King,L162766,Union Bay Natural Area/Montlake Fill,47.65424,-122.29137,2026-05-10,06:04 AM,eBird - Traveling Count,165,1,2.998,,1,,,,657099517
S339377883,Gadwall,Mareca strepera,505,9,US-WA,King,L162766,Union Bay Natural Area/Montlake Fill,47.65424,-122.29137,2026-05-15,06:24 AM,eBird - Traveling Count,131,1,2.121,,1,,,,657542438
S342868105,Gadwall,Mareca strepera,505,6,US-WA,King,L162766,Union Bay Natural Area/Montlake Fill,47.65424,-122.29137,2026-05-20,06:19 AM,eBird - Traveling Count,134,1,3.112,,1,,,,658002309
S347722254,Gadwall,Mareca strepera,505,7,US-WA,King,L162766,Union Bay Natural Area/Montlake Fill,47.65424,-122.29137,2026-05-27,05:41 AM,eBird - Traveling Count,137,1,3.085,,1
S359192903,Gadwall,Mareca strepera,505,2,US-WA,King,L162766,Union Bay Natural Area/Montlake Fill,47.65424,-122.29137,2026-06-18,08:29 AM,eBird - Traveling Count,72,1,2.496,,1
S319751834,Gadwall,Mareca strepera,505,3,US-WA,Skagit,L476174,Skagit Wildlife Area--Wiley Slough,48.3246351,-122.3741287,2026-04-10,09:30 AM,eBird - Traveling Count,229,1,2.012,,3
S327106784,Gadwall,Mareca strepera,505,4,US-WA,Snohomish,L9377619,"12th St NE, Everett",48.0077981,-122.1706841,2026-04-25,07:24 AM,eBird - Traveling Count,22,1,.324,,1
S319608405,Gadwall,Mareca strepera,505,6,US-WA,Snohomish,L374380,Edmonds Marsh,47.8085287,-122.3864508,2026-04-10,07:23 AM,eBird - Traveling Count,27,1,.117,,1,,,,654685138
S297588705,Gadwall,Mareca strepera,505,2,US-WA,Snohomish,L374382,Edmonds Waterfront,47.8119268,-122.3854144,2026-02-01,12:36 PM,eBird - Traveling Count,124,1,1.416,,1
S304355760,Gadwall,Mareca strepera,505,7,US-WA,Snohomish,L343338,Everett Sewage Lagoons,47.9988889,-122.17,2026-02-27,08:39 AM,eBird - Traveling Count,230,1,4.811,,1,,,,651822554
S327075826,Gadwall,Mareca strepera,505,2,US-WA,Snohomish,L343338,Everett Sewage Lagoons,47.9988889,-122.17,2026-04-25,06:23 AM,eBird - Traveling Count,47,1,.919,,1
S323134294,Eurasian Wigeon,Mareca penelope,512,2,US-WA,Clallam,L6125771,Jamestown S'Klallam Tribe Center,48.0252673,-122.9962617,2026-04-17,01:14 PM,eBird - Traveling Count,73,1,1.266,,1
S299853433,Eurasian Wigeon,Mareca penelope,512,1,US-WA,King,L298030,Carkeek Park,47.7126411,-122.377647,2026-02-12,03:26 PM,eBird - Traveling Count,60,1,.608,,1,,,,650788448 650788449
S309235427,Eurasian Wigeon,Mareca penelope,512,1,US-WA,King,L298030,Carkeek Park,47.7126411,-122.377647,2026-03-14,01:56 PM,eBird - Traveling Count,69,1,.697,,1
S305332784,Eurasian Wigeon,Mareca penelope,512,2,US-WA,King,L163354,Green Lake,47.6783945,-122.3382464,2026-03-02,06:43 AM,eBird - Traveling Count,67,1,1.847,,1
S308650663,Eurasian Wigeon,Mareca penelope,512,1,US-WA,King,L163354,Green Lake,47.6783945,-122.3382464,2026-03-12,06:43 PM,eBird - Traveling Count,36,1,4.652,,1
S285814615,American Wigeon,Mareca americana,517,X,US-CA,Alameda,L2377313,McLaughlin Eastshore SP--Albany access,37.890326,-122.314765,2025-11-23,08:40 AM,eBird - Traveling Count,86,1,2.87,,1
S285380811,American Wigeon,Mareca americana,517,3,US-TX,Cameron,L283726,South Padre Is.--WBC/Conv. Center/Laguna Madre Trail (LTC 035),26.1400912,-97.1748233,2025-11-20,12:53 PM,eBird - Traveling Count,120,1,1.609,,9
S324366340,American Wigeon,Mareca americana,517,50,US-WA,Clallam,L828590,Dungeness Landing Park/Oyster House,48.1514639,-123.143456,2026-04-19,12:52 PM,eBird - Stationary Count,65,1,,,1
S323134294,American Wigeon,Mareca americana,517,10,US-WA,Clallam,L6125771,Jamestown S'Klallam Tribe Center,48.0252673,-122.9962617,2026-04-17,01:14 PM,eBird - Traveling Count,73,1,1.266,,1
S323179015,American Wigeon,Mareca americana,517,7,US-WA,Clallam,L284497,John Wayne Marina,48.0623184,-123.0416377,2026-04-17,02:38 PM,eBird - Traveling Count,99,1,.876,,1
S324402551,American Wigeon,Mareca americana,517,30,US-WA,Clallam,L265438,Three Crabs,48.151945,-123.1222855,2026-04-19,02:15 PM,eBird - Traveling Count,74,1,.389,,1
S285226087,American Wigeon,Mareca americana,517,30,US-TX,Hidalgo,L129085,Santa Ana NWR (LTC 059),26.0813003,-98.1351399,2025-11-19,07:24 AM,eBird - Traveling Count,200,1,2.414,,9
S292226633,American Wigeon,Mareca americana,517,X,US-WA,King,L298030,Carkeek Park,47.7126411,-122.377647,2026-01-03,01:35 PM,eBird - Traveling Count,42,1,.47,,1
S294267769,American Wigeon,Mareca americana,517,X,US-WA,King,L298030,Carkeek Park,47.7126411,-122.377647,2026-01-14,02:40 PM,eBird - Traveling Count,106,1,.524,,1
S295072515,American Wigeon,Mareca americana,517,4,US-WA,King,L298030,Carkeek Park,47.7126411,-122.377647,2026-01-18,04:16 PM,eBird - Traveling Count,47,1,.351,,1
S295567981,American Wigeon,Mareca americana,517,2,US-WA,King,L298030,Carkeek Park,47.7126411,-122.377647,2026-01-21,03:54 PM,eBird - Traveling Count,33,1,.583,,1
S298149849,American Wigeon,Mareca americana,517,2,US-WA,King,L298030,Carkeek Park,47.7126411,-122.377647,2026-02-04,03:59 PM,eBird - Traveling Count,47,1,.305,,1
S299853433,American Wigeon,Mareca americana,517,12,US-WA,King,L298030,Carkeek Park,47.7126411,-122.377647,2026-02-12,03:26 PM,eBird - Traveling Count,60,1,.608,,1,,,,650788457
S302817888,American Wigeon,Mareca americana,517,2,US-WA,King,L298030,Carkeek Park,47.7126411,-122.377647,2026-02-21,10:55 AM,eBird - Traveling Count,122,1,.648,,1
S309235427,American Wigeon,Mareca americana,517,11,US-WA,King,L298030,Carkeek Park,47.7126411,-122.377647,2026-03-14,01:56 PM,eBird - Traveling Count,69,1,.697,,1
S327898050,American Wigeon,Mareca americana,517,8,US-WA,King,L298030,Carkeek Park,47.7126411,-122.377647,2026-04-26,08:39 AM,eBird - Traveling Count,29,1,.224,,1
S309580927,American Wigeon,Mareca americana,517,3,US-WA,King,L280267,Foster Island & Marsh Island,47.646592,-122.2909732,2026-03-15,10:53 AM,eBird - Traveling Count,96,1,1.041,,1
S294568450,American Wigeon,Mareca americana,517,X,US-WA,King,L285366,Golden Gardens Park,47.6928546,-122.4054806,2026-01-16,02:43 PM,eBird - Traveling Count,34,1,1.256,,1
S305332784,American Wigeon,Mareca americana,517,60,US-WA,King,L163354,Green Lake,47.6783945,-122.3382464,2026-03-02,06:43 AM,eBird - Traveling Count,67,1,1.847,,1
S308650663,American Wigeon,Mareca americana,517,90,US-WA,King,L163354,Green Lake,47.6783945,-122.3382464,2026-03-12,06:43 PM,eBird - Traveling Count,36,1,4.652,,1
S296271926,American Wigeon,Mareca americana,517,5,US-WA,King,L232479,Juanita Bay Park,47.6981686,-122.2101878,2026-01-25,08:10 AM,eBird - Traveling Count,222,1,1.699,,1
S297296203,American Wigeon,Mareca americana,517,12,US-WA,King,L269461,Magnuson Park,47.6815336,-122.2505453,2026-01-31,11:00 AM,eBird - Traveling Count,99,1,1.046,,1
S301500561,American Wigeon,Mareca americana,517,6,US-WA,King,L269461,Magnuson Park,47.6815336,-122.2505453,2026-02-16,10:02 AM,eBird - Traveling Count,133,1,2.13,,1
S160044564,American Wigeon,Mareca americana,517,1,US-WA,King,L162766,Union Bay Natural Area/Montlake Fill,47.65424,-122.29137,2024-01-28,09:15 AM,eBird - Traveling Count,130,0,7.001,,1
S286517370,American Wigeon,Mareca americana,517,X,US-WA,King,L162766,Union Bay Natural Area/Montlake Fill,47.65424,-122.29137,2025-11-28,09:23 AM,eBird - Traveling Count,132,1,2.605,,1
S295024890,American Wigeon,Mareca americana,517,15,US-WA,King,L162766,Union Bay Natural Area/Montlake Fill,47.65424,-122.29137,2026-01-18,08:05 AM,eBird - Traveling Count,287,1,2.302,,1
S298942557,American Wigeon,Mareca americana,517,6,US-WA,King,L162766,Union Bay Natural Area/Montlake Fill,47.65424,-122.29137,2026-02-08,07:30 AM,eBird - Traveling Count,133,1,3.101,,1
S305068426,American Wigeon,Mareca americana,517,3,US-WA,King,L162766,Union Bay Natural Area/Montlake Fill,47.65424,-122.29137,2026-03-01,06:45 AM,eBird - Traveling Count,215,1,3.562,,1
S307285086,American Wigeon,Mareca americana,517,15,US-WA,King,L162766,Union Bay Natural Area/Montlake Fill,47.65424,-122.29137,2026-03-08,07:52 AM,eBird - Traveling Count,130,1,3.898,,1
S309534495,American Wigeon,Mareca americana,517,10,US-WA,King,L162766,Union Bay Natural Area/Montlake Fill,47.65424,-122.29137,2026-03-15,08:45 AM,eBird - Traveling Count,93,1,2.076,,1
S164380841,American Wigeon,Mareca americana,517,X,US-WA,Skagit,L1369427,Fir Island -- Browns Slough Road,48.35381,-122.42297,2024-03-10,09:00 AM,eBird - Traveling Count,180,0,1.609,,6
S295207120,American Wigeon,Mareca americana,517,10,US-WA,Skagit,L469546,Skagit Wildlife Area--Fir Island Farm Reserve (Hayton Reserve),48.3356338,-122.4131659,2026-01-19,10:32 AM,eBird - Traveling Count,32,1,.439,,1
S295226157,American Wigeon,Mareca americana,517,1,US-WA,Skagit,L476174,Skagit Wildlife Area--Wiley Slough,48.3246351,-122.3741287,2026-01-19,11:25 AM,eBird - Traveling Count,72,1,.891,,1
S319608405,American Wigeon,Mareca americana,517,2,US-WA,Snohomish,L374380,Edmonds Marsh,47.8085287,-122.3864508,2026-04-10,07:23 AM,eBird - Traveling Count,27,1,.117,,1
S304355760,American Wigeon,Mareca americana,517,2,US-WA,Snohomish,L343338,Everett Sewage Lagoons,47.9988889,-122.17,2026-02-27,08:39 AM,eBird - Traveling Count,230,1,4.811,,1
S327403524,American Wigeon,Mareca americana,517,30,US-WA,Snohomish,L2410089,"Home Acres Rd, Everett",47.9581889,-122.1737838,2026-04-25,03:16 PM,eBird - Stationary Count,20,1,,,1
S282214936,American Wigeon,Mareca americana,517,X,US-WA,Thurston,L282253,Billy Frank Jr. Nisqually NWR,47.0812514,-122.7180576,2025-10-31,09:53 AM,eBird - Traveling Count,193,1,3.491,,1
S291455322,American Wigeon,Mareca americana,517,X,US-WA,Thurston,L282253,Billy Frank Jr. Nisqually NWR,47.0812514,-122.7180576,2025-12-31,08:11 AM,eBird - Traveling Count,256,1,3.231,,1,,,,648016731
S332089254,American Wigeon,Mareca americana,517,1,US-WA,Thurston,L282253,Billy Frank Jr. Nisqually NWR,47.0812514,-122.7180576,2026-05-03,10:49 AM,eBird - Traveling Count,191,1,4.362,,1
S159175946,Pacific Black Duck,Anas superciliosa,534,X,AU-NSW,Sydney,L915566,Royal Botanic Gardens (Sydney),-33.8638957,151.2167577,2023-08-19,,Historical,,1
S314045091,Hawaiian Duck,Anas wyvilliana,538,1,US-HI,Kauai,L469355,Kawai'ele State Waterbird Sanctuary,22.0099791,-159.7679526,2026-03-28,07:36 AM,eBird - Traveling Count,78,1,.732,,1
S314850063,Hawaiian Duck,Anas wyvilliana,538,1,US-HI,Kauai,L1186213,Poʻipū Beach Park,21.87229,-159.4540122,2026-03-30,07:30 AM,eBird - Traveling Count,45,1,1.61,,1
S356765363,Mallard,Anas platyrhynchos,545,10,US-CA,Alameda,L8307665,Albany State Marine Reserve,37.8893242,-122.3151134,2026-06-13,07:48 AM,eBird - Traveling Count,99,1,2.71,,1
S159176051,Mallard,Anas platyrhynchos,545,X,NZ-AUK,Auckland City,L15034121,Arch Hill Scenic Reserve,-36.8682519,174.7413516,2023-08-15,,Historical,,1
S324366340,Mallard,Anas platyrhynchos,545,2,US-WA,Clallam,L828590,Dungeness Landing Park/Oyster House,48.1514639,-123.143456,2026-04-19,12:52 PM,eBird - Stationary Count,65,1,,,1
S322716667,Mallard,Anas platyrhynchos,545,2,US-WA,Clallam,L29690471,Dungeness NWR,48.1463111,-123.1865094,2026-04-16,04:51 PM,eBird - Traveling Count,23,1,1.089,,1
S324301943,Mallard,Anas platyrhynchos,545,2,US-WA,Clallam,L17270540,Dungeness River Dike Trail,48.1411863,-123.129295,2026-04-19,08:22 AM,eBird - Traveling Count,194,1,1.115,,1
S323667024,Mallard,Anas platyrhynchos,545,2,US-WA,Clallam,L190512,Ediz Hook,48.14035,-123.44711,2026-04-18,08:22 AM,eBird - Traveling Count,154,1,4.076,,1
S323789056,Mallard,Anas platyrhynchos,545,6,US-WA,Clallam,L894831,Freshwater Bay,48.1461024,-123.6414242,2026-04-18,02:00 PM,eBird - Traveling Count,75,1,.617,,1
S323134294,Mallard,Anas platyrhynchos,545,4,US-WA,Clallam,L6125771,Jamestown S'Klallam Tribe Center,48.0252673,-122.9962617,2026-04-17,01:14 PM,eBird - Traveling Count,73,1,1.266,,1
S323179015,Mallard,Anas platyrhynchos,545,4,US-WA,Clallam,L284497,John Wayne Marina,48.0623184,-123.0416377,2026-04-17,02:38 PM,eBird - Traveling Count,99,1,.876,,1
S324402551,Mallard,Anas platyrhynchos,545,4,US-WA,Clallam,L265438,Three Crabs,48.151945,-123.1222855,2026-04-19,02:15 PM,eBird - Traveling Count,74,1,.389,,1
S358739900,Mallard,Anas platyrhynchos,545,3,US-OR,Deschutes,L564147,Smith Rock SP,44.3669375,-121.1371851,2026-06-17,07:36 AM,eBird - Traveling Count,51,1,1.188,,1
S206958982,Mallard,Anas platyrhynchos,545,X,US-VA,Fairfax,L718525,**HUNTLEY MEADOWS PARK,38.7576451,-77.0984124,2024-12-22,,Historical,,1
S290526069,Mallard,Anas platyrhynchos,545,X,US-VA,Fairfax,L5640834,Huntley Meadows Park--Cedar Trail Loop,38.7555851,-77.1024156,2025-12-27,08:42 AM,eBird - Traveling Count,80,1,1.967,,1
S159175317,Mallard,Anas platyrhynchos,545,X,US-VA,Fairfax,L4138121,Washington & Old Dominion Trail--Vienna Town Green,38.9030318,-77.2646034,2023-12-27,,Historical,,1
S311386024,Mallard,Anas platyrhynchos,545,4,US-WA,Grant,L1459988,Columbia NWR--Marsh Loop Trail,46.9313233,-119.2373057,2026-03-20,04:00 PM,eBird - Traveling Count,90,1,3.22,,1
S311113230,Mallard,Anas platyrhynchos,545,2,US-WA,Grant,L1678863,Potholes Reservoir--south half,46.991357,-119.3181243,2026-03-20,10:58 AM,eBird - Traveling Count,156,1,20.014,,1
S311034367,Mallard,Anas platyrhynchos,545,2,US-WA,Grant,L265765,Potholes SP,46.9809077,-119.3508177,2026-03-20,08:17 AM,eBird - Traveling Count,76,1,2.739,,1
S331419171,Mallard,Anas platyrhynchos,545,1,US-WA,Grays Harbor,L268372,Bottle Beach State Park,46.893277,-124.0468136,2026-05-02,03:04 PM,eBird - Traveling Count,112,1,1.449,,1
S330467906,Mallard,Anas platyrhynchos,545,6,US-WA,Grays Harbor,L1158826,Chance A La Mer SP,47.0127422,-124.1698837,2026-05-01,08:36 AM,eBird - Traveling Count,46,1,.524,,1
S330084156,Mallard,Anas platyrhynchos,545,X,US-WA,Grays Harbor,L276426,Grays Harbor NWR (Bowerman Basin),46.9731644,-123.9436064,2026-04-30,02:47 PM,eBird - Traveling Count,104,1,1.512,,1
S330412083,Mallard,Anas platyrhynchos,545,2,US-WA,Grays Harbor,L264861,Hoquiam STP,46.9732093,-123.9165354,2026-05-01,07:22 AM,eBird - Traveling Count,35,1,.098,,1
S330624973,Mallard,Anas platyrhynchos,545,X,US-WA,Grays Harbor,L269804,Ocean Shores--Bill's Spit,46.9648907,-124.1339435,2026-05-01,01:44 PM,eBird - Traveling Count,36,1,.234,,1
S330597903,Mallard,Anas platyrhynchos,545,X,US-WA,Grays Harbor,L109535,Ocean Shores--Oyhut Wildlife Area,46.9444663,-124.1522412,2026-05-01,12:06 PM,eBird - Traveling Count,63,1,.63,,1
S354811374,Mallard,Anas platyrhynchos,545,2,US-WA,Jefferson,L608334,Point Hudson,48.117861,-122.7494931,2026-05-30,03:00 PM,eBird - Traveling Count,30,1,0.,,2
S170824503,Mallard,Anas platyrhynchos,545,X,US-WA,King,L298030,Carkeek Park,47.7126411,-122.377647,2024-04-28,09:45 AM,eBird - Traveling Count,120,1,4.828,,2
S286410137,Mallard,Anas platyrhynchos,545,X,US-WA,King,L298030,Carkeek Park,47.7126411,-122.377647,2025-11-27,02:04 PM,eBird - Traveling Count,45,1,1.36,,1
S292226633,Mallard,Anas platyrhynchos,545,X,US-WA,King,L298030,Carkeek Park,47.7126411,-122.377647,2026-01-03,01:35 PM,eBird - Traveling Count,42,1,.47,,1
S294267769,Mallard,Anas platyrhynchos,545,X,US-WA,King,L298030,Carkeek Park,47.7126411,-122.377647,2026-01-14,02:40 PM,eBird - Traveling Count,106,1,.524,,1
S295072515,Mallard,Anas platyrhynchos,545,15,US-WA,King,L298030,Carkeek Park,47.7126411,-122.377647,2026-01-18,04:16 PM,eBird - Traveling Count,47,1,.351,,1
S295567981,Mallard,Anas platyrhynchos,545,20,US-WA,King,L298030,Carkeek Park,47.7126411,-122.377647,2026-01-21,03:54 PM,eBird - Traveling Count,33,1,.583,,1
S298149849,Mallard,Anas platyrhynchos,545,20,US-WA,King,L298030,Carkeek Park,47.7126411,-122.377647,2026-02-04,03:59 PM,eBird - Traveling Count,47,1,.305,,1
S299853433,Mallard,Anas platyrhynchos,545,11,US-WA,King,L298030,Carkeek Park,47.7126411,-122.377647,2026-02-12,03:26 PM,eBird - Traveling Count,60,1,.608,,1
S302817888,Mallard,Anas platyrhynchos,545,7,US-WA,King,L298030,Carkeek Park,47.7126411,-122.377647,2026-02-21,10:55 AM,eBird - Traveling Count,122,1,.648,,1
S309235427,Mallard,Anas platyrhynchos,545,6,US-WA,King,L298030,Carkeek Park,47.7126411,-122.377647,2026-03-14,01:56 PM,eBird - Traveling Count,69,1,.697,,1
S327898050,Mallard,Anas platyrhynchos,545,3,US-WA,King,L298030,Carkeek Park,47.7126411,-122.377647,2026-04-26,08:39 AM,eBird - Traveling Count,29,1,.224,,1
S335596208,Mallard,Anas platyrhynchos,545,15,US-WA,King,L298030,Carkeek Park,47.7126411,-122.377647,2026-05-09,09:08 AM,eBird - Traveling Count,114,1,.82,,1
S377210785,Mallard,Anas platyrhynchos,545,30,US-WA,King,L298030,Carkeek Park,47.7126411,-122.377647,2026-07-27,07:53 PM,eBird - Traveling Count,13,1,.357,,1
S307461833,Mallard,Anas platyrhynchos,545,11,US-WA,King,L128530,Discovery Park,47.663868,-122.4215317,2026-03-08,03:06 PM,eBird - Traveling Count,152,1,4.489,,1
S309580927,Mallard,Anas platyrhynchos,545,15,US-WA,King,L280267,Foster Island & Marsh Island,47.646592,-122.2909732,2026-03-15,10:53 AM,eBird - Traveling Count,96,1,1.041,,1
S380906489,Mallard,Anas platyrhynchos,545,12,US-WA,King,L267071,Frager Rd. (north),47.418883,-122.2678757,2026-08-07,09:32 AM,eBird - Traveling Count,176,1,2.644,,1,,,,662621207
S291993014,Mallard,Anas platyrhynchos,545,X,US-WA,King,L2692026,Fremont Canal Park,47.6514476,-122.3570377,2026-01-02,03:40 PM,eBird - Stationary Count,240,1,,,1
S296590988,Mallard,Anas platyrhynchos,545,2,US-WA,King,L2692026,Fremont Canal Park,47.6514476,-122.3570377,2026-01-27,11:39 AM,eBird - Stationary Count,180,1,,,1
S298134651,Mallard,Anas platyrhynchos,545,2,US-WA,King,L2692026,Fremont Canal Park,47.6514476,-122.3570377,2026-02-04,08:30 AM,eBird - Stationary Count,240,1,,,1
S318059543,Mallard,Anas platyrhynchos,545,3,US-WA,King,L2692026,Fremont Canal Park,47.6514476,-122.3570377,2026-04-06,07:30 AM,eBird - Stationary Count,7,1,,,1
S318992308,Mallard,Anas platyrhynchos,545,1,US-WA,King,L2692026,Fremont Canal Park,47.6514476,-122.3570377,2026-04-08,08:44 AM,eBird - Traveling Count,15,1,.634,,1
S326022728,Mallard,Anas platyrhynchos,545,2,US-WA,King,L2692026,Fremont Canal Park,47.6514476,-122.3570377,2026-04-23,08:45 AM,eBird - Traveling Count,19,1,.602,,1
S334650572,Mallard,Anas platyrhynchos,545,2,US-WA,King,L2692026,Fremont Canal Park,47.6514476,-122.3570377,2026-05-08,09:19 AM,eBird - Traveling Count,22,1,.739,,1
S351854090,Mallard,Anas platyrhynchos,545,1,US-WA,King,L2692026,Fremont Canal Park,47.6514476,-122.3570377,2026-06-03,08:30 AM,eBird - Traveling Count,21,1,.679,,1
S294568450,Mallard,Anas platyrhynchos,545,X,US-WA,King,L285366,Golden Gardens Park,47.6928546,-122.4054806,2026-01-16,02:43 PM,eBird - Traveling Count,34,1,1.256,,1
S297342812,Mallard,Anas platyrhynchos,545,25,US-WA,King,L163354,Green Lake,47.6783945,-122.3382464,2026-01-31,04:04 PM,eBird - Traveling Count,53,1,4.21,,1
S305332784,Mallard,Anas platyrhynchos,545,30,US-WA,King,L163354,Green Lake,47.6783945,-122.3382464,2026-03-02,06:43 AM,eBird - Traveling Count,67,1,1.847,,1
S308650663,Mallard,Anas platyrhynchos,545,15,US-WA,King,L163354,Green Lake,47.6783945,-122.3382464,2026-03-12,06:43 PM,eBird - Traveling Count,36,1,4.652,,1
S342994543,Mallard,Anas platyrhynchos,545,40,US-WA,King,L163354,Green Lake,47.6783945,-122.3382464,2026-05-20,09:01 AM,eBird - Traveling Count,222,1,4.611,,1,,,,658004447 658004448 658004449 658004450
S348567406,Mallard,Anas platyrhynchos,545,30,US-WA,King,L163354,Green Lake,47.6783945,-122.3382464,2026-05-28,06:44 PM,eBird - Traveling Count,29,1,1.323,,1
S245777966,Mallard,Anas platyrhynchos,545,X,US-WA,King,L208659,Hiram M. Chittenden Ballard Locks,47.6653579,-122.3974647,2025-05-31,,Historical,,1
S338550928,Mallard,Anas platyrhynchos,545,3,US-WA,King,L208659,Hiram M. Chittenden Ballard Locks,47.6653579,-122.3974647,2026-05-13,06:15 PM,eBird - Stationary Count,60,1,,,1
S278673753,Mallard,Anas platyrhynchos,545,X,US-WA,King,L232479,Juanita Bay Park,47.6981686,-122.2101878,2025-10-11,08:44 AM,eBird - Traveling Count,160,1,1.308,,1
S291712899,Mallard,Anas platyrhynchos,545,X,US-WA,King,L232479,Juanita Bay Park,47.6981686,-122.2101878,2026-01-01,10:37 AM,eBird - Traveling Count,158,1,1.357,,1
S296271926,Mallard,Anas platyrhynchos,545,5,US-WA,King,L232479,Juanita Bay Park,47.6981686,-122.2101878,2026-01-25,08:10 AM,eBird - Traveling Count,222,1,1.699,,1
S306300352,Mallard,Anas platyrhynchos,545,12,US-WA,King,L232479,Juanita Bay Park,47.6981686,-122.2101878,2026-03-05,02:46 PM,eBird - Traveling Count,61,1,1.635,,1
S194059681,Mallard,Anas platyrhynchos,545,X,US-WA,King,L269461,Magnuson Park,47.6815336,-122.2505453,2024-09-05,08:58 AM,eBird - Traveling Count,43,1,2.124,,1
S297296203,Mallard,Anas platyrhynchos,545,16,US-WA,King,L269461,Magnuson Park,47.6815336,-122.2505453,2026-01-31,11:00 AM,eBird - Traveling Count,99,1,1.046,,1
S301500561,Mallard,Anas platyrhynchos,545,25,US-WA,King,L269461,Magnuson Park,47.6815336,-122.2505453,2026-02-16,10:02 AM,eBird - Traveling Count,133,1,2.13,,1
S303069344,Mallard,Anas platyrhynchos,545,19,US-WA,King,L351484,Marymoor Park,47.6612642,-122.1184109,2026-02-22,06:42 AM,eBird - Traveling Count,176,1,4.108,,1
S162051939,Mallard,Anas platyrhynchos,545,X,US-WA,King,L472642,Meadowbrook Pond,47.7058052,-122.2889256,2024-02-18,08:20 AM,eBird - Stationary Count,30,0,,,1
S203904796,Mallard,Anas platyrhynchos,545,X,US-WA,King,L472642,Meadowbrook Pond,47.7058052,-122.2889256,2024-11-28,01:20 PM,eBird - Traveling Count,31,1,.283,,1
S345067581,Mallard,Anas platyrhynchos,545,2,US-WA,King,L461493,Ravenna Park / Cowen Park,47.6721788,-122.3064566,2026-05-23,05:34 PM,eBird - Traveling Count,72,1,.992,,1
S160044564,Mallard,Anas platyrhynchos,545,1,US-WA,King,L162766,Union Bay Natural Area/Montlake Fill,47.65424,-122.29137,2024-01-28,09:15 AM,eBird - Traveling Count,130,0,7.001,,1
S175815092,Mallard,Anas platyrhynchos,545,X,US-WA,King,L162766,Union Bay Natural Area/Montlake Fill,47.65424,-122.29137,2024-05-19,08:00 AM,eBird - Traveling Count,150,1,3.219,,1
S177789951,Mallard,Anas platyrhynchos,545,X,US-WA,King,L162766,Union Bay Natural Area/Montlake Fill,47.65424,-122.29137,2024-05-28,05:50 AM,eBird - Traveling Count,68,1,2.704,,1
S179154810,Mallard,Anas platyrhynchos,545,X,US-WA,King,L162766,Union Bay Natural Area/Montlake Fill,47.65424,-122.29137,2024-06-03,05:47 AM,eBird - Traveling Count,116,1,5.053,,1
S183862008,Mallard,Anas platyrhynchos,545,X,US-WA,King,L162766,Union Bay Natural Area/Montlake Fill,47.65424,-122.29137,2024-06-26,06:10 AM,eBird - Traveling Count,109,1,4.812,,1
S191250464,Mallard,Anas platyrhynchos,545,X,US-WA,King,L162766,Union Bay Natural Area/Montlake Fill,47.65424,-122.29137,2024-08-12,05:40 PM,eBird - Traveling Count,53,1,2.639,,1
S286517370,Mallard,Anas platyrhynchos,545,X,US-WA,King,L162766,Union Bay Natural Area/Montlake Fill,47.65424,-122.29137,2025-11-28,09:23 AM,eBird - Traveling Count,132,1,2.605,,1
S298942557,Mallard,Anas platyrhynchos,545,9,US-WA,King,L162766,Union Bay Natural Area/Montlake Fill,47.65424,-122.29137,2026-02-08,07:30 AM,eBird - Traveling Count,133,1,3.101,,1
S305068426,Mallard,Anas platyrhynchos,545,15,US-WA,King,L162766,Union Bay Natural Area/Montlake Fill,47.65424,-122.29137,2026-03-01,06:45 AM,eBird - Traveling Count,215,1,3.562,,1,,,,651953457
S307285086,Mallard,Anas platyrhynchos,545,10,US-WA,King,L162766,Union Bay Natural Area/Montlake Fill,47.65424,-122.29137,2026-03-08,07:52 AM,eBird - Traveling Count,130,1,3.898,,1
S309534495,Mallard,Anas platyrhynchos,545,6,US-WA,King,L162766,Union Bay Natural Area/Montlake Fill,47.65424,-122.29137,2026-03-15,08:45 AM,eBird - Traveling Count,93,1,2.076,,1
S317515997,Mallard,Anas platyrhynchos,545,5,US-WA,King,L162766,Union Bay Natural Area/Montlake Fill,47.65424,-122.29137,2026-04-05,10:27 AM,eBird - Traveling Count,191,1,2.366,,1
S320771289,Mallard,Anas platyrhynchos,545,9,US-WA,King,L162766,Union Bay Natural Area/Montlake Fill,47.65424,-122.29137,2026-04-12,07:20 AM,eBird - Traveling Count,190,1,3.623,,1
S326594442,Mallard,Anas platyrhynchos,545,9,US-WA,King,L162766,Union Bay Natural Area/Montlake Fill,47.65424,-122.29137,2026-04-24,06:55 AM,eBird - Traveling Count,222,1,2.992,,1,,,,655747467
S333055230,Mallard,Anas platyrhynchos,545,9,US-WA,King,L162766,Union Bay Natural Area/Montlake Fill,47.65424,-122.29137,2026-05-05,05:54 AM,eBird - Traveling Count,113,1,2.301,,1
S334002351,Mallard,Anas platyrhynchos,545,12,US-WA,King,L162766,Union Bay Natural Area/Montlake Fill,47.65424,-122.29137,2026-05-07,06:22 AM,eBird - Traveling Count,64,1,.721,,1
S336459661,Mallard,Anas platyrhynchos,545,4,US-WA,King,L162766,Union Bay Natural Area/Montlake Fill,47.65424,-122.29137,2026-05-10,06:04 AM,eBird - Traveling Count,165,1,2.998,,1
S339377883,Mallard,Anas platyrhynchos,545,12,US-WA,King,L162766,Union Bay Natural Area/Montlake Fill,47.65424,-122.29137,2026-05-15,06:24 AM,eBird - Traveling Count,131,1,2.121,,1,,,,657542448 657542449
S342868105,Mallard,Anas platyrhynchos,545,7,US-WA,King,L162766,Union Bay Natural Area/Montlake Fill,47.65424,-122.29137,2026-05-20,06:19 AM,eBird - Traveling Count,134,1,3.112,,1,,,,658002328
S347722254,Mallard,Anas platyrhynchos,545,8,US-WA,King,L162766,Union Bay Natural Area/Montlake Fill,47.65424,-122.29137,2026-05-27,05:41 AM,eBird - Traveling Count,137,1,3.085,,1,,,,658541848
S359192903,Mallard,Anas platyrhynchos,545,15,US-WA,King,L162766,Union Bay Natural Area/Montlake Fill,47.65424,-122.29137,2026-06-18,08:29 AM,eBird - Traveling Count,72,1,2.496,,1
S374368808,Mallard,Anas platyrhynchos,545,15,US-WA,King,L162766,Union Bay Natural Area/Montlake Fill,47.65424,-122.29137,2026-07-20,05:31 AM,eBird - Traveling Count,90,1,2.509,,1
S167616265,Mallard,Anas platyrhynchos,545,X,US-WA,King,L165740,Washington Park Arboretum,47.6370819,-122.29574,2024-04-07,08:30 AM,eBird - Traveling Count,180,1,3.219,,15
S176978136,Mallard,Anas platyrhynchos,545,X,US-RI,Providence,L804728,Blackstone Park,41.833327,-71.3792148,2024-05-25,09:31 AM,eBird - Traveling Count,43,1,1.931,,1
S164380841,Mallard,Anas platyrhynchos,545,X,US-WA,Skagit,L1369427,Fir Island -- Browns Slough Road,48.35381,-122.42297,2024-03-10,09:00 AM,eBird - Traveling Count,180,0,1.609,,6
S295226157,Mallard,Anas platyrhynchos,545,2,US-WA,Skagit,L476174,Skagit Wildlife Area--Wiley Slough,48.3246351,-122.3741287,2026-01-19,11:25 AM,eBird - Traveling Count,72,1,.891,,1
S319751834,Mallard,Anas platyrhynchos,545,5,US-WA,Skagit,L476174,Skagit Wildlife Area--Wiley Slough,48.3246351,-122.3741287,2026-04-10,09:30 AM,eBird - Traveling Count,229,1,2.012,,3
S327106784,Mallard,Anas platyrhynchos,545,1,US-WA,Snohomish,L9377619,"12th St NE, Everett",48.0077981,-122.1706841,2026-04-25,07:24 AM,eBird - Traveling Count,22,1,.324,,1
S293525790,Mallard,Anas platyrhynchos,545,X,US-WA,Snohomish,L374380,Edmonds Marsh,47.8085287,-122.3864508,2026-01-10,11:07 AM,eBird - Traveling Count,48,1,.092,,1
S319608405,Mallard,Anas platyrhynchos,545,20,US-WA,Snohomish,L374380,Edmonds Marsh,47.8085287,-122.3864508,2026-04-10,07:23 AM,eBird - Traveling Count,27,1,.117,,1
S297588705,Mallard,Anas platyrhynchos,545,25,US-WA,Snohomish,L374382,Edmonds Waterfront,47.8119268,-122.3854144,2026-02-01,12:36 PM,eBird - Traveling Count,124,1,1.416,,1
S304355760,Mallard,Anas platyrhynchos,545,50,US-WA,Snohomish,L343338,Everett Sewage Lagoons,47.9988889,-122.17,2026-02-27,08:39 AM,eBird - Traveling Count,230,1,4.811,,1
S327075826,Mallard,Anas platyrhynchos,545,10,US-WA,Snohomish,L343338,Everett Sewage Lagoons,47.9988889,-122.17,2026-04-25,06:23 AM,eBird - Traveling Count,47,1,.919,,1
S346491426,Mallard,Anas platyrhynchos,545,2,US-WA,Snohomish,L4756268,Field's Riffle,47.9166297,-122.1268988,2026-05-25,07:11 AM,eBird - Traveling Count,177,1,1.517,,1
S327403524,Mallard,Anas platyrhynchos,545,2,US-WA,Snohomish,L2410089,"Home Acres Rd, Everett",47.9581889,-122.1737838,2026-04-25,03:16 PM,eBird - Stationary Count,20,1,,,1
S304371242,Mallard,Anas platyrhynchos,545,6,US-WA,Snohomish,L1052763,Lowell Riverfront Trail,47.9560191,-122.1890402,2026-02-27,01:10 PM,eBird - Traveling Count,26,1,.58,,1
S371256974,Mallard,Anas platyrhynchos,545,7,US-WA,Snohomish,L4444849,Riverview Wildlife Refuge / Snohomish Wastewater Treatment Plant,47.9165434,-122.1100652,2026-07-12,07:30 AM,eBird - Traveling Count,139,1,1.581,,1
S375605391,Mallard,Anas platyrhynchos,545,15,US-WA,Snohomish,L343249,Stanwood Water Treatment Plant,48.2377017,-122.3611822,2026-07-23,02:41 PM,eBird - Traveling Count,163,1,.511,,1,,,,661835229
S376877165,Mallard,Anas platyrhynchos,545,30,US-WA,Snohomish,L343249,Stanwood Water Treatment Plant,48.2377017,-122.3611822,2026-07-26,07:23 PM,eBird - Traveling Count,88,1,.235,,1
S282214936,Mallard,Anas platyrhynchos,545,X,US-WA,Thurston,L282253,Billy Frank Jr. Nisqually NWR,47.0812514,-122.7180576,2025-10-31,09:53 AM,eBird - Traveling Count,193,1,3.491,,1
S291455322,Mallard,Anas platyrhynchos,545,X,US-WA,Thurston,L282253,Billy Frank Jr. Nisqually NWR,47.0812514,-122.7180576,2025-12-31,08:11 AM,eBird - Traveling Count,256,1,3.231,,1
S332089254,Mallard,Anas platyrhynchos,545,14,US-WA,Thurston,L282253,Billy Frank Jr. Nisqually NWR,47.0812514,-122.7180576,2026-05-03,10:49 AM,eBird - Traveling Count,191,1,4.362,,1
S159174918,Mallard,Anas platyrhynchos,545,X,US-AZ,,L108915,Arizona,34.16973,-111.93299,2024-01-12,,Historical,,1
S260171709,Mallard,Anas platyrhynchos,545,X,CH-ZH,,L4507511,Zürich Stadt (city of Zurich)* general (use more precise loc.),47.3768774,8.5413551,2025-06-29,,Historical,,1
S305332784,Mallard (Domestic type),Anas platyrhynchos (Domestic type),548,1,US-WA,King,L163354,Green Lake,47.6783945,-122.3382464,2026-03-02,06:43 AM,eBird - Traveling Count,67,1,1.847,,1
S342994543,Mallard (Domestic type),Anas platyrhynchos (Domestic type),548,2,US-WA,King,L163354,Green Lake,47.6783945,-122.3382464,2026-05-20,09:01 AM,eBird - Traveling Count,222,1,4.611,,1,,,,658004463
S348567406,Mallard (Domestic type),Anas platyrhynchos (Domestic type),548,1,US-WA,King,L163354,Green Lake,47.6783945,-122.3382464,2026-05-28,06:44 PM,eBird - Traveling Count,29,1,1.323,,1
S297296203,Mallard (Domestic type),Anas platyrhynchos (Domestic type),548,2,US-WA,King,L269461,Magnuson Park,47.6815336,-122.2505453,2026-01-31,11:00 AM,eBird - Traveling Count,99,1,1.046,,1
S301500561,Mallard (Domestic type),Anas platyrhynchos (Domestic type),548,1,US-WA,King,L269461,Magnuson Park,47.6815336,-122.2505453,2026-02-16,10:02 AM,eBird - Traveling Count,133,1,2.13,,1
S326594442,Mallard (Domestic type),Anas platyrhynchos (Domestic type),548,1,US-WA,King,L162766,Union Bay Natural Area/Montlake Fill,47.65424,-122.29137,2026-04-24,06:55 AM,eBird - Traveling Count,222,1,2.992,,1
S336459661,Mallard (Domestic type),Anas platyrhynchos (Domestic type),548,1,US-WA,King,L162766,Union Bay Natural Area/Montlake Fill,47.65424,-122.29137,2026-05-10,06:04 AM,eBird - Traveling Count,165,1,2.998,,1
S285380811,Mottled Duck,Anas fulvigula,575,8,US-TX,Cameron,L283726,South Padre Is.--WBC/Conv. Center/Laguna Madre Trail (LTC 035),26.1400912,-97.1748233,2025-11-20,12:53 PM,eBird - Traveling Count,120,1,1.609,,9
S285380905,Mottled Duck,Anas fulvigula,575,2,US-TX,Hidalgo,L259855,Estero Llano Grande SP WBC (LTC 054),26.1268335,-97.9578167,2025-11-20,07:13 AM,eBird - Traveling Count,60,1,.805,,9
S285225465,Mottled Duck,Anas fulvigula,575,4,US-TX,Hidalgo,L21636963,Peculiar Nest Airbnb (restricted access),26.180693,-98.272806,2025-11-18,07:00 AM,eBird - Stationary Count,40,1,,,10
S216534367,White-cheeked Pintail,Anas bahamensis,585,X,AG-,,L3680262,Antigua and Barbuda,17.2705798,-61.7982655,2025-02-28,,Historical,,1
S312570475,Northern Pintail,Anas acuta,594,X,US-WA,Adams,L1071738,Columbia NWR--Royal Lake,46.8716342,-119.3433344,2026-03-22,11:00 AM,eBird - Stationary Count,20,1,,,20
S285814615,Northern Pintail,Anas acuta,594,X,US-CA,Alameda,L2377313,McLaughlin Eastshore SP--Albany access,37.890326,-122.314765,2025-11-23,08:40 AM,eBird - Traveling Count,86,1,2.87,,1
S285380811,Northern Pintail,Anas acuta,594,6,US-TX,Cameron,L283726,South Padre Is.--WBC/Conv. Center/Laguna Madre Trail (LTC 035),26.1400912,-97.1748233,2025-11-20,12:53 PM,eBird - Traveling Count,120,1,1.609,,9,,,,645920415
S323134294,Northern Pintail,Anas acuta,594,2,US-WA,Clallam,L6125771,Jamestown S'Klallam Tribe Center,48.0252673,-122.9962617,2026-04-17,01:14 PM,eBird - Traveling Count,73,1,1.266,,1
S324402551,Northern Pintail,Anas acuta,594,2,US-WA,Clallam,L265438,Three Crabs,48.151945,-123.1222855,2026-04-19,02:15 PM,eBird - Traveling Count,74,1,.389,,1
S164380841,Northern Pintail,Anas acuta,594,X,US-WA,Skagit,L1369427,Fir Island -- Browns Slough Road,48.35381,-122.42297,2024-03-10,09:00 AM,eBird - Traveling Count,180,0,1.609,,6
S170170746,Northern Pintail,Anas acuta,594,X,US-WA,Skagit,L1369427,Fir Island -- Browns Slough Road,48.35381,-122.42297,2024-04-14,,Historical,,0
S295226157,Northern Pintail,Anas acuta,594,10,US-WA,Skagit,L476174,Skagit Wildlife Area--Wiley Slough,48.3246351,-122.3741287,2026-01-19,11:25 AM,eBird - Traveling Count,72,1,.891,,1
S304355760,Northern Pintail,Anas acuta,594,100,US-WA,Snohomish,L343338,Everett Sewage Lagoons,47.9988889,-122.17,2026-02-27,08:39 AM,eBird - Traveling Count,230,1,4.811,,1,,,,651822551
S282214936,Northern Pintail,Anas acuta,594,X,US-WA,Thurston,L282253,Billy Frank Jr. Nisqually NWR,47.0812514,-122.7180576,2025-10-31,09:53 AM,eBird - Traveling Count,193,1,3.491,,1
S291455322,Northern Pintail,Anas acuta,594,X,US-WA,Thurston,L282253,Billy Frank Jr. Nisqually NWR,47.0812514,-122.7180576,2025-12-31,08:11 AM,eBird - Traveling Count,256,1,3.231,,1,,,,648016560 648016561 648016610
S311556119,Green-winged Teal,Anas crecca,612,2,US-WA,Adams,L455722,Para/McCain's Ponds,46.8574296,-119.1854596,2026-03-21,10:39 AM,eBird - Traveling Count,30,1,.301,,1
S285814615,Green-winged Teal,Anas crecca,612,X,US-CA,Alameda,L2377313,McLaughlin Eastshore SP--Albany access,37.890326,-122.314765,2025-11-23,08:40 AM,eBird - Traveling Count,86,1,2.87,,1
S324366340,Green-winged Teal,Anas crecca,612,30,US-WA,Clallam,L828590,Dungeness Landing Park/Oyster House,48.1514639,-123.143456,2026-04-19,12:52 PM,eBird - Stationary Count,65,1,,,1
S322716667,Green-winged Teal,Anas crecca,612,6,US-WA,Clallam,L29690471,Dungeness NWR,48.1463111,-123.1865094,2026-04-16,04:51 PM,eBird - Traveling Count,23,1,1.089,,1
S324301943,Green-winged Teal,Anas crecca,612,3,US-WA,Clallam,L17270540,Dungeness River Dike Trail,48.1411863,-123.129295,2026-04-19,08:22 AM,eBird - Traveling Count,194,1,1.115,,1
S323667024,Green-winged Teal,Anas crecca,612,4,US-WA,Clallam,L190512,Ediz Hook,48.14035,-123.44711,2026-04-18,08:22 AM,eBird - Traveling Count,154,1,4.076,,1
S323134294,Green-winged Teal,Anas crecca,612,2,US-WA,Clallam,L6125771,Jamestown S'Klallam Tribe Center,48.0252673,-122.9962617,2026-04-17,01:14 PM,eBird - Traveling Count,73,1,1.266,,1
S323179015,Green-winged Teal,Anas crecca,612,1,US-WA,Clallam,L284497,John Wayne Marina,48.0623184,-123.0416377,2026-04-17,02:38 PM,eBird - Traveling Count,99,1,.876,,1
S324402551,Green-winged Teal,Anas crecca,612,10,US-WA,Clallam,L265438,Three Crabs,48.151945,-123.1222855,2026-04-19,02:15 PM,eBird - Traveling Count,74,1,.389,,1
S290526069,Green-winged Teal,Anas crecca,612,X,US-VA,Fairfax,L5640834,Huntley Meadows Park--Cedar Trail Loop,38.7555851,-77.1024156,2025-12-27,08:42 AM,eBird - Traveling Count,80,1,1.967,,1
S331419171,Green-winged Teal,Anas crecca,612,4,US-WA,Grays Harbor,L268372,Bottle Beach State Park,46.893277,-124.0468136,2026-05-02,03:04 PM,eBird - Traveling Count,112,1,1.449,,1
S330084156,Green-winged Teal,Anas crecca,612,X,US-WA,Grays Harbor,L276426,Grays Harbor NWR (Bowerman Basin),46.9731644,-123.9436064,2026-04-30,02:47 PM,eBird - Traveling Count,104,1,1.512,,1
S330412083,Green-winged Teal,Anas crecca,612,3,US-WA,Grays Harbor,L264861,Hoquiam STP,46.9732093,-123.9165354,2026-05-01,07:22 AM,eBird - Traveling Count,35,1,.098,,1
S330597903,Green-winged Teal,Anas crecca,612,X,US-WA,Grays Harbor,L109535,Ocean Shores--Oyhut Wildlife Area,46.9444663,-124.1522412,2026-05-01,12:06 PM,eBird - Traveling Count,63,1,.63,,1
S285226087,Green-winged Teal,Anas crecca,612,1,US-TX,Hidalgo,L129085,Santa Ana NWR (LTC 059),26.0813003,-98.1351399,2025-11-19,07:24 AM,eBird - Traveling Count,200,1,2.414,,9
S309580927,Green-winged Teal,Anas crecca,612,5,US-WA,King,L280267,Foster Island & Marsh Island,47.646592,-122.2909732,2026-03-15,10:53 AM,eBird - Traveling Count,96,1,1.041,,1
S278673753,Green-winged Teal,Anas crecca,612,X,US-WA,King,L232479,Juanita Bay Park,47.6981686,-122.2101878,2025-10-11,08:44 AM,eBird - Traveling Count,160,1,1.308,,1
S291712899,Green-winged Teal,Anas crecca,612,X,US-WA,King,L232479,Juanita Bay Park,47.6981686,-122.2101878,2026-01-01,10:37 AM,eBird - Traveling Count,158,1,1.357,,1
S296271926,Green-winged Teal,Anas crecca,612,7,US-WA,King,L232479,Juanita Bay Park,47.6981686,-122.2101878,2026-01-25,08:10 AM,eBird - Traveling Count,222,1,1.699,,1,,,,649619878
S306300352,Green-winged Teal,Anas crecca,612,10,US-WA,King,L232479,Juanita Bay Park,47.6981686,-122.2101878,2026-03-05,02:46 PM,eBird - Traveling Count,61,1,1.635,,1
S303069344,Green-winged Teal,Anas crecca,612,2,US-WA,King,L351484,Marymoor Park,47.6612642,-122.1184109,2026-02-22,06:42 AM,eBird - Traveling Count,176,1,4.108,,1
S286517370,Green-winged Teal,Anas crecca,612,X,US-WA,King,L162766,Union Bay Natural Area/Montlake Fill,47.65424,-122.29137,2025-11-28,09:23 AM,eBird - Traveling Count,132,1,2.605,,1
S295024890,Green-winged Teal,Anas crecca,612,6,US-WA,King,L162766,Union Bay Natural Area/Montlake Fill,47.65424,-122.29137,2026-01-18,08:05 AM,eBird - Traveling Count,287,1,2.302,,1
S298942557,Green-winged Teal,Anas crecca,612,2,US-WA,King,L162766,Union Bay Natural Area/Montlake Fill,47.65424,-122.29137,2026-02-08,07:30 AM,eBird - Traveling Count,133,1,3.101,,1
S305068426,Green-winged Teal,Anas crecca,612,2,US-WA,King,L162766,Union Bay Natural Area/Montlake Fill,47.65424,-122.29137,2026-03-01,06:45 AM,eBird - Traveling Count,215,1,3.562,,1,,,,651953484
S307285086,Green-winged Teal,Anas crecca,612,1,US-WA,King,L162766,Union Bay Natural Area/Montlake Fill,47.65424,-122.29137,2026-03-08,07:52 AM,eBird - Traveling Count,130,1,3.898,,1
S326594442,Green-winged Teal,Anas crecca,612,6,US-WA,King,L162766,Union Bay Natural Area/Montlake Fill,47.65424,-122.29137,2026-04-24,06:55 AM,eBird - Traveling Count,222,1,2.992,,1,,,,655747473
S167616265,Green-winged Teal,Anas crecca,612,X,US-WA,King,L165740,Washington Park Arboretum,47.6370819,-122.29574,2024-04-07,08:30 AM,eBird - Traveling Count,180,1,3.219,,15
S170170746,Green-winged Teal,Anas crecca,612,X,US-WA,Skagit,L1369427,Fir Island -- Browns Slough Road,48.35381,-122.42297,2024-04-14,,Historical,,0
S295226157,Green-winged Teal,Anas crecca,612,5,US-WA,Skagit,L476174,Skagit Wildlife Area--Wiley Slough,48.3246351,-122.3741287,2026-01-19,11:25 AM,eBird - Traveling Count,72,1,.891,,1
S319751834,Green-winged Teal,Anas crecca,612,15,US-WA,Skagit,L476174,Skagit Wildlife Area--Wiley Slough,48.3246351,-122.3741287,2026-04-10,09:30 AM,eBird - Traveling Count,229,1,2.012,,3
S327106784,Green-winged Teal,Anas crecca,612,20,US-WA,Snohomish,L9377619,"12th St NE, Everett",48.0077981,-122.1706841,2026-04-25,07:24 AM,eBird - Traveling Count,22,1,.324,,1
S293525790,Green-winged Teal,Anas crecca,612,X,US-WA,Snohomish,L374380,Edmonds Marsh,47.8085287,-122.3864508,2026-01-10,11:07 AM,eBird - Traveling Count,48,1,.092,,1
S304355760,Green-winged Teal,Anas crecca,612,20,US-WA,Snohomish,L343338,Everett Sewage Lagoons,47.9988889,-122.17,2026-02-27,08:39 AM,eBird - Traveling Count,230,1,4.811,,1
S327075826,Green-winged Teal,Anas crecca,612,10,US-WA,Snohomish,L343338,Everett Sewage Lagoons,47.9988889,-122.17,2026-04-25,06:23 AM,eBird - Traveling Count,47,1,.919,,1
S327403524,Green-winged Teal,Anas crecca,612,8,US-WA,Snohomish,L2410089,"Home Acres Rd, Everett",47.9581889,-122.1737838,2026-04-25,03:16 PM,eBird - Stationary Count,20,1,,,1
S304371242,Green-winged Teal,Anas crecca,612,4,US-WA,Snohomish,L1052763,Lowell Riverfront Trail,47.9560191,-122.1890402,2026-02-27,01:10 PM,eBird - Traveling Count,26,1,.58,,1
S282214936,Green-winged Teal,Anas crecca,612,X,US-WA,Thurston,L282253,Billy Frank Jr. Nisqually NWR,47.0812514,-122.7180576,2025-10-31,09:53 AM,eBird - Traveling Count,193,1,3.491,,1
S291455322,Green-winged Teal,Anas crecca,612,X,US-WA,Thurston,L282253,Billy Frank Jr. Nisqually NWR,47.0812514,-122.7180576,2025-12-31,08:11 AM,eBird - Traveling Count,256,1,3.231,,1,,,,648016569
S332089254,Green-winged Teal,Anas crecca,612,2,US-WA,Thurston,L282253,Billy Frank Jr. Nisqually NWR,47.0812514,-122.7180576,2026-05-03,10:49 AM,eBird - Traveling Count,191,1,4.362,,1
S159175946,Chestnut Teal,Anas castanea,642,X,AU-NSW,Sydney,L915566,Royal Botanic Gardens (Sydney),-33.8638957,151.2167577,2023-08-19,,Historical,,1
S260172580,Red-crested Pochard,Netta rufina,660,X,CH-GE,,L926699,Jetée et Port des Pâquis,46.2102417,6.1546,2025-07-04,,Historical,,0
S285225977,Canvasback,Aythya valisineria,666,1,US-TX,Hidalgo,L249889,Edinburg Scenic Wetlands WBC (LTC 061),26.2905822,-98.1351909,2025-11-19,12:54 PM,eBird - Traveling Count,90,1,1.609,,9
S285380811,Redhead,Aythya americana,667,1,US-TX,Cameron,L283726,South Padre Is.--WBC/Conv. Center/Laguna Madre Trail (LTC 035),26.1400912,-97.1748233,2025-11-20,12:53 PM,eBird - Traveling Count,120,1,1.609,,9
S297296203,Redhead,Aythya americana,667,1,US-WA,King,L269461,Magnuson Park,47.6815336,-122.2505453,2026-01-31,11:00 AM,eBird - Traveling Count,99,1,1.046,,1
S376877165,Redhead,Aythya americana,667,2,US-WA,Snohomish,L343249,Stanwood Water Treatment Plant,48.2377017,-122.3611822,2026-07-26,07:23 PM,eBird - Traveling Count,88,1,.235,,1,,Two females. Brown with light ring around the eye and dark bill
S323750410,Ring-necked Duck,Aythya collaris,673,1,US-WA,Clallam,L793855,Elwha River Mouth,48.1447892,-123.5671808,2026-04-18,11:32 AM,eBird - Traveling Count,130,1,.681,,1
S285225977,Ring-necked Duck,Aythya collaris,673,7,US-TX,Hidalgo,L249889,Edinburg Scenic Wetlands WBC (LTC 061),26.2905822,-98.1351909,2025-11-19,12:54 PM,eBird - Traveling Count,90,1,1.609,,9
S285225465,Ring-necked Duck,Aythya collaris,673,2,US-TX,Hidalgo,L21636963,Peculiar Nest Airbnb (restricted access),26.180693,-98.272806,2025-11-18,07:00 AM,eBird - Stationary Count,40,1,,,10
S285226087,Ring-necked Duck,Aythya collaris,673,20,US-TX,Hidalgo,L129085,Santa Ana NWR (LTC 059),26.0813003,-98.1351399,2025-11-19,07:24 AM,eBird - Traveling Count,200,1,2.414,,9
S309580927,Ring-necked Duck,Aythya collaris,673,10,US-WA,King,L280267,Foster Island & Marsh Island,47.646592,-122.2909732,2026-03-15,10:53 AM,eBird - Traveling Count,96,1,1.041,,1
S278673753,Ring-necked Duck,Aythya collaris,673,X,US-WA,King,L232479,Juanita Bay Park,47.6981686,-122.2101878,2025-10-11,08:44 AM,eBird - Traveling Count,160,1,1.308,,1
S291712899,Ring-necked Duck,Aythya collaris,673,X,US-WA,King,L232479,Juanita Bay Park,47.6981686,-122.2101878,2026-01-01,10:37 AM,eBird - Traveling Count,158,1,1.357,,1
S297296203,Ring-necked Duck,Aythya collaris,673,3,US-WA,King,L269461,Magnuson Park,47.6815336,-122.2505453,2026-01-31,11:00 AM,eBird - Traveling Count,99,1,1.046,,1
S301500561,Ring-necked Duck,Aythya collaris,673,3,US-WA,King,L269461,Magnuson Park,47.6815336,-122.2505453,2026-02-16,10:02 AM,eBird - Traveling Count,133,1,2.13,,1
S162051939,Ring-necked Duck,Aythya collaris,673,X,US-WA,King,L472642,Meadowbrook Pond,47.7058052,-122.2889256,2024-02-18,08:20 AM,eBird - Stationary Count,30,0,,,1
S203904796,Ring-necked Duck,Aythya collaris,673,X,US-WA,King,L472642,Meadowbrook Pond,47.7058052,-122.2889256,2024-11-28,01:20 PM,eBird - Traveling Count,31,1,.283,,1
S160044564,Ring-necked Duck,Aythya collaris,673,1,US-WA,King,L162766,Union Bay Natural Area/Montlake Fill,47.65424,-122.29137,2024-01-28,09:15 AM,eBird - Traveling Count,130,0,7.001,,1
S295024890,Ring-necked Duck,Aythya collaris,673,2,US-WA,King,L162766,Union Bay Natural Area/Montlake Fill,47.65424,-122.29137,2026-01-18,08:05 AM,eBird - Traveling Count,287,1,2.302,,1
S298942557,Ring-necked Duck,Aythya collaris,673,6,US-WA,King,L162766,Union Bay Natural Area/Montlake Fill,47.65424,-122.29137,2026-02-08,07:30 AM,eBird - Traveling Count,133,1,3.101,,1,,,,650546208 650546209
S305068426,Ring-necked Duck,Aythya collaris,673,3,US-WA,King,L162766,Union Bay Natural Area/Montlake Fill,47.65424,-122.29137,2026-03-01,06:45 AM,eBird - Traveling Count,215,1,3.562,,1
S307285086,Ring-necked Duck,Aythya collaris,673,7,US-WA,King,L162766,Union Bay Natural Area/Montlake Fill,47.65424,-122.29137,2026-03-08,07:52 AM,eBird - Traveling Count,130,1,3.898,,1,,,,652394606
S317515997,Ring-necked Duck,Aythya collaris,673,8,US-WA,King,L162766,Union Bay Natural Area/Montlake Fill,47.65424,-122.29137,2026-04-05,10:27 AM,eBird - Traveling Count,191,1,2.366,,1
S320771289,Ring-necked Duck,Aythya collaris,673,2,US-WA,King,L162766,Union Bay Natural Area/Montlake Fill,47.65424,-122.29137,2026-04-12,07:20 AM,eBird - Traveling Count,190,1,3.623,,1
S326594442,Ring-necked Duck,Aythya collaris,673,2,US-WA,King,L162766,Union Bay Natural Area/Montlake Fill,47.65424,-122.29137,2026-04-24,06:55 AM,eBird - Traveling Count,222,1,2.992,,1
S342868105,Ring-necked Duck,Aythya collaris,673,1,US-WA,King,L162766,Union Bay Natural Area/Montlake Fill,47.65424,-122.29137,2026-05-20,06:19 AM,eBird - Traveling Count,134,1,3.112,,1
S170170610,Ring-necked Duck,Aythya collaris,673,X,US-WA,San Juan,L9267425,"Cascade Lake--south end campsites, Orcas Island",48.6458967,-122.8474903,2024-04-13,,Historical,,1
S319751834,Ring-necked Duck,Aythya collaris,673,5,US-WA,Skagit,L476174,Skagit Wildlife Area--Wiley Slough,48.3246351,-122.3741287,2026-04-10,09:30 AM,eBird - Traveling Count,229,1,2.012,,3
S304355760,Ring-necked Duck,Aythya collaris,673,100,US-WA,Snohomish,L343338,Everett Sewage Lagoons,47.9988889,-122.17,2026-02-27,08:39 AM,eBird - Traveling Count,230,1,4.811,,1
S304371242,Ring-necked Duck,Aythya collaris,673,3,US-WA,Snohomish,L1052763,Lowell Riverfront Trail,47.9560191,-122.1890402,2026-02-27,01:10 PM,eBird - Traveling Count,26,1,.58,,1
S291455322,Ring-necked Duck,Aythya collaris,673,X,US-WA,Thurston,L282253,Billy Frank Jr. Nisqually NWR,47.0812514,-122.7180576,2025-12-31,08:11 AM,eBird - Traveling Count,256,1,3.231,,1
S332089254,Ring-necked Duck,Aythya collaris,673,1,US-WA,Thurston,L282253,Billy Frank Jr. Nisqually NWR,47.0812514,-122.7180576,2026-05-03,10:49 AM,eBird - Traveling Count,191,1,4.362,,1
S159174918,Ring-necked Duck,Aythya collaris,673,X,US-AZ,,L108915,Arizona,34.16973,-111.93299,2024-01-12,,Historical,,1,,,,,,,613666213
S159176051,New Zealand Scaup,Aythya novaeseelandiae,693,X,NZ-AUK,Auckland City,L15034121,Arch Hill Scenic Reserve,-36.8682519,174.7413516,2023-08-15,,Historical,,1
S297296203,Greater Scaup,Aythya marila,694,10,US-WA,King,L269461,Magnuson Park,47.6815336,-122.2505453,2026-01-31,11:00 AM,eBird - Traveling Count,99,1,1.046,,1
S301500561,Greater Scaup,Aythya marila,694,15,US-WA,King,L269461,Magnuson Park,47.6815336,-122.2505453,2026-02-16,10:02 AM,eBird - Traveling Count,133,1,2.13,,1
S323750410,Lesser Scaup,Aythya affinis,700,1,US-WA,Clallam,L793855,Elwha River Mouth,48.1447892,-123.5671808,2026-04-18,11:32 AM,eBird - Traveling Count,130,1,.681,,1
S311113230,Lesser Scaup,Aythya affinis,700,20,US-WA,Grant,L1678863,Potholes Reservoir--south half,46.991357,-119.3181243,2026-03-20,10:58 AM,eBird - Traveling Count,156,1,20.014,,1
S330540594,Lesser Scaup,Aythya affinis,700,10,US-WA,Grays Harbor,L43806903,Ocean Shores STP,46.931967,-124.1580575,2026-05-01,10:45 AM,eBird - Traveling Count,31,1,.413,,1
S285225846,Lesser Scaup,Aythya affinis,700,7,US-TX,Hidalgo,L246727,Anzalduas Park (LTC 068),26.1384105,-98.3327866,2025-11-18,11:32 AM,eBird - Traveling Count,65,1,1.609,,9
S307461833,Lesser Scaup,Aythya affinis,700,5,US-WA,King,L128530,Discovery Park,47.663868,-122.4215317,2026-03-08,03:06 PM,eBird - Traveling Count,152,1,4.489,,1
S292860922,Lesser Scaup,Aythya affinis,700,X,US-WA,King,L2692026,Fremont Canal Park,47.6514476,-122.3570377,2026-01-06,03:34 PM,eBird - Stationary Count,15,1,,,1
S296590988,Lesser Scaup,Aythya affinis,700,30,US-WA,King,L2692026,Fremont Canal Park,47.6514476,-122.3570377,2026-01-27,11:39 AM,eBird - Stationary Count,180,1,,,1
S297959820,Lesser Scaup,Aythya affinis,700,60,US-WA,King,L2692026,Fremont Canal Park,47.6514476,-122.3570377,2026-02-03,04:21 PM,eBird - Traveling Count,10,1,.434,,1
S298134651,Lesser Scaup,Aythya affinis,700,60,US-WA,King,L2692026,Fremont Canal Park,47.6514476,-122.3570377,2026-02-04,08:30 AM,eBird - Stationary Count,240,1,,,1
S303320950,Lesser Scaup,Aythya affinis,700,35,US-WA,King,L2692026,Fremont Canal Park,47.6514476,-122.3570377,2026-02-23,11:02 AM,eBird - Stationary Count,30,1,,,1
S297296203,Lesser Scaup,Aythya affinis,700,30,US-WA,King,L269461,Magnuson Park,47.6815336,-122.2505453,2026-01-31,11:00 AM,eBird - Traveling Count,99,1,1.046,,1
S162051939,Lesser Scaup,Aythya affinis,700,X,US-WA,King,L472642,Meadowbrook Pond,47.7058052,-122.2889256,2024-02-18,08:20 AM,eBird - Stationary Count,30,0,,,1
S295024890,Lesser Scaup,Aythya affinis,700,3,US-WA,King,L162766,Union Bay Natural Area/Montlake Fill,47.65424,-122.29137,2026-01-18,08:05 AM,eBird - Traveling Count,287,1,2.302,,1,,,,649185846
S305068426,Lesser Scaup,Aythya affinis,700,2,US-WA,King,L162766,Union Bay Natural Area/Montlake Fill,47.65424,-122.29137,2026-03-01,06:45 AM,eBird - Traveling Count,215,1,3.562,,1
S317515997,Lesser Scaup,Aythya affinis,700,2,US-WA,King,L162766,Union Bay Natural Area/Montlake Fill,47.65424,-122.29137,2026-04-05,10:27 AM,eBird - Traveling Count,191,1,2.366,,1
S310774319,Lesser Scaup,Aythya affinis,700,2,US-WA,Kittitas,L461167,Wanapum SP,46.9005541,-119.9892426,2026-03-19,02:47 PM,eBird - Traveling Count,26,1,1.33,,1
S327106784,Lesser Scaup,Aythya affinis,700,20,US-WA,Snohomish,L9377619,"12th St NE, Everett",48.0077981,-122.1706841,2026-04-25,07:24 AM,eBird - Traveling Count,22,1,.324,,1
S304355760,Lesser Scaup,Aythya affinis,700,500,US-WA,Snohomish,L343338,Everett Sewage Lagoons,47.9988889,-122.17,2026-02-27,08:39 AM,eBird - Traveling Count,230,1,4.811,,1
S327075826,Lesser Scaup,Aythya affinis,700,100,US-WA,Snohomish,L343338,Everett Sewage Lagoons,47.9988889,-122.17,2026-04-25,06:23 AM,eBird - Traveling Count,47,1,.919,,1
S330412083,Greater/Lesser Scaup,Aythya marila/affinis,708,20,US-WA,Grays Harbor,L264861,Hoquiam STP,46.9732093,-123.9165354,2026-05-01,07:22 AM,eBird - Traveling Count,35,1,.098,,1
S309580927,Greater/Lesser Scaup,Aythya marila/affinis,708,20,US-WA,King,L280267,Foster Island & Marsh Island,47.646592,-122.2909732,2026-03-15,10:53 AM,eBird - Traveling Count,96,1,1.041,,1
S164380841,Greater/Lesser Scaup,Aythya marila/affinis,708,X,US-WA,Skagit,L1369427,Fir Island -- Browns Slough Road,48.35381,-122.42297,2024-03-10,09:00 AM,eBird - Traveling Count,180,0,1.609,,6
S323667024,Harlequin Duck,Histrionicus histrionicus,727,3,US-WA,Clallam,L190512,Ediz Hook,48.14035,-123.44711,2026-04-18,08:22 AM,eBird - Traveling Count,154,1,4.076,,1
S323750410,Harlequin Duck,Histrionicus histrionicus,727,2,US-WA,Clallam,L793855,Elwha River Mouth,48.1447892,-123.5671808,2026-04-18,11:32 AM,eBird - Traveling Count,130,1,.681,,1
S323075329,Harlequin Duck,Histrionicus histrionicus,727,6,US-WA,Clallam,L894831,Freshwater Bay,48.1461024,-123.6414242,2026-04-17,09:39 AM,eBird - Traveling Count,130,1,5.296,,1
S323789056,Harlequin Duck,Histrionicus histrionicus,727,6,US-WA,Clallam,L894831,Freshwater Bay,48.1461024,-123.6414242,2026-04-18,02:00 PM,eBird - Traveling Count,75,1,.617,,1
S323830718,Harlequin Duck,Histrionicus histrionicus,727,8,US-WA,Clallam,L234894,Salt Creek County Park,48.1631912,-123.6972883,2026-04-18,03:36 PM,eBird - Traveling Count,91,1,1.638,,1
S354810704,Harlequin Duck,Histrionicus histrionicus,727,X,US-WA,Island,L7706326,Smith Island,48.318233,-122.8410187,2026-05-30,04:00 PM,eBird - Traveling Count,60,1,8.047,,40,,,Puget Sound Express Puffin Tour
S174147151,Harlequin Duck,Histrionicus histrionicus,727,X,US-WA,Jefferson,L249781,Fort Flagler SP,48.0960511,-122.7139785,2024-05-11,12:00 AM,Historical,,1,,,1
S230488049,Harlequin Duck,Histrionicus histrionicus,727,X,US-WA,Jefferson,L292851,Fort Worden SP,48.1408906,-122.7680969,2025-04-27,,Historical,,1
S302817888,Harlequin Duck,Histrionicus histrionicus,727,1,US-WA,King,L298030,Carkeek Park,47.7126411,-122.377647,2026-02-21,10:55 AM,eBird - Traveling Count,122,1,.648,,1
S322716667,Surf Scoter,Melanitta perspicillata,728,7,US-WA,Clallam,L29690471,Dungeness NWR,48.1463111,-123.1865094,2026-04-16,04:51 PM,eBird - Traveling Count,23,1,1.089,,1
S323667024,Surf Scoter,Melanitta perspicillata,728,3,US-WA,Clallam,L190512,Ediz Hook,48.14035,-123.44711,2026-04-18,08:22 AM,eBird - Traveling Count,154,1,4.076,,1
S323750410,Surf Scoter,Melanitta perspicillata,728,4,US-WA,Clallam,L793855,Elwha River Mouth,48.1447892,-123.5671808,2026-04-18,11:32 AM,eBird - Traveling Count,130,1,.681,,1
S323075329,Surf Scoter,Melanitta perspicillata,728,4,US-WA,Clallam,L894831,Freshwater Bay,48.1461024,-123.6414242,2026-04-17,09:39 AM,eBird - Traveling Count,130,1,5.296,,1
S323789056,Surf Scoter,Melanitta perspicillata,728,20,US-WA,Clallam,L894831,Freshwater Bay,48.1461024,-123.6414242,2026-04-18,02:00 PM,eBird - Traveling Count,75,1,.617,,1
S323179015,Surf Scoter,Melanitta perspicillata,728,2,US-WA,Clallam,L284497,John Wayne Marina,48.0623184,-123.0416377,2026-04-17,02:38 PM,eBird - Traveling Count,99,1,.876,,1
S323830718,Surf Scoter,Melanitta perspicillata,728,3,US-WA,Clallam,L234894,Salt Creek County Park,48.1631912,-123.6972883,2026-04-18,03:36 PM,eBird - Traveling Count,91,1,1.638,,1
S324402551,Surf Scoter,Melanitta perspicillata,728,10,US-WA,Clallam,L265438,Three Crabs,48.151945,-123.1222855,2026-04-19,02:15 PM,eBird - Traveling Count,74,1,.389,,1
S354810704,Surf Scoter,Melanitta perspicillata,728,X,US-WA,Island,L7706326,Smith Island,48.318233,-122.8410187,2026-05-30,04:00 PM,eBird - Traveling Count,60,1,8.047,,40,,,Puget Sound Express Puffin Tour
S174147151,Surf Scoter,Melanitta perspicillata,728,X,US-WA,Jefferson,L249781,Fort Flagler SP,48.0960511,-122.7139785,2024-05-11,12:00 AM,Historical,,1,,,1
S170824503,Surf Scoter,Melanitta perspicillata,728,X,US-WA,King,L298030,Carkeek Park,47.7126411,-122.377647,2024-04-28,09:45 AM,eBird - Traveling Count,120,1,4.828,,2
S286410137,Surf Scoter,Melanitta perspicillata,728,X,US-WA,King,L298030,Carkeek Park,47.7126411,-122.377647,2025-11-27,02:04 PM,eBird - Traveling Count,45,1,1.36,,1
S292226633,Surf Scoter,Melanitta perspicillata,728,X,US-WA,King,L298030,Carkeek Park,47.7126411,-122.377647,2026-01-03,01:35 PM,eBird - Traveling Count,42,1,.47,,1
S294267769,Surf Scoter,Melanitta perspicillata,728,X,US-WA,King,L298030,Carkeek Park,47.7126411,-122.377647,2026-01-14,02:40 PM,eBird - Traveling Count,106,1,.524,,1
S298149849,Surf Scoter,Melanitta perspicillata,728,5,US-WA,King,L298030,Carkeek Park,47.7126411,-122.377647,2026-02-04,03:59 PM,eBird - Traveling Count,47,1,.305,,1
S299853433,Surf Scoter,Melanitta perspicillata,728,2,US-WA,King,L298030,Carkeek Park,47.7126411,-122.377647,2026-02-12,03:26 PM,eBird - Traveling Count,60,1,.608,,1,,,,650788459
S309235427,Surf Scoter,Melanitta perspicillata,728,6,US-WA,King,L298030,Carkeek Park,47.7126411,-122.377647,2026-03-14,01:56 PM,eBird - Traveling Count,69,1,.697,,1
S327898050,Surf Scoter,Melanitta perspicillata,728,20,US-WA,King,L298030,Carkeek Park,47.7126411,-122.377647,2026-04-26,08:39 AM,eBird - Traveling Count,29,1,.224,,1
S335596208,Surf Scoter,Melanitta perspicillata,728,7,US-WA,King,L298030,Carkeek Park,47.7126411,-122.377647,2026-05-09,09:08 AM,eBird - Traveling Count,114,1,.82,,1
S307461833,Surf Scoter,Melanitta perspicillata,728,4,US-WA,King,L128530,Discovery Park,47.663868,-122.4215317,2026-03-08,03:06 PM,eBird - Traveling Count,152,1,4.489,,1
S328030718,Surf Scoter,Melanitta perspicillata,728,10,US-WA,King,L1924233,Discovery Park--South Meadow,47.655213,-122.4141312,2026-04-26,10:00 AM,eBird - Traveling Count,112,1,1.914,,15
S293545903,Surf Scoter,Melanitta perspicillata,728,X,US-WA,Snohomish,L374382,Edmonds Waterfront,47.8119268,-122.3854144,2026-01-10,12:05 PM,eBird - Traveling Count,89,1,.914,,1
S297588705,Surf Scoter,Melanitta perspicillata,728,3,US-WA,Snohomish,L374382,Edmonds Waterfront,47.8119268,-122.3854144,2026-02-01,12:36 PM,eBird - Traveling Count,124,1,1.416,,1
S291455322,Surf Scoter,Melanitta perspicillata,728,X,US-WA,Thurston,L282253,Billy Frank Jr. Nisqually NWR,47.0812514,-122.7180576,2025-12-31,08:11 AM,eBird - Traveling Count,256,1,3.231,,1,,,,648016574
S323075329,White-winged Scoter,Melanitta deglandi,730,1,US-WA,Clallam,L894831,Freshwater Bay,48.1461024,-123.6414242,2026-04-17,09:39 AM,eBird - Traveling Count,130,1,5.296,,1
S323789056,White-winged Scoter,Melanitta deglandi,730,6,US-WA,Clallam,L894831,Freshwater Bay,48.1461024,-123.6414242,2026-04-18,02:00 PM,eBird - Traveling Count,75,1,.617,,1
S323134294,White-winged Scoter,Melanitta deglandi,730,6,US-WA,Clallam,L6125771,Jamestown S'Klallam Tribe Center,48.0252673,-122.9962617,2026-04-17,01:14 PM,eBird - Traveling Count,73,1,1.266,,1
S295072515,Black Scoter,Melanitta americana,737,2,US-WA,King,L298030,Carkeek Park,47.7126411,-122.377647,2026-01-18,04:16 PM,eBird - Traveling Count,47,1,.351,,1
S323667024,Long-tailed Duck,Clangula hyemalis,741,4,US-WA,Clallam,L190512,Ediz Hook,48.14035,-123.44711,2026-04-18,08:22 AM,eBird - Traveling Count,154,1,4.076,,1,,,,655400533
S311556119,Bufflehead,Bucephala albeola,742,2,US-WA,Adams,L455722,Para/McCain's Ponds,46.8574296,-119.1854596,2026-03-21,10:39 AM,eBird - Traveling Count,30,1,.301,,1
S285814615,Bufflehead,Bucephala albeola,742,X,US-CA,Alameda,L2377313,McLaughlin Eastshore SP--Albany access,37.890326,-122.314765,2025-11-23,08:40 AM,eBird - Traveling Count,86,1,2.87,,1
S324366340,Bufflehead,Bucephala albeola,742,8,US-WA,Clallam,L828590,Dungeness Landing Park/Oyster House,48.1514639,-123.143456,2026-04-19,12:52 PM,eBird - Stationary Count,65,1,,,1
S322716667,Bufflehead,Bucephala albeola,742,5,US-WA,Clallam,L29690471,Dungeness NWR,48.1463111,-123.1865094,2026-04-16,04:51 PM,eBird - Traveling Count,23,1,1.089,,1
S323667024,Bufflehead,Bucephala albeola,742,20,US-WA,Clallam,L190512,Ediz Hook,48.14035,-123.44711,2026-04-18,08:22 AM,eBird - Traveling Count,154,1,4.076,,1
S323750410,Bufflehead,Bucephala albeola,742,1,US-WA,Clallam,L793855,Elwha River Mouth,48.1447892,-123.5671808,2026-04-18,11:32 AM,eBird - Traveling Count,130,1,.681,,1
S323075329,Bufflehead,Bucephala albeola,742,6,US-WA,Clallam,L894831,Freshwater Bay,48.1461024,-123.6414242,2026-04-17,09:39 AM,eBird - Traveling Count,130,1,5.296,,1
S323789056,Bufflehead,Bucephala albeola,742,10,US-WA,Clallam,L894831,Freshwater Bay,48.1461024,-123.6414242,2026-04-18,02:00 PM,eBird - Traveling Count,75,1,.617,,1
S323179015,Bufflehead,Bucephala albeola,742,10,US-WA,Clallam,L284497,John Wayne Marina,48.0623184,-123.0416377,2026-04-17,02:38 PM,eBird - Traveling Count,99,1,.876,,1
S311113230,Bufflehead,Bucephala albeola,742,8,US-WA,Grant,L1678863,Potholes Reservoir--south half,46.991357,-119.3181243,2026-03-20,10:58 AM,eBird - Traveling Count,156,1,20.014,,1
S330540594,Bufflehead,Bucephala albeola,742,X,US-WA,Grays Harbor,L43806903,Ocean Shores STP,46.931967,-124.1580575,2026-05-01,10:45 AM,eBird - Traveling Count,31,1,.413,,1
S286410137,Bufflehead,Bucephala albeola,742,X,US-WA,King,L298030,Carkeek Park,47.7126411,-122.377647,2025-11-27,02:04 PM,eBird - Traveling Count,45,1,1.36,,1
S295567981,Bufflehead,Bucephala albeola,742,2,US-WA,King,L298030,Carkeek Park,47.7126411,-122.377647,2026-01-21,03:54 PM,eBird - Traveling Count,33,1,.583,,1
S298149849,Bufflehead,Bucephala albeola,742,1,US-WA,King,L298030,Carkeek Park,47.7126411,-122.377647,2026-02-04,03:59 PM,eBird - Traveling Count,47,1,.305,,1
S309235427,Bufflehead,Bucephala albeola,742,2,US-WA,King,L298030,Carkeek Park,47.7126411,-122.377647,2026-03-14,01:56 PM,eBird - Traveling Count,69,1,.697,,1
S294797995,Bufflehead,Bucephala albeola,742,X,US-WA,King,L128530,Discovery Park,47.663868,-122.4215317,2026-01-17,11:29 AM,eBird - Traveling Count,165,1,5.954,,1
S307461833,Bufflehead,Bucephala albeola,742,2,US-WA,King,L128530,Discovery Park,47.663868,-122.4215317,2026-03-08,03:06 PM,eBird - Traveling Count,152,1,4.489,,1
S328030718,Bufflehead,Bucephala albeola,742,6,US-WA,King,L1924233,Discovery Park--South Meadow,47.655213,-122.4141312,2026-04-26,10:00 AM,eBird - Traveling Count,112,1,1.914,,15
S309580927,Bufflehead,Bucephala albeola,742,15,US-WA,King,L280267,Foster Island & Marsh Island,47.646592,-122.2909732,2026-03-15,10:53 AM,eBird - Traveling Count,96,1,1.041,,1
S294568450,Bufflehead,Bucephala albeola,742,X,US-WA,King,L285366,Golden Gardens Park,47.6928546,-122.4054806,2026-01-16,02:43 PM,eBird - Traveling Count,34,1,1.256,,1
S297342812,Bufflehead,Bucephala albeola,742,1,US-WA,King,L163354,Green Lake,47.6783945,-122.3382464,2026-01-31,04:04 PM,eBird - Traveling Count,53,1,4.21,,1
S305332784,Bufflehead,Bucephala albeola,742,2,US-WA,King,L163354,Green Lake,47.6783945,-122.3382464,2026-03-02,06:43 AM,eBird - Traveling Count,67,1,1.847,,1
S308650663,Bufflehead,Bucephala albeola,742,10,US-WA,King,L163354,Green Lake,47.6783945,-122.3382464,2026-03-12,06:43 PM,eBird - Traveling Count,36,1,4.652,,1
S292421718,Bufflehead,Bucephala albeola,742,X,US-WA,King,L208659,Hiram M. Chittenden Ballard Locks,47.6653579,-122.3974647,2026-01-04,09:39 AM,eBird - Traveling Count,35,1,1.144,,1
S291712899,Bufflehead,Bucephala albeola,742,X,US-WA,King,L232479,Juanita Bay Park,47.6981686,-122.2101878,2026-01-01,10:37 AM,eBird - Traveling Count,158,1,1.357,,1
S296271926,Bufflehead,Bucephala albeola,742,1,US-WA,King,L232479,Juanita Bay Park,47.6981686,-122.2101878,2026-01-25,08:10 AM,eBird - Traveling Count,222,1,1.699,,1,,,,649619891
S306300352,Bufflehead,Bucephala albeola,742,10,US-WA,King,L232479,Juanita Bay Park,47.6981686,-122.2101878,2026-03-05,02:46 PM,eBird - Traveling Count,61,1,1.635,,1
S297296203,Bufflehead,Bucephala albeola,742,8,US-WA,King,L269461,Magnuson Park,47.6815336,-122.2505453,2026-01-31,11:00 AM,eBird - Traveling Count,99,1,1.046,,1
S301500561,Bufflehead,Bucephala albeola,742,6,US-WA,King,L269461,Magnuson Park,47.6815336,-122.2505453,2026-02-16,10:02 AM,eBird - Traveling Count,133,1,2.13,,1
S303069344,Bufflehead,Bucephala albeola,742,12,US-WA,King,L351484,Marymoor Park,47.6612642,-122.1184109,2026-02-22,06:42 AM,eBird - Traveling Count,176,1,4.108,,1
S162051939,Bufflehead,Bucephala albeola,742,X,US-WA,King,L472642,Meadowbrook Pond,47.7058052,-122.2889256,2024-02-18,08:20 AM,eBird - Stationary Count,30,0,,,1
S203904796,Bufflehead,Bucephala albeola,742,X,US-WA,King,L472642,Meadowbrook Pond,47.7058052,-122.2889256,2024-11-28,01:20 PM,eBird - Traveling Count,31,1,.283,,1
S160044564,Bufflehead,Bucephala albeola,742,1,US-WA,King,L162766,Union Bay Natural Area/Montlake Fill,47.65424,-122.29137,2024-01-28,09:15 AM,eBird - Traveling Count,130,0,7.001,,1
S286517370,Bufflehead,Bucephala albeola,742,X,US-WA,King,L162766,Union Bay Natural Area/Montlake Fill,47.65424,-122.29137,2025-11-28,09:23 AM,eBird - Traveling Count,132,1,2.605,,1
S295024890,Bufflehead,Bucephala albeola,742,6,US-WA,King,L162766,Union Bay Natural Area/Montlake Fill,47.65424,-122.29137,2026-01-18,08:05 AM,eBird - Traveling Count,287,1,2.302,,1,,,,649185855
S298942557,Bufflehead,Bucephala albeola,742,8,US-WA,King,L162766,Union Bay Natural Area/Montlake Fill,47.65424,-122.29137,2026-02-08,07:30 AM,eBird - Traveling Count,133,1,3.101,,1
S305068426,Bufflehead,Bucephala albeola,742,3,US-WA,King,L162766,Union Bay Natural Area/Montlake Fill,47.65424,-122.29137,2026-03-01,06:45 AM,eBird - Traveling Count,215,1,3.562,,1
S307285086,Bufflehead,Bucephala albeola,742,4,US-WA,King,L162766,Union Bay Natural Area/Montlake Fill,47.65424,-122.29137,2026-03-08,07:52 AM,eBird - Traveling Count,130,1,3.898,,1
S309534495,Bufflehead,Bucephala albeola,742,2,US-WA,King,L162766,Union Bay Natural Area/Montlake Fill,47.65424,-122.29137,2026-03-15,08:45 AM,eBird - Traveling Count,93,1,2.076,,1
S317515997,Bufflehead,Bucephala albeola,742,5,US-WA,King,L162766,Union Bay Natural Area/Montlake Fill,47.65424,-122.29137,2026-04-05,10:27 AM,eBird - Traveling Count,191,1,2.366,,1
S320771289,Bufflehead,Bucephala albeola,742,7,US-WA,King,L162766,Union Bay Natural Area/Montlake Fill,47.65424,-122.29137,2026-04-12,07:20 AM,eBird - Traveling Count,190,1,3.623,,1
S170170610,Bufflehead,Bucephala albeola,742,X,US-WA,San Juan,L9267425,"Cascade Lake--south end campsites, Orcas Island",48.6458967,-122.8474903,2024-04-13,,Historical,,1
S295194600,Bufflehead,Bucephala albeola,742,6,US-WA,Skagit,L480306,Bay View State Park,48.4881122,-122.4809933,2026-01-19,09:31 AM,eBird - Traveling Count,34,1,.25,,1
S164380841,Bufflehead,Bucephala albeola,742,X,US-WA,Skagit,L1369427,Fir Island -- Browns Slough Road,48.35381,-122.42297,2024-03-10,09:00 AM,eBird - Traveling Count,180,0,1.609,,6
S295226157,Bufflehead,Bucephala albeola,742,1,US-WA,Skagit,L476174,Skagit Wildlife Area--Wiley Slough,48.3246351,-122.3741287,2026-01-19,11:25 AM,eBird - Traveling Count,72,1,.891,,1
S319751834,Bufflehead,Bucephala albeola,742,3,US-WA,Skagit,L476174,Skagit Wildlife Area--Wiley Slough,48.3246351,-122.3741287,2026-04-10,09:30 AM,eBird - Traveling Count,229,1,2.012,,3
S327106784,Bufflehead,Bucephala albeola,742,2,US-WA,Snohomish,L9377619,"12th St NE, Everett",48.0077981,-122.1706841,2026-04-25,07:24 AM,eBird - Traveling Count,22,1,.324,,1
S293525790,Bufflehead,Bucephala albeola,742,X,US-WA,Snohomish,L374380,Edmonds Marsh,47.8085287,-122.3864508,2026-01-10,11:07 AM,eBird - Traveling Count,48,1,.092,,1
S293545903,Bufflehead,Bucephala albeola,742,X,US-WA,Snohomish,L374382,Edmonds Waterfront,47.8119268,-122.3854144,2026-01-10,12:05 PM,eBird - Traveling Count,89,1,.914,,1
S297588705,Bufflehead,Bucephala albeola,742,5,US-WA,Snohomish,L374382,Edmonds Waterfront,47.8119268,-122.3854144,2026-02-01,12:36 PM,eBird - Traveling Count,124,1,1.416,,1
S304355760,Bufflehead,Bucephala albeola,742,5,US-WA,Snohomish,L343338,Everett Sewage Lagoons,47.9988889,-122.17,2026-02-27,08:39 AM,eBird - Traveling Count,230,1,4.811,,1
S327075826,Bufflehead,Bucephala albeola,742,20,US-WA,Snohomish,L343338,Everett Sewage Lagoons,47.9988889,-122.17,2026-04-25,06:23 AM,eBird - Traveling Count,47,1,.919,,1
S375605391,Bufflehead,Bucephala albeola,742,2,US-WA,Snohomish,L343249,Stanwood Water Treatment Plant,48.2377017,-122.3611822,2026-07-23,02:41 PM,eBird - Traveling Count,163,1,.511,,1
S291455322,Bufflehead,Bucephala albeola,742,X,US-WA,Thurston,L282253,Billy Frank Jr. Nisqually NWR,47.0812514,-122.7180576,2025-12-31,08:11 AM,eBird - Traveling Count,256,1,3.231,,1,,,,648016585
S332089254,Bufflehead,Bucephala albeola,742,10,US-WA,Thurston,L282253,Billy Frank Jr. Nisqually NWR,47.0812514,-122.7180576,2026-05-03,10:49 AM,eBird - Traveling Count,191,1,4.362,,1
S285814615,Common Goldeneye,Bucephala clangula,743,X,US-CA,Alameda,L2377313,McLaughlin Eastshore SP--Albany access,37.890326,-122.314765,2025-11-23,08:40 AM,eBird - Traveling Count,86,1,2.87,,1
S323179015,Common Goldeneye,Bucephala clangula,743,1,US-WA,Clallam,L284497,John Wayne Marina,48.0623184,-123.0416377,2026-04-17,02:38 PM,eBird - Traveling Count,99,1,.876,,1
S311613054,Common Goldeneye,Bucephala clangula,743,3,US-WA,Franklin,L1518478,Wahluke Wildlife Area-White Bluffs Viewpoint,46.6314315,-119.3975395,2026-03-21,12:43 PM,eBird - Traveling Count,46,1,2.26,,1
S286410137,Common Goldeneye,Bucephala clangula,743,X,US-WA,King,L298030,Carkeek Park,47.7126411,-122.377647,2025-11-27,02:04 PM,eBird - Traveling Count,45,1,1.36,,1
S292226633,Common Goldeneye,Bucephala clangula,743,X,US-WA,King,L298030,Carkeek Park,47.7126411,-122.377647,2026-01-03,01:35 PM,eBird - Traveling Count,42,1,.47,,1
S294267769,Common Goldeneye,Bucephala clangula,743,X,US-WA,King,L298030,Carkeek Park,47.7126411,-122.377647,2026-01-14,02:40 PM,eBird - Traveling Count,106,1,.524,,1
S295072515,Common Goldeneye,Bucephala clangula,743,2,US-WA,King,L298030,Carkeek Park,47.7126411,-122.377647,2026-01-18,04:16 PM,eBird - Traveling Count,47,1,.351,,1
S295567981,Common Goldeneye,Bucephala clangula,743,1,US-WA,King,L298030,Carkeek Park,47.7126411,-122.377647,2026-01-21,03:54 PM,eBird - Traveling Count,33,1,.583,,1
S298149849,Common Goldeneye,Bucephala clangula,743,1,US-WA,King,L298030,Carkeek Park,47.7126411,-122.377647,2026-02-04,03:59 PM,eBird - Traveling Count,47,1,.305,,1
S299853433,Common Goldeneye,Bucephala clangula,743,3,US-WA,King,L298030,Carkeek Park,47.7126411,-122.377647,2026-02-12,03:26 PM,eBird - Traveling Count,60,1,.608,,1
S302817888,Common Goldeneye,Bucephala clangula,743,6,US-WA,King,L298030,Carkeek Park,47.7126411,-122.377647,2026-02-21,10:55 AM,eBird - Traveling Count,122,1,.648,,1
S335596208,Common Goldeneye,Bucephala clangula,743,2,US-WA,King,L298030,Carkeek Park,47.7126411,-122.377647,2026-05-09,09:08 AM,eBird - Traveling Count,114,1,.82,,1
S307461833,Common Goldeneye,Bucephala clangula,743,10,US-WA,King,L128530,Discovery Park,47.663868,-122.4215317,2026-03-08,03:06 PM,eBird - Traveling Count,152,1,4.489,,1
S305332784,Common Goldeneye,Bucephala clangula,743,1,US-WA,King,L163354,Green Lake,47.6783945,-122.3382464,2026-03-02,06:43 AM,eBird - Traveling Count,67,1,1.847,,1
S292421718,Common Goldeneye,Bucephala clangula,743,X,US-WA,King,L208659,Hiram M. Chittenden Ballard Locks,47.6653579,-122.3974647,2026-01-04,09:39 AM,eBird - Traveling Count,35,1,1.144,,1
S305183920,Common Goldeneye,Bucephala clangula,743,6,US-WA,King,L208659,Hiram M. Chittenden Ballard Locks,47.6653579,-122.3974647,2026-03-01,04:24 PM,eBird - Traveling Count,40,1,1.265,,1
S296271926,Common Goldeneye,Bucephala clangula,743,2,US-WA,King,L232479,Juanita Bay Park,47.6981686,-122.2101878,2026-01-25,08:10 AM,eBird - Traveling Count,222,1,1.699,,1
S297296203,Common Goldeneye,Bucephala clangula,743,2,US-WA,King,L269461,Magnuson Park,47.6815336,-122.2505453,2026-01-31,11:00 AM,eBird - Traveling Count,99,1,1.046,,1
S295194600,Common Goldeneye,Bucephala clangula,743,1,US-WA,Skagit,L480306,Bay View State Park,48.4881122,-122.4809933,2026-01-19,09:31 AM,eBird - Traveling Count,34,1,.25,,1
S319626376,Common Goldeneye,Bucephala clangula,743,1,US-WA,Snohomish,L20643235,Edmonds Public Fishing Pier,47.8110241,-122.3899493,2026-04-10,07:54 AM,eBird - Traveling Count,31,1,.49,,1
S297588705,Common Goldeneye,Bucephala clangula,743,1,US-WA,Snohomish,L374382,Edmonds Waterfront,47.8119268,-122.3854144,2026-02-01,12:36 PM,eBird - Traveling Count,124,1,1.416,,1
S291455322,Common Goldeneye,Bucephala clangula,743,X,US-WA,Thurston,L282253,Billy Frank Jr. Nisqually NWR,47.0812514,-122.7180576,2025-12-31,08:11 AM,eBird - Traveling Count,256,1,3.231,,1,,,,648016620
S159175389,Common Goldeneye,Bucephala clangula,743,X,CA-BC,,L108919,British Columbia,54.15248,-126.48695,2023-12-06,,Historical,,1
S170824503,Barrow's Goldeneye,Bucephala islandica,748,X,US-WA,King,L298030,Carkeek Park,47.7126411,-122.377647,2024-04-28,09:45 AM,eBird - Traveling Count,120,1,4.828,,2
S294267769,Barrow's Goldeneye,Bucephala islandica,748,X,US-WA,King,L298030,Carkeek Park,47.7126411,-122.377647,2026-01-14,02:40 PM,eBird - Traveling Count,106,1,.524,,1
S295072515,Barrow's Goldeneye,Bucephala islandica,748,4,US-WA,King,L298030,Carkeek Park,47.7126411,-122.377647,2026-01-18,04:16 PM,eBird - Traveling Count,47,1,.351,,1
S295567981,Barrow's Goldeneye,Bucephala islandica,748,3,US-WA,King,L298030,Carkeek Park,47.7126411,-122.377647,2026-01-21,03:54 PM,eBird - Traveling Count,33,1,.583,,1
S298149849,Barrow's Goldeneye,Bucephala islandica,748,6,US-WA,King,L298030,Carkeek Park,47.7126411,-122.377647,2026-02-04,03:59 PM,eBird - Traveling Count,47,1,.305,,1
S299853433,Barrow's Goldeneye,Bucephala islandica,748,6,US-WA,King,L298030,Carkeek Park,47.7126411,-122.377647,2026-02-12,03:26 PM,eBird - Traveling Count,60,1,.608,,1,,,,650788464
S302817888,Barrow's Goldeneye,Bucephala islandica,748,4,US-WA,King,L298030,Carkeek Park,47.7126411,-122.377647,2026-02-21,10:55 AM,eBird - Traveling Count,122,1,.648,,1
S309235427,Barrow's Goldeneye,Bucephala islandica,748,12,US-WA,King,L298030,Carkeek Park,47.7126411,-122.377647,2026-03-14,01:56 PM,eBird - Traveling Count,69,1,.697,,1
S324448943,Barrow's Goldeneye,Bucephala islandica,748,20,US-WA,Kitsap,L2492616,Kingston Ferry Terminal,47.7958271,-122.496078,2026-04-19,05:07 PM,eBird - Traveling Count,32,1,.956,,1,,,,655399956
S159175389,Barrow's Goldeneye,Bucephala islandica,748,X,CA-BC,,L108919,British Columbia,54.15248,-126.48695,2023-12-06,,Historical,,1
S323750410,Hooded Merganser,Lophodytes cucullatus,754,1,US-WA,Clallam,L793855,Elwha River Mouth,48.1447892,-123.5671808,2026-04-18,11:32 AM,eBird - Traveling Count,130,1,.681,,1
S323179015,Hooded Merganser,Lophodytes cucullatus,754,2,US-WA,Clallam,L284497,John Wayne Marina,48.0623184,-123.0416377,2026-04-17,02:38 PM,eBird - Traveling Count,99,1,.876,,1
S324402551,Hooded Merganser,Lophodytes cucullatus,754,1,US-WA,Clallam,L265438,Three Crabs,48.151945,-123.1222855,2026-04-19,02:15 PM,eBird - Traveling Count,74,1,.389,,1
S290526069,Hooded Merganser,Lophodytes cucullatus,754,X,US-VA,Fairfax,L5640834,Huntley Meadows Park--Cedar Trail Loop,38.7555851,-77.1024156,2025-12-27,08:42 AM,eBird - Traveling Count,80,1,1.967,,1
S309580927,Hooded Merganser,Lophodytes cucullatus,754,5,US-WA,King,L280267,Foster Island & Marsh Island,47.646592,-122.2909732,2026-03-15,10:53 AM,eBird - Traveling Count,96,1,1.041,,1
S291712899,Hooded Merganser,Lophodytes cucullatus,754,X,US-WA,King,L232479,Juanita Bay Park,47.6981686,-122.2101878,2026-01-01,10:37 AM,eBird - Traveling Count,158,1,1.357,,1
S306300352,Hooded Merganser,Lophodytes cucullatus,754,1,US-WA,King,L232479,Juanita Bay Park,47.6981686,-122.2101878,2026-03-05,02:46 PM,eBird - Traveling Count,61,1,1.635,,1
S162051939,Hooded Merganser,Lophodytes cucullatus,754,X,US-WA,King,L472642,Meadowbrook Pond,47.7058052,-122.2889256,2024-02-18,08:20 AM,eBird - Stationary Count,30,0,,,1
S291655613,Hooded Merganser,Lophodytes cucullatus,754,X,US-WA,King,L860816,Saint Edward SP,47.7329014,-122.2558057,2026-01-01,08:49 AM,eBird - Traveling Count,84,1,5.234,,1
S286517370,Hooded Merganser,Lophodytes cucullatus,754,X,US-WA,King,L162766,Union Bay Natural Area/Montlake Fill,47.65424,-122.29137,2025-11-28,09:23 AM,eBird - Traveling Count,132,1,2.605,,1
S295024890,Hooded Merganser,Lophodytes cucullatus,754,4,US-WA,King,L162766,Union Bay Natural Area/Montlake Fill,47.65424,-122.29137,2026-01-18,08:05 AM,eBird - Traveling Count,287,1,2.302,,1,,,,649185860
S298942557,Hooded Merganser,Lophodytes cucullatus,754,4,US-WA,King,L162766,Union Bay Natural Area/Montlake Fill,47.65424,-122.29137,2026-02-08,07:30 AM,eBird - Traveling Count,133,1,3.101,,1
S305068426,Hooded Merganser,Lophodytes cucullatus,754,5,US-WA,King,L162766,Union Bay Natural Area/Montlake Fill,47.65424,-122.29137,2026-03-01,06:45 AM,eBird - Traveling Count,215,1,3.562,,1,,,,651953512
S307285086,Hooded Merganser,Lophodytes cucullatus,754,2,US-WA,King,L162766,Union Bay Natural Area/Montlake Fill,47.65424,-122.29137,2026-03-08,07:52 AM,eBird - Traveling Count,130,1,3.898,,1
S309534495,Hooded Merganser,Lophodytes cucullatus,754,2,US-WA,King,L162766,Union Bay Natural Area/Montlake Fill,47.65424,-122.29137,2026-03-15,08:45 AM,eBird - Traveling Count,93,1,2.076,,1
S375605391,Hooded Merganser,Lophodytes cucullatus,754,2,US-WA,Snohomish,L343249,Stanwood Water Treatment Plant,48.2377017,-122.3611822,2026-07-23,02:41 PM,eBird - Traveling Count,163,1,.511,,1
S376877165,Hooded Merganser,Lophodytes cucullatus,754,1,US-WA,Snohomish,L343249,Stanwood Water Treatment Plant,48.2377017,-122.3611822,2026-07-26,07:23 PM,eBird - Traveling Count,88,1,.235,,1
S291455322,Hooded Merganser,Lophodytes cucullatus,754,X,US-WA,Thurston,L282253,Billy Frank Jr. Nisqually NWR,47.0812514,-122.7180576,2025-12-31,08:11 AM,eBird - Traveling Count,256,1,3.231,,1
S332089254,Hooded Merganser,Lophodytes cucullatus,754,3,US-WA,Thurston,L282253,Billy Frank Jr. Nisqually NWR,47.0812514,-122.7180576,2026-05-03,10:49 AM,eBird - Traveling Count,191,1,4.362,,1
S324301943,Common Merganser,Mergus merganser,762,1,US-WA,Clallam,L17270540,Dungeness River Dike Trail,48.1411863,-123.129295,2026-04-19,08:22 AM,eBird - Traveling Count,194,1,1.115,,1
S323667024,Common Merganser,Mergus merganser,762,1,US-WA,Clallam,L190512,Ediz Hook,48.14035,-123.44711,2026-04-18,08:22 AM,eBird - Traveling Count,154,1,4.076,,1
S323750410,Common Merganser,Mergus merganser,762,2,US-WA,Clallam,L793855,Elwha River Mouth,48.1447892,-123.5671808,2026-04-18,11:32 AM,eBird - Traveling Count,130,1,.681,,1
S323075329,Common Merganser,Mergus merganser,762,2,US-WA,Clallam,L894831,Freshwater Bay,48.1461024,-123.6414242,2026-04-17,09:39 AM,eBird - Traveling Count,130,1,5.296,,1
S323179015,Common Merganser,Mergus merganser,762,3,US-WA,Clallam,L284497,John Wayne Marina,48.0623184,-123.0416377,2026-04-17,02:38 PM,eBird - Traveling Count,99,1,.876,,1
S323830718,Common Merganser,Mergus merganser,762,3,US-WA,Clallam,L234894,Salt Creek County Park,48.1631912,-123.6972883,2026-04-18,03:36 PM,eBird - Traveling Count,91,1,1.638,,1
S324402551,Common Merganser,Mergus merganser,762,1,US-WA,Clallam,L265438,Three Crabs,48.151945,-123.1222855,2026-04-19,02:15 PM,eBird - Traveling Count,74,1,.389,,1
S295567981,Common Merganser,Mergus merganser,762,1,US-WA,King,L298030,Carkeek Park,47.7126411,-122.377647,2026-01-21,03:54 PM,eBird - Traveling Count,33,1,.583,,1
S309580927,Common Merganser,Mergus merganser,762,4,US-WA,King,L280267,Foster Island & Marsh Island,47.646592,-122.2909732,2026-03-15,10:53 AM,eBird - Traveling Count,96,1,1.041,,1
S380906489,Common Merganser,Mergus merganser,762,1,US-WA,King,L267071,Frager Rd. (north),47.418883,-122.2678757,2026-08-07,09:32 AM,eBird - Traveling Count,176,1,2.644,,1
S291993014,Common Merganser,Mergus merganser,762,X,US-WA,King,L2692026,Fremont Canal Park,47.6514476,-122.3570377,2026-01-02,03:40 PM,eBird - Stationary Count,240,1,,,1
S296590988,Common Merganser,Mergus merganser,762,5,US-WA,King,L2692026,Fremont Canal Park,47.6514476,-122.3570377,2026-01-27,11:39 AM,eBird - Stationary Count,180,1,,,1
S297959820,Common Merganser,Mergus merganser,762,3,US-WA,King,L2692026,Fremont Canal Park,47.6514476,-122.3570377,2026-02-03,04:21 PM,eBird - Traveling Count,10,1,.434,,1
S298134651,Common Merganser,Mergus merganser,762,4,US-WA,King,L2692026,Fremont Canal Park,47.6514476,-122.3570377,2026-02-04,08:30 AM,eBird - Stationary Count,240,1,,,1
S303320950,Common Merganser,Mergus merganser,762,2,US-WA,King,L2692026,Fremont Canal Park,47.6514476,-122.3570377,2026-02-23,11:02 AM,eBird - Stationary Count,30,1,,,1
S318059543,Common Merganser,Mergus merganser,762,1,US-WA,King,L2692026,Fremont Canal Park,47.6514476,-122.3570377,2026-04-06,07:30 AM,eBird - Stationary Count,7,1,,,1
S318992308,Common Merganser,Mergus merganser,762,1,US-WA,King,L2692026,Fremont Canal Park,47.6514476,-122.3570377,2026-04-08,08:44 AM,eBird - Traveling Count,15,1,.634,,1
S305332784,Common Merganser,Mergus merganser,762,1,US-WA,King,L163354,Green Lake,47.6783945,-122.3382464,2026-03-02,06:43 AM,eBird - Traveling Count,67,1,1.847,,1
S308650663,Common Merganser,Mergus merganser,762,10,US-WA,King,L163354,Green Lake,47.6783945,-122.3382464,2026-03-12,06:43 PM,eBird - Traveling Count,36,1,4.652,,1
S292421718,Common Merganser,Mergus merganser,762,X,US-WA,King,L208659,Hiram M. Chittenden Ballard Locks,47.6653579,-122.3974647,2026-01-04,09:39 AM,eBird - Traveling Count,35,1,1.144,,1
S305183920,Common Merganser,Mergus merganser,762,2,US-WA,King,L208659,Hiram M. Chittenden Ballard Locks,47.6653579,-122.3974647,2026-03-01,04:24 PM,eBird - Traveling Count,40,1,1.265,,1
S291712899,Common Merganser,Mergus merganser,762,X,US-WA,King,L232479,Juanita Bay Park,47.6981686,-122.2101878,2026-01-01,10:37 AM,eBird - Traveling Count,158,1,1.357,,1
S296271926,Common Merganser,Mergus merganser,762,2,US-WA,King,L232479,Juanita Bay Park,47.6981686,-122.2101878,2026-01-25,08:10 AM,eBird - Traveling Count,222,1,1.699,,1,,,,649619896
S306300352,Common Merganser,Mergus merganser,762,2,US-WA,King,L232479,Juanita Bay Park,47.6981686,-122.2101878,2026-03-05,02:46 PM,eBird - Traveling Count,61,1,1.635,,1
S297296203,Common Merganser,Mergus merganser,762,4,US-WA,King,L269461,Magnuson Park,47.6815336,-122.2505453,2026-01-31,11:00 AM,eBird - Traveling Count,99,1,1.046,,1
S303069344,Common Merganser,Mergus merganser,762,2,US-WA,King,L351484,Marymoor Park,47.6612642,-122.1184109,2026-02-22,06:42 AM,eBird - Traveling Count,176,1,4.108,,1
S291655613,Common Merganser,Mergus merganser,762,X,US-WA,King,L860816,Saint Edward SP,47.7329014,-122.2558057,2026-01-01,08:49 AM,eBird - Traveling Count,84,1,5.234,,1
S295024890,Common Merganser,Mergus merganser,762,1,US-WA,King,L162766,Union Bay Natural Area/Montlake Fill,47.65424,-122.29137,2026-01-18,08:05 AM,eBird - Traveling Count,287,1,2.302,,1
S298942557,Common Merganser,Mergus merganser,762,1,US-WA,King,L162766,Union Bay Natural Area/Montlake Fill,47.65424,-122.29137,2026-02-08,07:30 AM,eBird - Traveling Count,133,1,3.101,,1
S305068426,Common Merganser,Mergus merganser,762,2,US-WA,King,L162766,Union Bay Natural Area/Montlake Fill,47.65424,-122.29137,2026-03-01,06:45 AM,eBird - Traveling Count,215,1,3.562,,1
S307285086,Common Merganser,Mergus merganser,762,5,US-WA,King,L162766,Union Bay Natural Area/Montlake Fill,47.65424,-122.29137,2026-03-08,07:52 AM,eBird - Traveling Count,130,1,3.898,,1
S309534495,Common Merganser,Mergus merganser,762,5,US-WA,King,L162766,Union Bay Natural Area/Montlake Fill,47.65424,-122.29137,2026-03-15,08:45 AM,eBird - Traveling Count,93,1,2.076,,1
S317515997,Common Merganser,Mergus merganser,762,4,US-WA,King,L162766,Union Bay Natural Area/Montlake Fill,47.65424,-122.29137,2026-04-05,10:27 AM,eBird - Traveling Count,191,1,2.366,,1
S320771289,Common Merganser,Mergus merganser,762,4,US-WA,King,L162766,Union Bay Natural Area/Montlake Fill,47.65424,-122.29137,2026-04-12,07:20 AM,eBird - Traveling Count,190,1,3.623,,1
S319751834,Common Merganser,Mergus merganser,762,2,US-WA,Skagit,L476174,Skagit Wildlife Area--Wiley Slough,48.3246351,-122.3741287,2026-04-10,09:30 AM,eBird - Traveling Count,229,1,2.012,,3
S304355760,Common Merganser,Mergus merganser,762,3,US-WA,Snohomish,L343338,Everett Sewage Lagoons,47.9988889,-122.17,2026-02-27,08:39 AM,eBird - Traveling Count,230,1,4.811,,1
S304371242,Common Merganser,Mergus merganser,762,4,US-WA,Snohomish,L1052763,Lowell Riverfront Trail,47.9560191,-122.1890402,2026-02-27,01:10 PM,eBird - Traveling Count,26,1,.58,,1
S260172580,Common Merganser,Mergus merganser,762,X,CH-GE,,L926699,Jetée et Port des Pâquis,46.2102417,6.1546,2025-07-04,,Historical,,0
S324366340,Red-breasted Merganser,Mergus serrator,770,4,US-WA,Clallam,L828590,Dungeness Landing Park/Oyster House,48.1514639,-123.143456,2026-04-19,12:52 PM,eBird - Stationary Count,65,1,,,1
S323667024,Red-breasted Merganser,Mergus serrator,770,12,US-WA,Clallam,L190512,Ediz Hook,48.14035,-123.44711,2026-04-18,08:22 AM,eBird - Traveling Count,154,1,4.076,,1
S323750410,Red-breasted Merganser,Mergus serrator,770,1,US-WA,Clallam,L793855,Elwha River Mouth,48.1447892,-123.5671808,2026-04-18,11:32 AM,eBird - Traveling Count,130,1,.681,,1
S323789056,Red-breasted Merganser,Mergus serrator,770,1,US-WA,Clallam,L894831,Freshwater Bay,48.1461024,-123.6414242,2026-04-18,02:00 PM,eBird - Traveling Count,75,1,.617,,1
S323179015,Red-breasted Merganser,Mergus serrator,770,2,US-WA,Clallam,L284497,John Wayne Marina,48.0623184,-123.0416377,2026-04-17,02:38 PM,eBird - Traveling Count,99,1,.876,,1
S174147151,Red-breasted Merganser,Mergus serrator,770,X,US-WA,Jefferson,L249781,Fort Flagler SP,48.0960511,-122.7139785,2024-05-11,12:00 AM,Historical,,1,,,1
S302817888,Red-breasted Merganser,Mergus serrator,770,1,US-WA,King,L298030,Carkeek Park,47.7126411,-122.377647,2026-02-21,10:55 AM,eBird - Traveling Count,122,1,.648,,1
S307461833,Red-breasted Merganser,Mergus serrator,770,2,US-WA,King,L128530,Discovery Park,47.663868,-122.4215317,2026-03-08,03:06 PM,eBird - Traveling Count,152,1,4.489,,1
S295194600,Red-breasted Merganser,Mergus serrator,770,1,US-WA,Skagit,L480306,Bay View State Park,48.4881122,-122.4809933,2026-01-19,09:31 AM,eBird - Traveling Count,34,1,.25,,1
S293545903,Red-breasted Merganser,Mergus serrator,770,X,US-WA,Snohomish,L374382,Edmonds Waterfront,47.8119268,-122.3854144,2026-01-10,12:05 PM,eBird - Traveling Count,89,1,.914,,1
S297588705,Red-breasted Merganser,Mergus serrator,770,4,US-WA,Snohomish,L374382,Edmonds Waterfront,47.8119268,-122.3854144,2026-02-01,12:36 PM,eBird - Traveling Count,124,1,1.416,,1
S285226087,Ruddy Duck,Oxyura jamaicensis,778,30,US-TX,Hidalgo,L129085,Santa Ana NWR (LTC 059),26.0813003,-98.1351399,2025-11-19,07:24 AM,eBird - Traveling Count,200,1,2.414,,9
S304355760,Ruddy Duck,Oxyura jamaicensis,778,2,US-WA,Snohomish,L343338,Everett Sewage Lagoons,47.9988889,-122.17,2026-02-27,08:39 AM,eBird - Traveling Count,230,1,4.811,,1,,,,651822562
S376877165,Ruddy Duck,Oxyura jamaicensis,778,1,US-WA,Snohomish,L343249,Stanwood Water Treatment Plant,48.2377017,-122.3611822,2026-07-26,07:23 PM,eBird - Traveling Count,88,1,.235,,1
S146453552,Australian Brushturkey,Alectura lathami,795,X,AU-NSW,Manly,L42224923,Sydney Harbour National Park--Collins Beach Road,-33.809483,151.2920728,2023-08-04,,eBird - Casual Observation,,0,,,1
S159175946,Australian Brushturkey,Alectura lathami,795,X,AU-NSW,Sydney,L915566,Royal Botanic Gardens (Sydney),-33.8638957,151.2167577,2023-08-19,,Historical,,1
S285225918,Plain Chachalaca,Ortalis vetula,945,15,US-TX,Hidalgo,L128890,Bentsen-Rio Grande Val. SP WBC (Mission) (LTC 069),26.1796748,-98.3842338,2025-11-18,08:27 AM,eBird - Traveling Count,140,1,1.609,,10,,,,645918883
S285225977,Plain Chachalaca,Ortalis vetula,945,1,US-TX,Hidalgo,L249889,Edinburg Scenic Wetlands WBC (LTC 061),26.2905822,-98.1351909,2025-11-19,12:54 PM,eBird - Traveling Count,90,1,1.609,,9
S285380905,Plain Chachalaca,Ortalis vetula,945,4,US-TX,Hidalgo,L259855,Estero Llano Grande SP WBC (LTC 054),26.1268335,-97.9578167,2025-11-20,07:13 AM,eBird - Traveling Count,60,1,.805,,9
S285225745,Plain Chachalaca,Ortalis vetula,945,12,US-TX,Hidalgo,L336009,National Butterfly Center--General & area North of Levee,26.1796025,-98.3664483,2025-11-18,01:42 PM,eBird - Traveling Count,90,1,1.207,,9
S324165605,California Quail,Callipepla californica,1094,2,US-WA,Clallam,L865285,Dungeness Recreation Area,48.1358788,-123.1915855,2026-04-19,08:05 AM,eBird - Casual Observation,,0,,,1
S358739900,California Quail,Callipepla californica,1094,8,US-OR,Deschutes,L564147,Smith Rock SP,44.3669375,-121.1371851,2026-06-17,07:36 AM,eBird - Traveling Count,51,1,1.188,,1
S310993075,California Quail,Callipepla californica,1094,1,US-WA,Grant,L265765,Potholes SP,46.9809077,-119.3508177,2026-03-20,08:05 AM,eBird - Stationary Count,20,1,,,1
S311034367,California Quail,Callipepla californica,1094,12,US-WA,Grant,L265765,Potholes SP,46.9809077,-119.3508177,2026-03-20,08:17 AM,eBird - Traveling Count,76,1,2.739,,1
S311476924,California Quail,Callipepla californica,1094,5,US-WA,Grant,L265765,Potholes SP,46.9809077,-119.3508177,2026-03-21,07:59 AM,eBird - Traveling Count,60,1,1.61,,1,,,,653396808
S159174918,Gambel's Quail,Callipepla gambelii,1105,X,US-AZ,,L108915,Arizona,34.16973,-111.93299,2024-01-12,,Historical,,1,,,,,,,613666220
S285225918,Wild Turkey,Meleagris gallopavo,1274,2,US-TX,Hidalgo,L128890,Bentsen-Rio Grande Val. SP WBC (Mission) (LTC 069),26.1796748,-98.3842338,2025-11-18,08:27 AM,eBird - Traveling Count,140,1,1.609,,10,,,,645919023
S285225745,Wild Turkey,Meleagris gallopavo,1274,3,US-TX,Hidalgo,L336009,National Butterfly Center--General & area North of Levee,26.1796025,-98.3664483,2025-11-18,01:42 PM,eBird - Traveling Count,90,1,1.207,,9,,,,645919628
S177520765,Wild Turkey,Meleagris gallopavo,1274,X,US-MA,Middlesex,L850924,"East Boston Camps, Westford",42.5968182,-71.4438343,2024-05-27,08:10 AM,eBird - Traveling Count,120,0,1.609,,1
S188153189,Sooty Grouse,Dendragapus fuliginosus,1320,X,US-WA,Pierce,L3302240,Mt. Rainier NP--Grand Park,46.9642783,-121.6792166,2024-07-21,,Historical,,1
S159176051,Ring-necked Pheasant,Phasianus colchicus,1477,X,NZ-AUK,Auckland City,L15034121,Arch Hill Scenic Reserve,-36.8682519,174.7413516,2023-08-15,,Historical,,1
S311168626,Ring-necked Pheasant,Phasianus colchicus,1477,1,US-WA,Grant,L60631617,"K.2 Road Southeast, Warden, Washington, US (46.969, -119.253)",46.9686432,-119.2526995,2026-03-20,04:49 PM,eBird - Casual Observation,,0,,,1
S331882311,Ring-necked Pheasant,Phasianus colchicus,1477,1,US-WA,Grays Harbor,L1875831,Westhaven SP,46.9011251,-124.1268446,2026-05-03,07:27 AM,eBird - Traveling Count,99,1,1.733,,1
S144887614,Ring-necked Pheasant,Phasianus colchicus,1477,X,NZ-BOP,Western Bay of Plenty District,L3382283,Waihi Beach,-37.4113461,175.9463453,2023-07-18,,eBird - Casual Observation,,0,,,1
S216533845,Red Junglefowl,Gallus gallus,1620,X,LC-,,L3758725,Saint Lucia,13.8983327,-60.9667625,2025-02-23,,Historical,,1
S313169342,Red Junglefowl (Domestic type),Gallus gallus (Domestic type),1626,3,US-HI,Kauai,L1186213,Poʻipū Beach Park,21.87229,-159.4540122,2026-03-25,03:49 PM,eBird - Traveling Count,90,1,3.655,,1
S312055951,Chukar,Alectoris chukar,1765,2,US-WA,Grant,L60809693,"Lower Crab Creek Road Southeast, Othello, Washington, US (46.807, -119.393)",46.8070377,-119.3928763,2026-03-22,09:42 AM,eBird - Stationary Count,7,1,,,1
S315331203,Erckel's Spurfowl,Pternistis erckelii,1816,1,US-HI,Kauai,L391848,Waimea Canyon Lookout,22.0714028,-159.6619892,2026-03-31,01:47 PM,eBird - Casual Observation,,0,,,1
S356765363,Rock Pigeon,Columba livia,1853,8,US-CA,Alameda,L8307665,Albany State Marine Reserve,37.8893242,-122.3151134,2026-06-13,07:48 AM,eBird - Traveling Count,99,1,2.71,,1
S182799645,Rock Pigeon,Columba livia,1853,X,GB-WLS,Pembrokeshire,L14457627,Tenby Harbour,51.6725044,-4.698564,2024-06-21,06:44 AM,eBird - Traveling Count,25,1,1.287,,1
S172492761,Rock Pigeon (Feral Pigeon),Columba livia (Feral Pigeon),1868,X,US-CA,Alameda,L285281,Cesar Chavez Park,37.8709227,-122.3150389,2024-05-06,02:03 PM,eBird - Traveling Count,52,1,2.945,,1
S356230112,Rock Pigeon (Feral Pigeon),Columba livia (Feral Pigeon),1868,10,US-CA,Alameda,L285281,Cesar Chavez Park,37.8709227,-122.3150389,2026-06-12,07:05 AM,eBird - Traveling Count,99,1,4.,,1
S324366340,Rock Pigeon (Feral Pigeon),Columba livia (Feral Pigeon),1868,3,US-WA,Clallam,L828590,Dungeness Landing Park/Oyster House,48.1514639,-123.143456,2026-04-19,12:52 PM,eBird - Stationary Count,65,1,,,1
S323667024,Rock Pigeon (Feral Pigeon),Columba livia (Feral Pigeon),1868,20,US-WA,Clallam,L190512,Ediz Hook,48.14035,-123.44711,2026-04-18,08:22 AM,eBird - Traveling Count,154,1,4.076,,1,,,,655400553
S323134294,Rock Pigeon (Feral Pigeon),Columba livia (Feral Pigeon),1868,2,US-WA,Clallam,L6125771,Jamestown S'Klallam Tribe Center,48.0252673,-122.9962617,2026-04-17,01:14 PM,eBird - Traveling Count,73,1,1.266,,1
S159175691,Rock Pigeon (Feral Pigeon),Columba livia (Feral Pigeon),1868,X,MX-ROO,Cozumel,L52344353,Playa Embarcadero Cozumel,20.5122933,-86.9489744,2023-11-23,,Historical,,1
S159175317,Rock Pigeon (Feral Pigeon),Columba livia (Feral Pigeon),1868,X,US-VA,Fairfax,L4138121,Washington & Old Dominion Trail--Vienna Town Green,38.9030318,-77.2646034,2023-12-27,,Historical,,1
S285225679,Rock Pigeon (Feral Pigeon),Columba livia (Feral Pigeon),1868,1,US-TX,Hidalgo,L38314359,Bentsen Rd,26.192193,-98.272556,2025-11-18,07:52 AM,eBird - Stationary Count,15,1,,,10
S285225977,Rock Pigeon (Feral Pigeon),Columba livia (Feral Pigeon),1868,8,US-TX,Hidalgo,L249889,Edinburg Scenic Wetlands WBC (LTC 061),26.2905822,-98.1351909,2025-11-19,12:54 PM,eBird - Traveling Count,90,1,1.609,,9
S230488049,Rock Pigeon (Feral Pigeon),Columba livia (Feral Pigeon),1868,X,US-WA,Jefferson,L292851,Fort Worden SP,48.1408906,-122.7680969,2025-04-27,,Historical,,1
S313780052,Rock Pigeon (Feral Pigeon),Columba livia (Feral Pigeon),1868,X,US-HI,Kauai,L266182,Kilauea Point NWR,22.2316072,-159.4019778,2026-03-27,02:47 PM,eBird - Traveling Count,29,1,.836,,1
S380834342,Rock Pigeon (Feral Pigeon),Columba livia (Feral Pigeon),1868,3,US-WA,King,L75171900,"6712 7th Avenue Northwest, Seattle, Washington, US (47.678, -122.364)",47.6781886,-122.364423,2026-08-07,07:52 AM,eBird - Traveling Count,36,1,.767,,1
S170824503,Rock Pigeon (Feral Pigeon),Columba livia (Feral Pigeon),1868,X,US-WA,King,L298030,Carkeek Park,47.7126411,-122.377647,2024-04-28,09:45 AM,eBird - Traveling Count,120,1,4.828,,2
S335596208,Rock Pigeon (Feral Pigeon),Columba livia (Feral Pigeon),1868,7,US-WA,King,L298030,Carkeek Park,47.7126411,-122.377647,2026-05-09,09:08 AM,eBird - Traveling Count,114,1,.82,,1
S380318688,Rock Pigeon (Feral Pigeon),Columba livia (Feral Pigeon),1868,14,US-WA,King,L2608551,Charles Richey Sr. Viewpoint,47.5726544,-122.4140185,2026-08-05,02:46 PM,eBird - Traveling Count,22,1,.145,,1
S291993014,Rock Pigeon (Feral Pigeon),Columba livia (Feral Pigeon),1868,X,US-WA,King,L2692026,Fremont Canal Park,47.6514476,-122.3570377,2026-01-02,03:40 PM,eBird - Stationary Count,240,1,,,1
S297959820,Rock Pigeon (Feral Pigeon),Columba livia (Feral Pigeon),1868,15,US-WA,King,L2692026,Fremont Canal Park,47.6514476,-122.3570377,2026-02-03,04:21 PM,eBird - Traveling Count,10,1,.434,,1
S318059543,Rock Pigeon (Feral Pigeon),Columba livia (Feral Pigeon),1868,4,US-WA,King,L2692026,Fremont Canal Park,47.6514476,-122.3570377,2026-04-06,07:30 AM,eBird - Stationary Count,7,1,,,1
S318992308,Rock Pigeon (Feral Pigeon),Columba livia (Feral Pigeon),1868,11,US-WA,King,L2692026,Fremont Canal Park,47.6514476,-122.3570377,2026-04-08,08:44 AM,eBird - Traveling Count,15,1,.634,,1
S326022728,Rock Pigeon (Feral Pigeon),Columba livia (Feral Pigeon),1868,2,US-WA,King,L2692026,Fremont Canal Park,47.6514476,-122.3570377,2026-04-23,08:45 AM,eBird - Traveling Count,19,1,.602,,1
S334650572,Rock Pigeon (Feral Pigeon),Columba livia (Feral Pigeon),1868,10,US-WA,King,L2692026,Fremont Canal Park,47.6514476,-122.3570377,2026-05-08,09:19 AM,eBird - Traveling Count,22,1,.739,,1
S343417861,Rock Pigeon (Feral Pigeon),Columba livia (Feral Pigeon),1868,20,US-WA,King,L2692026,Fremont Canal Park,47.6514476,-122.3570377,2026-05-21,08:52 AM,eBird - Traveling Count,20,1,.45,,1
S351854090,Rock Pigeon (Feral Pigeon),Columba livia (Feral Pigeon),1868,3,US-WA,King,L2692026,Fremont Canal Park,47.6514476,-122.3570377,2026-06-03,08:30 AM,eBird - Traveling Count,21,1,.679,,1
S366226853,Rock Pigeon (Feral Pigeon),Columba livia (Feral Pigeon),1868,8,US-WA,King,L2692026,Fremont Canal Park,47.6514476,-122.3570377,2026-07-01,07:33 AM,eBird - Traveling Count,20,1,.634,,1
S294568450,Rock Pigeon (Feral Pigeon),Columba livia (Feral Pigeon),1868,X,US-WA,King,L285366,Golden Gardens Park,47.6928546,-122.4054806,2026-01-16,02:43 PM,eBird - Traveling Count,34,1,1.256,,1
S297342812,Rock Pigeon (Feral Pigeon),Columba livia (Feral Pigeon),1868,20,US-WA,King,L163354,Green Lake,47.6783945,-122.3382464,2026-01-31,04:04 PM,eBird - Traveling Count,53,1,4.21,,1
S305332784,Rock Pigeon (Feral Pigeon),Columba livia (Feral Pigeon),1868,25,US-WA,King,L163354,Green Lake,47.6783945,-122.3382464,2026-03-02,06:43 AM,eBird - Traveling Count,67,1,1.847,,1
S342994543,Rock Pigeon (Feral Pigeon),Columba livia (Feral Pigeon),1868,20,US-WA,King,L163354,Green Lake,47.6783945,-122.3382464,2026-05-20,09:01 AM,eBird - Traveling Count,222,1,4.611,,1
S348567406,Rock Pigeon (Feral Pigeon),Columba livia (Feral Pigeon),1868,30,US-WA,King,L163354,Green Lake,47.6783945,-122.3382464,2026-05-28,06:44 PM,eBird - Traveling Count,29,1,1.323,,1
S245777966,Rock Pigeon (Feral Pigeon),Columba livia (Feral Pigeon),1868,X,US-WA,King,L208659,Hiram M. Chittenden Ballard Locks,47.6653579,-122.3974647,2025-05-31,,Historical,,1
S305183920,Rock Pigeon (Feral Pigeon),Columba livia (Feral Pigeon),1868,2,US-WA,King,L208659,Hiram M. Chittenden Ballard Locks,47.6653579,-122.3974647,2026-03-01,04:24 PM,eBird - Traveling Count,40,1,1.265,,1
S338550928,Rock Pigeon (Feral Pigeon),Columba livia (Feral Pigeon),1868,4,US-WA,King,L208659,Hiram M. Chittenden Ballard Locks,47.6653579,-122.3974647,2026-05-13,06:15 PM,eBird - Stationary Count,60,1,,,1
S328169533,Rock Pigeon (Feral Pigeon),Columba livia (Feral Pigeon),1868,20,US-WA,King,L31102692,Pioneer Square Habitat Beach,47.6012582,-122.336379,2026-04-26,03:37 PM,eBird - Traveling Count,15,1,.77,,1
S326594442,Rock Pigeon (Feral Pigeon),Columba livia (Feral Pigeon),1868,1,US-WA,King,L162766,Union Bay Natural Area/Montlake Fill,47.65424,-122.29137,2026-04-24,06:55 AM,eBird - Traveling Count,222,1,2.992,,1
S336459661,Rock Pigeon (Feral Pigeon),Columba livia (Feral Pigeon),1868,1,US-WA,King,L162766,Union Bay Natural Area/Montlake Fill,47.65424,-122.29137,2026-05-10,06:04 AM,eBird - Traveling Count,165,1,2.998,,1
S331300190,Rock Pigeon (Feral Pigeon),Columba livia (Feral Pigeon),1868,5,US-WA,Pacific,L787853,Tokeland--marina,46.7063518,-123.9671946,2026-05-02,11:23 AM,eBird - Traveling Count,81,1,.629,,1
S176978136,Rock Pigeon (Feral Pigeon),Columba livia (Feral Pigeon),1868,X,US-RI,Providence,L804728,Blackstone Park,41.833327,-71.3792148,2024-05-25,09:31 AM,eBird - Traveling Count,43,1,1.931,,1
S379365619,Rock Pigeon (Feral Pigeon),Columba livia (Feral Pigeon),1868,4,US-WA,Snohomish,L20643239,Edmonds Marina,47.8079405,-122.3924276,2026-08-02,02:58 PM,eBird - Traveling Count,44,1,1.181,,1,,,,662359427
S293525790,Rock Pigeon (Feral Pigeon),Columba livia (Feral Pigeon),1868,X,US-WA,Snohomish,L374380,Edmonds Marsh,47.8085287,-122.3864508,2026-01-10,11:07 AM,eBird - Traveling Count,48,1,.092,,1
S319608405,Rock Pigeon (Feral Pigeon),Columba livia (Feral Pigeon),1868,2,US-WA,Snohomish,L374380,Edmonds Marsh,47.8085287,-122.3864508,2026-04-10,07:23 AM,eBird - Traveling Count,27,1,.117,,1
S319626376,Rock Pigeon (Feral Pigeon),Columba livia (Feral Pigeon),1868,2,US-WA,Snohomish,L20643235,Edmonds Public Fishing Pier,47.8110241,-122.3899493,2026-04-10,07:54 AM,eBird - Traveling Count,31,1,.49,,1
S293545903,Rock Pigeon (Feral Pigeon),Columba livia (Feral Pigeon),1868,X,US-WA,Snohomish,L374382,Edmonds Waterfront,47.8119268,-122.3854144,2026-01-10,12:05 PM,eBird - Traveling Count,89,1,.914,,1,,,,648642242
S297588705,Rock Pigeon (Feral Pigeon),Columba livia (Feral Pigeon),1868,1,US-WA,Snohomish,L374382,Edmonds Waterfront,47.8119268,-122.3854144,2026-02-01,12:36 PM,eBird - Traveling Count,124,1,1.416,,1
S304355760,Rock Pigeon (Feral Pigeon),Columba livia (Feral Pigeon),1868,2,US-WA,Snohomish,L343338,Everett Sewage Lagoons,47.9988889,-122.17,2026-02-27,08:39 AM,eBird - Traveling Count,230,1,4.811,,1
S159174918,Rock Pigeon (Feral Pigeon),Columba livia (Feral Pigeon),1868,X,US-AZ,,L108915,Arizona,34.16973,-111.93299,2024-01-12,,Historical,,1
S216533993,Rock Pigeon (Feral Pigeon),Columba livia (Feral Pigeon),1868,X,BB-,,L3785507,Barbados,13.1722446,-59.5563823,2025-02-25,,Historical,,1
S216533924,Rock Pigeon (Feral Pigeon),Columba livia (Feral Pigeon),1868,X,GD-,,L3914441,Grenada,12.153302,-61.6586826,2025-02-24,,Historical,,1
S216533845,Rock Pigeon (Feral Pigeon),Columba livia (Feral Pigeon),1868,X,LC-,,L3758725,Saint Lucia,13.8983327,-60.9667625,2025-02-23,,Historical,,1
S260171709,Rock Pigeon (Feral Pigeon),Columba livia (Feral Pigeon),1868,X,CH-ZH,,L4507511,Zürich Stadt (city of Zurich)* general (use more precise loc.),47.3768774,8.5413551,2025-06-29,,Historical,,1
S182799645,Common Wood-Pigeon,Columba palumbus,1885,X,GB-WLS,Pembrokeshire,L14457627,Tenby Harbour,51.6725044,-4.698564,2024-06-21,06:44 AM,eBird - Traveling Count,25,1,1.287,,1
S260172580,Common Wood-Pigeon,Columba palumbus,1885,X,CH-GE,,L926699,Jetée et Port des Pâquis,46.2102417,6.1546,2025-07-04,,Historical,,0
S159175691,White-crowned Pigeon,Patagioenas leucocephala,1956,X,MX-ROO,Cozumel,L52344353,Playa Embarcadero Cozumel,20.5122933,-86.9489744,2023-11-23,,Historical,,1
S216534367,White-crowned Pigeon,Patagioenas leucocephala,1956,X,AG-,,L3680262,Antigua and Barbuda,17.2705798,-61.7982655,2025-02-28,,Historical,,1
S216533729,White-crowned Pigeon,Patagioenas leucocephala,1956,X,BL-,,L3710693,Saint Barthélemy,17.9063433,-62.8337387,2025-02-22,,Historical,,1
S214854032,White-crowned Pigeon,Patagioenas leucocephala,1956,X,BL-,,L3710693,Saint Barthélemy,17.9063433,-62.8337387,2025-02-22,01:15 PM,eBird - Traveling Count,60,1,1.609,,1
S323830718,Band-tailed Pigeon,Patagioenas fasciata,1966,3,US-WA,Clallam,L234894,Salt Creek County Park,48.1631912,-123.6972883,2026-04-18,03:36 PM,eBird - Traveling Count,91,1,1.638,,1
S328030718,Band-tailed Pigeon,Patagioenas fasciata,1966,12,US-WA,King,L1924233,Discovery Park--South Meadow,47.655213,-122.4141312,2026-04-26,10:00 AM,eBird - Traveling Count,112,1,1.914,,15
S319751834,Band-tailed Pigeon,Patagioenas fasciata,1966,1,US-WA,Skagit,L476174,Skagit Wildlife Area--Wiley Slough,48.3246351,-122.3741287,2026-04-10,09:30 AM,eBird - Traveling Count,229,1,2.012,,3
S379333332,Band-tailed Pigeon,Patagioenas fasciata,1966,7,US-WA,Snohomish,L950776,Big Four Ice Caves,48.0651548,-121.5151566,2026-08-02,07:25 AM,eBird - Traveling Count,329,1,2.7,,1,,,,662363299
S312035095,Eurasian Collared-Dove,Streptopelia decaocto,2031,1,US-WA,Adams,L60805356,"West Gillis Road, Othello, Washington, US (46.81, -119.347)",46.8100099,-119.347446,2026-03-22,08:19 AM,eBird - Traveling Count,57,1,.973,,1
S159175691,Eurasian Collared-Dove,Streptopelia decaocto,2031,X,MX-ROO,Cozumel,L52344353,Playa Embarcadero Cozumel,20.5122933,-86.9489744,2023-11-23,,Historical,,1
S310816477,Eurasian Collared-Dove,Streptopelia decaocto,2031,1,US-WA,Grant,L265765,Potholes SP,46.9809077,-119.3508177,2026-03-19,05:47 PM,eBird - Traveling Count,24,1,.898,,1
S311476924,Eurasian Collared-Dove,Streptopelia decaocto,2031,2,US-WA,Grant,L265765,Potholes SP,46.9809077,-119.3508177,2026-03-21,07:59 AM,eBird - Traveling Count,60,1,1.61,,1
S170170746,Eurasian Collared-Dove,Streptopelia decaocto,2031,X,US-WA,Skagit,L1369427,Fir Island -- Browns Slough Road,48.35381,-122.42297,2024-04-14,,Historical,,0
S304355760,Eurasian Collared-Dove,Streptopelia decaocto,2031,3,US-WA,Snohomish,L343338,Everett Sewage Lagoons,47.9988889,-122.17,2026-02-27,08:39 AM,eBird - Traveling Count,230,1,4.811,,1,,,,651822565
S216534367,Eurasian Collared-Dove,Streptopelia decaocto,2031,X,AG-,,L3680262,Antigua and Barbuda,17.2705798,-61.7982655,2025-02-28,,Historical,,1
S159174918,Eurasian Collared-Dove,Streptopelia decaocto,2031,X,US-AZ,,L108915,Arizona,34.16973,-111.93299,2024-01-12,,Historical,,1,,,,,,,613666224
S216533993,Eurasian Collared-Dove,Streptopelia decaocto,2031,X,BB-,,L3785507,Barbados,13.1722446,-59.5563823,2025-02-25,,Historical,,1
S216534184,Eurasian Collared-Dove,Streptopelia decaocto,2031,X,DM-,,L3821759,Dominica,15.4345023,-61.3499744,2025-02-27,,Historical,,1
S216533924,Eurasian Collared-Dove,Streptopelia decaocto,2031,X,GD-,,L3914441,Grenada,12.153302,-61.6586826,2025-02-24,,Historical,,1
S216533729,Eurasian Collared-Dove,Streptopelia decaocto,2031,X,BL-,,L3710693,Saint Barthélemy,17.9063433,-62.8337387,2025-02-22,,Historical,,1
S214854032,Eurasian Collared-Dove,Streptopelia decaocto,2031,X,BL-,,L3710693,Saint Barthélemy,17.9063433,-62.8337387,2025-02-22,01:15 PM,eBird - Traveling Count,60,1,1.609,,1
S216533845,Eurasian Collared-Dove,Streptopelia decaocto,2031,X,LC-,,L3758725,Saint Lucia,13.8983327,-60.9667625,2025-02-23,,Historical,,1
S260172163,Eurasian Collared-Dove,Streptopelia decaocto,2031,X,CH-VS,,L6165984,Zermatt--Stadt (City of Zermatt),46.0214626,7.7472281,2025-06-30,,Historical,,0
S314045091,Spotted Dove,Spilopelia chinensis,2064,1,US-HI,Kauai,L469355,Kawai'ele State Waterbird Sanctuary,22.0099791,-159.7679526,2026-03-28,07:36 AM,eBird - Traveling Count,78,1,.732,,1
S313169342,Spotted Dove,Spilopelia chinensis,2064,4,US-HI,Kauai,L1186213,Poʻipū Beach Park,21.87229,-159.4540122,2026-03-25,03:49 PM,eBird - Traveling Count,90,1,3.655,,1
S159175946,Crested Pigeon,Ocyphaps lophotes,2212,X,AU-NSW,Sydney,L915566,Royal Botanic Gardens (Sydney),-33.8638957,151.2167577,2023-08-19,,Historical,,1
S313780069,Zebra Dove,Geopelia striata,2232,2,US-HI,Kauai,L856224,Ha'ena State Park (general),22.2202244,-159.5803642,2026-03-27,12:05 PM,eBird - Traveling Count,23,1,.581,,1
S314045091,Zebra Dove,Geopelia striata,2232,1,US-HI,Kauai,L469355,Kawai'ele State Waterbird Sanctuary,22.0099791,-159.7679526,2026-03-28,07:36 AM,eBird - Traveling Count,78,1,.732,,1
S313169342,Zebra Dove,Geopelia striata,2232,15,US-HI,Kauai,L1186213,Poʻipū Beach Park,21.87229,-159.4540122,2026-03-25,03:49 PM,eBird - Traveling Count,90,1,3.655,,1
S313427151,Zebra Dove,Geopelia striata,2232,10,US-HI,Kauai,L1186213,Poʻipū Beach Park,21.87229,-159.4540122,2026-03-26,11:24 AM,eBird - Traveling Count,17,1,.791,,1
S285225918,Inca Dove,Columbina inca,2242,2,US-TX,Hidalgo,L128890,Bentsen-Rio Grande Val. SP WBC (Mission) (LTC 069),26.1796748,-98.3842338,2025-11-18,08:27 AM,eBird - Traveling Count,140,1,1.609,,10,,,,645919156
S285225977,Inca Dove,Columbina inca,2242,9,US-TX,Hidalgo,L249889,Edinburg Scenic Wetlands WBC (LTC 061),26.2905822,-98.1351909,2025-11-19,12:54 PM,eBird - Traveling Count,90,1,1.609,,9
S285380905,Inca Dove,Columbina inca,2242,1,US-TX,Hidalgo,L259855,Estero Llano Grande SP WBC (LTC 054),26.1268335,-97.9578167,2025-11-20,07:13 AM,eBird - Traveling Count,60,1,.805,,9
S285225745,Inca Dove,Columbina inca,2242,20,US-TX,Hidalgo,L336009,National Butterfly Center--General & area North of Levee,26.1796025,-98.3664483,2025-11-18,01:42 PM,eBird - Traveling Count,90,1,1.207,,9
S285226044,Inca Dove,Columbina inca,2242,2,US-TX,Hidalgo,L1850000,San Juan Wetlands,26.1606244,-98.157516,2025-11-19,12:00 PM,eBird - Traveling Count,22,1,.805,,9
S216534367,Common Ground Dove,Columbina passerina,2243,X,AG-,,L3680262,Antigua and Barbuda,17.2705798,-61.7982655,2025-02-28,,Historical,,1
S216533993,Common Ground Dove,Columbina passerina,2243,X,BB-,,L3785507,Barbados,13.1722446,-59.5563823,2025-02-25,,Historical,,1
S285225918,White-tipped Dove,Leptotila verreauxi,2325,1,US-TX,Hidalgo,L128890,Bentsen-Rio Grande Val. SP WBC (Mission) (LTC 069),26.1796748,-98.3842338,2025-11-18,08:27 AM,eBird - Traveling Count,140,1,1.609,,10
S285380905,White-tipped Dove,Leptotila verreauxi,2325,1,US-TX,Hidalgo,L259855,Estero Llano Grande SP WBC (LTC 054),26.1268335,-97.9578167,2025-11-20,07:13 AM,eBird - Traveling Count,60,1,.805,,9
S285225745,White-tipped Dove,Leptotila verreauxi,2325,4,US-TX,Hidalgo,L336009,National Butterfly Center--General & area North of Levee,26.1796025,-98.3664483,2025-11-18,01:42 PM,eBird - Traveling Count,90,1,1.207,,9
S285226087,White-tipped Dove,Leptotila verreauxi,2325,1,US-TX,Hidalgo,L129085,Santa Ana NWR (LTC 059),26.0813003,-98.1351399,2025-11-19,07:24 AM,eBird - Traveling Count,200,1,2.414,,9
S285225846,White-winged Dove,Zenaida asiatica,2389,5,US-TX,Hidalgo,L246727,Anzalduas Park (LTC 068),26.1384105,-98.3327866,2025-11-18,11:32 AM,eBird - Traveling Count,65,1,1.609,,9
S285225679,White-winged Dove,Zenaida asiatica,2389,1,US-TX,Hidalgo,L38314359,Bentsen Rd,26.192193,-98.272556,2025-11-18,07:52 AM,eBird - Stationary Count,15,1,,,10
S285225918,White-winged Dove,Zenaida asiatica,2389,1,US-TX,Hidalgo,L128890,Bentsen-Rio Grande Val. SP WBC (Mission) (LTC 069),26.1796748,-98.3842338,2025-11-18,08:27 AM,eBird - Traveling Count,140,1,1.609,,10,,,,645919242
S285380905,White-winged Dove,Zenaida asiatica,2389,6,US-TX,Hidalgo,L259855,Estero Llano Grande SP WBC (LTC 054),26.1268335,-97.9578167,2025-11-20,07:13 AM,eBird - Traveling Count,60,1,.805,,9,,,,645920138
S285225745,White-winged Dove,Zenaida asiatica,2389,2,US-TX,Hidalgo,L336009,National Butterfly Center--General & area North of Levee,26.1796025,-98.3664483,2025-11-18,01:42 PM,eBird - Traveling Count,90,1,1.207,,9
S216534367,White-winged Dove,Zenaida asiatica,2389,X,AG-,,L3680262,Antigua and Barbuda,17.2705798,-61.7982655,2025-02-28,,Historical,,1
S159174918,White-winged Dove,Zenaida asiatica,2389,X,US-AZ,,L108915,Arizona,34.16973,-111.93299,2024-01-12,,Historical,,1
S216534367,Zenaida Dove,Zenaida aurita,2393,X,AG-,,L3680262,Antigua and Barbuda,17.2705798,-61.7982655,2025-02-28,,Historical,,1
S216533993,Zenaida Dove,Zenaida aurita,2393,X,BB-,,L3785507,Barbados,13.1722446,-59.5563823,2025-02-25,,Historical,,1
S216533729,Zenaida Dove,Zenaida aurita,2393,X,BL-,,L3710693,Saint Barthélemy,17.9063433,-62.8337387,2025-02-22,,Historical,,1
S214854032,Zenaida Dove,Zenaida aurita,2393,X,BL-,,L3710693,Saint Barthélemy,17.9063433,-62.8337387,2025-02-22,01:15 PM,eBird - Traveling Count,60,1,1.609,,1
S324301943,Mourning Dove,Zenaida macroura,2412,2,US-WA,Clallam,L17270540,Dungeness River Dike Trail,48.1411863,-123.129295,2026-04-19,08:22 AM,eBird - Traveling Count,194,1,1.115,,1
S324402551,Mourning Dove,Zenaida macroura,2412,1,US-WA,Clallam,L265438,Three Crabs,48.151945,-123.1222855,2026-04-19,02:15 PM,eBird - Traveling Count,74,1,.389,,1
S206958982,Mourning Dove,Zenaida macroura,2412,X,US-VA,Fairfax,L718525,**HUNTLEY MEADOWS PARK,38.7576451,-77.0984124,2024-12-22,,Historical,,1
S159175317,Mourning Dove,Zenaida macroura,2412,X,US-VA,Fairfax,L4138121,Washington & Old Dominion Trail--Vienna Town Green,38.9030318,-77.2646034,2023-12-27,,Historical,,1
S290623958,Mourning Dove,Zenaida macroura,2412,X,US-VA,Fairfax,L4138121,Washington & Old Dominion Trail--Vienna Town Green,38.9030318,-77.2646034,2025-12-27,03:21 PM,eBird - Traveling Count,56,1,3.692,,1
S311034367,Mourning Dove,Zenaida macroura,2412,1,US-WA,Grant,L265765,Potholes SP,46.9809077,-119.3508177,2026-03-20,08:17 AM,eBird - Traveling Count,76,1,2.739,,1
S331882311,Mourning Dove,Zenaida macroura,2412,1,US-WA,Grays Harbor,L1875831,Westhaven SP,46.9011251,-124.1268446,2026-05-03,07:27 AM,eBird - Traveling Count,99,1,1.733,,1
S285225846,Mourning Dove,Zenaida macroura,2412,3,US-TX,Hidalgo,L246727,Anzalduas Park (LTC 068),26.1384105,-98.3327866,2025-11-18,11:32 AM,eBird - Traveling Count,65,1,1.609,,9
S285225918,Mourning Dove,Zenaida macroura,2412,6,US-TX,Hidalgo,L128890,Bentsen-Rio Grande Val. SP WBC (Mission) (LTC 069),26.1796748,-98.3842338,2025-11-18,08:27 AM,eBird - Traveling Count,140,1,1.609,,10
S285225977,Mourning Dove,Zenaida macroura,2412,3,US-TX,Hidalgo,L249889,Edinburg Scenic Wetlands WBC (LTC 061),26.2905822,-98.1351909,2025-11-19,12:54 PM,eBird - Traveling Count,90,1,1.609,,9
S285380905,Mourning Dove,Zenaida macroura,2412,1,US-TX,Hidalgo,L259855,Estero Llano Grande SP WBC (LTC 054),26.1268335,-97.9578167,2025-11-20,07:13 AM,eBird - Traveling Count,60,1,.805,,9
S285225745,Mourning Dove,Zenaida macroura,2412,10,US-TX,Hidalgo,L336009,National Butterfly Center--General & area North of Levee,26.1796025,-98.3664483,2025-11-18,01:42 PM,eBird - Traveling Count,90,1,1.207,,9
S285225465,Mourning Dove,Zenaida macroura,2412,4,US-TX,Hidalgo,L21636963,Peculiar Nest Airbnb (restricted access),26.180693,-98.272806,2025-11-18,07:00 AM,eBird - Stationary Count,40,1,,,10
S285226044,Mourning Dove,Zenaida macroura,2412,1,US-TX,Hidalgo,L1850000,San Juan Wetlands,26.1606244,-98.157516,2025-11-19,12:00 PM,eBird - Traveling Count,22,1,.805,,9
S285226087,Mourning Dove,Zenaida macroura,2412,4,US-TX,Hidalgo,L129085,Santa Ana NWR (LTC 059),26.0813003,-98.1351399,2025-11-19,07:24 AM,eBird - Traveling Count,200,1,2.414,,9
S285225726,Mourning Dove,Zenaida macroura,2412,4,US-TX,Hidalgo,L2433186,"US-TX-Mission - 26.1774x-98.3413 - Nov 24, 2013, 12:23 PM",26.177445,-98.341257,2025-11-18,11:17 AM,eBird - Stationary Count,5,1,,,10
S177520765,Mourning Dove,Zenaida macroura,2412,X,US-MA,Middlesex,L850924,"East Boston Camps, Westford",42.5968182,-71.4438343,2024-05-27,08:10 AM,eBird - Traveling Count,120,0,1.609,,1
S295207120,Mourning Dove,Zenaida macroura,2412,10,US-WA,Skagit,L469546,Skagit Wildlife Area--Fir Island Farm Reserve (Hayton Reserve),48.3356338,-122.4131659,2026-01-19,10:32 AM,eBird - Traveling Count,32,1,.439,,1
S327420532,Mourning Dove,Zenaida macroura,2412,1,US-WA,Snohomish,L63945150,"43rd Avenue Southeast, Everett, Washington, US (47.977, -122.174)",47.9765267,-122.1744969,2026-04-25,03:51 PM,eBird - Traveling Count,24,1,.435,,1
S346491426,Mourning Dove,Zenaida macroura,2412,4,US-WA,Snohomish,L4756268,Field's Riffle,47.9166297,-122.1268988,2026-05-25,07:11 AM,eBird - Traveling Count,177,1,1.517,,1,,,,658391460
S371256974,Mourning Dove,Zenaida macroura,2412,1,US-WA,Snohomish,L4444849,Riverview Wildlife Refuge / Snohomish Wastewater Treatment Plant,47.9165434,-122.1100652,2026-07-12,07:30 AM,eBird - Traveling Count,139,1,1.581,,1
S375605391,Mourning Dove,Zenaida macroura,2412,1,US-WA,Snohomish,L343249,Stanwood Water Treatment Plant,48.2377017,-122.3611822,2026-07-23,02:41 PM,eBird - Traveling Count,163,1,.511,,1
S332089254,Mourning Dove,Zenaida macroura,2412,2,US-WA,Thurston,L282253,Billy Frank Jr. Nisqually NWR,47.0812514,-122.7180576,2026-05-03,10:49 AM,eBird - Traveling Count,191,1,4.362,,1
S159174918,Mourning Dove,Zenaida macroura,2412,X,US-AZ,,L108915,Arizona,34.16973,-111.93299,2024-01-12,,Historical,,1,,,,,,,613666233
S159176051,New Zealand Pigeon,Hemiphaga novaeseelandiae,2845,X,NZ-AUK,Auckland City,L15034121,Arch Hill Scenic Reserve,-36.8682519,174.7413516,2023-08-15,,Historical,,1
S145053702,New Zealand Pigeon,Hemiphaga novaeseelandiae,2845,X,NZ-AUK,Auckland City,L3061209,Mount Eden Domain,-36.877363,174.765397,2023-07-19,,eBird - Casual Observation,,0,,,1
S159174918,Greater Roadrunner,Geococcyx californianus,3038,X,US-AZ,,L108915,Arizona,34.16973,-111.93299,2024-01-12,,Historical,,1,,,,,,,613666236
S285380905,Common Pauraque,Nyctidromus albicollis,3527,1,US-TX,Hidalgo,L259855,Estero Llano Grande SP WBC (LTC 054),26.1268335,-97.9578167,2025-11-20,07:13 AM,eBird - Traveling Count,60,1,.805,,9
S180573811,Chimney Swift,Chaetura pelagica,3896,X,US-VA,Fairfax,L718525,**HUNTLEY MEADOWS PARK,38.7576451,-77.0984124,2024-06-10,07:09 AM,eBird - Traveling Count,148,1,3.203,,1
S175815092,Vaux's Swift,Chaetura vauxi,3897,X,US-WA,King,L162766,Union Bay Natural Area/Montlake Fill,47.65424,-122.29137,2024-05-19,08:00 AM,eBird - Traveling Count,150,1,3.219,,1
S339377883,Vaux's Swift,Chaetura vauxi,3897,2,US-WA,King,L162766,Union Bay Natural Area/Montlake Fill,47.65424,-122.29137,2026-05-15,06:24 AM,eBird - Traveling Count,131,1,2.121,,1
S342868105,Vaux's Swift,Chaetura vauxi,3897,1,US-WA,King,L162766,Union Bay Natural Area/Montlake Fill,47.65424,-122.29137,2026-05-20,06:19 AM,eBird - Traveling Count,134,1,3.112,,1
S379333332,Vaux's Swift,Chaetura vauxi,3897,1,US-WA,Snohomish,L950776,Big Four Ice Caves,48.0651548,-121.5151566,2026-08-02,07:25 AM,eBird - Traveling Count,329,1,2.7,,1
S371256974,Vaux's Swift,Chaetura vauxi,3897,1,US-WA,Snohomish,L4444849,Riverview Wildlife Refuge / Snohomish Wastewater Treatment Plant,47.9165434,-122.1100652,2026-07-12,07:30 AM,eBird - Traveling Count,139,1,1.581,,1
S260172163,Alpine Swift,Tachymarptis melba,4077,X,CH-VS,,L6165984,Zermatt--Stadt (City of Zermatt),46.0214626,7.7472281,2025-06-30,,Historical,,0
S260171709,Common Swift,Apus apus,4094,X,CH-ZH,,L4507511,Zürich Stadt (city of Zurich)* general (use more precise loc.),47.3768774,8.5413551,2025-06-29,,Historical,,1
S358739900,White-throated Swift,Aeronautes saxatalis,4158,5,US-OR,Deschutes,L564147,Smith Rock SP,44.3669375,-121.1371851,2026-06-17,07:36 AM,eBird - Traveling Count,51,1,1.188,,1
S159175691,Green-breasted Mango,Anthracothorax prevostii,4388,X,MX-ROO,Cozumel,L52344353,Playa Embarcadero Cozumel,20.5122933,-86.9489744,2023-11-23,,Historical,,1
S216534367,Purple-throated Carib,Eulampis jugularis,4398,X,AG-,,L3680262,Antigua and Barbuda,17.2705798,-61.7982655,2025-02-28,,Historical,,1
S216533845,Purple-throated Carib,Eulampis jugularis,4398,X,LC-,,L3758725,Saint Lucia,13.8983327,-60.9667625,2025-02-23,,Historical,,1
S216534367,Green-throated Carib,Eulampis holosericeus,4399,X,AG-,,L3680262,Antigua and Barbuda,17.2705798,-61.7982655,2025-02-28,,Historical,,1
S285225918,Ruby-throated Hummingbird,Archilochus colubris,4802,1,US-TX,Hidalgo,L128890,Bentsen-Rio Grande Val. SP WBC (Mission) (LTC 069),26.1796748,-98.3842338,2025-11-18,08:27 AM,eBird - Traveling Count,140,1,1.609,,10
S285380905,Ruby-throated Hummingbird,Archilochus colubris,4802,1,US-TX,Hidalgo,L259855,Estero Llano Grande SP WBC (LTC 054),26.1268335,-97.9578167,2025-11-20,07:13 AM,eBird - Traveling Count,60,1,.805,,9
S177520765,Ruby-throated Hummingbird,Archilochus colubris,4802,X,US-MA,Middlesex,L850924,"East Boston Camps, Westford",42.5968182,-71.4438343,2024-05-27,08:10 AM,eBird - Traveling Count,120,0,1.609,,1
S285225745,Black-chinned Hummingbird,Archilochus alexandri,4803,1,US-TX,Hidalgo,L336009,National Butterfly Center--General & area North of Levee,26.1796025,-98.3664483,2025-11-18,01:42 PM,eBird - Traveling Count,90,1,1.207,,9,,,,645919660
S356230112,Anna's Hummingbird,Calypte anna,4814,1,US-CA,Alameda,L285281,Cesar Chavez Park,37.8709227,-122.3150389,2026-06-12,07:05 AM,eBird - Traveling Count,99,1,4.,,1,,,,659894387
S285814615,Anna's Hummingbird,Calypte anna,4814,X,US-CA,Alameda,L2377313,McLaughlin Eastshore SP--Albany access,37.890326,-122.314765,2025-11-23,08:40 AM,eBird - Traveling Count,86,1,2.87,,1
S322716667,Anna's Hummingbird,Calypte anna,4814,1,US-WA,Clallam,L29690471,Dungeness NWR,48.1463111,-123.1865094,2026-04-16,04:51 PM,eBird - Traveling Count,23,1,1.089,,1
S324167538,Anna's Hummingbird,Calypte anna,4814,1,US-WA,Clallam,L865285,Dungeness Recreation Area,48.1358788,-123.1915855,2026-04-18,07:00 PM,eBird - Traveling Count,20,1,.4,,1
S324301943,Anna's Hummingbird,Calypte anna,4814,3,US-WA,Clallam,L17270540,Dungeness River Dike Trail,48.1411863,-123.129295,2026-04-19,08:22 AM,eBird - Traveling Count,194,1,1.115,,1
S323750410,Anna's Hummingbird,Calypte anna,4814,2,US-WA,Clallam,L793855,Elwha River Mouth,48.1447892,-123.5671808,2026-04-18,11:32 AM,eBird - Traveling Count,130,1,.681,,1
S324402551,Anna's Hummingbird,Calypte anna,4814,1,US-WA,Clallam,L265438,Three Crabs,48.151945,-123.1222855,2026-04-19,02:15 PM,eBird - Traveling Count,74,1,.389,,1
S331419171,Anna's Hummingbird,Calypte anna,4814,1,US-WA,Grays Harbor,L268372,Bottle Beach State Park,46.893277,-124.0468136,2026-05-02,03:04 PM,eBird - Traveling Count,112,1,1.449,,1
S174147151,Anna's Hummingbird,Calypte anna,4814,X,US-WA,Jefferson,L249781,Fort Flagler SP,48.0960511,-122.7139785,2024-05-11,12:00 AM,Historical,,1,,,1
S230488049,Anna's Hummingbird,Calypte anna,4814,X,US-WA,Jefferson,L292851,Fort Worden SP,48.1408906,-122.7680969,2025-04-27,,Historical,,1
S297107675,Anna's Hummingbird,Calypte anna,4814,2,US-WA,King,L57830459,"2520 Northeast 130th Street, Seattle, Washington, US (47.724, -122.301)",47.7237668,-122.3010431,2026-01-30,02:45 PM,eBird - Traveling Count,95,1,.849,,1
S380834342,Anna's Hummingbird,Calypte anna,4814,2,US-WA,King,L75171900,"6712 7th Avenue Northwest, Seattle, Washington, US (47.678, -122.364)",47.6781886,-122.364423,2026-08-07,07:52 AM,eBird - Traveling Count,36,1,.767,,1
S300022459,Anna's Hummingbird,Calypte anna,4814,1,US-WA,King,L56788131,900 Block NW 64th,47.6754497,-122.3698811,2026-02-13,07:37 AM,eBird - Traveling Count,37,1,1.74,,1
S170824503,Anna's Hummingbird,Calypte anna,4814,X,US-WA,King,L298030,Carkeek Park,47.7126411,-122.377647,2024-04-28,09:45 AM,eBird - Traveling Count,120,1,4.828,,2
S292226633,Anna's Hummingbird,Calypte anna,4814,X,US-WA,King,L298030,Carkeek Park,47.7126411,-122.377647,2026-01-03,01:35 PM,eBird - Traveling Count,42,1,.47,,1
S302817888,Anna's Hummingbird,Calypte anna,4814,1,US-WA,King,L298030,Carkeek Park,47.7126411,-122.377647,2026-02-21,10:55 AM,eBird - Traveling Count,122,1,.648,,1
S309235427,Anna's Hummingbird,Calypte anna,4814,1,US-WA,King,L298030,Carkeek Park,47.7126411,-122.377647,2026-03-14,01:56 PM,eBird - Traveling Count,69,1,.697,,1
S335596208,Anna's Hummingbird,Calypte anna,4814,1,US-WA,King,L298030,Carkeek Park,47.7126411,-122.377647,2026-05-09,09:08 AM,eBird - Traveling Count,114,1,.82,,1
S307461833,Anna's Hummingbird,Calypte anna,4814,4,US-WA,King,L128530,Discovery Park,47.663868,-122.4215317,2026-03-08,03:06 PM,eBird - Traveling Count,152,1,4.489,,1
S345782350,Anna's Hummingbird,Calypte anna,4814,5,US-WA,King,L128530,Discovery Park,47.663868,-122.4215317,2026-05-24,10:09 AM,eBird - Traveling Count,196,1,3.615,,1
S328030718,Anna's Hummingbird,Calypte anna,4814,2,US-WA,King,L1924233,Discovery Park--South Meadow,47.655213,-122.4141312,2026-04-26,10:00 AM,eBird - Traveling Count,112,1,1.914,,15
S333514456,Anna's Hummingbird,Calypte anna,4814,1,US-WA,King,L1924233,Discovery Park--South Meadow,47.655213,-122.4141312,2026-05-06,06:43 AM,eBird - Traveling Count,37,1,1.923,,1
S309580927,Anna's Hummingbird,Calypte anna,4814,1,US-WA,King,L280267,Foster Island & Marsh Island,47.646592,-122.2909732,2026-03-15,10:53 AM,eBird - Traveling Count,96,1,1.041,,1
S380906489,Anna's Hummingbird,Calypte anna,4814,1,US-WA,King,L267071,Frager Rd. (north),47.418883,-122.2678757,2026-08-07,09:32 AM,eBird - Traveling Count,176,1,2.644,,1,,,,662621216
S296590988,Anna's Hummingbird,Calypte anna,4814,1,US-WA,King,L2692026,Fremont Canal Park,47.6514476,-122.3570377,2026-01-27,11:39 AM,eBird - Stationary Count,180,1,,,1
S303320950,Anna's Hummingbird,Calypte anna,4814,1,US-WA,King,L2692026,Fremont Canal Park,47.6514476,-122.3570377,2026-02-23,11:02 AM,eBird - Stationary Count,30,1,,,1
S318059543,Anna's Hummingbird,Calypte anna,4814,1,US-WA,King,L2692026,Fremont Canal Park,47.6514476,-122.3570377,2026-04-06,07:30 AM,eBird - Stationary Count,7,1,,,1
S318992308,Anna's Hummingbird,Calypte anna,4814,2,US-WA,King,L2692026,Fremont Canal Park,47.6514476,-122.3570377,2026-04-08,08:44 AM,eBird - Traveling Count,15,1,.634,,1
S326022728,Anna's Hummingbird,Calypte anna,4814,3,US-WA,King,L2692026,Fremont Canal Park,47.6514476,-122.3570377,2026-04-23,08:45 AM,eBird - Traveling Count,19,1,.602,,1
S334650572,Anna's Hummingbird,Calypte anna,4814,1,US-WA,King,L2692026,Fremont Canal Park,47.6514476,-122.3570377,2026-05-08,09:19 AM,eBird - Traveling Count,22,1,.739,,1
S343417861,Anna's Hummingbird,Calypte anna,4814,2,US-WA,King,L2692026,Fremont Canal Park,47.6514476,-122.3570377,2026-05-21,08:52 AM,eBird - Traveling Count,20,1,.45,,1
S297342812,Anna's Hummingbird,Calypte anna,4814,1,US-WA,King,L163354,Green Lake,47.6783945,-122.3382464,2026-01-31,04:04 PM,eBird - Traveling Count,53,1,4.21,,1
S305332784,Anna's Hummingbird,Calypte anna,4814,5,US-WA,King,L163354,Green Lake,47.6783945,-122.3382464,2026-03-02,06:43 AM,eBird - Traveling Count,67,1,1.847,,1
S342994543,Anna's Hummingbird,Calypte anna,4814,3,US-WA,King,L163354,Green Lake,47.6783945,-122.3382464,2026-05-20,09:01 AM,eBird - Traveling Count,222,1,4.611,,1
S348567406,Anna's Hummingbird,Calypte anna,4814,1,US-WA,King,L163354,Green Lake,47.6783945,-122.3382464,2026-05-28,06:44 PM,eBird - Traveling Count,29,1,1.323,,1
S245777966,Anna's Hummingbird,Calypte anna,4814,X,US-WA,King,L208659,Hiram M. Chittenden Ballard Locks,47.6653579,-122.3974647,2025-05-31,,Historical,,1
S292421718,Anna's Hummingbird,Calypte anna,4814,X,US-WA,King,L208659,Hiram M. Chittenden Ballard Locks,47.6653579,-122.3974647,2026-01-04,09:39 AM,eBird - Traveling Count,35,1,1.144,,1
S305183920,Anna's Hummingbird,Calypte anna,4814,1,US-WA,King,L208659,Hiram M. Chittenden Ballard Locks,47.6653579,-122.3974647,2026-03-01,04:24 PM,eBird - Traveling Count,40,1,1.265,,1
S278673753,Anna's Hummingbird,Calypte anna,4814,X,US-WA,King,L232479,Juanita Bay Park,47.6981686,-122.2101878,2025-10-11,08:44 AM,eBird - Traveling Count,160,1,1.308,,1
S291712899,Anna's Hummingbird,Calypte anna,4814,X,US-WA,King,L232479,Juanita Bay Park,47.6981686,-122.2101878,2026-01-01,10:37 AM,eBird - Traveling Count,158,1,1.357,,1
S296271926,Anna's Hummingbird,Calypte anna,4814,1,US-WA,King,L232479,Juanita Bay Park,47.6981686,-122.2101878,2026-01-25,08:10 AM,eBird - Traveling Count,222,1,1.699,,1
S306300352,Anna's Hummingbird,Calypte anna,4814,2,US-WA,King,L232479,Juanita Bay Park,47.6981686,-122.2101878,2026-03-05,02:46 PM,eBird - Traveling Count,61,1,1.635,,1
S301500561,Anna's Hummingbird,Calypte anna,4814,2,US-WA,King,L269461,Magnuson Park,47.6815336,-122.2505453,2026-02-16,10:02 AM,eBird - Traveling Count,133,1,2.13,,1
S160044564,Anna's Hummingbird,Calypte anna,4814,1,US-WA,King,L162766,Union Bay Natural Area/Montlake Fill,47.65424,-122.29137,2024-01-28,09:15 AM,eBird - Traveling Count,130,0,7.001,,1
S175815092,Anna's Hummingbird,Calypte anna,4814,X,US-WA,King,L162766,Union Bay Natural Area/Montlake Fill,47.65424,-122.29137,2024-05-19,08:00 AM,eBird - Traveling Count,150,1,3.219,,1
S177789951,Anna's Hummingbird,Calypte anna,4814,X,US-WA,King,L162766,Union Bay Natural Area/Montlake Fill,47.65424,-122.29137,2024-05-28,05:50 AM,eBird - Traveling Count,68,1,2.704,,1
S179154810,Anna's Hummingbird,Calypte anna,4814,X,US-WA,King,L162766,Union Bay Natural Area/Montlake Fill,47.65424,-122.29137,2024-06-03,05:47 AM,eBird - Traveling Count,116,1,5.053,,1
S191250464,Anna's Hummingbird,Calypte anna,4814,X,US-WA,King,L162766,Union Bay Natural Area/Montlake Fill,47.65424,-122.29137,2024-08-12,05:40 PM,eBird - Traveling Count,53,1,2.639,,1
S295024890,Anna's Hummingbird,Calypte anna,4814,4,US-WA,King,L162766,Union Bay Natural Area/Montlake Fill,47.65424,-122.29137,2026-01-18,08:05 AM,eBird - Traveling Count,287,1,2.302,,1,,,,649185864
S298942557,Anna's Hummingbird,Calypte anna,4814,2,US-WA,King,L162766,Union Bay Natural Area/Montlake Fill,47.65424,-122.29137,2026-02-08,07:30 AM,eBird - Traveling Count,133,1,3.101,,1,,,,650546223 650546224
S305068426,Anna's Hummingbird,Calypte anna,4814,4,US-WA,King,L162766,Union Bay Natural Area/Montlake Fill,47.65424,-122.29137,2026-03-01,06:45 AM,eBird - Traveling Count,215,1,3.562,,1,,,,651953519
S307285086,Anna's Hummingbird,Calypte anna,4814,1,US-WA,King,L162766,Union Bay Natural Area/Montlake Fill,47.65424,-122.29137,2026-03-08,07:52 AM,eBird - Traveling Count,130,1,3.898,,1
S309534495,Anna's Hummingbird,Calypte anna,4814,2,US-WA,King,L162766,Union Bay Natural Area/Montlake Fill,47.65424,-122.29137,2026-03-15,08:45 AM,eBird - Traveling Count,93,1,2.076,,1
S317515997,Anna's Hummingbird,Calypte anna,4814,5,US-WA,King,L162766,Union Bay Natural Area/Montlake Fill,47.65424,-122.29137,2026-04-05,10:27 AM,eBird - Traveling Count,191,1,2.366,,1
S320771289,Anna's Hummingbird,Calypte anna,4814,4,US-WA,King,L162766,Union Bay Natural Area/Montlake Fill,47.65424,-122.29137,2026-04-12,07:20 AM,eBird - Traveling Count,190,1,3.623,,1
S326594442,Anna's Hummingbird,Calypte anna,4814,4,US-WA,King,L162766,Union Bay Natural Area/Montlake Fill,47.65424,-122.29137,2026-04-24,06:55 AM,eBird - Traveling Count,222,1,2.992,,1,,,,655747487
S333055230,Anna's Hummingbird,Calypte anna,4814,1,US-WA,King,L162766,Union Bay Natural Area/Montlake Fill,47.65424,-122.29137,2026-05-05,05:54 AM,eBird - Traveling Count,113,1,2.301,,1
S334002351,Anna's Hummingbird,Calypte anna,4814,2,US-WA,King,L162766,Union Bay Natural Area/Montlake Fill,47.65424,-122.29137,2026-05-07,06:22 AM,eBird - Traveling Count,64,1,.721,,1
S336459661,Anna's Hummingbird,Calypte anna,4814,6,US-WA,King,L162766,Union Bay Natural Area/Montlake Fill,47.65424,-122.29137,2026-05-10,06:04 AM,eBird - Traveling Count,165,1,2.998,,1
S339377883,Anna's Hummingbird,Calypte anna,4814,3,US-WA,King,L162766,Union Bay Natural Area/Montlake Fill,47.65424,-122.29137,2026-05-15,06:24 AM,eBird - Traveling Count,131,1,2.121,,1,,,,657542456
S342868105,Anna's Hummingbird,Calypte anna,4814,5,US-WA,King,L162766,Union Bay Natural Area/Montlake Fill,47.65424,-122.29137,2026-05-20,06:19 AM,eBird - Traveling Count,134,1,3.112,,1,,,,658002353
S347722254,Anna's Hummingbird,Calypte anna,4814,5,US-WA,King,L162766,Union Bay Natural Area/Montlake Fill,47.65424,-122.29137,2026-05-27,05:41 AM,eBird - Traveling Count,137,1,3.085,,1
S167616265,Anna's Hummingbird,Calypte anna,4814,X,US-WA,King,L165740,Washington Park Arboretum,47.6370819,-122.29574,2024-04-07,08:30 AM,eBird - Traveling Count,180,1,3.219,,15
S164380841,Anna's Hummingbird,Calypte anna,4814,X,US-WA,Skagit,L1369427,Fir Island -- Browns Slough Road,48.35381,-122.42297,2024-03-10,09:00 AM,eBird - Traveling Count,180,0,1.609,,6
S293525790,Anna's Hummingbird,Calypte anna,4814,X,US-WA,Snohomish,L374380,Edmonds Marsh,47.8085287,-122.3864508,2026-01-10,11:07 AM,eBird - Traveling Count,48,1,.092,,1
S319608405,Anna's Hummingbird,Calypte anna,4814,2,US-WA,Snohomish,L374380,Edmonds Marsh,47.8085287,-122.3864508,2026-04-10,07:23 AM,eBird - Traveling Count,27,1,.117,,1,,,,654685152
S319626376,Anna's Hummingbird,Calypte anna,4814,1,US-WA,Snohomish,L20643235,Edmonds Public Fishing Pier,47.8110241,-122.3899493,2026-04-10,07:54 AM,eBird - Traveling Count,31,1,.49,,1
S293545903,Anna's Hummingbird,Calypte anna,4814,X,US-WA,Snohomish,L374382,Edmonds Waterfront,47.8119268,-122.3854144,2026-01-10,12:05 PM,eBird - Traveling Count,89,1,.914,,1,,,,648642257
S297588705,Anna's Hummingbird,Calypte anna,4814,1,US-WA,Snohomish,L374382,Edmonds Waterfront,47.8119268,-122.3854144,2026-02-01,12:36 PM,eBird - Traveling Count,124,1,1.416,,1
S304355760,Anna's Hummingbird,Calypte anna,4814,1,US-WA,Snohomish,L343338,Everett Sewage Lagoons,47.9988889,-122.17,2026-02-27,08:39 AM,eBird - Traveling Count,230,1,4.811,,1,,,,651822570
S346491426,Anna's Hummingbird,Calypte anna,4814,1,US-WA,Snohomish,L4756268,Field's Riffle,47.9166297,-122.1268988,2026-05-25,07:11 AM,eBird - Traveling Count,177,1,1.517,,1
S304371242,Anna's Hummingbird,Calypte anna,4814,1,US-WA,Snohomish,L1052763,Lowell Riverfront Trail,47.9560191,-122.1890402,2026-02-27,01:10 PM,eBird - Traveling Count,26,1,.58,,1
S159174918,Anna's Hummingbird,Calypte anna,4814,X,US-AZ,,L108915,Arizona,34.16973,-111.93299,2024-01-12,,Historical,,1
S159174918,Costa's Hummingbird,Calypte costae,4818,X,US-AZ,,L108915,Arizona,34.16973,-111.93299,2024-01-12,,Historical,,1
S323750410,Rufous Hummingbird,Selasphorus rufus,4826,2,US-WA,Clallam,L793855,Elwha River Mouth,48.1447892,-123.5671808,2026-04-18,11:32 AM,eBird - Traveling Count,130,1,.681,,1,,,,655400492
S331419171,Rufous Hummingbird,Selasphorus rufus,4826,1,US-WA,Grays Harbor,L268372,Bottle Beach State Park,46.893277,-124.0468136,2026-05-02,03:04 PM,eBird - Traveling Count,112,1,1.449,,1
S330597903,Rufous Hummingbird,Selasphorus rufus,4826,3,US-WA,Grays Harbor,L109535,Ocean Shores--Oyhut Wildlife Area,46.9444663,-124.1522412,2026-05-01,12:06 PM,eBird - Traveling Count,63,1,.63,,1,,,,656534783
S345782350,Rufous Hummingbird,Selasphorus rufus,4826,1,US-WA,King,L128530,Discovery Park,47.663868,-122.4215317,2026-05-24,10:09 AM,eBird - Traveling Count,196,1,3.615,,1
S331219104,Rufous Hummingbird,Selasphorus rufus,4826,1,US-WA,Pacific,L803299,Cedar River (Pacific Co.),46.7400371,-123.9751339,2026-05-02,09:45 AM,eBird - Traveling Count,60,1,.577,,1
S170170610,Rufous Hummingbird,Selasphorus rufus,4826,X,US-WA,San Juan,L9267425,"Cascade Lake--south end campsites, Orcas Island",48.6458967,-122.8474903,2024-04-13,,Historical,,1
S379333332,Rufous Hummingbird,Selasphorus rufus,4826,3,US-WA,Snohomish,L950776,Big Four Ice Caves,48.0651548,-121.5151566,2026-08-02,07:25 AM,eBird - Traveling Count,329,1,2.7,,1,,,,662363306 662363307
S346491426,Rufous Hummingbird,Selasphorus rufus,4826,1,US-WA,Snohomish,L4756268,Field's Riffle,47.9166297,-122.1268988,2026-05-25,07:11 AM,eBird - Traveling Count,177,1,1.517,,1
S216534367,Antillean Crested Hummingbird,Orthorhyncus cristatus,4938,X,AG-,,L3680262,Antigua and Barbuda,17.2705798,-61.7982655,2025-02-28,,Historical,,1
S216533924,Antillean Crested Hummingbird (Grenadines and Grenada),Orthorhyncus cristatus emigrans,4942,X,GD-,,L3914441,Grenada,12.153302,-61.6586826,2025-02-24,,Historical,,1
S285225977,Buff-bellied Hummingbird,Amazilia yucatanensis,5106,2,US-TX,Hidalgo,L249889,Edinburg Scenic Wetlands WBC (LTC 061),26.2905822,-98.1351909,2025-11-19,12:54 PM,eBird - Traveling Count,90,1,1.609,,9
S376353077,hummingbird sp.,Trochilidae sp.,5214,1,US-WA,Pierce,L461358,Mt. Rainier NP--Burroughs Mountain,46.9117249,-121.6639709,2026-07-25,09:32 AM,eBird - Traveling Count,163,1,6.916,,1
S333055230,Virginia Rail,Rallus limicola,5297,3,US-WA,King,L162766,Union Bay Natural Area/Montlake Fill,47.65424,-122.29137,2026-05-05,05:54 AM,eBird - Traveling Count,113,1,2.301,,1,,Adult and two chicks,,656678560 656678561
S336459661,Virginia Rail,Rallus limicola,5297,4,US-WA,King,L162766,Union Bay Natural Area/Montlake Fill,47.65424,-122.29137,2026-05-10,06:04 AM,eBird - Traveling Count,165,1,2.998,,1,,,,657099548 657099549
S339377883,Virginia Rail,Rallus limicola,5297,4,US-WA,King,L162766,Union Bay Natural Area/Montlake Fill,47.65424,-122.29137,2026-05-15,06:24 AM,eBird - Traveling Count,131,1,2.121,,1,,,,657542468 657542469 657542470
S347722254,Virginia Rail,Rallus limicola,5297,1,US-WA,King,L162766,Union Bay Natural Area/Montlake Fill,47.65424,-122.29137,2026-05-27,05:41 AM,eBird - Traveling Count,137,1,3.085,,1,,,,658541853 658541854 658541855 658541856 658541857
S375605391,Virginia Rail,Rallus limicola,5297,2,US-WA,Snohomish,L343249,Stanwood Water Treatment Plant,48.2377017,-122.3611822,2026-07-23,02:41 PM,eBird - Traveling Count,163,1,.511,,1,,,,661835230 661835231 661835232 661835233
S159175691,Sora,Porzana carolina,5455,X,MX-ROO,Cozumel,L52344353,Playa Embarcadero Cozumel,20.5122933,-86.9489744,2023-11-23,,Historical,,1
S260179135,Eurasian Moorhen,Gallinula chloropus,5462,X,CH-VD,,L975146,Fanel--Centre Nature Birdlife de La Sauge (paid reserve only),46.9745902,7.0519057,2025-07-13,,Historical,,0
S285225846,Common Gallinule,Gallinula galeata,5468,1,US-TX,Hidalgo,L246727,Anzalduas Park (LTC 068),26.1384105,-98.3327866,2025-11-18,11:32 AM,eBird - Traveling Count,65,1,1.609,,9,,,,645919325
S285226044,Common Gallinule,Gallinula galeata,5468,5,US-TX,Hidalgo,L1850000,San Juan Wetlands,26.1606244,-98.157516,2025-11-19,12:00 PM,eBird - Traveling Count,22,1,.805,,9
S313780069,Common Gallinule,Gallinula galeata,5468,2,US-HI,Kauai,L856224,Ha'ena State Park (general),22.2202244,-159.5803642,2026-03-27,12:05 PM,eBird - Traveling Count,23,1,.581,,1
S314045091,Common Gallinule,Gallinula galeata,5468,3,US-HI,Kauai,L469355,Kawai'ele State Waterbird Sanctuary,22.0099791,-159.7679526,2026-03-28,07:36 AM,eBird - Traveling Count,78,1,.732,,1
S216534367,Common Gallinule,Gallinula galeata,5468,X,AG-,,L3680262,Antigua and Barbuda,17.2705798,-61.7982655,2025-02-28,,Historical,,1
S159174918,Common Gallinule,Gallinula galeata,5468,X,US-AZ,,L108915,Arizona,34.16973,-111.93299,2024-01-12,,Historical,,1,,,,,,,613666240
S159175946,Dusky Moorhen,Gallinula tenebrosa,5478,X,AU-NSW,Sydney,L915566,Royal Botanic Gardens (Sydney),-33.8638957,151.2167577,2023-08-19,,Historical,,1
S159175946,Eurasian Coot,Fulica atra,5487,X,AU-NSW,Sydney,L915566,Royal Botanic Gardens (Sydney),-33.8638957,151.2167577,2023-08-19,,Historical,,1
S260171709,Eurasian Coot,Fulica atra,5487,X,CH-ZH,,L4507511,Zürich Stadt (city of Zurich)* general (use more precise loc.),47.3768774,8.5413551,2025-06-29,,Historical,,1
S314045091,Hawaiian Coot,Fulica alai,5497,3,US-HI,Kauai,L469355,Kawai'ele State Waterbird Sanctuary,22.0099791,-159.7679526,2026-03-28,07:36 AM,eBird - Traveling Count,78,1,.732,,1
S311556119,American Coot,Fulica americana,5500,50,US-WA,Adams,L455722,Para/McCain's Ponds,46.8574296,-119.1854596,2026-03-21,10:39 AM,eBird - Traveling Count,30,1,.301,,1
S285814615,American Coot,Fulica americana,5500,X,US-CA,Alameda,L2377313,McLaughlin Eastshore SP--Albany access,37.890326,-122.314765,2025-11-23,08:40 AM,eBird - Traveling Count,86,1,2.87,,1
S285380811,American Coot,Fulica americana,5500,8,US-TX,Cameron,L283726,South Padre Is.--WBC/Conv. Center/Laguna Madre Trail (LTC 035),26.1400912,-97.1748233,2025-11-20,12:53 PM,eBird - Traveling Count,120,1,1.609,,9
S159175691,American Coot,Fulica americana,5500,X,MX-ROO,Cozumel,L52344353,Playa Embarcadero Cozumel,20.5122933,-86.9489744,2023-11-23,,Historical,,1
S311386024,American Coot,Fulica americana,5500,8,US-WA,Grant,L1459988,Columbia NWR--Marsh Loop Trail,46.9313233,-119.2373057,2026-03-20,04:00 PM,eBird - Traveling Count,90,1,3.22,,1
S311113230,American Coot,Fulica americana,5500,20,US-WA,Grant,L1678863,Potholes Reservoir--south half,46.991357,-119.3181243,2026-03-20,10:58 AM,eBird - Traveling Count,156,1,20.014,,1
S310816477,American Coot,Fulica americana,5500,30,US-WA,Grant,L265765,Potholes SP,46.9809077,-119.3508177,2026-03-19,05:47 PM,eBird - Traveling Count,24,1,.898,,1,,,,653396449
S311034367,American Coot,Fulica americana,5500,30,US-WA,Grant,L265765,Potholes SP,46.9809077,-119.3508177,2026-03-20,08:17 AM,eBird - Traveling Count,76,1,2.739,,1
S311185088,American Coot,Fulica americana,5500,20,US-WA,Grant,L265765,Potholes SP,46.9809077,-119.3508177,2026-03-20,06:04 PM,eBird - Traveling Count,9,1,.146,,1
S311476924,American Coot,Fulica americana,5500,20,US-WA,Grant,L265765,Potholes SP,46.9809077,-119.3508177,2026-03-21,07:59 AM,eBird - Traveling Count,60,1,1.61,,1
S285225846,American Coot,Fulica americana,5500,1,US-TX,Hidalgo,L246727,Anzalduas Park (LTC 068),26.1384105,-98.3327866,2025-11-18,11:32 AM,eBird - Traveling Count,65,1,1.609,,9
S285225977,American Coot,Fulica americana,5500,1,US-TX,Hidalgo,L249889,Edinburg Scenic Wetlands WBC (LTC 061),26.2905822,-98.1351909,2025-11-19,12:54 PM,eBird - Traveling Count,90,1,1.609,,9
S285226087,American Coot,Fulica americana,5500,130,US-TX,Hidalgo,L129085,Santa Ana NWR (LTC 059),26.0813003,-98.1351399,2025-11-19,07:24 AM,eBird - Traveling Count,200,1,2.414,,9
S309580927,American Coot,Fulica americana,5500,12,US-WA,King,L280267,Foster Island & Marsh Island,47.646592,-122.2909732,2026-03-15,10:53 AM,eBird - Traveling Count,96,1,1.041,,1
S380906489,American Coot,Fulica americana,5500,1,US-WA,King,L267071,Frager Rd. (north),47.418883,-122.2678757,2026-08-07,09:32 AM,eBird - Traveling Count,176,1,2.644,,1
S297342812,American Coot,Fulica americana,5500,10,US-WA,King,L163354,Green Lake,47.6783945,-122.3382464,2026-01-31,04:04 PM,eBird - Traveling Count,53,1,4.21,,1
S305332784,American Coot,Fulica americana,5500,22,US-WA,King,L163354,Green Lake,47.6783945,-122.3382464,2026-03-02,06:43 AM,eBird - Traveling Count,67,1,1.847,,1
S308650663,American Coot,Fulica americana,5500,30,US-WA,King,L163354,Green Lake,47.6783945,-122.3382464,2026-03-12,06:43 PM,eBird - Traveling Count,36,1,4.652,,1
S305183920,American Coot,Fulica americana,5500,3,US-WA,King,L208659,Hiram M. Chittenden Ballard Locks,47.6653579,-122.3974647,2026-03-01,04:24 PM,eBird - Traveling Count,40,1,1.265,,1
S278673753,American Coot,Fulica americana,5500,X,US-WA,King,L232479,Juanita Bay Park,47.6981686,-122.2101878,2025-10-11,08:44 AM,eBird - Traveling Count,160,1,1.308,,1
S291712899,American Coot,Fulica americana,5500,X,US-WA,King,L232479,Juanita Bay Park,47.6981686,-122.2101878,2026-01-01,10:37 AM,eBird - Traveling Count,158,1,1.357,,1,,,,648016413
S296271926,American Coot,Fulica americana,5500,30,US-WA,King,L232479,Juanita Bay Park,47.6981686,-122.2101878,2026-01-25,08:10 AM,eBird - Traveling Count,222,1,1.699,,1
S306300352,American Coot,Fulica americana,5500,30,US-WA,King,L232479,Juanita Bay Park,47.6981686,-122.2101878,2026-03-05,02:46 PM,eBird - Traveling Count,61,1,1.635,,1
S301500561,American Coot,Fulica americana,5500,5,US-WA,King,L269461,Magnuson Park,47.6815336,-122.2505453,2026-02-16,10:02 AM,eBird - Traveling Count,133,1,2.13,,1
S303069344,American Coot,Fulica americana,5500,2,US-WA,King,L351484,Marymoor Park,47.6612642,-122.1184109,2026-02-22,06:42 AM,eBird - Traveling Count,176,1,4.108,,1
S160044564,American Coot,Fulica americana,5500,1,US-WA,King,L162766,Union Bay Natural Area/Montlake Fill,47.65424,-122.29137,2024-01-28,09:15 AM,eBird - Traveling Count,130,0,7.001,,1
S191250464,American Coot,Fulica americana,5500,X,US-WA,King,L162766,Union Bay Natural Area/Montlake Fill,47.65424,-122.29137,2024-08-12,05:40 PM,eBird - Traveling Count,53,1,2.639,,1
S286517370,American Coot,Fulica americana,5500,X,US-WA,King,L162766,Union Bay Natural Area/Montlake Fill,47.65424,-122.29137,2025-11-28,09:23 AM,eBird - Traveling Count,132,1,2.605,,1
S295024890,American Coot,Fulica americana,5500,1000,US-WA,King,L162766,Union Bay Natural Area/Montlake Fill,47.65424,-122.29137,2026-01-18,08:05 AM,eBird - Traveling Count,287,1,2.302,,1,,,,649185870
S298942557,American Coot,Fulica americana,5500,500,US-WA,King,L162766,Union Bay Natural Area/Montlake Fill,47.65424,-122.29137,2026-02-08,07:30 AM,eBird - Traveling Count,133,1,3.101,,1
S305068426,American Coot,Fulica americana,5500,25,US-WA,King,L162766,Union Bay Natural Area/Montlake Fill,47.65424,-122.29137,2026-03-01,06:45 AM,eBird - Traveling Count,215,1,3.562,,1,,,,651953555 651953556
S307285086,American Coot,Fulica americana,5500,35,US-WA,King,L162766,Union Bay Natural Area/Montlake Fill,47.65424,-122.29137,2026-03-08,07:52 AM,eBird - Traveling Count,130,1,3.898,,1
S309534495,American Coot,Fulica americana,5500,1,US-WA,King,L162766,Union Bay Natural Area/Montlake Fill,47.65424,-122.29137,2026-03-15,08:45 AM,eBird - Traveling Count,93,1,2.076,,1
S317515997,American Coot,Fulica americana,5500,15,US-WA,King,L162766,Union Bay Natural Area/Montlake Fill,47.65424,-122.29137,2026-04-05,10:27 AM,eBird - Traveling Count,191,1,2.366,,1
S320771289,American Coot,Fulica americana,5500,8,US-WA,King,L162766,Union Bay Natural Area/Montlake Fill,47.65424,-122.29137,2026-04-12,07:20 AM,eBird - Traveling Count,190,1,3.623,,1
S326594442,American Coot,Fulica americana,5500,3,US-WA,King,L162766,Union Bay Natural Area/Montlake Fill,47.65424,-122.29137,2026-04-24,06:55 AM,eBird - Traveling Count,222,1,2.992,,1
S333055230,American Coot,Fulica americana,5500,1,US-WA,King,L162766,Union Bay Natural Area/Montlake Fill,47.65424,-122.29137,2026-05-05,05:54 AM,eBird - Traveling Count,113,1,2.301,,1
S336459661,American Coot,Fulica americana,5500,3,US-WA,King,L162766,Union Bay Natural Area/Montlake Fill,47.65424,-122.29137,2026-05-10,06:04 AM,eBird - Traveling Count,165,1,2.998,,1
S339377883,American Coot,Fulica americana,5500,2,US-WA,King,L162766,Union Bay Natural Area/Montlake Fill,47.65424,-122.29137,2026-05-15,06:24 AM,eBird - Traveling Count,131,1,2.121,,1
S167616265,American Coot,Fulica americana,5500,X,US-WA,King,L165740,Washington Park Arboretum,47.6370819,-122.29574,2024-04-07,08:30 AM,eBird - Traveling Count,180,1,3.219,,15
S295226157,American Coot,Fulica americana,5500,2,US-WA,Skagit,L476174,Skagit Wildlife Area--Wiley Slough,48.3246351,-122.3741287,2026-01-19,11:25 AM,eBird - Traveling Count,72,1,.891,,1
S319751834,American Coot,Fulica americana,5500,3,US-WA,Skagit,L476174,Skagit Wildlife Area--Wiley Slough,48.3246351,-122.3741287,2026-04-10,09:30 AM,eBird - Traveling Count,229,1,2.012,,3
S304355760,American Coot,Fulica americana,5500,1,US-WA,Snohomish,L343338,Everett Sewage Lagoons,47.9988889,-122.17,2026-02-27,08:39 AM,eBird - Traveling Count,230,1,4.811,,1
S327075826,American Coot,Fulica americana,5500,5,US-WA,Snohomish,L343338,Everett Sewage Lagoons,47.9988889,-122.17,2026-04-25,06:23 AM,eBird - Traveling Count,47,1,.919,,1
S376877165,American Coot,Fulica americana,5500,3,US-WA,Snohomish,L343249,Stanwood Water Treatment Plant,48.2377017,-122.3611822,2026-07-26,07:23 PM,eBird - Traveling Count,88,1,.235,,1
S291455322,American Coot,Fulica americana,5500,X,US-WA,Thurston,L282253,Billy Frank Jr. Nisqually NWR,47.0812514,-122.7180576,2025-12-31,08:11 AM,eBird - Traveling Count,256,1,3.231,,1
S332089254,American Coot,Fulica americana,5500,1,US-WA,Thurston,L282253,Billy Frank Jr. Nisqually NWR,47.0812514,-122.7180576,2026-05-03,10:49 AM,eBird - Traveling Count,191,1,4.362,,1
S216534367,American Coot,Fulica americana,5500,X,AG-,,L3680262,Antigua and Barbuda,17.2705798,-61.7982655,2025-02-28,,Historical,,1
S159174918,American Coot,Fulica americana,5500,X,US-AZ,,L108915,Arizona,34.16973,-111.93299,2024-01-12,,Historical,,1,,,,,,,613666245
S159176051,South Island Takahe,Porphyrio hochstetteri,5523,X,NZ-AUK,Auckland City,L15034121,Arch Hill Scenic Reserve,-36.8682519,174.7413516,2023-08-15,,Historical,,1
S159176051,Australasian Swamphen,Porphyrio melanotus,5525,X,NZ-AUK,Auckland City,L15034121,Arch Hill Scenic Reserve,-36.8682519,174.7413516,2023-08-15,,Historical,,1
S159175946,Australasian Swamphen,Porphyrio melanotus,5525,X,AU-NSW,Sydney,L915566,Royal Botanic Gardens (Sydney),-33.8638957,151.2167577,2023-08-19,,Historical,,1
S144796357,Australasian Swamphen,Porphyrio melanotus,5525,X,NZ-BOP,Western Bay of Plenty District,L3382283,Waihi Beach,-37.4113461,175.9463453,2023-07-17,,eBird - Casual Observation,,0,,,1
S311962514,Sandhill Crane,Antigone canadensis,5697,20,US-WA,Adams,L60790658,"798 South Reynolds Road, Othello, Washington, US (46.804, -119.155)",46.8040469,-119.155016,2026-03-22,07:28 AM,eBird - Stationary Count,9,1,,,1
S310810163,Sandhill Crane,Antigone canadensis,5697,X,US-WA,Grant,L3879099,Frenchman Hills Road,46.9614812,-119.522109,2026-03-19,05:32 PM,eBird - Casual Observation,,0,,,1
S311113230,Sandhill Crane,Antigone canadensis,5697,6,US-WA,Grant,L1678863,Potholes Reservoir--south half,46.991357,-119.3181243,2026-03-20,10:58 AM,eBird - Traveling Count,156,1,20.014,,1
S159175946,Pied Stilt,Himantopus leucocephalus,5764,X,AU-NSW,Sydney,L915566,Royal Botanic Gardens (Sydney),-33.8638957,151.2167577,2023-08-19,,Historical,,1
S285814615,Black-necked Stilt,Himantopus mexicanus,5770,X,US-CA,Alameda,L2377313,McLaughlin Eastshore SP--Albany access,37.890326,-122.314765,2025-11-23,08:40 AM,eBird - Traveling Count,86,1,2.87,,1
S285380811,Black-necked Stilt,Himantopus mexicanus,5770,7,US-TX,Cameron,L283726,South Padre Is.--WBC/Conv. Center/Laguna Madre Trail (LTC 035),26.1400912,-97.1748233,2025-11-20,12:53 PM,eBird - Traveling Count,120,1,1.609,,9
S285380853,Black-necked Stilt,Himantopus mexicanus,5770,8,US-TX,Cameron,L1050482,TX48--Shrimp Basin Bridge / Zapata Memorial Boat Ramp/ San Martin Lake outlet,26.0023329,-97.2999001,2025-11-20,11:26 AM,eBird - Stationary Count,20,1,,,9
S159175691,Black-necked Stilt,Himantopus mexicanus,5770,X,MX-ROO,Cozumel,L52344353,Playa Embarcadero Cozumel,20.5122933,-86.9489744,2023-11-23,,Historical,,1
S285225977,Black-necked Stilt,Himantopus mexicanus,5770,4,US-TX,Hidalgo,L249889,Edinburg Scenic Wetlands WBC (LTC 061),26.2905822,-98.1351909,2025-11-19,12:54 PM,eBird - Traveling Count,90,1,1.609,,9
S314012611,Black-necked Stilt,Himantopus mexicanus,5770,1,US-HI,Kauai,L61204927,"Kaumualii Highway, Waimea, Hawaii, US (21.993, -159.751)",21.9925633,-159.7509558,2026-03-28,07:29 AM,eBird - Casual Observation,,0,,,1
S314045091,Black-necked Stilt,Himantopus mexicanus,5770,7,US-HI,Kauai,L469355,Kawai'ele State Waterbird Sanctuary,22.0099791,-159.7679526,2026-03-28,07:36 AM,eBird - Traveling Count,78,1,.732,,1
S216534519,Black-necked Stilt,Himantopus mexicanus,5770,X,US-FL,Miami-Dade,L127431,Biscayne NP (Please consider using more specific locations),25.4634,-80.3343,2025-03-01,,Historical,,1
S216534367,Black-necked Stilt,Himantopus mexicanus,5770,X,AG-,,L3680262,Antigua and Barbuda,17.2705798,-61.7982655,2025-02-28,,Historical,,1
S159175946,Red-necked Avocet,Recurvirostra novaehollandiae,5778,1,AU-NSW,Sydney,L915566,Royal Botanic Gardens (Sydney),-33.8638957,151.2167577,2023-08-19,,Historical,,1
S356765363,American Avocet,Recurvirostra americana,5780,9,US-CA,Alameda,L8307665,Albany State Marine Reserve,37.8893242,-122.3151134,2026-06-13,07:48 AM,eBird - Traveling Count,99,1,2.71,,1,,,,659894433 659894434
S285814615,American Avocet,Recurvirostra americana,5780,X,US-CA,Alameda,L2377313,McLaughlin Eastshore SP--Albany access,37.890326,-122.314765,2025-11-23,08:40 AM,eBird - Traveling Count,86,1,2.87,,1
S182684618,Eurasian Oystercatcher,Haematopus ostralegus,5786,X,GB-WLS,Pembrokeshire,L1067540,Skomer Island,51.7374472,-5.2943802,2024-06-20,11:12 AM,eBird - Traveling Count,278,1,7.403,,1
S182799645,Eurasian Oystercatcher,Haematopus ostralegus,5786,X,GB-WLS,Pembrokeshire,L14457627,Tenby Harbour,51.6725044,-4.698564,2024-06-21,06:44 AM,eBird - Traveling Count,25,1,1.287,,1
S159176051,Variable Oystercatcher,Haematopus unicolor,5794,X,NZ-AUK,Auckland City,L15034121,Arch Hill Scenic Reserve,-36.8682519,174.7413516,2023-08-15,,Historical,,1
S285380853,American Oystercatcher,Haematopus palliatus,5799,1,US-TX,Cameron,L1050482,TX48--Shrimp Basin Bridge / Zapata Memorial Boat Ramp/ San Martin Lake outlet,26.0023329,-97.2999001,2025-11-20,11:26 AM,eBird - Stationary Count,20,1,,,9
S356230112,Black Oystercatcher,Haematopus bachmani,5806,2,US-CA,Alameda,L285281,Cesar Chavez Park,37.8709227,-122.3150389,2026-06-12,07:05 AM,eBird - Traveling Count,99,1,4.,,1
S323667024,Black Oystercatcher,Haematopus bachmani,5806,4,US-WA,Clallam,L190512,Ediz Hook,48.14035,-123.44711,2026-04-18,08:22 AM,eBird - Traveling Count,154,1,4.076,,1,,,,655400560
S323789056,Black Oystercatcher,Haematopus bachmani,5806,2,US-WA,Clallam,L894831,Freshwater Bay,48.1461024,-123.6414242,2026-04-18,02:00 PM,eBird - Traveling Count,75,1,.617,,1
S323134294,Black Oystercatcher,Haematopus bachmani,5806,2,US-WA,Clallam,L6125771,Jamestown S'Klallam Tribe Center,48.0252673,-122.9962617,2026-04-17,01:14 PM,eBird - Traveling Count,73,1,1.266,,1
S323830718,Black Oystercatcher,Haematopus bachmani,5806,6,US-WA,Clallam,L234894,Salt Creek County Park,48.1631912,-123.6972883,2026-04-18,03:36 PM,eBird - Traveling Count,91,1,1.638,,1
S331882311,Black Oystercatcher,Haematopus bachmani,5806,1,US-WA,Grays Harbor,L1875831,Westhaven SP,46.9011251,-124.1268446,2026-05-03,07:27 AM,eBird - Traveling Count,99,1,1.733,,1,,,,656535019
S349638499,Black Oystercatcher,Haematopus bachmani,5806,3,US-WA,Jefferson,L249781,Fort Flagler SP,48.0960511,-122.7139785,2026-05-30,08:52 AM,eBird - Traveling Count,197,1,8.735,,1
S356765363,Black-bellied Plover,Pluvialis squatarola,5811,10,US-CA,Alameda,L8307665,Albany State Marine Reserve,37.8893242,-122.3151134,2026-06-13,07:48 AM,eBird - Traveling Count,99,1,2.71,,1,,,,659894591
S285380811,Black-bellied Plover,Pluvialis squatarola,5811,1,US-TX,Cameron,L283726,South Padre Is.--WBC/Conv. Center/Laguna Madre Trail (LTC 035),26.1400912,-97.1748233,2025-11-20,12:53 PM,eBird - Traveling Count,120,1,1.609,,9
S285380853,Black-bellied Plover,Pluvialis squatarola,5811,1,US-TX,Cameron,L1050482,TX48--Shrimp Basin Bridge / Zapata Memorial Boat Ramp/ San Martin Lake outlet,26.0023329,-97.2999001,2025-11-20,11:26 AM,eBird - Stationary Count,20,1,,,9
S324366340,Black-bellied Plover,Pluvialis squatarola,5811,30,US-WA,Clallam,L828590,Dungeness Landing Park/Oyster House,48.1514639,-123.143456,2026-04-19,12:52 PM,eBird - Stationary Count,65,1,,,1
S322716667,Black-bellied Plover,Pluvialis squatarola,5811,1,US-WA,Clallam,L29690471,Dungeness NWR,48.1463111,-123.1865094,2026-04-16,04:51 PM,eBird - Traveling Count,23,1,1.089,,1
S323667024,Black-bellied Plover,Pluvialis squatarola,5811,5,US-WA,Clallam,L190512,Ediz Hook,48.14035,-123.44711,2026-04-18,08:22 AM,eBird - Traveling Count,154,1,4.076,,1
S323750410,Black-bellied Plover,Pluvialis squatarola,5811,2,US-WA,Clallam,L793855,Elwha River Mouth,48.1447892,-123.5671808,2026-04-18,11:32 AM,eBird - Traveling Count,130,1,.681,,1
S323134294,Black-bellied Plover,Pluvialis squatarola,5811,3,US-WA,Clallam,L6125771,Jamestown S'Klallam Tribe Center,48.0252673,-122.9962617,2026-04-17,01:14 PM,eBird - Traveling Count,73,1,1.266,,1
S324402551,Black-bellied Plover,Pluvialis squatarola,5811,20,US-WA,Clallam,L265438,Three Crabs,48.151945,-123.1222855,2026-04-19,02:15 PM,eBird - Traveling Count,74,1,.389,,1
S330689398,Black-bellied Plover,Pluvialis squatarola,5811,X,US-WA,Grays Harbor,L268372,Bottle Beach State Park,46.893277,-124.0468136,2026-05-01,03:55 PM,eBird - Traveling Count,74,1,.788,,1
S331419171,Black-bellied Plover,Pluvialis squatarola,5811,X,US-WA,Grays Harbor,L268372,Bottle Beach State Park,46.893277,-124.0468136,2026-05-02,03:04 PM,eBird - Traveling Count,112,1,1.449,,1
S330084156,Black-bellied Plover,Pluvialis squatarola,5811,X,US-WA,Grays Harbor,L276426,Grays Harbor NWR (Bowerman Basin),46.9731644,-123.9436064,2026-04-30,02:47 PM,eBird - Traveling Count,104,1,1.512,,1
S330597903,Black-bellied Plover,Pluvialis squatarola,5811,X,US-WA,Grays Harbor,L109535,Ocean Shores--Oyhut Wildlife Area,46.9444663,-124.1522412,2026-05-01,12:06 PM,eBird - Traveling Count,63,1,.63,,1
S331313814,Black-bellied Plover,Pluvialis squatarola,5811,1,US-WA,Pacific,L257976,Tokeland -- Graveyard Spit/Fisher Ave,46.7079709,-123.9877832,2026-05-02,12:55 PM,eBird - Traveling Count,14,1,.066,,1
S314045091,Pacific Golden-Plover,Pluvialis fulva,5816,3,US-HI,Kauai,L469355,Kawai'ele State Waterbird Sanctuary,22.0099791,-159.7679526,2026-03-28,07:36 AM,eBird - Traveling Count,78,1,.732,,1
S313780052,Pacific Golden-Plover,Pluvialis fulva,5816,X,US-HI,Kauai,L266182,Kilauea Point NWR,22.2316072,-159.4019778,2026-03-27,02:47 PM,eBird - Traveling Count,29,1,.836,,1
S313169342,Pacific Golden-Plover,Pluvialis fulva,5816,1,US-HI,Kauai,L1186213,Poʻipū Beach Park,21.87229,-159.4540122,2026-03-25,03:49 PM,eBird - Traveling Count,90,1,3.655,,1
S311556119,Killdeer,Charadrius vociferus,5827,1,US-WA,Adams,L455722,Para/McCain's Ponds,46.8574296,-119.1854596,2026-03-21,10:39 AM,eBird - Traveling Count,30,1,.301,,1
S356765363,Killdeer,Charadrius vociferus,5827,3,US-CA,Alameda,L8307665,Albany State Marine Reserve,37.8893242,-122.3151134,2026-06-13,07:48 AM,eBird - Traveling Count,99,1,2.71,,1
S324366340,Killdeer,Charadrius vociferus,5827,1,US-WA,Clallam,L828590,Dungeness Landing Park/Oyster House,48.1514639,-123.143456,2026-04-19,12:52 PM,eBird - Stationary Count,65,1,,,1
S322716667,Killdeer,Charadrius vociferus,5827,1,US-WA,Clallam,L29690471,Dungeness NWR,48.1463111,-123.1865094,2026-04-16,04:51 PM,eBird - Traveling Count,23,1,1.089,,1
S324301943,Killdeer,Charadrius vociferus,5827,1,US-WA,Clallam,L17270540,Dungeness River Dike Trail,48.1411863,-123.129295,2026-04-19,08:22 AM,eBird - Traveling Count,194,1,1.115,,1
S323750410,Killdeer,Charadrius vociferus,5827,2,US-WA,Clallam,L793855,Elwha River Mouth,48.1447892,-123.5671808,2026-04-18,11:32 AM,eBird - Traveling Count,130,1,.681,,1,,,,655400474
S323134294,Killdeer,Charadrius vociferus,5827,4,US-WA,Clallam,L6125771,Jamestown S'Klallam Tribe Center,48.0252673,-122.9962617,2026-04-17,01:14 PM,eBird - Traveling Count,73,1,1.266,,1
S323179015,Killdeer,Charadrius vociferus,5827,4,US-WA,Clallam,L284497,John Wayne Marina,48.0623184,-123.0416377,2026-04-17,02:38 PM,eBird - Traveling Count,99,1,.876,,1
S324402551,Killdeer,Charadrius vociferus,5827,4,US-WA,Clallam,L265438,Three Crabs,48.151945,-123.1222855,2026-04-19,02:15 PM,eBird - Traveling Count,74,1,.389,,1
S311386024,Killdeer,Charadrius vociferus,5827,5,US-WA,Grant,L1459988,Columbia NWR--Marsh Loop Trail,46.9313233,-119.2373057,2026-03-20,04:00 PM,eBird - Traveling Count,90,1,3.22,,1
S311113230,Killdeer,Charadrius vociferus,5827,2,US-WA,Grant,L1678863,Potholes Reservoir--south half,46.991357,-119.3181243,2026-03-20,10:58 AM,eBird - Traveling Count,156,1,20.014,,1
S310816477,Killdeer,Charadrius vociferus,5827,3,US-WA,Grant,L265765,Potholes SP,46.9809077,-119.3508177,2026-03-19,05:47 PM,eBird - Traveling Count,24,1,.898,,1
S311034367,Killdeer,Charadrius vociferus,5827,4,US-WA,Grant,L265765,Potholes SP,46.9809077,-119.3508177,2026-03-20,08:17 AM,eBird - Traveling Count,76,1,2.739,,1
S311476924,Killdeer,Charadrius vociferus,5827,3,US-WA,Grant,L265765,Potholes SP,46.9809077,-119.3508177,2026-03-21,07:59 AM,eBird - Traveling Count,60,1,1.61,,1
S331419171,Killdeer,Charadrius vociferus,5827,2,US-WA,Grays Harbor,L268372,Bottle Beach State Park,46.893277,-124.0468136,2026-05-02,03:04 PM,eBird - Traveling Count,112,1,1.449,,1
S330467906,Killdeer,Charadrius vociferus,5827,1,US-WA,Grays Harbor,L1158826,Chance A La Mer SP,47.0127422,-124.1698837,2026-05-01,08:36 AM,eBird - Traveling Count,46,1,.524,,1
S330412083,Killdeer,Charadrius vociferus,5827,1,US-WA,Grays Harbor,L264861,Hoquiam STP,46.9732093,-123.9165354,2026-05-01,07:22 AM,eBird - Traveling Count,35,1,.098,,1
S330597903,Killdeer,Charadrius vociferus,5827,X,US-WA,Grays Harbor,L109535,Ocean Shores--Oyhut Wildlife Area,46.9444663,-124.1522412,2026-05-01,12:06 PM,eBird - Traveling Count,63,1,.63,,1,,,,656534790
S331882311,Killdeer,Charadrius vociferus,5827,1,US-WA,Grays Harbor,L1875831,Westhaven SP,46.9011251,-124.1268446,2026-05-03,07:27 AM,eBird - Traveling Count,99,1,1.733,,1
S285380905,Killdeer,Charadrius vociferus,5827,6,US-TX,Hidalgo,L259855,Estero Llano Grande SP WBC (LTC 054),26.1268335,-97.9578167,2025-11-20,07:13 AM,eBird - Traveling Count,60,1,.805,,9
S285225465,Killdeer,Charadrius vociferus,5827,1,US-TX,Hidalgo,L21636963,Peculiar Nest Airbnb (restricted access),26.180693,-98.272806,2025-11-18,07:00 AM,eBird - Stationary Count,40,1,,,10
S174147151,Killdeer,Charadrius vociferus,5827,X,US-WA,Jefferson,L249781,Fort Flagler SP,48.0960511,-122.7139785,2024-05-11,12:00 AM,Historical,,1,,,1
S349638499,Killdeer,Charadrius vociferus,5827,6,US-WA,Jefferson,L249781,Fort Flagler SP,48.0960511,-122.7139785,2026-05-30,08:52 AM,eBird - Traveling Count,197,1,8.735,,1,,,,658831812 658831813
S349492168,Killdeer,Charadrius vociferus,5827,1,US-WA,Jefferson,L812287,Fort Flagler SP - Campground/Beach,48.0938751,-122.7226067,2026-05-30,05:59 AM,eBird - Traveling Count,160,1,1.696,,1
S295072515,Killdeer,Charadrius vociferus,5827,6,US-WA,King,L298030,Carkeek Park,47.7126411,-122.377647,2026-01-18,04:16 PM,eBird - Traveling Count,47,1,.351,,1,,,,649179286
S299853433,Killdeer,Charadrius vociferus,5827,2,US-WA,King,L298030,Carkeek Park,47.7126411,-122.377647,2026-02-12,03:26 PM,eBird - Traveling Count,60,1,.608,,1,,,,650788467
S302817888,Killdeer,Charadrius vociferus,5827,2,US-WA,King,L298030,Carkeek Park,47.7126411,-122.377647,2026-02-21,10:55 AM,eBird - Traveling Count,122,1,.648,,1
S309235427,Killdeer,Charadrius vociferus,5827,1,US-WA,King,L298030,Carkeek Park,47.7126411,-122.377647,2026-03-14,01:56 PM,eBird - Traveling Count,69,1,.697,,1
S380318688,Killdeer,Charadrius vociferus,5827,8,US-WA,King,L2608551,Charles Richey Sr. Viewpoint,47.5726544,-122.4140185,2026-08-05,02:46 PM,eBird - Traveling Count,22,1,.145,,1,,,,662526250
S348567406,Killdeer,Charadrius vociferus,5827,2,US-WA,King,L163354,Green Lake,47.6783945,-122.3382464,2026-05-28,06:44 PM,eBird - Traveling Count,29,1,1.323,,1
S291712899,Killdeer,Charadrius vociferus,5827,X,US-WA,King,L232479,Juanita Bay Park,47.6981686,-122.2101878,2026-01-01,10:37 AM,eBird - Traveling Count,158,1,1.357,,1,,,,648016433
S296271926,Killdeer,Charadrius vociferus,5827,5,US-WA,King,L232479,Juanita Bay Park,47.6981686,-122.2101878,2026-01-25,08:10 AM,eBird - Traveling Count,222,1,1.699,,1
S306300352,Killdeer,Charadrius vociferus,5827,1,US-WA,King,L232479,Juanita Bay Park,47.6981686,-122.2101878,2026-03-05,02:46 PM,eBird - Traveling Count,61,1,1.635,,1
S175815092,Killdeer,Charadrius vociferus,5827,X,US-WA,King,L162766,Union Bay Natural Area/Montlake Fill,47.65424,-122.29137,2024-05-19,08:00 AM,eBird - Traveling Count,150,1,3.219,,1
S317515997,Killdeer,Charadrius vociferus,5827,1,US-WA,King,L162766,Union Bay Natural Area/Montlake Fill,47.65424,-122.29137,2026-04-05,10:27 AM,eBird - Traveling Count,191,1,2.366,,1
S320771289,Killdeer,Charadrius vociferus,5827,1,US-WA,King,L162766,Union Bay Natural Area/Montlake Fill,47.65424,-122.29137,2026-04-12,07:20 AM,eBird - Traveling Count,190,1,3.623,,1,,,,654861772
S310774319,Killdeer,Charadrius vociferus,5827,4,US-WA,Kittitas,L461167,Wanapum SP,46.9005541,-119.9892426,2026-03-19,02:47 PM,eBird - Traveling Count,26,1,1.33,,1,,,,653396323
S170170746,Killdeer,Charadrius vociferus,5827,X,US-WA,Skagit,L1369427,Fir Island -- Browns Slough Road,48.35381,-122.42297,2024-04-14,,Historical,,0
S319751834,Killdeer,Charadrius vociferus,5827,2,US-WA,Skagit,L476174,Skagit Wildlife Area--Wiley Slough,48.3246351,-122.3741287,2026-04-10,09:30 AM,eBird - Traveling Count,229,1,2.012,,3
S327106784,Killdeer,Charadrius vociferus,5827,3,US-WA,Snohomish,L9377619,"12th St NE, Everett",48.0077981,-122.1706841,2026-04-25,07:24 AM,eBird - Traveling Count,22,1,.324,,1,,Including a baby,,655836110
S293525790,Killdeer,Charadrius vociferus,5827,X,US-WA,Snohomish,L374380,Edmonds Marsh,47.8085287,-122.3864508,2026-01-10,11:07 AM,eBird - Traveling Count,48,1,.092,,1
S319608405,Killdeer,Charadrius vociferus,5827,3,US-WA,Snohomish,L374380,Edmonds Marsh,47.8085287,-122.3864508,2026-04-10,07:23 AM,eBird - Traveling Count,27,1,.117,,1
S297588705,Killdeer,Charadrius vociferus,5827,6,US-WA,Snohomish,L374382,Edmonds Waterfront,47.8119268,-122.3854144,2026-02-01,12:36 PM,eBird - Traveling Count,124,1,1.416,,1
S304355760,Killdeer,Charadrius vociferus,5827,5,US-WA,Snohomish,L343338,Everett Sewage Lagoons,47.9988889,-122.17,2026-02-27,08:39 AM,eBird - Traveling Count,230,1,4.811,,1,,,,651822580
S327075826,Killdeer,Charadrius vociferus,5827,4,US-WA,Snohomish,L343338,Everett Sewage Lagoons,47.9988889,-122.17,2026-04-25,06:23 AM,eBird - Traveling Count,47,1,.919,,1
S327403524,Killdeer,Charadrius vociferus,5827,1,US-WA,Snohomish,L2410089,"Home Acres Rd, Everett",47.9581889,-122.1737838,2026-04-25,03:16 PM,eBird - Stationary Count,20,1,,,1
S375605391,Killdeer,Charadrius vociferus,5827,5,US-WA,Snohomish,L343249,Stanwood Water Treatment Plant,48.2377017,-122.3611822,2026-07-23,02:41 PM,eBird - Traveling Count,163,1,.511,,1
S332089254,Killdeer,Charadrius vociferus,5827,3,US-WA,Thurston,L282253,Billy Frank Jr. Nisqually NWR,47.0812514,-122.7180576,2026-05-03,10:49 AM,eBird - Traveling Count,191,1,4.362,,1
S285814615,Semipalmated Plover,Charadrius semipalmatus,5834,X,US-CA,Alameda,L2377313,McLaughlin Eastshore SP--Albany access,37.890326,-122.314765,2025-11-23,08:40 AM,eBird - Traveling Count,86,1,2.87,,1
S330689398,Semipalmated Plover,Charadrius semipalmatus,5834,X,US-WA,Grays Harbor,L268372,Bottle Beach State Park,46.893277,-124.0468136,2026-05-01,03:55 PM,eBird - Traveling Count,74,1,.788,,1,,,,656534861
S331419171,Semipalmated Plover,Charadrius semipalmatus,5834,X,US-WA,Grays Harbor,L268372,Bottle Beach State Park,46.893277,-124.0468136,2026-05-02,03:04 PM,eBird - Traveling Count,112,1,1.449,,1,,,,656535002
S330084156,Semipalmated Plover,Charadrius semipalmatus,5834,X,US-WA,Grays Harbor,L276426,Grays Harbor NWR (Bowerman Basin),46.9731644,-123.9436064,2026-04-30,02:47 PM,eBird - Traveling Count,104,1,1.512,,1
S330597903,Semipalmated Plover,Charadrius semipalmatus,5834,1,US-WA,Grays Harbor,L109535,Ocean Shores--Oyhut Wildlife Area,46.9444663,-124.1522412,2026-05-01,12:06 PM,eBird - Traveling Count,63,1,.63,,1
S330514755,Semipalmated Plover,Charadrius semipalmatus,5834,X,US-WA,Grays Harbor,L168688,Ocean Shores--Pt. Brown Jetty,46.92816,-124.17397,2026-05-01,09:47 AM,eBird - Traveling Count,48,1,.3,,1,,,,656534675 656534739
S331882311,Semipalmated Plover,Charadrius semipalmatus,5834,1,US-WA,Grays Harbor,L1875831,Westhaven SP,46.9011251,-124.1268446,2026-05-03,07:27 AM,eBird - Traveling Count,99,1,1.733,,1
S331300190,Semipalmated Plover,Charadrius semipalmatus,5834,X,US-WA,Pacific,L787853,Tokeland--marina,46.7063518,-123.9671946,2026-05-02,11:23 AM,eBird - Traveling Count,81,1,.629,,1
S285380811,Piping Plover,Charadrius melodus,5836,36,US-TX,Cameron,L283726,South Padre Is.--WBC/Conv. Center/Laguna Madre Trail (LTC 035),26.1400912,-97.1748233,2025-11-20,12:53 PM,eBird - Traveling Count,120,1,1.609,,9,,,,645920434
S159175946,Masked Lapwing,Vanellus miles,5891,X,AU-NSW,Sydney,L915566,Royal Botanic Gardens (Sydney),-33.8638957,151.2167577,2023-08-19,,Historical,,1
S331099224,Snowy Plover,Anarhynchus nivosus,5941,3,US-WA,Pacific,L682593,Grayland Beach State Park,46.7880721,-124.0941381,2026-05-02,06:57 AM,eBird - Traveling Count,87,1,2.2,,1,,,,656534887 656534889
S159175691,Northern Jacana,Jacana spinosa,5988,X,MX-ROO,Cozumel,L52344353,Playa Embarcadero Cozumel,20.5122933,-86.9489744,2023-11-23,,Historical,,1
S323134294,Hudsonian Whimbrel,Numenius hudsonicus,6011,1,US-WA,Clallam,L6125771,Jamestown S'Klallam Tribe Center,48.0252673,-122.9962617,2026-04-17,01:14 PM,eBird - Traveling Count,73,1,1.266,,1
S330689398,Hudsonian Whimbrel,Numenius hudsonicus,6011,X,US-WA,Grays Harbor,L268372,Bottle Beach State Park,46.893277,-124.0468136,2026-05-01,03:55 PM,eBird - Traveling Count,74,1,.788,,1
S331419171,Hudsonian Whimbrel,Numenius hudsonicus,6011,2,US-WA,Grays Harbor,L268372,Bottle Beach State Park,46.893277,-124.0468136,2026-05-02,03:04 PM,eBird - Traveling Count,112,1,1.449,,1
S330084156,Hudsonian Whimbrel,Numenius hudsonicus,6011,X,US-WA,Grays Harbor,L276426,Grays Harbor NWR (Bowerman Basin),46.9731644,-123.9436064,2026-04-30,02:47 PM,eBird - Traveling Count,104,1,1.512,,1
S330540594,Hudsonian Whimbrel,Numenius hudsonicus,6011,2,US-WA,Grays Harbor,L43806903,Ocean Shores STP,46.931967,-124.1580575,2026-05-01,10:45 AM,eBird - Traveling Count,31,1,.413,,1
S330624973,Hudsonian Whimbrel,Numenius hudsonicus,6011,X,US-WA,Grays Harbor,L269804,Ocean Shores--Bill's Spit,46.9648907,-124.1339435,2026-05-01,01:44 PM,eBird - Traveling Count,36,1,.234,,1
S230488049,Hudsonian Whimbrel,Numenius hudsonicus,6011,X,US-WA,Jefferson,L292851,Fort Worden SP,48.1408906,-122.7680969,2025-04-27,,Historical,,1
S331313814,Hudsonian Whimbrel,Numenius hudsonicus,6011,X,US-WA,Pacific,L257976,Tokeland -- Graveyard Spit/Fisher Ave,46.7079709,-123.9877832,2026-05-02,12:55 PM,eBird - Traveling Count,14,1,.066,,1
S331300190,Hudsonian Whimbrel,Numenius hudsonicus,6011,X,US-WA,Pacific,L787853,Tokeland--marina,46.7063518,-123.9671946,2026-05-02,11:23 AM,eBird - Traveling Count,81,1,.629,,1,,,,656534904
S332089254,Hudsonian Whimbrel,Numenius hudsonicus,6011,2,US-WA,Thurston,L282253,Billy Frank Jr. Nisqually NWR,47.0812514,-122.7180576,2026-05-03,10:49 AM,eBird - Traveling Count,191,1,4.362,,1,,,,656515943
S311962514,Long-billed Curlew,Numenius americanus,6021,1,US-WA,Adams,L60790658,"798 South Reynolds Road, Othello, Washington, US (46.804, -119.155)",46.8040469,-119.155016,2026-03-22,07:28 AM,eBird - Stationary Count,9,1,,,1
S356765363,Long-billed Curlew,Numenius americanus,6021,1,US-CA,Alameda,L8307665,Albany State Marine Reserve,37.8893242,-122.3151134,2026-06-13,07:48 AM,eBird - Traveling Count,99,1,2.71,,1,,,,659894437
S285380879,Long-billed Curlew,Numenius americanus,6021,2,US-TX,Cameron,L16902016,"Buena Vista Dr, Los Fresnos US-TX (26.0906,-97.3489)",26.09059,-97.348877,2025-11-20,10:53 AM,eBird - Casual Observation,,0,,,9,,,,645920219 645920220
S285380853,Long-billed Curlew,Numenius americanus,6021,2,US-TX,Cameron,L1050482,TX48--Shrimp Basin Bridge / Zapata Memorial Boat Ramp/ San Martin Lake outlet,26.0023329,-97.2999001,2025-11-20,11:26 AM,eBird - Stationary Count,20,1,,,9
S285226087,Long-billed Curlew,Numenius americanus,6021,1,US-TX,Hidalgo,L129085,Santa Ana NWR (LTC 059),26.0813003,-98.1351399,2025-11-19,07:24 AM,eBird - Traveling Count,200,1,2.414,,9
S260179135,Eurasian Curlew,Numenius arquata,6026,X,CH-VD,,L975146,Fanel--Centre Nature Birdlife de La Sauge (paid reserve only),46.9745902,7.0519057,2025-07-13,,Historical,,0
S356765363,Marbled Godwit,Limosa fedoa,6051,20,US-CA,Alameda,L8307665,Albany State Marine Reserve,37.8893242,-122.3151134,2026-06-13,07:48 AM,eBird - Traveling Count,99,1,2.71,,1
S285814615,Marbled Godwit,Limosa fedoa,6051,X,US-CA,Alameda,L2377313,McLaughlin Eastshore SP--Albany access,37.890326,-122.314765,2025-11-23,08:40 AM,eBird - Traveling Count,86,1,2.87,,1
S330624973,Marbled Godwit,Limosa fedoa,6051,2,US-WA,Grays Harbor,L269804,Ocean Shores--Bill's Spit,46.9648907,-124.1339435,2026-05-01,01:44 PM,eBird - Traveling Count,36,1,.234,,1
S330514755,Marbled Godwit,Limosa fedoa,6051,4,US-WA,Grays Harbor,L168688,Ocean Shores--Pt. Brown Jetty,46.92816,-124.17397,2026-05-01,09:47 AM,eBird - Traveling Count,48,1,.3,,1,,,,656534659
S331313814,Marbled Godwit,Limosa fedoa,6051,X,US-WA,Pacific,L257976,Tokeland -- Graveyard Spit/Fisher Ave,46.7079709,-123.9877832,2026-05-02,12:55 PM,eBird - Traveling Count,14,1,.066,,1
S331300190,Marbled Godwit,Limosa fedoa,6051,X,US-WA,Pacific,L787853,Tokeland--marina,46.7063518,-123.9671946,2026-05-02,11:23 AM,eBird - Traveling Count,81,1,.629,,1,,,,656534913 656534914
S285380811,Short-billed Dowitcher,Limnodromus griseus,6057,6,US-TX,Cameron,L283726,South Padre Is.--WBC/Conv. Center/Laguna Madre Trail (LTC 035),26.1400912,-97.1748233,2025-11-20,12:53 PM,eBird - Traveling Count,120,1,1.609,,9
S323667024,Short-billed Dowitcher,Limnodromus griseus,6057,3,US-WA,Clallam,L190512,Ediz Hook,48.14035,-123.44711,2026-04-18,08:22 AM,eBird - Traveling Count,154,1,4.076,,1
S323750410,Short-billed Dowitcher,Limnodromus griseus,6057,1,US-WA,Clallam,L793855,Elwha River Mouth,48.1447892,-123.5671808,2026-04-18,11:32 AM,eBird - Traveling Count,130,1,.681,,1
S330689398,Short-billed Dowitcher,Limnodromus griseus,6057,X,US-WA,Grays Harbor,L268372,Bottle Beach State Park,46.893277,-124.0468136,2026-05-01,03:55 PM,eBird - Traveling Count,74,1,.788,,1
S331419171,Short-billed Dowitcher,Limnodromus griseus,6057,X,US-WA,Grays Harbor,L268372,Bottle Beach State Park,46.893277,-124.0468136,2026-05-02,03:04 PM,eBird - Traveling Count,112,1,1.449,,1
S330597903,Short-billed Dowitcher,Limnodromus griseus,6057,5,US-WA,Grays Harbor,L109535,Ocean Shores--Oyhut Wildlife Area,46.9444663,-124.1522412,2026-05-01,12:06 PM,eBird - Traveling Count,63,1,.63,,1
S331313814,Short-billed Dowitcher,Limnodromus griseus,6057,X,US-WA,Pacific,L257976,Tokeland -- Graveyard Spit/Fisher Ave,46.7079709,-123.9877832,2026-05-02,12:55 PM,eBird - Traveling Count,14,1,.066,,1
S331300190,Short-billed Dowitcher,Limnodromus griseus,6057,3,US-WA,Pacific,L787853,Tokeland--marina,46.7063518,-123.9671946,2026-05-02,11:23 AM,eBird - Traveling Count,81,1,.629,,1,,,,656534930
S324402551,Long-billed Dowitcher,Limnodromus scolopaceus,6061,5,US-WA,Clallam,L265438,Three Crabs,48.151945,-123.1222855,2026-04-19,02:15 PM,eBird - Traveling Count,74,1,.389,,1,,,,655400070
S278673753,Long-billed Dowitcher,Limnodromus scolopaceus,6061,X,US-WA,King,L232479,Juanita Bay Park,47.6981686,-122.2101878,2025-10-11,08:44 AM,eBird - Traveling Count,160,1,1.308,,1
S295207120,Long-billed Dowitcher,Limnodromus scolopaceus,6061,20,US-WA,Skagit,L469546,Skagit Wildlife Area--Fir Island Farm Reserve (Hayton Reserve),48.3356338,-122.4131659,2026-01-19,10:32 AM,eBird - Traveling Count,32,1,.439,,1,,,,649261957
S376877165,Long-billed Dowitcher,Limnodromus scolopaceus,6061,33,US-WA,Snohomish,L343249,Stanwood Water Treatment Plant,48.2377017,-122.3611822,2026-07-26,07:23 PM,eBird - Traveling Count,88,1,.235,,1,,,,662145463 662145464
S324366340,Short-billed/Long-billed Dowitcher,Limnodromus griseus/scolopaceus,6062,4,US-WA,Clallam,L828590,Dungeness Landing Park/Oyster House,48.1514639,-123.143456,2026-04-19,12:52 PM,eBird - Stationary Count,65,1,,,1
S312035095,Wilson's Snipe,Gallinago delicata,6104,4,US-WA,Adams,L60805356,"West Gillis Road, Othello, Washington, US (46.81, -119.347)",46.8100099,-119.347446,2026-03-22,08:19 AM,eBird - Traveling Count,57,1,.973,,1
S324301943,Wilson's Snipe,Gallinago delicata,6104,5,US-WA,Clallam,L17270540,Dungeness River Dike Trail,48.1411863,-123.129295,2026-04-19,08:22 AM,eBird - Traveling Count,194,1,1.115,,1
S323179015,Wilson's Snipe,Gallinago delicata,6104,2,US-WA,Clallam,L284497,John Wayne Marina,48.0623184,-123.0416377,2026-04-17,02:38 PM,eBird - Traveling Count,99,1,.876,,1
S285380905,Wilson's Snipe,Gallinago delicata,6104,1,US-TX,Hidalgo,L259855,Estero Llano Grande SP WBC (LTC 054),26.1268335,-97.9578167,2025-11-20,07:13 AM,eBird - Traveling Count,60,1,.805,,9
S285226087,Wilson's Snipe,Gallinago delicata,6104,20,US-TX,Hidalgo,L129085,Santa Ana NWR (LTC 059),26.0813003,-98.1351399,2025-11-19,07:24 AM,eBird - Traveling Count,200,1,2.414,,9
S278673753,Wilson's Snipe,Gallinago delicata,6104,1,US-WA,King,L232479,Juanita Bay Park,47.6981686,-122.2101878,2025-10-11,08:44 AM,eBird - Traveling Count,160,1,1.308,,1
S291712899,Wilson's Snipe,Gallinago delicata,6104,X,US-WA,King,L232479,Juanita Bay Park,47.6981686,-122.2101878,2026-01-01,10:37 AM,eBird - Traveling Count,158,1,1.357,,1,,,,648016444
S162051939,Wilson's Snipe,Gallinago delicata,6104,2,US-WA,King,L472642,Meadowbrook Pond,47.7058052,-122.2889256,2024-02-18,08:20 AM,eBird - Stationary Count,30,0,,,1
S164380841,Wilson's Snipe,Gallinago delicata,6104,X,US-WA,Skagit,L1369427,Fir Island -- Browns Slough Road,48.35381,-122.42297,2024-03-10,09:00 AM,eBird - Traveling Count,180,0,1.609,,6
S304355760,Wilson's Snipe,Gallinago delicata,6104,1,US-WA,Snohomish,L343338,Everett Sewage Lagoons,47.9988889,-122.17,2026-02-27,08:39 AM,eBird - Traveling Count,230,1,4.811,,1,,,,651822585
S285380811,Spotted Sandpiper,Actitis macularius,6126,1,US-TX,Cameron,L283726,South Padre Is.--WBC/Conv. Center/Laguna Madre Trail (LTC 035),26.1400912,-97.1748233,2025-11-20,12:53 PM,eBird - Traveling Count,120,1,1.609,,9
S323789056,Spotted Sandpiper,Actitis macularius,6126,1,US-WA,Clallam,L894831,Freshwater Bay,48.1461024,-123.6414242,2026-04-18,02:00 PM,eBird - Traveling Count,75,1,.617,,1
S285225846,Spotted Sandpiper,Actitis macularius,6126,1,US-TX,Hidalgo,L246727,Anzalduas Park (LTC 068),26.1384105,-98.3327866,2025-11-18,11:32 AM,eBird - Traveling Count,65,1,1.609,,9
S174147151,Spotted Sandpiper,Actitis macularius,6126,X,US-WA,Jefferson,L249781,Fort Flagler SP,48.0960511,-122.7139785,2024-05-11,12:00 AM,Historical,,1,,,1
S328240734,Spotted Sandpiper,Actitis macularius,6126,1,US-WA,King,L31102692,Pioneer Square Habitat Beach,47.6012582,-122.336379,2026-04-26,07:30 PM,eBird - Casual Observation,,0,,,1
S371256974,Spotted Sandpiper,Actitis macularius,6126,1,US-WA,Snohomish,L4444849,Riverview Wildlife Refuge / Snohomish Wastewater Treatment Plant,47.9165434,-122.1100652,2026-07-12,07:30 AM,eBird - Traveling Count,139,1,1.581,,1
S375605391,Spotted Sandpiper,Actitis macularius,6126,2,US-WA,Snohomish,L343249,Stanwood Water Treatment Plant,48.2377017,-122.3611822,2026-07-23,02:41 PM,eBird - Traveling Count,163,1,.511,,1,,,,661835235 661835236
S376877165,Spotted Sandpiper,Actitis macularius,6126,1,US-WA,Snohomish,L343249,Stanwood Water Treatment Plant,48.2377017,-122.3611822,2026-07-26,07:23 PM,eBird - Traveling Count,88,1,.235,,1
S282214936,Spotted Sandpiper,Actitis macularius,6126,X,US-WA,Thurston,L282253,Billy Frank Jr. Nisqually NWR,47.0812514,-122.7180576,2025-10-31,09:53 AM,eBird - Traveling Count,193,1,3.491,,1
S216534367,Spotted Sandpiper,Actitis macularius,6126,X,AG-,,L3680262,Antigua and Barbuda,17.2705798,-61.7982655,2025-02-28,,Historical,,1
S216534184,Spotted Sandpiper,Actitis macularius,6126,X,DM-,,L3821759,Dominica,15.4345023,-61.3499744,2025-02-27,,Historical,,1
S314045091,Wandering Tattler,Tringa incana,6134,1,US-HI,Kauai,L469355,Kawai'ele State Waterbird Sanctuary,22.0099791,-159.7679526,2026-03-28,07:36 AM,eBird - Traveling Count,78,1,.732,,1
S380318688,Wandering Tattler,Tringa incana,6134,1,US-WA,King,L2608551,Charles Richey Sr. Viewpoint,47.5726544,-122.4140185,2026-08-05,02:46 PM,eBird - Traveling Count,22,1,.145,,1,,Large gray shorebird by the jetty. Will add photos,,662526259
S216534367,Lesser Yellowlegs,Tringa flavipes,6145,X,AG-,,L3680262,Antigua and Barbuda,17.2705798,-61.7982655,2025-02-28,,Historical,,1
S285814615,Willet,Tringa semipalmata,6147,X,US-CA,Alameda,L2377313,McLaughlin Eastshore SP--Albany access,37.890326,-122.314765,2025-11-23,08:40 AM,eBird - Traveling Count,86,1,2.87,,1
S285380811,Willet,Tringa semipalmata,6147,20,US-TX,Cameron,L283726,South Padre Is.--WBC/Conv. Center/Laguna Madre Trail (LTC 035),26.1400912,-97.1748233,2025-11-20,12:53 PM,eBird - Traveling Count,120,1,1.609,,9
S285380853,Willet,Tringa semipalmata,6147,6,US-TX,Cameron,L1050482,TX48--Shrimp Basin Bridge / Zapata Memorial Boat Ramp/ San Martin Lake outlet,26.0023329,-97.2999001,2025-11-20,11:26 AM,eBird - Stationary Count,20,1,,,9,,,,645920253
S159175691,Willet,Tringa semipalmata,6147,X,MX-ROO,Cozumel,L52344353,Playa Embarcadero Cozumel,20.5122933,-86.9489744,2023-11-23,,Historical,,1
S324366340,Greater Yellowlegs,Tringa melanoleuca,6154,2,US-WA,Clallam,L828590,Dungeness Landing Park/Oyster House,48.1514639,-123.143456,2026-04-19,12:52 PM,eBird - Stationary Count,65,1,,,1
S322716667,Greater Yellowlegs,Tringa melanoleuca,6154,1,US-WA,Clallam,L29690471,Dungeness NWR,48.1463111,-123.1865094,2026-04-16,04:51 PM,eBird - Traveling Count,23,1,1.089,,1
S323667024,Greater Yellowlegs,Tringa melanoleuca,6154,1,US-WA,Clallam,L190512,Ediz Hook,48.14035,-123.44711,2026-04-18,08:22 AM,eBird - Traveling Count,154,1,4.076,,1
S323750410,Greater Yellowlegs,Tringa melanoleuca,6154,1,US-WA,Clallam,L793855,Elwha River Mouth,48.1447892,-123.5671808,2026-04-18,11:32 AM,eBird - Traveling Count,130,1,.681,,1
S330689398,Greater Yellowlegs,Tringa melanoleuca,6154,X,US-WA,Grays Harbor,L268372,Bottle Beach State Park,46.893277,-124.0468136,2026-05-01,03:55 PM,eBird - Traveling Count,74,1,.788,,1
S331419171,Greater Yellowlegs,Tringa melanoleuca,6154,4,US-WA,Grays Harbor,L268372,Bottle Beach State Park,46.893277,-124.0468136,2026-05-02,03:04 PM,eBird - Traveling Count,112,1,1.449,,1
S285226087,Greater Yellowlegs,Tringa melanoleuca,6154,3,US-TX,Hidalgo,L129085,Santa Ana NWR (LTC 059),26.0813003,-98.1351399,2025-11-19,07:24 AM,eBird - Traveling Count,200,1,2.414,,9
S210098446,Greater Yellowlegs,Tringa melanoleuca,6154,X,US-WA,Kitsap,L5548250,Appletree Cove--Marina Boat Ramp,47.7965336,-122.4993476,2025-01-20,02:42 PM,eBird - Casual Observation,,0,,,1
S331300190,Greater Yellowlegs,Tringa melanoleuca,6154,1,US-WA,Pacific,L787853,Tokeland--marina,46.7063518,-123.9671946,2026-05-02,11:23 AM,eBird - Traveling Count,81,1,.629,,1
S319751834,Greater Yellowlegs,Tringa melanoleuca,6154,6,US-WA,Skagit,L476174,Skagit Wildlife Area--Wiley Slough,48.3246351,-122.3741287,2026-04-10,09:30 AM,eBird - Traveling Count,229,1,2.012,,3,,,,654685473
S304355760,Greater Yellowlegs,Tringa melanoleuca,6154,2,US-WA,Snohomish,L343338,Everett Sewage Lagoons,47.9988889,-122.17,2026-02-27,08:39 AM,eBird - Traveling Count,230,1,4.811,,1,,,,651822587
S327075826,Greater Yellowlegs,Tringa melanoleuca,6154,1,US-WA,Snohomish,L343338,Everett Sewage Lagoons,47.9988889,-122.17,2026-04-25,06:23 AM,eBird - Traveling Count,47,1,.919,,1
S327403524,Greater Yellowlegs,Tringa melanoleuca,6154,4,US-WA,Snohomish,L2410089,"Home Acres Rd, Everett",47.9581889,-122.1737838,2026-04-25,03:16 PM,eBird - Stationary Count,20,1,,,1
S282214936,Greater Yellowlegs,Tringa melanoleuca,6154,X,US-WA,Thurston,L282253,Billy Frank Jr. Nisqually NWR,47.0812514,-122.7180576,2025-10-31,09:53 AM,eBird - Traveling Count,193,1,3.491,,1,,,,644443608
S291455322,Greater Yellowlegs,Tringa melanoleuca,6154,X,US-WA,Thurston,L282253,Billy Frank Jr. Nisqually NWR,47.0812514,-122.7180576,2025-12-31,08:11 AM,eBird - Traveling Count,256,1,3.231,,1,,,,648016600
S332089254,Greater Yellowlegs,Tringa melanoleuca,6154,1,US-WA,Thurston,L282253,Billy Frank Jr. Nisqually NWR,47.0812514,-122.7180576,2026-05-03,10:49 AM,eBird - Traveling Count,191,1,4.362,,1,,,,656515948
S285380811,Ruddy Turnstone,Arenaria interpres,6161,2,US-TX,Cameron,L283726,South Padre Is.--WBC/Conv. Center/Laguna Madre Trail (LTC 035),26.1400912,-97.1748233,2025-11-20,12:53 PM,eBird - Traveling Count,120,1,1.609,,9
S285380853,Ruddy Turnstone,Arenaria interpres,6161,3,US-TX,Cameron,L1050482,TX48--Shrimp Basin Bridge / Zapata Memorial Boat Ramp/ San Martin Lake outlet,26.0023329,-97.2999001,2025-11-20,11:26 AM,eBird - Stationary Count,20,1,,,9,,,,645920262
S331419171,Ruddy Turnstone,Arenaria interpres,6161,2,US-WA,Grays Harbor,L268372,Bottle Beach State Park,46.893277,-124.0468136,2026-05-02,03:04 PM,eBird - Traveling Count,112,1,1.449,,1
S330514755,Ruddy Turnstone,Arenaria interpres,6161,X,US-WA,Grays Harbor,L168688,Ocean Shores--Pt. Brown Jetty,46.92816,-124.17397,2026-05-01,09:47 AM,eBird - Traveling Count,48,1,.3,,1
S314045091,Ruddy Turnstone,Arenaria interpres,6161,8,US-HI,Kauai,L469355,Kawai'ele State Waterbird Sanctuary,22.0099791,-159.7679526,2026-03-28,07:36 AM,eBird - Traveling Count,78,1,.732,,1
S323667024,Black Turnstone,Arenaria melanocephala,6164,3,US-WA,Clallam,L190512,Ediz Hook,48.14035,-123.44711,2026-04-18,08:22 AM,eBird - Traveling Count,154,1,4.076,,1
S323075329,Black Turnstone,Arenaria melanocephala,6164,3,US-WA,Clallam,L894831,Freshwater Bay,48.1461024,-123.6414242,2026-04-17,09:39 AM,eBird - Traveling Count,130,1,5.296,,1
S323830718,Black Turnstone,Arenaria melanocephala,6164,4,US-WA,Clallam,L234894,Salt Creek County Park,48.1631912,-123.6972883,2026-04-18,03:36 PM,eBird - Traveling Count,91,1,1.638,,1
S330514755,Black Turnstone,Arenaria melanocephala,6164,X,US-WA,Grays Harbor,L168688,Ocean Shores--Pt. Brown Jetty,46.92816,-124.17397,2026-05-01,09:47 AM,eBird - Traveling Count,48,1,.3,,1
S331882311,Black Turnstone,Arenaria melanocephala,6164,4,US-WA,Grays Harbor,L1875831,Westhaven SP,46.9011251,-124.1268446,2026-05-03,07:27 AM,eBird - Traveling Count,99,1,1.733,,1,,,,656535025
S330689398,Red Knot,Calidris canutus,6166,X,US-WA,Grays Harbor,L268372,Bottle Beach State Park,46.893277,-124.0468136,2026-05-01,03:55 PM,eBird - Traveling Count,74,1,.788,,1
S331419171,Red Knot,Calidris canutus,6166,2,US-WA,Grays Harbor,L268372,Bottle Beach State Park,46.893277,-124.0468136,2026-05-02,03:04 PM,eBird - Traveling Count,112,1,1.449,,1
S330084156,Red Knot,Calidris canutus,6166,X,US-WA,Grays Harbor,L276426,Grays Harbor NWR (Bowerman Basin),46.9731644,-123.9436064,2026-04-30,02:47 PM,eBird - Traveling Count,104,1,1.512,,1
S323667024,Surfbird,Calidris virgata,6174,1,US-WA,Clallam,L190512,Ediz Hook,48.14035,-123.44711,2026-04-18,08:22 AM,eBird - Traveling Count,154,1,4.076,,1
S330514755,Surfbird,Calidris virgata,6174,X,US-WA,Grays Harbor,L168688,Ocean Shores--Pt. Brown Jetty,46.92816,-124.17397,2026-05-01,09:47 AM,eBird - Traveling Count,48,1,.3,,1
S285380811,Sanderling,Calidris alba,6189,40,US-TX,Cameron,L283726,South Padre Is.--WBC/Conv. Center/Laguna Madre Trail (LTC 035),26.1400912,-97.1748233,2025-11-20,12:53 PM,eBird - Traveling Count,120,1,1.609,,9
S323667024,Sanderling,Calidris alba,6189,1,US-WA,Clallam,L190512,Ediz Hook,48.14035,-123.44711,2026-04-18,08:22 AM,eBird - Traveling Count,154,1,4.076,,1
S324402551,Sanderling,Calidris alba,6189,30,US-WA,Clallam,L265438,Three Crabs,48.151945,-123.1222855,2026-04-19,02:15 PM,eBird - Traveling Count,74,1,.389,,1,,,,655400102
S330467906,Sanderling,Calidris alba,6189,2,US-WA,Grays Harbor,L1158826,Chance A La Mer SP,47.0127422,-124.1698837,2026-05-01,08:36 AM,eBird - Traveling Count,46,1,.524,,1
S330514755,Sanderling,Calidris alba,6189,X,US-WA,Grays Harbor,L168688,Ocean Shores--Pt. Brown Jetty,46.92816,-124.17397,2026-05-01,09:47 AM,eBird - Traveling Count,48,1,.3,,1,,,,656534579 656534746
S314045091,Sanderling,Calidris alba,6189,1,US-HI,Kauai,L469355,Kawai'ele State Waterbird Sanctuary,22.0099791,-159.7679526,2026-03-28,07:36 AM,eBird - Traveling Count,78,1,.732,,1
S331099224,Sanderling,Calidris alba,6189,X,US-WA,Pacific,L682593,Grayland Beach State Park,46.7880721,-124.0941381,2026-05-02,06:57 AM,eBird - Traveling Count,87,1,2.2,,1
S285380811,Dunlin,Calidris alpina,6192,80,US-TX,Cameron,L283726,South Padre Is.--WBC/Conv. Center/Laguna Madre Trail (LTC 035),26.1400912,-97.1748233,2025-11-20,12:53 PM,eBird - Traveling Count,120,1,1.609,,9
S324402551,Dunlin,Calidris alpina,6192,20,US-WA,Clallam,L265438,Three Crabs,48.151945,-123.1222855,2026-04-19,02:15 PM,eBird - Traveling Count,74,1,.389,,1
S330689398,Dunlin,Calidris alpina,6192,X,US-WA,Grays Harbor,L268372,Bottle Beach State Park,46.893277,-124.0468136,2026-05-01,03:55 PM,eBird - Traveling Count,74,1,.788,,1
S331419171,Dunlin,Calidris alpina,6192,X,US-WA,Grays Harbor,L268372,Bottle Beach State Park,46.893277,-124.0468136,2026-05-02,03:04 PM,eBird - Traveling Count,112,1,1.449,,1
S330084156,Dunlin,Calidris alpina,6192,X,US-WA,Grays Harbor,L276426,Grays Harbor NWR (Bowerman Basin),46.9731644,-123.9436064,2026-04-30,02:47 PM,eBird - Traveling Count,104,1,1.512,,1
S330624973,Dunlin,Calidris alpina,6192,X,US-WA,Grays Harbor,L269804,Ocean Shores--Bill's Spit,46.9648907,-124.1339435,2026-05-01,01:44 PM,eBird - Traveling Count,36,1,.234,,1
S314045091,Dunlin,Calidris alpina,6192,1,US-HI,Kauai,L469355,Kawai'ele State Waterbird Sanctuary,22.0099791,-159.7679526,2026-03-28,07:36 AM,eBird - Traveling Count,78,1,.732,,1,,Small shorebird with light belly and long slightly curved bill. Will upload photo later,,653700922
S331099224,Dunlin,Calidris alpina,6192,2,US-WA,Pacific,L682593,Grayland Beach State Park,46.7880721,-124.0941381,2026-05-02,06:57 AM,eBird - Traveling Count,87,1,2.2,,1
S331313814,Dunlin,Calidris alpina,6192,X,US-WA,Pacific,L257976,Tokeland -- Graveyard Spit/Fisher Ave,46.7079709,-123.9877832,2026-05-02,12:55 PM,eBird - Traveling Count,14,1,.066,,1
S331300190,Dunlin,Calidris alpina,6192,X,US-WA,Pacific,L787853,Tokeland--marina,46.7063518,-123.9671946,2026-05-02,11:23 AM,eBird - Traveling Count,81,1,.629,,1,,,,656534944
S164380841,Dunlin,Calidris alpina,6192,X,US-WA,Skagit,L1369427,Fir Island -- Browns Slough Road,48.35381,-122.42297,2024-03-10,09:00 AM,eBird - Traveling Count,180,0,1.609,,6
S295207120,Dunlin,Calidris alpina,6192,60,US-WA,Skagit,L469546,Skagit Wildlife Area--Fir Island Farm Reserve (Hayton Reserve),48.3356338,-122.4131659,2026-01-19,10:32 AM,eBird - Traveling Count,32,1,.439,,1,,,,649261961
S295226157,Dunlin,Calidris alpina,6192,10,US-WA,Skagit,L476174,Skagit Wildlife Area--Wiley Slough,48.3246351,-122.3741287,2026-01-19,11:25 AM,eBird - Traveling Count,72,1,.891,,1
S285814615,Least Sandpiper,Calidris minutilla,6226,X,US-CA,Alameda,L2377313,McLaughlin Eastshore SP--Albany access,37.890326,-122.314765,2025-11-23,08:40 AM,eBird - Traveling Count,86,1,2.87,,1
S324402551,Least Sandpiper,Calidris minutilla,6226,2,US-WA,Clallam,L265438,Three Crabs,48.151945,-123.1222855,2026-04-19,02:15 PM,eBird - Traveling Count,74,1,.389,,1,,,,655400091
S159175691,Least Sandpiper,Calidris minutilla,6226,X,MX-ROO,Cozumel,L52344353,Playa Embarcadero Cozumel,20.5122933,-86.9489744,2023-11-23,,Historical,,1
S330467906,Least Sandpiper,Calidris minutilla,6226,7,US-WA,Grays Harbor,L1158826,Chance A La Mer SP,47.0127422,-124.1698837,2026-05-01,08:36 AM,eBird - Traveling Count,46,1,.524,,1,,,,656534562
S330412083,Least Sandpiper,Calidris minutilla,6226,6,US-WA,Grays Harbor,L264861,Hoquiam STP,46.9732093,-123.9165354,2026-05-01,07:22 AM,eBird - Traveling Count,35,1,.098,,1
S330540594,Least Sandpiper,Calidris minutilla,6226,X,US-WA,Grays Harbor,L43806903,Ocean Shores STP,46.931967,-124.1580575,2026-05-01,10:45 AM,eBird - Traveling Count,31,1,.413,,1
S330597903,Least Sandpiper,Calidris minutilla,6226,X,US-WA,Grays Harbor,L109535,Ocean Shores--Oyhut Wildlife Area,46.9444663,-124.1522412,2026-05-01,12:06 PM,eBird - Traveling Count,63,1,.63,,1
S380318688,Least Sandpiper,Calidris minutilla,6226,4,US-WA,King,L2608551,Charles Richey Sr. Viewpoint,47.5726544,-122.4140185,2026-08-05,02:46 PM,eBird - Traveling Count,22,1,.145,,1,,,,662526254 662526255
S331099224,Least Sandpiper,Calidris minutilla,6226,X,US-WA,Pacific,L682593,Grayland Beach State Park,46.7880721,-124.0941381,2026-05-02,06:57 AM,eBird - Traveling Count,87,1,2.2,,1
S331300190,Least Sandpiper,Calidris minutilla,6226,X,US-WA,Pacific,L787853,Tokeland--marina,46.7063518,-123.9671946,2026-05-02,11:23 AM,eBird - Traveling Count,81,1,.629,,1,,,,656534941
S291455322,Least Sandpiper,Calidris minutilla,6226,X,US-WA,Thurston,L282253,Billy Frank Jr. Nisqually NWR,47.0812514,-122.7180576,2025-12-31,08:11 AM,eBird - Traveling Count,256,1,3.231,,1,,,,648016626
S324402551,Western Sandpiper,Calidris mauri,6231,10,US-WA,Clallam,L265438,Three Crabs,48.151945,-123.1222855,2026-04-19,02:15 PM,eBird - Traveling Count,74,1,.389,,1
S330689398,Western Sandpiper,Calidris mauri,6231,X,US-WA,Grays Harbor,L268372,Bottle Beach State Park,46.893277,-124.0468136,2026-05-01,03:55 PM,eBird - Traveling Count,74,1,.788,,1
S331419171,Western Sandpiper,Calidris mauri,6231,X,US-WA,Grays Harbor,L268372,Bottle Beach State Park,46.893277,-124.0468136,2026-05-02,03:04 PM,eBird - Traveling Count,112,1,1.449,,1,,,,656535005 656535011
S330084156,Western Sandpiper,Calidris mauri,6231,X,US-WA,Grays Harbor,L276426,Grays Harbor NWR (Bowerman Basin),46.9731644,-123.9436064,2026-04-30,02:47 PM,eBird - Traveling Count,104,1,1.512,,1
S330624973,Western Sandpiper,Calidris mauri,6231,X,US-WA,Grays Harbor,L269804,Ocean Shores--Bill's Spit,46.9648907,-124.1339435,2026-05-01,01:44 PM,eBird - Traveling Count,36,1,.234,,1,,,,656534817 656534818 656534820
S330597903,Western Sandpiper,Calidris mauri,6231,X,US-WA,Grays Harbor,L109535,Ocean Shores--Oyhut Wildlife Area,46.9444663,-124.1522412,2026-05-01,12:06 PM,eBird - Traveling Count,63,1,.63,,1
S330514755,Western Sandpiper,Calidris mauri,6231,X,US-WA,Grays Harbor,L168688,Ocean Shores--Pt. Brown Jetty,46.92816,-124.17397,2026-05-01,09:47 AM,eBird - Traveling Count,48,1,.3,,1
S230488049,Western Sandpiper,Calidris mauri,6231,X,US-WA,Jefferson,L292851,Fort Worden SP,48.1408906,-122.7680969,2025-04-27,,Historical,,1
S331099224,Western Sandpiper,Calidris mauri,6231,X,US-WA,Pacific,L682593,Grayland Beach State Park,46.7880721,-124.0941381,2026-05-02,06:57 AM,eBird - Traveling Count,87,1,2.2,,1
S331300190,Western Sandpiper,Calidris mauri,6231,X,US-WA,Pacific,L787853,Tokeland--marina,46.7063518,-123.9671946,2026-05-02,11:23 AM,eBird - Traveling Count,81,1,.629,,1
S323667024,Rhinoceros Auklet,Cerorhinca monocerata,6377,3,US-WA,Clallam,L190512,Ediz Hook,48.14035,-123.44711,2026-04-18,08:22 AM,eBird - Traveling Count,154,1,4.076,,1
S323179015,Rhinoceros Auklet,Cerorhinca monocerata,6377,4,US-WA,Clallam,L284497,John Wayne Marina,48.0623184,-123.0416377,2026-04-17,02:38 PM,eBird - Traveling Count,99,1,.876,,1,,,,655400699
S354810704,Rhinoceros Auklet,Cerorhinca monocerata,6377,X,US-WA,Island,L7706326,Smith Island,48.318233,-122.8410187,2026-05-30,04:00 PM,eBird - Traveling Count,60,1,8.047,,40,,,Puget Sound Express Puffin Tour
S349638499,Rhinoceros Auklet,Cerorhinca monocerata,6377,10,US-WA,Jefferson,L249781,Fort Flagler SP,48.0960511,-122.7139785,2026-05-30,08:52 AM,eBird - Traveling Count,197,1,8.735,,1
S170170657,Rhinoceros Auklet,Cerorhinca monocerata,6377,X,US-WA,Skagit,L1597257,Rosario Strait (Skagit Co.),48.5218613,-122.7014927,2024-04-14,,Historical,,0
S354810704,Tufted Puffin,Fratercula cirrhata,6378,X,US-WA,Island,L7706326,Smith Island,48.318233,-122.8410187,2026-05-30,04:00 PM,eBird - Traveling Count,60,1,8.047,,40,,See photos,Puget Sound Express Puffin Tour,659365539 659365540
S182684618,Atlantic Puffin,Fratercula arctica,6379,X,GB-WLS,Pembrokeshire,L1067540,Skomer Island,51.7374472,-5.2943802,2024-06-20,11:12 AM,eBird - Traveling Count,278,1,7.403,,1
S354810704,Horned Puffin,Fratercula corniculata,6383,1,US-WA,Island,L7706326,Smith Island,48.318233,-122.8410187,2026-05-30,04:00 PM,eBird - Traveling Count,60,1,8.047,,40,,See photos,Puget Sound Express Puffin Tour,659365551 659365552
S323667024,Marbled Murrelet,Brachyramphus marmoratus,6395,2,US-WA,Clallam,L190512,Ediz Hook,48.14035,-123.44711,2026-04-18,08:22 AM,eBird - Traveling Count,154,1,4.076,,1,,,,655400549
S323179015,Marbled Murrelet,Brachyramphus marmoratus,6395,1,US-WA,Clallam,L284497,John Wayne Marina,48.0623184,-123.0416377,2026-04-17,02:38 PM,eBird - Traveling Count,99,1,.876,,1
S354810704,Marbled Murrelet,Brachyramphus marmoratus,6395,X,US-WA,Island,L7706326,Smith Island,48.318233,-122.8410187,2026-05-30,04:00 PM,eBird - Traveling Count,60,1,8.047,,40,,,Puget Sound Express Puffin Tour,659365556
S350375761,Marbled Murrelet,Brachyramphus marmoratus,6395,2,US-WA,Kitsap,L109542,Point No Point,47.9118696,-122.5283182,2026-05-31,10:28 AM,eBird - Traveling Count,63,1,1.052,,1,,,,658831478
S323667024,Pigeon Guillemot,Cepphus columba,6404,1,US-WA,Clallam,L190512,Ediz Hook,48.14035,-123.44711,2026-04-18,08:22 AM,eBird - Traveling Count,154,1,4.076,,1
S323075329,Pigeon Guillemot,Cepphus columba,6404,4,US-WA,Clallam,L894831,Freshwater Bay,48.1461024,-123.6414242,2026-04-17,09:39 AM,eBird - Traveling Count,130,1,5.296,,1
S323789056,Pigeon Guillemot,Cepphus columba,6404,4,US-WA,Clallam,L894831,Freshwater Bay,48.1461024,-123.6414242,2026-04-18,02:00 PM,eBird - Traveling Count,75,1,.617,,1
S323179015,Pigeon Guillemot,Cepphus columba,6404,2,US-WA,Clallam,L284497,John Wayne Marina,48.0623184,-123.0416377,2026-04-17,02:38 PM,eBird - Traveling Count,99,1,.876,,1
S354810704,Pigeon Guillemot,Cepphus columba,6404,X,US-WA,Island,L7706326,Smith Island,48.318233,-122.8410187,2026-05-30,04:00 PM,eBird - Traveling Count,60,1,8.047,,40,,,Puget Sound Express Puffin Tour
S174147151,Pigeon Guillemot,Cepphus columba,6404,X,US-WA,Jefferson,L249781,Fort Flagler SP,48.0960511,-122.7139785,2024-05-11,12:00 AM,Historical,,1,,,1
S349638499,Pigeon Guillemot,Cepphus columba,6404,28,US-WA,Jefferson,L249781,Fort Flagler SP,48.0960511,-122.7139785,2026-05-30,08:52 AM,eBird - Traveling Count,197,1,8.735,,1,,,,658831823 658831824
S349492168,Pigeon Guillemot,Cepphus columba,6404,12,US-WA,Jefferson,L812287,Fort Flagler SP - Campground/Beach,48.0938751,-122.7226067,2026-05-30,05:59 AM,eBird - Traveling Count,160,1,1.696,,1
S307461833,Pigeon Guillemot,Cepphus columba,6404,1,US-WA,King,L128530,Discovery Park,47.663868,-122.4215317,2026-03-08,03:06 PM,eBird - Traveling Count,152,1,4.489,,1
S328169533,Pigeon Guillemot,Cepphus columba,6404,1,US-WA,King,L31102692,Pioneer Square Habitat Beach,47.6012582,-122.336379,2026-04-26,03:37 PM,eBird - Traveling Count,15,1,.77,,1
S324448943,Pigeon Guillemot,Cepphus columba,6404,2,US-WA,Kitsap,L2492616,Kingston Ferry Terminal,47.7958271,-122.496078,2026-04-19,05:07 PM,eBird - Traveling Count,32,1,.956,,1,,,,655399877
S331300190,Pigeon Guillemot,Cepphus columba,6404,2,US-WA,Pacific,L787853,Tokeland--marina,46.7063518,-123.9671946,2026-05-02,11:23 AM,eBird - Traveling Count,81,1,.629,,1
S319626376,Pigeon Guillemot,Cepphus columba,6404,2,US-WA,Snohomish,L20643235,Edmonds Public Fishing Pier,47.8110241,-122.3899493,2026-04-10,07:54 AM,eBird - Traveling Count,31,1,.49,,1,,,,654685209
S293545903,Pigeon Guillemot,Cepphus columba,6404,X,US-WA,Snohomish,L374382,Edmonds Waterfront,47.8119268,-122.3854144,2026-01-10,12:05 PM,eBird - Traveling Count,89,1,.914,,1,,,,648642286 648642287
S297588705,Pigeon Guillemot,Cepphus columba,6404,2,US-WA,Snohomish,L374382,Edmonds Waterfront,47.8119268,-122.3854144,2026-02-01,12:36 PM,eBird - Traveling Count,124,1,1.416,,1
S182684618,Razorbill,Alca torda,6412,X,GB-WLS,Pembrokeshire,L1067540,Skomer Island,51.7374472,-5.2943802,2024-06-20,11:12 AM,eBird - Traveling Count,278,1,7.403,,1
S323667024,Common Murre,Uria aalge,6424,1,US-WA,Clallam,L190512,Ediz Hook,48.14035,-123.44711,2026-04-18,08:22 AM,eBird - Traveling Count,154,1,4.076,,1
S323179015,Common Murre,Uria aalge,6424,2,US-WA,Clallam,L284497,John Wayne Marina,48.0623184,-123.0416377,2026-04-17,02:38 PM,eBird - Traveling Count,99,1,.876,,1
S354810704,Common Murre,Uria aalge,6424,X,US-WA,Island,L7706326,Smith Island,48.318233,-122.8410187,2026-05-30,04:00 PM,eBird - Traveling Count,60,1,8.047,,40,,,Puget Sound Express Puffin Tour,659365573
S182684618,Common Murre,Uria aalge,6424,X,GB-WLS,Pembrokeshire,L1067540,Skomer Island,51.7374472,-5.2943802,2024-06-20,11:12 AM,eBird - Traveling Count,278,1,7.403,,1
S330597903,Bonaparte's Gull,Chroicocephalus philadelphia,6462,1,US-WA,Grays Harbor,L109535,Ocean Shores--Oyhut Wildlife Area,46.9444663,-124.1522412,2026-05-01,12:06 PM,eBird - Traveling Count,63,1,.63,,1
S230488049,Bonaparte's Gull,Chroicocephalus philadelphia,6462,X,US-WA,Jefferson,L292851,Fort Worden SP,48.1408906,-122.7680969,2025-04-27,,Historical,,1
S349061294,Bonaparte's Gull,Chroicocephalus philadelphia,6462,3,US-WA,Snohomish,L280301,Edmonds-Kingston Ferry (Snohomish Co.),47.8097152,-122.4237442,2026-05-29,03:36 PM,eBird - Traveling Count,12,1,5.113,,1
S159176051,Silver Gull,Chroicocephalus novaehollandiae,6463,X,NZ-AUK,Auckland City,L15034121,Arch Hill Scenic Reserve,-36.8682519,174.7413516,2023-08-15,,Historical,,1
S145339097,Silver Gull,Chroicocephalus novaehollandiae,6463,X,NZ-AUK,Auckland City,L16614605,Oneroa Beach (eastern end),-36.783667,175.0154743,2023-07-23,,eBird - Casual Observation,,0,,,1
S159175946,Silver Gull,Chroicocephalus novaehollandiae,6463,X,AU-NSW,Sydney,L915566,Royal Botanic Gardens (Sydney),-33.8638957,151.2167577,2023-08-19,,Historical,,1
S260172580,Black-headed Gull,Chroicocephalus ridibundus,6474,X,CH-GE,,L926699,Jetée et Port des Pâquis,46.2102417,6.1546,2025-07-04,,Historical,,0
S285380811,Laughing Gull,Leucophaeus atricilla,6490,60,US-TX,Cameron,L283726,South Padre Is.--WBC/Conv. Center/Laguna Madre Trail (LTC 035),26.1400912,-97.1748233,2025-11-20,12:53 PM,eBird - Traveling Count,120,1,1.609,,9
S285380853,Laughing Gull,Leucophaeus atricilla,6490,30,US-TX,Cameron,L1050482,TX48--Shrimp Basin Bridge / Zapata Memorial Boat Ramp/ San Martin Lake outlet,26.0023329,-97.2999001,2025-11-20,11:26 AM,eBird - Stationary Count,20,1,,,9,,,,645920285
S285225846,Laughing Gull,Leucophaeus atricilla,6490,3,US-TX,Hidalgo,L246727,Anzalduas Park (LTC 068),26.1384105,-98.3327866,2025-11-18,11:32 AM,eBird - Traveling Count,65,1,1.609,,9
S216533924,Laughing Gull,Leucophaeus atricilla,6490,X,GD-,,L3914441,Grenada,12.153302,-61.6586826,2025-02-24,,Historical,,1
S286410137,Heermann's Gull,Larus heermanni,6512,3,US-WA,King,L298030,Carkeek Park,47.7126411,-122.377647,2025-11-27,02:04 PM,eBird - Traveling Count,45,1,1.36,,1
S379365619,Heermann's Gull,Larus heermanni,6512,30,US-WA,Snohomish,L20643239,Edmonds Marina,47.8079405,-122.3924276,2026-08-02,02:58 PM,eBird - Traveling Count,44,1,1.181,,1,,,,662359429 662359430
S323750410,Short-billed Gull,Larus brachyrhynchus,6519,4,US-WA,Clallam,L793855,Elwha River Mouth,48.1447892,-123.5671808,2026-04-18,11:32 AM,eBird - Traveling Count,130,1,.681,,1
S323134294,Short-billed Gull,Larus brachyrhynchus,6519,2,US-WA,Clallam,L6125771,Jamestown S'Klallam Tribe Center,48.0252673,-122.9962617,2026-04-17,01:14 PM,eBird - Traveling Count,73,1,1.266,,1
S323179015,Short-billed Gull,Larus brachyrhynchus,6519,1,US-WA,Clallam,L284497,John Wayne Marina,48.0623184,-123.0416377,2026-04-17,02:38 PM,eBird - Traveling Count,99,1,.876,,1,,,,655400634
S302817888,Short-billed Gull,Larus brachyrhynchus,6519,1,US-WA,King,L298030,Carkeek Park,47.7126411,-122.377647,2026-02-21,10:55 AM,eBird - Traveling Count,122,1,.648,,1
S301500561,Short-billed Gull,Larus brachyrhynchus,6519,1,US-WA,King,L269461,Magnuson Park,47.6815336,-122.2505453,2026-02-16,10:02 AM,eBird - Traveling Count,133,1,2.13,,1
S297588705,Short-billed Gull,Larus brachyrhynchus,6519,1,US-WA,Snohomish,L374382,Edmonds Waterfront,47.8119268,-122.3854144,2026-02-01,12:36 PM,eBird - Traveling Count,124,1,1.416,,1
S304355760,Short-billed Gull,Larus brachyrhynchus,6519,5,US-WA,Snohomish,L343338,Everett Sewage Lagoons,47.9988889,-122.17,2026-02-27,08:39 AM,eBird - Traveling Count,230,1,4.811,,1
S311113230,Ring-billed Gull,Larus delawarensis,6521,100,US-WA,Grant,L1678863,Potholes Reservoir--south half,46.991357,-119.3181243,2026-03-20,10:58 AM,eBird - Traveling Count,156,1,20.014,,1
S286410137,Ring-billed Gull,Larus delawarensis,6521,X,US-WA,King,L298030,Carkeek Park,47.7126411,-122.377647,2025-11-27,02:04 PM,eBird - Traveling Count,45,1,1.36,,1
S297342812,Ring-billed Gull,Larus delawarensis,6521,1,US-WA,King,L163354,Green Lake,47.6783945,-122.3382464,2026-01-31,04:04 PM,eBird - Traveling Count,53,1,4.21,,1
S301500561,Ring-billed Gull,Larus delawarensis,6521,10,US-WA,King,L269461,Magnuson Park,47.6815336,-122.2505453,2026-02-16,10:02 AM,eBird - Traveling Count,133,1,2.13,,1
S331300190,Ring-billed Gull,Larus delawarensis,6521,1,US-WA,Pacific,L787853,Tokeland--marina,46.7063518,-123.9671946,2026-05-02,11:23 AM,eBird - Traveling Count,81,1,.629,,1
S355941191,Ring-billed Gull,Larus delawarensis,6521,30,US-CA,Siskiyou,L2345957,I-5--Weed Airport Rest Area,41.4773161,-122.4547237,2026-06-11,01:59 PM,eBird - Traveling Count,7,1,.147,,1
S293545903,Ring-billed Gull,Larus delawarensis,6521,X,US-WA,Snohomish,L374382,Edmonds Waterfront,47.8119268,-122.3854144,2026-01-10,12:05 PM,eBird - Traveling Count,89,1,.914,,1
S282214936,Ring-billed Gull,Larus delawarensis,6521,X,US-WA,Thurston,L282253,Billy Frank Jr. Nisqually NWR,47.0812514,-122.7180576,2025-10-31,09:53 AM,eBird - Traveling Count,193,1,3.491,,1,,,,644443605
S291455322,Ring-billed Gull,Larus delawarensis,6521,X,US-WA,Thurston,L282253,Billy Frank Jr. Nisqually NWR,47.0812514,-122.7180576,2025-12-31,08:11 AM,eBird - Traveling Count,256,1,3.231,,1
S332089254,Ring-billed Gull,Larus delawarensis,6521,2,US-WA,Thurston,L282253,Billy Frank Jr. Nisqually NWR,47.0812514,-122.7180576,2026-05-03,10:49 AM,eBird - Traveling Count,191,1,4.362,,1
S356230112,Western Gull,Larus occidentalis,6528,2,US-CA,Alameda,L285281,Cesar Chavez Park,37.8709227,-122.3150389,2026-06-12,07:05 AM,eBird - Traveling Count,99,1,4.,,1
S330514755,Western Gull,Larus occidentalis,6528,1,US-WA,Grays Harbor,L168688,Ocean Shores--Pt. Brown Jetty,46.92816,-124.17397,2026-05-01,09:47 AM,eBird - Traveling Count,48,1,.3,,1,,,,656534583
S331099224,Western Gull,Larus occidentalis,6528,X,US-WA,Pacific,L682593,Grayland Beach State Park,46.7880721,-124.0941381,2026-05-02,06:57 AM,eBird - Traveling Count,87,1,2.2,,1
S331300190,Western Gull,Larus occidentalis,6528,1,US-WA,Pacific,L787853,Tokeland--marina,46.7063518,-123.9671946,2026-05-02,11:23 AM,eBird - Traveling Count,81,1,.629,,1
S159176051,Kelp Gull,Larus dominicanus,6533,X,NZ-AUK,Auckland City,L15034121,Arch Hill Scenic Reserve,-36.8682519,174.7413516,2023-08-15,,Historical,,1
S144784836,Kelp Gull,Larus dominicanus,6533,X,NZ-BOP,Western Bay of Plenty District,L3382283,Waihi Beach,-37.4113461,175.9463453,2023-07-17,,eBird - Casual Observation,,0,,,1
S182684618,European Herring Gull,Larus argentatus,6545,X,GB-WLS,Pembrokeshire,L1067540,Skomer Island,51.7374472,-5.2943802,2024-06-20,11:12 AM,eBird - Traveling Count,278,1,7.403,,1
S182799645,European Herring Gull,Larus argentatus,6545,X,GB-WLS,Pembrokeshire,L14457627,Tenby Harbour,51.6725044,-4.698564,2024-06-21,06:44 AM,eBird - Traveling Count,25,1,1.287,,1
S260171709,Caspian/Yellow-legged Gull,Larus cachinnans/michahellis,6557,X,CH-ZH,,L4507511,Zürich Stadt (city of Zurich)* general (use more precise loc.),47.3768774,8.5413551,2025-06-29,,Historical,,1
S182684618,Great Black-backed Gull,Larus marinus,6562,X,GB-WLS,Pembrokeshire,L1067540,Skomer Island,51.7374472,-5.2943802,2024-06-20,11:12 AM,eBird - Traveling Count,278,1,7.403,,1
S182684618,Lesser Black-backed Gull,Larus fuscus,6576,X,GB-WLS,Pembrokeshire,L1067540,Skomer Island,51.7374472,-5.2943802,2024-06-20,11:12 AM,eBird - Traveling Count,278,1,7.403,,1
S311113230,California Gull,Larus californicus,6591,100,US-WA,Grant,L1678863,Potholes Reservoir--south half,46.991357,-119.3181243,2026-03-20,10:58 AM,eBird - Traveling Count,156,1,20.014,,1
S331419171,California Gull,Larus californicus,6591,20,US-WA,Grays Harbor,L268372,Bottle Beach State Park,46.893277,-124.0468136,2026-05-02,03:04 PM,eBird - Traveling Count,112,1,1.449,,1
S330467906,California Gull,Larus californicus,6591,1,US-WA,Grays Harbor,L1158826,Chance A La Mer SP,47.0127422,-124.1698837,2026-05-01,08:36 AM,eBird - Traveling Count,46,1,.524,,1,,,,656534529
S301500561,California Gull,Larus californicus,6591,2,US-WA,King,L269461,Magnuson Park,47.6815336,-122.2505453,2026-02-16,10:02 AM,eBird - Traveling Count,133,1,2.13,,1
S323667024,Glaucous-winged Gull,Larus glaucescens,6596,1,US-WA,Clallam,L190512,Ediz Hook,48.14035,-123.44711,2026-04-18,08:22 AM,eBird - Traveling Count,154,1,4.076,,1
S323179015,Glaucous-winged Gull,Larus glaucescens,6596,1,US-WA,Clallam,L284497,John Wayne Marina,48.0623184,-123.0416377,2026-04-17,02:38 PM,eBird - Traveling Count,99,1,.876,,1
S311113230,Glaucous-winged Gull,Larus glaucescens,6596,1,US-WA,Grant,L1678863,Potholes Reservoir--south half,46.991357,-119.3181243,2026-03-20,10:58 AM,eBird - Traveling Count,156,1,20.014,,1
S330467906,Glaucous-winged Gull,Larus glaucescens,6596,1,US-WA,Grays Harbor,L1158826,Chance A La Mer SP,47.0127422,-124.1698837,2026-05-01,08:36 AM,eBird - Traveling Count,46,1,.524,,1
S330540594,Glaucous-winged Gull,Larus glaucescens,6596,X,US-WA,Grays Harbor,L43806903,Ocean Shores STP,46.931967,-124.1580575,2026-05-01,10:45 AM,eBird - Traveling Count,31,1,.413,,1
S349638499,Glaucous-winged Gull,Larus glaucescens,6596,80,US-WA,Jefferson,L249781,Fort Flagler SP,48.0960511,-122.7139785,2026-05-30,08:52 AM,eBird - Traveling Count,197,1,8.735,,1,,,,658831827
S354811374,Glaucous-winged Gull,Larus glaucescens,6596,10,US-WA,Jefferson,L608334,Point Hudson,48.117861,-122.7494931,2026-05-30,03:00 PM,eBird - Traveling Count,30,1,0.,,2
S297107675,Glaucous-winged Gull,Larus glaucescens,6596,1,US-WA,King,L57830459,"2520 Northeast 130th Street, Seattle, Washington, US (47.724, -122.301)",47.7237668,-122.3010431,2026-01-30,02:45 PM,eBird - Traveling Count,95,1,.849,,1
S380834342,Glaucous-winged Gull,Larus glaucescens,6596,1,US-WA,King,L75171900,"6712 7th Avenue Northwest, Seattle, Washington, US (47.678, -122.364)",47.6781886,-122.364423,2026-08-07,07:52 AM,eBird - Traveling Count,36,1,.767,,1
S286410137,Glaucous-winged Gull,Larus glaucescens,6596,X,US-WA,King,L298030,Carkeek Park,47.7126411,-122.377647,2025-11-27,02:04 PM,eBird - Traveling Count,45,1,1.36,,1
S292226633,Glaucous-winged Gull,Larus glaucescens,6596,X,US-WA,King,L298030,Carkeek Park,47.7126411,-122.377647,2026-01-03,01:35 PM,eBird - Traveling Count,42,1,.47,,1
S294267769,Glaucous-winged Gull,Larus glaucescens,6596,X,US-WA,King,L298030,Carkeek Park,47.7126411,-122.377647,2026-01-14,02:40 PM,eBird - Traveling Count,106,1,.524,,1
S302817888,Glaucous-winged Gull,Larus glaucescens,6596,4,US-WA,King,L298030,Carkeek Park,47.7126411,-122.377647,2026-02-21,10:55 AM,eBird - Traveling Count,122,1,.648,,1
S309235427,Glaucous-winged Gull,Larus glaucescens,6596,4,US-WA,King,L298030,Carkeek Park,47.7126411,-122.377647,2026-03-14,01:56 PM,eBird - Traveling Count,69,1,.697,,1
S327898050,Glaucous-winged Gull,Larus glaucescens,6596,10,US-WA,King,L298030,Carkeek Park,47.7126411,-122.377647,2026-04-26,08:39 AM,eBird - Traveling Count,29,1,.224,,1
S335596208,Glaucous-winged Gull,Larus glaucescens,6596,2,US-WA,King,L298030,Carkeek Park,47.7126411,-122.377647,2026-05-09,09:08 AM,eBird - Traveling Count,114,1,.82,,1
S380318688,Glaucous-winged Gull,Larus glaucescens,6596,2,US-WA,King,L2608551,Charles Richey Sr. Viewpoint,47.5726544,-122.4140185,2026-08-05,02:46 PM,eBird - Traveling Count,22,1,.145,,1,,,,662526261
S318059543,Glaucous-winged Gull,Larus glaucescens,6596,1,US-WA,King,L2692026,Fremont Canal Park,47.6514476,-122.3570377,2026-04-06,07:30 AM,eBird - Stationary Count,7,1,,,1
S334650572,Glaucous-winged Gull,Larus glaucescens,6596,1,US-WA,King,L2692026,Fremont Canal Park,47.6514476,-122.3570377,2026-05-08,09:19 AM,eBird - Traveling Count,22,1,.739,,1
S351854090,Glaucous-winged Gull,Larus glaucescens,6596,3,US-WA,King,L2692026,Fremont Canal Park,47.6514476,-122.3570377,2026-06-03,08:30 AM,eBird - Traveling Count,21,1,.679,,1
S366226853,Glaucous-winged Gull,Larus glaucescens,6596,2,US-WA,King,L2692026,Fremont Canal Park,47.6514476,-122.3570377,2026-07-01,07:33 AM,eBird - Traveling Count,20,1,.634,,1
S294568450,Glaucous-winged Gull,Larus glaucescens,6596,X,US-WA,King,L285366,Golden Gardens Park,47.6928546,-122.4054806,2026-01-16,02:43 PM,eBird - Traveling Count,34,1,1.256,,1
S342994543,Glaucous-winged Gull,Larus glaucescens,6596,1,US-WA,King,L163354,Green Lake,47.6783945,-122.3382464,2026-05-20,09:01 AM,eBird - Traveling Count,222,1,4.611,,1
S348567406,Glaucous-winged Gull,Larus glaucescens,6596,1,US-WA,King,L163354,Green Lake,47.6783945,-122.3382464,2026-05-28,06:44 PM,eBird - Traveling Count,29,1,1.323,,1
S338550928,Glaucous-winged Gull,Larus glaucescens,6596,51,US-WA,King,L208659,Hiram M. Chittenden Ballard Locks,47.6653579,-122.3974647,2026-05-13,06:15 PM,eBird - Stationary Count,60,1,,,1
S306300352,Glaucous-winged Gull,Larus glaucescens,6596,1,US-WA,King,L232479,Juanita Bay Park,47.6981686,-122.2101878,2026-03-05,02:46 PM,eBird - Traveling Count,61,1,1.635,,1
S328169533,Glaucous-winged Gull,Larus glaucescens,6596,15,US-WA,King,L31102692,Pioneer Square Habitat Beach,47.6012582,-122.336379,2026-04-26,03:37 PM,eBird - Traveling Count,15,1,.77,,1
S295024890,Glaucous-winged Gull,Larus glaucescens,6596,1,US-WA,King,L162766,Union Bay Natural Area/Montlake Fill,47.65424,-122.29137,2026-01-18,08:05 AM,eBird - Traveling Count,287,1,2.302,,1
S336459661,Glaucous-winged Gull,Larus glaucescens,6596,3,US-WA,King,L162766,Union Bay Natural Area/Montlake Fill,47.65424,-122.29137,2026-05-10,06:04 AM,eBird - Traveling Count,165,1,2.998,,1
S339377883,Glaucous-winged Gull,Larus glaucescens,6596,2,US-WA,King,L162766,Union Bay Natural Area/Montlake Fill,47.65424,-122.29137,2026-05-15,06:24 AM,eBird - Traveling Count,131,1,2.121,,1
S342868105,Glaucous-winged Gull,Larus glaucescens,6596,4,US-WA,King,L162766,Union Bay Natural Area/Montlake Fill,47.65424,-122.29137,2026-05-20,06:19 AM,eBird - Traveling Count,134,1,3.112,,1
S295194600,Glaucous-winged Gull,Larus glaucescens,6596,1,US-WA,Skagit,L480306,Bay View State Park,48.4881122,-122.4809933,2026-01-19,09:31 AM,eBird - Traveling Count,34,1,.25,,1
S319608405,Glaucous-winged Gull,Larus glaucescens,6596,4,US-WA,Snohomish,L374380,Edmonds Marsh,47.8085287,-122.3864508,2026-04-10,07:23 AM,eBird - Traveling Count,27,1,.117,,1
S297588705,Glaucous-winged Gull,Larus glaucescens,6596,2,US-WA,Snohomish,L374382,Edmonds Waterfront,47.8119268,-122.3854144,2026-02-01,12:36 PM,eBird - Traveling Count,124,1,1.416,,1
S346491426,Glaucous-winged Gull,Larus glaucescens,6596,1,US-WA,Snohomish,L4756268,Field's Riffle,47.9166297,-122.1268988,2026-05-25,07:11 AM,eBird - Traveling Count,177,1,1.517,,1
S332089254,Glaucous-winged Gull,Larus glaucescens,6596,1,US-WA,Thurston,L282253,Billy Frank Jr. Nisqually NWR,47.0812514,-122.7180576,2026-05-03,10:49 AM,eBird - Traveling Count,191,1,4.362,,1
S324366340,Western x Glaucous-winged Gull (hybrid),Larus occidentalis x glaucescens,6597,10,US-WA,Clallam,L828590,Dungeness Landing Park/Oyster House,48.1514639,-123.143456,2026-04-19,12:52 PM,eBird - Stationary Count,65,1,,,1
S324301943,Western x Glaucous-winged Gull (hybrid),Larus occidentalis x glaucescens,6597,2,US-WA,Clallam,L17270540,Dungeness River Dike Trail,48.1411863,-123.129295,2026-04-19,08:22 AM,eBird - Traveling Count,194,1,1.115,,1
S323667024,Western x Glaucous-winged Gull (hybrid),Larus occidentalis x glaucescens,6597,1,US-WA,Clallam,L190512,Ediz Hook,48.14035,-123.44711,2026-04-18,08:22 AM,eBird - Traveling Count,154,1,4.076,,1
S323750410,Western x Glaucous-winged Gull (hybrid),Larus occidentalis x glaucescens,6597,30,US-WA,Clallam,L793855,Elwha River Mouth,48.1447892,-123.5671808,2026-04-18,11:32 AM,eBird - Traveling Count,130,1,.681,,1
S323134294,Western x Glaucous-winged Gull (hybrid),Larus occidentalis x glaucescens,6597,10,US-WA,Clallam,L6125771,Jamestown S'Klallam Tribe Center,48.0252673,-122.9962617,2026-04-17,01:14 PM,eBird - Traveling Count,73,1,1.266,,1
S323179015,Western x Glaucous-winged Gull (hybrid),Larus occidentalis x glaucescens,6597,20,US-WA,Clallam,L284497,John Wayne Marina,48.0623184,-123.0416377,2026-04-17,02:38 PM,eBird - Traveling Count,99,1,.876,,1,,,,655400664
S323830718,Western x Glaucous-winged Gull (hybrid),Larus occidentalis x glaucescens,6597,10,US-WA,Clallam,L234894,Salt Creek County Park,48.1631912,-123.6972883,2026-04-18,03:36 PM,eBird - Traveling Count,91,1,1.638,,1
S324402551,Western x Glaucous-winged Gull (hybrid),Larus occidentalis x glaucescens,6597,10,US-WA,Clallam,L265438,Three Crabs,48.151945,-123.1222855,2026-04-19,02:15 PM,eBird - Traveling Count,74,1,.389,,1
S330467906,Western x Glaucous-winged Gull (hybrid),Larus occidentalis x glaucescens,6597,2,US-WA,Grays Harbor,L1158826,Chance A La Mer SP,47.0127422,-124.1698837,2026-05-01,08:36 AM,eBird - Traveling Count,46,1,.524,,1
S327898050,Western x Glaucous-winged Gull (hybrid),Larus occidentalis x glaucescens,6597,2,US-WA,King,L298030,Carkeek Park,47.7126411,-122.377647,2026-04-26,08:39 AM,eBird - Traveling Count,29,1,.224,,1
S309534495,Western x Glaucous-winged Gull (hybrid),Larus occidentalis x glaucescens,6597,1,US-WA,King,L162766,Union Bay Natural Area/Montlake Fill,47.65424,-122.29137,2026-03-15,08:45 AM,eBird - Traveling Count,93,1,2.076,,1
S305183920,Western/Glaucous-winged Gull,Larus occidentalis/glaucescens,6601,1,US-WA,King,L208659,Hiram M. Chittenden Ballard Locks,47.6653579,-122.3974647,2026-03-01,04:24 PM,eBird - Traveling Count,40,1,1.265,,1
S302817888,Larus sp.,Larus sp.,6618,30,US-WA,King,L298030,Carkeek Park,47.7126411,-122.377647,2026-02-21,10:55 AM,eBird - Traveling Count,122,1,.648,,1
S311962514,gull sp.,Larinae sp.,6619,40,US-WA,Adams,L60790658,"798 South Reynolds Road, Othello, Washington, US (46.804, -119.155)",46.8040469,-119.155016,2026-03-22,07:28 AM,eBird - Stationary Count,9,1,,,1
S356765363,gull sp.,Larinae sp.,6619,5,US-CA,Alameda,L8307665,Albany State Marine Reserve,37.8893242,-122.3151134,2026-06-13,07:48 AM,eBird - Traveling Count,99,1,2.71,,1
S356230112,gull sp.,Larinae sp.,6619,15,US-CA,Alameda,L285281,Cesar Chavez Park,37.8709227,-122.3150389,2026-06-12,07:05 AM,eBird - Traveling Count,99,1,4.,,1
S322716667,gull sp.,Larinae sp.,6619,10,US-WA,Clallam,L29690471,Dungeness NWR,48.1463111,-123.1865094,2026-04-16,04:51 PM,eBird - Traveling Count,23,1,1.089,,1
S323075329,gull sp.,Larinae sp.,6619,15,US-WA,Clallam,L894831,Freshwater Bay,48.1461024,-123.6414242,2026-04-17,09:39 AM,eBird - Traveling Count,130,1,5.296,,1
S331419171,gull sp.,Larinae sp.,6619,X,US-WA,Grays Harbor,L268372,Bottle Beach State Park,46.893277,-124.0468136,2026-05-02,03:04 PM,eBird - Traveling Count,112,1,1.449,,1
S330467906,gull sp.,Larinae sp.,6619,20,US-WA,Grays Harbor,L1158826,Chance A La Mer SP,47.0127422,-124.1698837,2026-05-01,08:36 AM,eBird - Traveling Count,46,1,.524,,1
S330514755,gull sp.,Larinae sp.,6619,15,US-WA,Grays Harbor,L168688,Ocean Shores--Pt. Brown Jetty,46.92816,-124.17397,2026-05-01,09:47 AM,eBird - Traveling Count,48,1,.3,,1
S331882311,gull sp.,Larinae sp.,6619,10,US-WA,Grays Harbor,L1875831,Westhaven SP,46.9011251,-124.1268446,2026-05-03,07:27 AM,eBird - Traveling Count,99,1,1.733,,1
S349492168,gull sp.,Larinae sp.,6619,4,US-WA,Jefferson,L812287,Fort Flagler SP - Campground/Beach,48.0938751,-122.7226067,2026-05-30,05:59 AM,eBird - Traveling Count,160,1,1.696,,1
S299853433,gull sp.,Larinae sp.,6619,20,US-WA,King,L298030,Carkeek Park,47.7126411,-122.377647,2026-02-12,03:26 PM,eBird - Traveling Count,60,1,.608,,1
S309235427,gull sp.,Larinae sp.,6619,15,US-WA,King,L298030,Carkeek Park,47.7126411,-122.377647,2026-03-14,01:56 PM,eBird - Traveling Count,69,1,.697,,1
S377210785,gull sp.,Larinae sp.,6619,4,US-WA,King,L298030,Carkeek Park,47.7126411,-122.377647,2026-07-27,07:53 PM,eBird - Traveling Count,13,1,.357,,1
S307461833,gull sp.,Larinae sp.,6619,20,US-WA,King,L128530,Discovery Park,47.663868,-122.4215317,2026-03-08,03:06 PM,eBird - Traveling Count,152,1,4.489,,1
S308650663,gull sp.,Larinae sp.,6619,30,US-WA,King,L163354,Green Lake,47.6783945,-122.3382464,2026-03-12,06:43 PM,eBird - Traveling Count,36,1,4.652,,1
S305183920,gull sp.,Larinae sp.,6619,15,US-WA,King,L208659,Hiram M. Chittenden Ballard Locks,47.6653579,-122.3974647,2026-03-01,04:24 PM,eBird - Traveling Count,40,1,1.265,,1
S307285086,gull sp.,Larinae sp.,6619,2,US-WA,King,L162766,Union Bay Natural Area/Montlake Fill,47.65424,-122.29137,2026-03-08,07:52 AM,eBird - Traveling Count,130,1,3.898,,1
S320771289,gull sp.,Larinae sp.,6619,10,US-WA,King,L162766,Union Bay Natural Area/Montlake Fill,47.65424,-122.29137,2026-04-12,07:20 AM,eBird - Traveling Count,190,1,3.623,,1
S334002351,gull sp.,Larinae sp.,6619,6,US-WA,King,L162766,Union Bay Natural Area/Montlake Fill,47.65424,-122.29137,2026-05-07,06:22 AM,eBird - Traveling Count,64,1,.721,,1
S350375761,gull sp.,Larinae sp.,6619,50,US-WA,Kitsap,L109542,Point No Point,47.9118696,-122.5283182,2026-05-31,10:28 AM,eBird - Traveling Count,63,1,1.052,,1
S331300190,gull sp.,Larinae sp.,6619,30,US-WA,Pacific,L787853,Tokeland--marina,46.7063518,-123.9671946,2026-05-02,11:23 AM,eBird - Traveling Count,81,1,.629,,1
S379365619,gull sp.,Larinae sp.,6619,10,US-WA,Snohomish,L20643239,Edmonds Marina,47.8079405,-122.3924276,2026-08-02,02:58 PM,eBird - Traveling Count,44,1,1.181,,1
S319626376,gull sp.,Larinae sp.,6619,15,US-WA,Snohomish,L20643235,Edmonds Public Fishing Pier,47.8110241,-122.3899493,2026-04-10,07:54 AM,eBird - Traveling Count,31,1,.49,,1
S304355760,gull sp.,Larinae sp.,6619,10,US-WA,Snohomish,L343338,Everett Sewage Lagoons,47.9988889,-122.17,2026-02-27,08:39 AM,eBird - Traveling Count,230,1,4.811,,1
S375605391,gull sp.,Larinae sp.,6619,20,US-WA,Snohomish,L343249,Stanwood Water Treatment Plant,48.2377017,-122.3611822,2026-07-23,02:41 PM,eBird - Traveling Count,163,1,.511,,1
S376877165,gull sp.,Larinae sp.,6619,5,US-WA,Snohomish,L343249,Stanwood Water Treatment Plant,48.2377017,-122.3611822,2026-07-26,07:23 PM,eBird - Traveling Count,88,1,.235,,1
S332089254,gull sp.,Larinae sp.,6619,20,US-WA,Thurston,L282253,Billy Frank Jr. Nisqually NWR,47.0812514,-122.7180576,2026-05-03,10:49 AM,eBird - Traveling Count,191,1,4.362,,1
S285380853,Black Skimmer,Rynchops niger,6622,55,US-TX,Cameron,L1050482,TX48--Shrimp Basin Bridge / Zapata Memorial Boat Ramp/ San Martin Lake outlet,26.0023329,-97.2999001,2025-11-20,11:26 AM,eBird - Stationary Count,20,1,,,9
S285380811,Gull-billed Tern,Gelochelidon nilotica,6710,1,US-TX,Cameron,L283726,South Padre Is.--WBC/Conv. Center/Laguna Madre Trail (LTC 035),26.1400912,-97.1748233,2025-11-20,12:53 PM,eBird - Traveling Count,120,1,1.609,,9
S285380853,Gull-billed Tern,Gelochelidon nilotica,6710,2,US-TX,Cameron,L1050482,TX48--Shrimp Basin Bridge / Zapata Memorial Boat Ramp/ San Martin Lake outlet,26.0023329,-97.2999001,2025-11-20,11:26 AM,eBird - Stationary Count,20,1,,,9
S356765363,Caspian Tern,Hydroprogne caspia,6718,1,US-CA,Alameda,L8307665,Albany State Marine Reserve,37.8893242,-122.3151134,2026-06-13,07:48 AM,eBird - Traveling Count,99,1,2.71,,1
S356230112,Caspian Tern,Hydroprogne caspia,6718,2,US-CA,Alameda,L285281,Cesar Chavez Park,37.8709227,-122.3150389,2026-06-12,07:05 AM,eBird - Traveling Count,99,1,4.,,1
S285380811,Caspian Tern,Hydroprogne caspia,6718,3,US-TX,Cameron,L283726,South Padre Is.--WBC/Conv. Center/Laguna Madre Trail (LTC 035),26.1400912,-97.1748233,2025-11-20,12:53 PM,eBird - Traveling Count,120,1,1.609,,9,,,,645920409
S285380853,Caspian Tern,Hydroprogne caspia,6718,4,US-TX,Cameron,L1050482,TX48--Shrimp Basin Bridge / Zapata Memorial Boat Ramp/ San Martin Lake outlet,26.0023329,-97.2999001,2025-11-20,11:26 AM,eBird - Stationary Count,20,1,,,9
S323134294,Caspian Tern,Hydroprogne caspia,6718,2,US-WA,Clallam,L6125771,Jamestown S'Klallam Tribe Center,48.0252673,-122.9962617,2026-04-17,01:14 PM,eBird - Traveling Count,73,1,1.266,,1
S330689398,Caspian Tern,Hydroprogne caspia,6718,X,US-WA,Grays Harbor,L268372,Bottle Beach State Park,46.893277,-124.0468136,2026-05-01,03:55 PM,eBird - Traveling Count,74,1,.788,,1
S331419171,Caspian Tern,Hydroprogne caspia,6718,1,US-WA,Grays Harbor,L268372,Bottle Beach State Park,46.893277,-124.0468136,2026-05-02,03:04 PM,eBird - Traveling Count,112,1,1.449,,1
S330084156,Caspian Tern,Hydroprogne caspia,6718,X,US-WA,Grays Harbor,L276426,Grays Harbor NWR (Bowerman Basin),46.9731644,-123.9436064,2026-04-30,02:47 PM,eBird - Traveling Count,104,1,1.512,,1
S330624973,Caspian Tern,Hydroprogne caspia,6718,1,US-WA,Grays Harbor,L269804,Ocean Shores--Bill's Spit,46.9648907,-124.1339435,2026-05-01,01:44 PM,eBird - Traveling Count,36,1,.234,,1
S285225846,Caspian Tern,Hydroprogne caspia,6718,1,US-TX,Hidalgo,L246727,Anzalduas Park (LTC 068),26.1384105,-98.3327866,2025-11-18,11:32 AM,eBird - Traveling Count,65,1,1.609,,9
S285225918,Caspian Tern,Hydroprogne caspia,6718,1,US-TX,Hidalgo,L128890,Bentsen-Rio Grande Val. SP WBC (Mission) (LTC 069),26.1796748,-98.3842338,2025-11-18,08:27 AM,eBird - Traveling Count,140,1,1.609,,10
S174147151,Caspian Tern,Hydroprogne caspia,6718,X,US-WA,Jefferson,L249781,Fort Flagler SP,48.0960511,-122.7139785,2024-05-11,12:00 AM,Historical,,1,,,1
S349638499,Caspian Tern,Hydroprogne caspia,6718,1,US-WA,Jefferson,L249781,Fort Flagler SP,48.0960511,-122.7139785,2026-05-30,08:52 AM,eBird - Traveling Count,197,1,8.735,,1
S345782350,Caspian Tern,Hydroprogne caspia,6718,2,US-WA,King,L128530,Discovery Park,47.663868,-122.4215317,2026-05-24,10:09 AM,eBird - Traveling Count,196,1,3.615,,1
S366226853,Caspian Tern,Hydroprogne caspia,6718,3,US-WA,King,L2692026,Fremont Canal Park,47.6514476,-122.3570377,2026-07-01,07:33 AM,eBird - Traveling Count,20,1,.634,,1
S245777966,Caspian Tern,Hydroprogne caspia,6718,X,US-WA,King,L208659,Hiram M. Chittenden Ballard Locks,47.6653579,-122.3974647,2025-05-31,,Historical,,1
S338550928,Caspian Tern,Hydroprogne caspia,6718,2,US-WA,King,L208659,Hiram M. Chittenden Ballard Locks,47.6653579,-122.3974647,2026-05-13,06:15 PM,eBird - Stationary Count,60,1,,,1
S282214936,Caspian Tern,Hydroprogne caspia,6718,X,US-WA,Thurston,L282253,Billy Frank Jr. Nisqually NWR,47.0812514,-122.7180576,2025-10-31,09:53 AM,eBird - Traveling Count,193,1,3.491,,1,,Two juvenile Caspian turns near the boardwalk,,644443591
S332089254,Caspian Tern,Hydroprogne caspia,6718,4,US-WA,Thurston,L282253,Billy Frank Jr. Nisqually NWR,47.0812514,-122.7180576,2026-05-03,10:49 AM,eBird - Traveling Count,191,1,4.362,,1
S285814615,Forster's Tern,Sterna forsteri,6731,X,US-CA,Alameda,L2377313,McLaughlin Eastshore SP--Albany access,37.890326,-122.314765,2025-11-23,08:40 AM,eBird - Traveling Count,86,1,2.87,,1
S260171709,Common Tern,Sterna hirundo,6748,X,CH-ZH,,L4507511,Zürich Stadt (city of Zurich)* general (use more precise loc.),47.3768774,8.5413551,2025-06-29,,Historical,,1
S285380811,Royal Tern,Thalasseus maximus,6789,3,US-TX,Cameron,L283726,South Padre Is.--WBC/Conv. Center/Laguna Madre Trail (LTC 035),26.1400912,-97.1748233,2025-11-20,12:53 PM,eBird - Traveling Count,120,1,1.609,,9
S216534367,Royal Tern,Thalasseus maximus,6789,X,AG-,,L3680262,Antigua and Barbuda,17.2705798,-61.7982655,2025-02-28,,Historical,,1
S216533845,Royal Tern,Thalasseus maximus,6789,X,LC-,,L3758725,Saint Lucia,13.8983327,-60.9667625,2025-02-23,,Historical,,1
S146371202,Great Crested Tern,Thalasseus bergii,6792,X,AU-VIC,Port Phillip,L13829828,St Kilda West Beach,-37.8592019,144.96718,2023-08-03,,eBird - Casual Observation,,0,,,1
S159175946,Great Crested Tern,Thalasseus bergii,6792,X,AU-NSW,Sydney,L915566,Royal Botanic Gardens (Sydney),-33.8638957,151.2167577,2023-08-19,,Historical,,1
S159175946,Australasian Grebe,Tachybaptus novaehollandiae,6840,X,AU-NSW,Sydney,L915566,Royal Botanic Gardens (Sydney),-33.8638957,151.2167577,2023-08-19,,Historical,,1
S285225977,Least Grebe,Tachybaptus dominicus,6849,3,US-TX,Hidalgo,L249889,Edinburg Scenic Wetlands WBC (LTC 061),26.2905822,-98.1351909,2025-11-19,12:54 PM,eBird - Traveling Count,90,1,1.609,,9
S285226087,Least Grebe,Tachybaptus dominicus,6849,25,US-TX,Hidalgo,L129085,Santa Ana NWR (LTC 059),26.0813003,-98.1351399,2025-11-19,07:24 AM,eBird - Traveling Count,200,1,2.414,,9,,,,645919828
S285380811,Pied-billed Grebe,Podilymbus podiceps,6855,1,US-TX,Cameron,L283726,South Padre Is.--WBC/Conv. Center/Laguna Madre Trail (LTC 035),26.1400912,-97.1748233,2025-11-20,12:53 PM,eBird - Traveling Count,120,1,1.609,,9
S323750410,Pied-billed Grebe,Podilymbus podiceps,6855,1,US-WA,Clallam,L793855,Elwha River Mouth,48.1447892,-123.5671808,2026-04-18,11:32 AM,eBird - Traveling Count,130,1,.681,,1
S285225846,Pied-billed Grebe,Podilymbus podiceps,6855,1,US-TX,Hidalgo,L246727,Anzalduas Park (LTC 068),26.1384105,-98.3327866,2025-11-18,11:32 AM,eBird - Traveling Count,65,1,1.609,,9
S285226087,Pied-billed Grebe,Podilymbus podiceps,6855,8,US-TX,Hidalgo,L129085,Santa Ana NWR (LTC 059),26.0813003,-98.1351399,2025-11-19,07:24 AM,eBird - Traveling Count,200,1,2.414,,9
S309580927,Pied-billed Grebe,Podilymbus podiceps,6855,2,US-WA,King,L280267,Foster Island & Marsh Island,47.646592,-122.2909732,2026-03-15,10:53 AM,eBird - Traveling Count,96,1,1.041,,1
S380906489,Pied-billed Grebe,Podilymbus podiceps,6855,3,US-WA,King,L267071,Frager Rd. (north),47.418883,-122.2678757,2026-08-07,09:32 AM,eBird - Traveling Count,176,1,2.644,,1,,,,662621211 662621212
S308650663,Pied-billed Grebe,Podilymbus podiceps,6855,1,US-WA,King,L163354,Green Lake,47.6783945,-122.3382464,2026-03-12,06:43 PM,eBird - Traveling Count,36,1,4.652,,1
S342994543,Pied-billed Grebe,Podilymbus podiceps,6855,1,US-WA,King,L163354,Green Lake,47.6783945,-122.3382464,2026-05-20,09:01 AM,eBird - Traveling Count,222,1,4.611,,1,,,,658004474
S278673753,Pied-billed Grebe,Podilymbus podiceps,6855,X,US-WA,King,L232479,Juanita Bay Park,47.6981686,-122.2101878,2025-10-11,08:44 AM,eBird - Traveling Count,160,1,1.308,,1
S291712899,Pied-billed Grebe,Podilymbus podiceps,6855,X,US-WA,King,L232479,Juanita Bay Park,47.6981686,-122.2101878,2026-01-01,10:37 AM,eBird - Traveling Count,158,1,1.357,,1
S296271926,Pied-billed Grebe,Podilymbus podiceps,6855,2,US-WA,King,L232479,Juanita Bay Park,47.6981686,-122.2101878,2026-01-25,08:10 AM,eBird - Traveling Count,222,1,1.699,,1
S194059681,Pied-billed Grebe,Podilymbus podiceps,6855,X,US-WA,King,L269461,Magnuson Park,47.6815336,-122.2505453,2024-09-05,08:58 AM,eBird - Traveling Count,43,1,2.124,,1
S297296203,Pied-billed Grebe,Podilymbus podiceps,6855,1,US-WA,King,L269461,Magnuson Park,47.6815336,-122.2505453,2026-01-31,11:00 AM,eBird - Traveling Count,99,1,1.046,,1
S301500561,Pied-billed Grebe,Podilymbus podiceps,6855,1,US-WA,King,L269461,Magnuson Park,47.6815336,-122.2505453,2026-02-16,10:02 AM,eBird - Traveling Count,133,1,2.13,,1
S303069344,Pied-billed Grebe,Podilymbus podiceps,6855,4,US-WA,King,L351484,Marymoor Park,47.6612642,-122.1184109,2026-02-22,06:42 AM,eBird - Traveling Count,176,1,4.108,,1
S162051939,Pied-billed Grebe,Podilymbus podiceps,6855,X,US-WA,King,L472642,Meadowbrook Pond,47.7058052,-122.2889256,2024-02-18,08:20 AM,eBird - Stationary Count,30,0,,,1
S203904796,Pied-billed Grebe,Podilymbus podiceps,6855,X,US-WA,King,L472642,Meadowbrook Pond,47.7058052,-122.2889256,2024-11-28,01:20 PM,eBird - Traveling Count,31,1,.283,,1
S160044564,Pied-billed Grebe,Podilymbus podiceps,6855,1,US-WA,King,L162766,Union Bay Natural Area/Montlake Fill,47.65424,-122.29137,2024-01-28,09:15 AM,eBird - Traveling Count,130,0,7.001,,1
S183862008,Pied-billed Grebe,Podilymbus podiceps,6855,X,US-WA,King,L162766,Union Bay Natural Area/Montlake Fill,47.65424,-122.29137,2024-06-26,06:10 AM,eBird - Traveling Count,109,1,4.812,,1
S191250464,Pied-billed Grebe,Podilymbus podiceps,6855,X,US-WA,King,L162766,Union Bay Natural Area/Montlake Fill,47.65424,-122.29137,2024-08-12,05:40 PM,eBird - Traveling Count,53,1,2.639,,1
S286517370,Pied-billed Grebe,Podilymbus podiceps,6855,X,US-WA,King,L162766,Union Bay Natural Area/Montlake Fill,47.65424,-122.29137,2025-11-28,09:23 AM,eBird - Traveling Count,132,1,2.605,,1
S295024890,Pied-billed Grebe,Podilymbus podiceps,6855,10,US-WA,King,L162766,Union Bay Natural Area/Montlake Fill,47.65424,-122.29137,2026-01-18,08:05 AM,eBird - Traveling Count,287,1,2.302,,1,,,,649185880
S298942557,Pied-billed Grebe,Podilymbus podiceps,6855,2,US-WA,King,L162766,Union Bay Natural Area/Montlake Fill,47.65424,-122.29137,2026-02-08,07:30 AM,eBird - Traveling Count,133,1,3.101,,1
S305068426,Pied-billed Grebe,Podilymbus podiceps,6855,4,US-WA,King,L162766,Union Bay Natural Area/Montlake Fill,47.65424,-122.29137,2026-03-01,06:45 AM,eBird - Traveling Count,215,1,3.562,,1
S307285086,Pied-billed Grebe,Podilymbus podiceps,6855,2,US-WA,King,L162766,Union Bay Natural Area/Montlake Fill,47.65424,-122.29137,2026-03-08,07:52 AM,eBird - Traveling Count,130,1,3.898,,1,,,,652394610
S309534495,Pied-billed Grebe,Podilymbus podiceps,6855,1,US-WA,King,L162766,Union Bay Natural Area/Montlake Fill,47.65424,-122.29137,2026-03-15,08:45 AM,eBird - Traveling Count,93,1,2.076,,1
S317515997,Pied-billed Grebe,Podilymbus podiceps,6855,3,US-WA,King,L162766,Union Bay Natural Area/Montlake Fill,47.65424,-122.29137,2026-04-05,10:27 AM,eBird - Traveling Count,191,1,2.366,,1
S320771289,Pied-billed Grebe,Podilymbus podiceps,6855,1,US-WA,King,L162766,Union Bay Natural Area/Montlake Fill,47.65424,-122.29137,2026-04-12,07:20 AM,eBird - Traveling Count,190,1,3.623,,1
S326594442,Pied-billed Grebe,Podilymbus podiceps,6855,1,US-WA,King,L162766,Union Bay Natural Area/Montlake Fill,47.65424,-122.29137,2026-04-24,06:55 AM,eBird - Traveling Count,222,1,2.992,,1
S336459661,Pied-billed Grebe,Podilymbus podiceps,6855,1,US-WA,King,L162766,Union Bay Natural Area/Montlake Fill,47.65424,-122.29137,2026-05-10,06:04 AM,eBird - Traveling Count,165,1,2.998,,1,,,,657099581
S342868105,Pied-billed Grebe,Podilymbus podiceps,6855,1,US-WA,King,L162766,Union Bay Natural Area/Montlake Fill,47.65424,-122.29137,2026-05-20,06:19 AM,eBird - Traveling Count,134,1,3.112,,1
S374368808,Pied-billed Grebe,Podilymbus podiceps,6855,1,US-WA,King,L162766,Union Bay Natural Area/Montlake Fill,47.65424,-122.29137,2026-07-20,05:31 AM,eBird - Traveling Count,90,1,2.509,,1
S167616265,Pied-billed Grebe,Podilymbus podiceps,6855,X,US-WA,King,L165740,Washington Park Arboretum,47.6370819,-122.29574,2024-04-07,08:30 AM,eBird - Traveling Count,180,1,3.219,,15
S295226157,Pied-billed Grebe,Podilymbus podiceps,6855,2,US-WA,Skagit,L476174,Skagit Wildlife Area--Wiley Slough,48.3246351,-122.3741287,2026-01-19,11:25 AM,eBird - Traveling Count,72,1,.891,,1
S319751834,Pied-billed Grebe,Podilymbus podiceps,6855,2,US-WA,Skagit,L476174,Skagit Wildlife Area--Wiley Slough,48.3246351,-122.3741287,2026-04-10,09:30 AM,eBird - Traveling Count,229,1,2.012,,3
S371256974,Pied-billed Grebe,Podilymbus podiceps,6855,1,US-WA,Snohomish,L4444849,Riverview Wildlife Refuge / Snohomish Wastewater Treatment Plant,47.9165434,-122.1100652,2026-07-12,07:30 AM,eBird - Traveling Count,139,1,1.581,,1
S375605391,Pied-billed Grebe,Podilymbus podiceps,6855,2,US-WA,Snohomish,L343249,Stanwood Water Treatment Plant,48.2377017,-122.3611822,2026-07-23,02:41 PM,eBird - Traveling Count,163,1,.511,,1
S376877165,Pied-billed Grebe,Podilymbus podiceps,6855,3,US-WA,Snohomish,L343249,Stanwood Water Treatment Plant,48.2377017,-122.3611822,2026-07-26,07:23 PM,eBird - Traveling Count,88,1,.235,,1
S291455322,Pied-billed Grebe,Podilymbus podiceps,6855,X,US-WA,Thurston,L282253,Billy Frank Jr. Nisqually NWR,47.0812514,-122.7180576,2025-12-31,08:11 AM,eBird - Traveling Count,256,1,3.231,,1
S159176051,New Zealand Grebe,Poliocephalus rufopectus,6862,X,NZ-AUK,Auckland City,L15034121,Arch Hill Scenic Reserve,-36.8682519,174.7413516,2023-08-15,,Historical,,1
S323667024,Horned Grebe,Podiceps auritus,6866,4,US-WA,Clallam,L190512,Ediz Hook,48.14035,-123.44711,2026-04-18,08:22 AM,eBird - Traveling Count,154,1,4.076,,1,,,,655400596
S323789056,Horned Grebe,Podiceps auritus,6866,2,US-WA,Clallam,L894831,Freshwater Bay,48.1461024,-123.6414242,2026-04-18,02:00 PM,eBird - Traveling Count,75,1,.617,,1
S323830718,Horned Grebe,Podiceps auritus,6866,1,US-WA,Clallam,L234894,Salt Creek County Park,48.1631912,-123.6972883,2026-04-18,03:36 PM,eBird - Traveling Count,91,1,1.638,,1
S294267769,Horned Grebe,Podiceps auritus,6866,X,US-WA,King,L298030,Carkeek Park,47.7126411,-122.377647,2026-01-14,02:40 PM,eBird - Traveling Count,106,1,.524,,1
S295072515,Horned Grebe,Podiceps auritus,6866,1,US-WA,King,L298030,Carkeek Park,47.7126411,-122.377647,2026-01-18,04:16 PM,eBird - Traveling Count,47,1,.351,,1
S295567981,Horned Grebe,Podiceps auritus,6866,1,US-WA,King,L298030,Carkeek Park,47.7126411,-122.377647,2026-01-21,03:54 PM,eBird - Traveling Count,33,1,.583,,1
S299853433,Horned Grebe,Podiceps auritus,6866,4,US-WA,King,L298030,Carkeek Park,47.7126411,-122.377647,2026-02-12,03:26 PM,eBird - Traveling Count,60,1,.608,,1,,,,650788471
S302817888,Horned Grebe,Podiceps auritus,6866,6,US-WA,King,L298030,Carkeek Park,47.7126411,-122.377647,2026-02-21,10:55 AM,eBird - Traveling Count,122,1,.648,,1
S309235427,Horned Grebe,Podiceps auritus,6866,5,US-WA,King,L298030,Carkeek Park,47.7126411,-122.377647,2026-03-14,01:56 PM,eBird - Traveling Count,69,1,.697,,1
S327898050,Horned Grebe,Podiceps auritus,6866,1,US-WA,King,L298030,Carkeek Park,47.7126411,-122.377647,2026-04-26,08:39 AM,eBird - Traveling Count,29,1,.224,,1
S307461833,Horned Grebe,Podiceps auritus,6866,7,US-WA,King,L128530,Discovery Park,47.663868,-122.4215317,2026-03-08,03:06 PM,eBird - Traveling Count,152,1,4.489,,1
S319626376,Horned Grebe,Podiceps auritus,6866,4,US-WA,Snohomish,L20643235,Edmonds Public Fishing Pier,47.8110241,-122.3899493,2026-04-10,07:54 AM,eBird - Traveling Count,31,1,.49,,1,,,,654685217 654685218
S293545903,Horned Grebe,Podiceps auritus,6866,X,US-WA,Snohomish,L374382,Edmonds Waterfront,47.8119268,-122.3854144,2026-01-10,12:05 PM,eBird - Traveling Count,89,1,.914,,1,,,,648642478
S297588705,Horned Grebe,Podiceps auritus,6866,3,US-WA,Snohomish,L374382,Edmonds Waterfront,47.8119268,-122.3854144,2026-02-01,12:36 PM,eBird - Traveling Count,124,1,1.416,,1
S323667024,Red-necked Grebe,Podiceps grisegena,6869,1,US-WA,Clallam,L190512,Ediz Hook,48.14035,-123.44711,2026-04-18,08:22 AM,eBird - Traveling Count,154,1,4.076,,1
S323750410,Red-necked Grebe,Podiceps grisegena,6869,1,US-WA,Clallam,L793855,Elwha River Mouth,48.1447892,-123.5671808,2026-04-18,11:32 AM,eBird - Traveling Count,130,1,.681,,1
S323075329,Red-necked Grebe,Podiceps grisegena,6869,1,US-WA,Clallam,L894831,Freshwater Bay,48.1461024,-123.6414242,2026-04-17,09:39 AM,eBird - Traveling Count,130,1,5.296,,1
S323179015,Red-necked Grebe,Podiceps grisegena,6869,2,US-WA,Clallam,L284497,John Wayne Marina,48.0623184,-123.0416377,2026-04-17,02:38 PM,eBird - Traveling Count,99,1,.876,,1,,,,655400643
S170824503,Red-necked Grebe,Podiceps grisegena,6869,X,US-WA,King,L298030,Carkeek Park,47.7126411,-122.377647,2024-04-28,09:45 AM,eBird - Traveling Count,120,1,4.828,,2
S294267769,Red-necked Grebe,Podiceps grisegena,6869,X,US-WA,King,L298030,Carkeek Park,47.7126411,-122.377647,2026-01-14,02:40 PM,eBird - Traveling Count,106,1,.524,,1
S327898050,Red-necked Grebe,Podiceps grisegena,6869,1,US-WA,King,L298030,Carkeek Park,47.7126411,-122.377647,2026-04-26,08:39 AM,eBird - Traveling Count,29,1,.224,,1
S335596208,Red-necked Grebe,Podiceps grisegena,6869,5,US-WA,King,L298030,Carkeek Park,47.7126411,-122.377647,2026-05-09,09:08 AM,eBird - Traveling Count,114,1,.82,,1
S307461833,Red-necked Grebe,Podiceps grisegena,6869,3,US-WA,King,L128530,Discovery Park,47.663868,-122.4215317,2026-03-08,03:06 PM,eBird - Traveling Count,152,1,4.489,,1
S328030718,Red-necked Grebe,Podiceps grisegena,6869,1,US-WA,King,L1924233,Discovery Park--South Meadow,47.655213,-122.4141312,2026-04-26,10:00 AM,eBird - Traveling Count,112,1,1.914,,15
S293545903,Red-necked Grebe,Podiceps grisegena,6869,X,US-WA,Snohomish,L374382,Edmonds Waterfront,47.8119268,-122.3854144,2026-01-10,12:05 PM,eBird - Traveling Count,89,1,.914,,1,,,,648642319
S297588705,Red-necked Grebe,Podiceps grisegena,6869,1,US-WA,Snohomish,L374382,Edmonds Waterfront,47.8119268,-122.3854144,2026-02-01,12:36 PM,eBird - Traveling Count,124,1,1.416,,1
S260171709,Great Crested Grebe,Podiceps cristatus,6872,X,CH-ZH,,L4507511,Zürich Stadt (city of Zurich)* general (use more precise loc.),47.3768774,8.5413551,2025-06-29,,Historical,,1
S230488049,Horned/Eared Grebe,Podiceps auritus/nigricollis,6880,X,US-WA,Jefferson,L292851,Fort Worden SP,48.1408906,-122.7680969,2025-04-27,,Historical,,1
S323667024,Western Grebe,Aechmophorus occidentalis,6888,4,US-WA,Clallam,L190512,Ediz Hook,48.14035,-123.44711,2026-04-18,08:22 AM,eBird - Traveling Count,154,1,4.076,,1
S335596208,Western Grebe,Aechmophorus occidentalis,6888,10,US-WA,King,L298030,Carkeek Park,47.7126411,-122.377647,2026-05-09,09:08 AM,eBird - Traveling Count,114,1,.82,,1
S285814615,Clark's Grebe,Aechmophorus clarkii,6891,X,US-CA,Alameda,L2377313,McLaughlin Eastshore SP--Albany access,37.890326,-122.314765,2025-11-23,08:40 AM,eBird - Traveling Count,86,1,2.87,,1
S313780069,White-tailed Tropicbird,Phaethon lepturus,6908,3,US-HI,Kauai,L856224,Ha'ena State Park (general),22.2202244,-159.5803642,2026-03-27,12:05 PM,eBird - Traveling Count,23,1,.581,,1
S216533729,Red-billed Tropicbird,Phaethon aethereus,6915,X,BL-,,L3710693,Saint Barthélemy,17.9063433,-62.8337387,2025-02-22,,Historical,,1
S214886399,Red-billed Tropicbird,Phaethon aethereus,6915,X,BL-,,L3710693,Saint Barthélemy,17.9063433,-62.8337387,2025-02-22,03:51 PM,eBird - Stationary Count,10,1,,,1
S313780052,Red-tailed Tropicbird,Phaethon rubricauda,6919,X,US-HI,Kauai,L266182,Kilauea Point NWR,22.2316072,-159.4019778,2026-03-27,02:47 PM,eBird - Traveling Count,29,1,.836,,1
S323750410,Red-throated Loon,Gavia stellata,6927,2,US-WA,Clallam,L793855,Elwha River Mouth,48.1447892,-123.5671808,2026-04-18,11:32 AM,eBird - Traveling Count,130,1,.681,,1,,,,655400479
S323750410,Pacific Loon,Gavia pacifica,6931,1,US-WA,Clallam,L793855,Elwha River Mouth,48.1447892,-123.5671808,2026-04-18,11:32 AM,eBird - Traveling Count,130,1,.681,,1
S354810704,Pacific Loon,Gavia pacifica,6931,X,US-WA,Island,L7706326,Smith Island,48.318233,-122.8410187,2026-05-30,04:00 PM,eBird - Traveling Count,60,1,8.047,,40,,,Puget Sound Express Puffin Tour,659365588 659365607
S349638499,Pacific Loon,Gavia pacifica,6931,1,US-WA,Jefferson,L249781,Fort Flagler SP,48.0960511,-122.7139785,2026-05-30,08:52 AM,eBird - Traveling Count,197,1,8.735,,1
S293545903,Pacific Loon,Gavia pacifica,6931,X,US-WA,Snohomish,L374382,Edmonds Waterfront,47.8119268,-122.3854144,2026-01-10,12:05 PM,eBird - Traveling Count,89,1,.914,,1
S323667024,Common Loon,Gavia immer,6933,2,US-WA,Clallam,L190512,Ediz Hook,48.14035,-123.44711,2026-04-18,08:22 AM,eBird - Traveling Count,154,1,4.076,,1,,,,655400590
S323789056,Common Loon,Gavia immer,6933,1,US-WA,Clallam,L894831,Freshwater Bay,48.1461024,-123.6414242,2026-04-18,02:00 PM,eBird - Traveling Count,75,1,.617,,1
S323830718,Common Loon,Gavia immer,6933,3,US-WA,Clallam,L234894,Salt Creek County Park,48.1631912,-123.6972883,2026-04-18,03:36 PM,eBird - Traveling Count,91,1,1.638,,1
S330540594,Common Loon,Gavia immer,6933,1,US-WA,Grays Harbor,L43806903,Ocean Shores STP,46.931967,-124.1580575,2026-05-01,10:45 AM,eBird - Traveling Count,31,1,.413,,1
S330597903,Common Loon,Gavia immer,6933,2,US-WA,Grays Harbor,L109535,Ocean Shores--Oyhut Wildlife Area,46.9444663,-124.1522412,2026-05-01,12:06 PM,eBird - Traveling Count,63,1,.63,,1
S331300190,Common Loon,Gavia immer,6933,1,US-WA,Pacific,L787853,Tokeland--marina,46.7063518,-123.9671946,2026-05-02,11:23 AM,eBird - Traveling Count,81,1,.629,,1
S159176051,Little Penguin,Eudyptula minor,6949,X,NZ-AUK,Auckland City,L15034121,Arch Hill Scenic Reserve,-36.8682519,174.7413516,2023-08-15,,Historical,,1
S159175946,Little Penguin,Eudyptula minor,6949,X,AU-NSW,Sydney,L915566,Royal Botanic Gardens (Sydney),-33.8638957,151.2167577,2023-08-19,,Historical,,1
S145851653,Little Penguin,Eudyptula minor,6949,X,NZ-WGN,Wellington City,L7021831,Railway corridor at Wellington Harbour,-41.2281632,174.8443634,2023-07-28,,eBird - Casual Observation,,0,,,1
S313780052,Laysan Albatross,Phoebastria immutabilis,6987,X,US-HI,Kauai,L266182,Kilauea Point NWR,22.2316072,-159.4019778,2026-03-27,02:47 PM,eBird - Traveling Count,29,1,.836,,1
S313780052,Wedge-tailed Shearwater,Ardenna pacifica,7209,X,US-HI,Kauai,L266182,Kilauea Point NWR,22.2316072,-159.4019778,2026-03-27,02:47 PM,eBird - Traveling Count,29,1,.836,,1
S260178638,White Stork,Ciconia ciconia,7291,X,CH-BS,,L15540214,Lange Erlen--Akazienweg,47.5761232,7.6095505,2025-07-14,,Historical,,0
S285225465,Wood Stork,Mycteria americana,7306,1,US-TX,Hidalgo,L21636963,Peculiar Nest Airbnb (restricted access),26.180693,-98.272806,2025-11-18,07:00 AM,eBird - Stationary Count,40,1,,,10
S159175691,Magnificent Frigatebird,Fregata magnificens,7315,X,MX-ROO,Cozumel,L52344353,Playa Embarcadero Cozumel,20.5122933,-86.9489744,2023-11-23,,Historical,,1
S216534367,Magnificent Frigatebird,Fregata magnificens,7315,X,AG-,,L3680262,Antigua and Barbuda,17.2705798,-61.7982655,2025-02-28,,Historical,,1
S216533993,Magnificent Frigatebird,Fregata magnificens,7315,X,BB-,,L3785507,Barbados,13.1722446,-59.5563823,2025-02-25,,Historical,,1
S216534184,Magnificent Frigatebird,Fregata magnificens,7315,X,DM-,,L3821759,Dominica,15.4345023,-61.3499744,2025-02-27,,Historical,,1
S216533924,Magnificent Frigatebird,Fregata magnificens,7315,X,GD-,,L3914441,Grenada,12.153302,-61.6586826,2025-02-24,,Historical,,1
S216533729,Magnificent Frigatebird,Fregata magnificens,7315,X,BL-,,L3710693,Saint Barthélemy,17.9063433,-62.8337387,2025-02-22,,Historical,,1
S214854032,Magnificent Frigatebird,Fregata magnificens,7315,X,BL-,,L3710693,Saint Barthélemy,17.9063433,-62.8337387,2025-02-22,01:15 PM,eBird - Traveling Count,60,1,1.609,,1
S314045091,Great Frigatebird,Fregata minor,7323,1,US-HI,Kauai,L469355,Kawai'ele State Waterbird Sanctuary,22.0099791,-159.7679526,2026-03-28,07:36 AM,eBird - Traveling Count,78,1,.732,,1
S313780052,Red-footed Booby,Sula sula,7338,X,US-HI,Kauai,L266182,Kilauea Point NWR,22.2316072,-159.4019778,2026-03-27,02:47 PM,eBird - Traveling Count,29,1,.836,,1
S314589334,Brown Booby,Sula leucogaster,7342,X,US-HI,Kauai,L1266647,Port Allen Airport--Seawatch,21.8926556,-159.6046111,2026-03-29,08:00 AM,eBird - Casual Observation,,0,,,1,,Seen from boat
S216533924,Brown Booby,Sula leucogaster,7342,X,GD-,,L3914441,Grenada,12.153302,-61.6586826,2025-02-24,,Historical,,1
S216533729,Brown Booby,Sula leucogaster,7342,X,BL-,,L3710693,Saint Barthélemy,17.9063433,-62.8337387,2025-02-22,,Historical,,1
S214854032,Brown Booby,Sula leucogaster,7342,X,BL-,,L3710693,Saint Barthélemy,17.9063433,-62.8337387,2025-02-22,01:15 PM,eBird - Traveling Count,60,1,1.609,,1
S216533845,Brown Booby,Sula leucogaster,7342,X,LC-,,L3758725,Saint Lucia,13.8983327,-60.9667625,2025-02-23,,Historical,,1
S285226087,Anhinga,Anhinga anhinga,7367,1,US-TX,Hidalgo,L129085,Santa Ana NWR (LTC 059),26.0813003,-98.1351399,2025-11-19,07:24 AM,eBird - Traveling Count,200,1,2.414,,9
S216534519,Anhinga,Anhinga anhinga,7367,X,US-FL,Miami-Dade,L127431,Biscayne NP (Please consider using more specific locations),25.4634,-80.3343,2025-03-01,,Historical,,1
S159176051,Little Pied Cormorant,Microcarbo melanoleucos,7377,X,NZ-AUK,Auckland City,L15034121,Arch Hill Scenic Reserve,-36.8682519,174.7413516,2023-08-15,,Historical,,1
S159175946,Little Pied Cormorant,Microcarbo melanoleucos,7377,X,AU-NSW,Sydney,L915566,Royal Botanic Gardens (Sydney),-33.8638957,151.2167577,2023-08-19,,Historical,,1
S144881273,Little Pied Cormorant,Microcarbo melanoleucos,7377,X,NZ-WKO,Thames-Coromandel District,L1064957,Hot Water Beach,-36.884906,175.821075,2023-07-18,,eBird - Casual Observation,,0,,,1
S323667024,Brandt's Cormorant,Urile penicillatus,7389,7,US-WA,Clallam,L190512,Ediz Hook,48.14035,-123.44711,2026-04-18,08:22 AM,eBird - Traveling Count,154,1,4.076,,1
S354810704,Brandt's Cormorant,Urile penicillatus,7389,X,US-WA,Island,L7706326,Smith Island,48.318233,-122.8410187,2026-05-30,04:00 PM,eBird - Traveling Count,60,1,8.047,,40,,,Puget Sound Express Puffin Tour
S324448943,Brandt's Cormorant,Urile penicillatus,7389,5,US-WA,Kitsap,L2492616,Kingston Ferry Terminal,47.7958271,-122.496078,2026-04-19,05:07 PM,eBird - Traveling Count,32,1,.956,,1,,,,655399882
S323667024,Pelagic Cormorant,Urile pelagicus,7391,3,US-WA,Clallam,L190512,Ediz Hook,48.14035,-123.44711,2026-04-18,08:22 AM,eBird - Traveling Count,154,1,4.076,,1
S323750410,Pelagic Cormorant,Urile pelagicus,7391,5,US-WA,Clallam,L793855,Elwha River Mouth,48.1447892,-123.5671808,2026-04-18,11:32 AM,eBird - Traveling Count,130,1,.681,,1
S323075329,Pelagic Cormorant,Urile pelagicus,7391,5,US-WA,Clallam,L894831,Freshwater Bay,48.1461024,-123.6414242,2026-04-17,09:39 AM,eBird - Traveling Count,130,1,5.296,,1
S323789056,Pelagic Cormorant,Urile pelagicus,7391,1,US-WA,Clallam,L894831,Freshwater Bay,48.1461024,-123.6414242,2026-04-18,02:00 PM,eBird - Traveling Count,75,1,.617,,1
S323179015,Pelagic Cormorant,Urile pelagicus,7391,1,US-WA,Clallam,L284497,John Wayne Marina,48.0623184,-123.0416377,2026-04-17,02:38 PM,eBird - Traveling Count,99,1,.876,,1
S323830718,Pelagic Cormorant,Urile pelagicus,7391,4,US-WA,Clallam,L234894,Salt Creek County Park,48.1631912,-123.6972883,2026-04-18,03:36 PM,eBird - Traveling Count,91,1,1.638,,1
S331882311,Pelagic Cormorant,Urile pelagicus,7391,1,US-WA,Grays Harbor,L1875831,Westhaven SP,46.9011251,-124.1268446,2026-05-03,07:27 AM,eBird - Traveling Count,99,1,1.733,,1
S354810704,Pelagic Cormorant,Urile pelagicus,7391,X,US-WA,Island,L7706326,Smith Island,48.318233,-122.8410187,2026-05-30,04:00 PM,eBird - Traveling Count,60,1,8.047,,40,,,Puget Sound Express Puffin Tour
S307461833,Pelagic Cormorant,Urile pelagicus,7391,2,US-WA,King,L128530,Discovery Park,47.663868,-122.4215317,2026-03-08,03:06 PM,eBird - Traveling Count,152,1,4.489,,1
S324448943,Pelagic Cormorant,Urile pelagicus,7391,10,US-WA,Kitsap,L2492616,Kingston Ferry Terminal,47.7958271,-122.496078,2026-04-19,05:07 PM,eBird - Traveling Count,32,1,.956,,1,,,,655399892
S170170657,Pelagic Cormorant,Urile pelagicus,7391,X,US-WA,Skagit,L1597257,Rosario Strait (Skagit Co.),48.5218613,-122.7014927,2024-04-14,,Historical,,0
S293545903,Pelagic Cormorant,Urile pelagicus,7391,X,US-WA,Snohomish,L374382,Edmonds Waterfront,47.8119268,-122.3854144,2026-01-10,12:05 PM,eBird - Traveling Count,89,1,.914,,1,,,,648642416
S297588705,Pelagic Cormorant,Urile pelagicus,7391,3,US-WA,Snohomish,L374382,Edmonds Waterfront,47.8119268,-122.3854144,2026-02-01,12:36 PM,eBird - Traveling Count,124,1,1.416,,1
S159176051,Great Cormorant,Phalacrocorax carbo,7397,X,NZ-AUK,Auckland City,L15034121,Arch Hill Scenic Reserve,-36.8682519,174.7413516,2023-08-15,,Historical,,1
S260171709,Great Cormorant,Phalacrocorax carbo,7397,X,CH-ZH,,L4507511,Zürich Stadt (city of Zurich)* general (use more precise loc.),47.3768774,8.5413551,2025-06-29,,Historical,,1
S159176051,Spotted Shag,Phalacrocorax punctatus,7409,X,NZ-AUK,Auckland City,L15034121,Arch Hill Scenic Reserve,-36.8682519,174.7413516,2023-08-15,,Historical,,1
S159176051,Little Black Cormorant,Phalacrocorax sulcirostris,7413,X,NZ-AUK,Auckland City,L15034121,Arch Hill Scenic Reserve,-36.8682519,174.7413516,2023-08-15,,Historical,,1
S159175946,Little Black Cormorant,Phalacrocorax sulcirostris,7413,X,AU-NSW,Sydney,L915566,Royal Botanic Gardens (Sydney),-33.8638957,151.2167577,2023-08-19,,Historical,,1
S356765363,Double-crested Cormorant,Nannopterum auritum,7424,1,US-CA,Alameda,L8307665,Albany State Marine Reserve,37.8893242,-122.3151134,2026-06-13,07:48 AM,eBird - Traveling Count,99,1,2.71,,1
S172492761,Double-crested Cormorant,Nannopterum auritum,7424,X,US-CA,Alameda,L285281,Cesar Chavez Park,37.8709227,-122.3150389,2024-05-06,02:03 PM,eBird - Traveling Count,52,1,2.945,,1
S356230112,Double-crested Cormorant,Nannopterum auritum,7424,2,US-CA,Alameda,L285281,Cesar Chavez Park,37.8709227,-122.3150389,2026-06-12,07:05 AM,eBird - Traveling Count,99,1,4.,,1
S285814615,Double-crested Cormorant,Nannopterum auritum,7424,X,US-CA,Alameda,L2377313,McLaughlin Eastshore SP--Albany access,37.890326,-122.314765,2025-11-23,08:40 AM,eBird - Traveling Count,86,1,2.87,,1
S323667024,Double-crested Cormorant,Nannopterum auritum,7424,2,US-WA,Clallam,L190512,Ediz Hook,48.14035,-123.44711,2026-04-18,08:22 AM,eBird - Traveling Count,154,1,4.076,,1
S323179015,Double-crested Cormorant,Nannopterum auritum,7424,1,US-WA,Clallam,L284497,John Wayne Marina,48.0623184,-123.0416377,2026-04-17,02:38 PM,eBird - Traveling Count,99,1,.876,,1
S311113230,Double-crested Cormorant,Nannopterum auritum,7424,30,US-WA,Grant,L1678863,Potholes Reservoir--south half,46.991357,-119.3181243,2026-03-20,10:58 AM,eBird - Traveling Count,156,1,20.014,,1
S330084156,Double-crested Cormorant,Nannopterum auritum,7424,10,US-WA,Grays Harbor,L276426,Grays Harbor NWR (Bowerman Basin),46.9731644,-123.9436064,2026-04-30,02:47 PM,eBird - Traveling Count,104,1,1.512,,1
S330514755,Double-crested Cormorant,Nannopterum auritum,7424,1,US-WA,Grays Harbor,L168688,Ocean Shores--Pt. Brown Jetty,46.92816,-124.17397,2026-05-01,09:47 AM,eBird - Traveling Count,48,1,.3,,1
S331882311,Double-crested Cormorant,Nannopterum auritum,7424,1,US-WA,Grays Harbor,L1875831,Westhaven SP,46.9011251,-124.1268446,2026-05-03,07:27 AM,eBird - Traveling Count,99,1,1.733,,1
S285225846,Double-crested Cormorant,Nannopterum auritum,7424,1,US-TX,Hidalgo,L246727,Anzalduas Park (LTC 068),26.1384105,-98.3327866,2025-11-18,11:32 AM,eBird - Traveling Count,65,1,1.609,,9
S285226087,Double-crested Cormorant,Nannopterum auritum,7424,2,US-TX,Hidalgo,L129085,Santa Ana NWR (LTC 059),26.0813003,-98.1351399,2025-11-19,07:24 AM,eBird - Traveling Count,200,1,2.414,,9
S230488049,Double-crested Cormorant,Nannopterum auritum,7424,X,US-WA,Jefferson,L292851,Fort Worden SP,48.1408906,-122.7680969,2025-04-27,,Historical,,1
S286410137,Double-crested Cormorant,Nannopterum auritum,7424,X,US-WA,King,L298030,Carkeek Park,47.7126411,-122.377647,2025-11-27,02:04 PM,eBird - Traveling Count,45,1,1.36,,1
S298149849,Double-crested Cormorant,Nannopterum auritum,7424,1,US-WA,King,L298030,Carkeek Park,47.7126411,-122.377647,2026-02-04,03:59 PM,eBird - Traveling Count,47,1,.305,,1
S302817888,Double-crested Cormorant,Nannopterum auritum,7424,2,US-WA,King,L298030,Carkeek Park,47.7126411,-122.377647,2026-02-21,10:55 AM,eBird - Traveling Count,122,1,.648,,1
S327898050,Double-crested Cormorant,Nannopterum auritum,7424,1,US-WA,King,L298030,Carkeek Park,47.7126411,-122.377647,2026-04-26,08:39 AM,eBird - Traveling Count,29,1,.224,,1
S307461833,Double-crested Cormorant,Nannopterum auritum,7424,20,US-WA,King,L128530,Discovery Park,47.663868,-122.4215317,2026-03-08,03:06 PM,eBird - Traveling Count,152,1,4.489,,1
S309580927,Double-crested Cormorant,Nannopterum auritum,7424,1,US-WA,King,L280267,Foster Island & Marsh Island,47.646592,-122.2909732,2026-03-15,10:53 AM,eBird - Traveling Count,96,1,1.041,,1
S291993014,Double-crested Cormorant,Nannopterum auritum,7424,X,US-WA,King,L2692026,Fremont Canal Park,47.6514476,-122.3570377,2026-01-02,03:40 PM,eBird - Stationary Count,240,1,,,1
S296590988,Double-crested Cormorant,Nannopterum auritum,7424,30,US-WA,King,L2692026,Fremont Canal Park,47.6514476,-122.3570377,2026-01-27,11:39 AM,eBird - Stationary Count,180,1,,,1
S297959820,Double-crested Cormorant,Nannopterum auritum,7424,30,US-WA,King,L2692026,Fremont Canal Park,47.6514476,-122.3570377,2026-02-03,04:21 PM,eBird - Traveling Count,10,1,.434,,1
S298134651,Double-crested Cormorant,Nannopterum auritum,7424,40,US-WA,King,L2692026,Fremont Canal Park,47.6514476,-122.3570377,2026-02-04,08:30 AM,eBird - Stationary Count,240,1,,,1
S297342812,Double-crested Cormorant,Nannopterum auritum,7424,1,US-WA,King,L163354,Green Lake,47.6783945,-122.3382464,2026-01-31,04:04 PM,eBird - Traveling Count,53,1,4.21,,1
S305332784,Double-crested Cormorant,Nannopterum auritum,7424,2,US-WA,King,L163354,Green Lake,47.6783945,-122.3382464,2026-03-02,06:43 AM,eBird - Traveling Count,67,1,1.847,,1
S342994543,Double-crested Cormorant,Nannopterum auritum,7424,1,US-WA,King,L163354,Green Lake,47.6783945,-122.3382464,2026-05-20,09:01 AM,eBird - Traveling Count,222,1,4.611,,1
S292421718,Double-crested Cormorant,Nannopterum auritum,7424,X,US-WA,King,L208659,Hiram M. Chittenden Ballard Locks,47.6653579,-122.3974647,2026-01-04,09:39 AM,eBird - Traveling Count,35,1,1.144,,1
S305183920,Double-crested Cormorant,Nannopterum auritum,7424,10,US-WA,King,L208659,Hiram M. Chittenden Ballard Locks,47.6653579,-122.3974647,2026-03-01,04:24 PM,eBird - Traveling Count,40,1,1.265,,1
S338550928,Double-crested Cormorant,Nannopterum auritum,7424,6,US-WA,King,L208659,Hiram M. Chittenden Ballard Locks,47.6653579,-122.3974647,2026-05-13,06:15 PM,eBird - Stationary Count,60,1,,,1
S278673753,Double-crested Cormorant,Nannopterum auritum,7424,X,US-WA,King,L232479,Juanita Bay Park,47.6981686,-122.2101878,2025-10-11,08:44 AM,eBird - Traveling Count,160,1,1.308,,1
S291712899,Double-crested Cormorant,Nannopterum auritum,7424,X,US-WA,King,L232479,Juanita Bay Park,47.6981686,-122.2101878,2026-01-01,10:37 AM,eBird - Traveling Count,158,1,1.357,,1,,,,648016453
S296271926,Double-crested Cormorant,Nannopterum auritum,7424,20,US-WA,King,L232479,Juanita Bay Park,47.6981686,-122.2101878,2026-01-25,08:10 AM,eBird - Traveling Count,222,1,1.699,,1
S306300352,Double-crested Cormorant,Nannopterum auritum,7424,70,US-WA,King,L232479,Juanita Bay Park,47.6981686,-122.2101878,2026-03-05,02:46 PM,eBird - Traveling Count,61,1,1.635,,1
S297296203,Double-crested Cormorant,Nannopterum auritum,7424,3,US-WA,King,L269461,Magnuson Park,47.6815336,-122.2505453,2026-01-31,11:00 AM,eBird - Traveling Count,99,1,1.046,,1
S303069344,Double-crested Cormorant,Nannopterum auritum,7424,19,US-WA,King,L351484,Marymoor Park,47.6612642,-122.1184109,2026-02-22,06:42 AM,eBird - Traveling Count,176,1,4.108,,1
S203904796,Double-crested Cormorant,Nannopterum auritum,7424,X,US-WA,King,L472642,Meadowbrook Pond,47.7058052,-122.2889256,2024-11-28,01:20 PM,eBird - Traveling Count,31,1,.283,,1
S328169533,Double-crested Cormorant,Nannopterum auritum,7424,1,US-WA,King,L31102692,Pioneer Square Habitat Beach,47.6012582,-122.336379,2026-04-26,03:37 PM,eBird - Traveling Count,15,1,.77,,1
S291655613,Double-crested Cormorant,Nannopterum auritum,7424,X,US-WA,King,L860816,Saint Edward SP,47.7329014,-122.2558057,2026-01-01,08:49 AM,eBird - Traveling Count,84,1,5.234,,1
S175815092,Double-crested Cormorant,Nannopterum auritum,7424,X,US-WA,King,L162766,Union Bay Natural Area/Montlake Fill,47.65424,-122.29137,2024-05-19,08:00 AM,eBird - Traveling Count,150,1,3.219,,1
S286517370,Double-crested Cormorant,Nannopterum auritum,7424,X,US-WA,King,L162766,Union Bay Natural Area/Montlake Fill,47.65424,-122.29137,2025-11-28,09:23 AM,eBird - Traveling Count,132,1,2.605,,1
S295024890,Double-crested Cormorant,Nannopterum auritum,7424,20,US-WA,King,L162766,Union Bay Natural Area/Montlake Fill,47.65424,-122.29137,2026-01-18,08:05 AM,eBird - Traveling Count,287,1,2.302,,1,,,,649185882
S298942557,Double-crested Cormorant,Nannopterum auritum,7424,13,US-WA,King,L162766,Union Bay Natural Area/Montlake Fill,47.65424,-122.29137,2026-02-08,07:30 AM,eBird - Traveling Count,133,1,3.101,,1,,,,650546234
S305068426,Double-crested Cormorant,Nannopterum auritum,7424,15,US-WA,King,L162766,Union Bay Natural Area/Montlake Fill,47.65424,-122.29137,2026-03-01,06:45 AM,eBird - Traveling Count,215,1,3.562,,1,,,,651953576
S307285086,Double-crested Cormorant,Nannopterum auritum,7424,11,US-WA,King,L162766,Union Bay Natural Area/Montlake Fill,47.65424,-122.29137,2026-03-08,07:52 AM,eBird - Traveling Count,130,1,3.898,,1,,,,652394615
S309534495,Double-crested Cormorant,Nannopterum auritum,7424,1,US-WA,King,L162766,Union Bay Natural Area/Montlake Fill,47.65424,-122.29137,2026-03-15,08:45 AM,eBird - Traveling Count,93,1,2.076,,1
S317515997,Double-crested Cormorant,Nannopterum auritum,7424,5,US-WA,King,L162766,Union Bay Natural Area/Montlake Fill,47.65424,-122.29137,2026-04-05,10:27 AM,eBird - Traveling Count,191,1,2.366,,1
S320771289,Double-crested Cormorant,Nannopterum auritum,7424,6,US-WA,King,L162766,Union Bay Natural Area/Montlake Fill,47.65424,-122.29137,2026-04-12,07:20 AM,eBird - Traveling Count,190,1,3.623,,1,,,,654861786
S326594442,Double-crested Cormorant,Nannopterum auritum,7424,4,US-WA,King,L162766,Union Bay Natural Area/Montlake Fill,47.65424,-122.29137,2026-04-24,06:55 AM,eBird - Traveling Count,222,1,2.992,,1,,,,655747507
S333055230,Double-crested Cormorant,Nannopterum auritum,7424,1,US-WA,King,L162766,Union Bay Natural Area/Montlake Fill,47.65424,-122.29137,2026-05-05,05:54 AM,eBird - Traveling Count,113,1,2.301,,1
S324448943,Double-crested Cormorant,Nannopterum auritum,7424,5,US-WA,Kitsap,L2492616,Kingston Ferry Terminal,47.7958271,-122.496078,2026-04-19,05:07 PM,eBird - Traveling Count,32,1,.956,,1,,,,655399906
S216534519,Double-crested Cormorant,Nannopterum auritum,7424,X,US-FL,Miami-Dade,L127431,Biscayne NP (Please consider using more specific locations),25.4634,-80.3343,2025-03-01,,Historical,,1
S331300190,Double-crested Cormorant,Nannopterum auritum,7424,1,US-WA,Pacific,L787853,Tokeland--marina,46.7063518,-123.9671946,2026-05-02,11:23 AM,eBird - Traveling Count,81,1,.629,,1
S176978136,Double-crested Cormorant,Nannopterum auritum,7424,X,US-RI,Providence,L804728,Blackstone Park,41.833327,-71.3792148,2024-05-25,09:31 AM,eBird - Traveling Count,43,1,1.931,,1
S295194600,Double-crested Cormorant,Nannopterum auritum,7424,1,US-WA,Skagit,L480306,Bay View State Park,48.4881122,-122.4809933,2026-01-19,09:31 AM,eBird - Traveling Count,34,1,.25,,1
S170170657,Double-crested Cormorant,Nannopterum auritum,7424,X,US-WA,Skagit,L1597257,Rosario Strait (Skagit Co.),48.5218613,-122.7014927,2024-04-14,,Historical,,0
S319751834,Double-crested Cormorant,Nannopterum auritum,7424,1,US-WA,Skagit,L476174,Skagit Wildlife Area--Wiley Slough,48.3246351,-122.3741287,2026-04-10,09:30 AM,eBird - Traveling Count,229,1,2.012,,3
S319626376,Double-crested Cormorant,Nannopterum auritum,7424,2,US-WA,Snohomish,L20643235,Edmonds Public Fishing Pier,47.8110241,-122.3899493,2026-04-10,07:54 AM,eBird - Traveling Count,31,1,.49,,1
S293545903,Double-crested Cormorant,Nannopterum auritum,7424,X,US-WA,Snohomish,L374382,Edmonds Waterfront,47.8119268,-122.3854144,2026-01-10,12:05 PM,eBird - Traveling Count,89,1,.914,,1
S297588705,Double-crested Cormorant,Nannopterum auritum,7424,12,US-WA,Snohomish,L374382,Edmonds Waterfront,47.8119268,-122.3854144,2026-02-01,12:36 PM,eBird - Traveling Count,124,1,1.416,,1
S291455322,Double-crested Cormorant,Nannopterum auritum,7424,X,US-WA,Thurston,L282253,Billy Frank Jr. Nisqually NWR,47.0812514,-122.7180576,2025-12-31,08:11 AM,eBird - Traveling Count,256,1,3.231,,1
S159174918,Double-crested Cormorant,Nannopterum auritum,7424,X,US-AZ,,L108915,Arizona,34.16973,-111.93299,2024-01-12,,Historical,,1
S285225846,Neotropic Cormorant,Nannopterum brasilianum,7431,3,US-TX,Hidalgo,L246727,Anzalduas Park (LTC 068),26.1384105,-98.3327866,2025-11-18,11:32 AM,eBird - Traveling Count,65,1,1.609,,9
S285225977,Neotropic Cormorant,Nannopterum brasilianum,7431,6,US-TX,Hidalgo,L249889,Edinburg Scenic Wetlands WBC (LTC 061),26.2905822,-98.1351909,2025-11-19,12:54 PM,eBird - Traveling Count,90,1,1.609,,9
S285225465,Neotropic Cormorant,Nannopterum brasilianum,7431,5,US-TX,Hidalgo,L21636963,Peculiar Nest Airbnb (restricted access),26.180693,-98.272806,2025-11-18,07:00 AM,eBird - Stationary Count,40,1,,,10
S285380811,White Ibis,Eudocimus albus,7462,2,US-TX,Cameron,L283726,South Padre Is.--WBC/Conv. Center/Laguna Madre Trail (LTC 035),26.1400912,-97.1748233,2025-11-20,12:53 PM,eBird - Traveling Count,120,1,1.609,,9
S285380905,White Ibis,Eudocimus albus,7462,2,US-TX,Hidalgo,L259855,Estero Llano Grande SP WBC (LTC 054),26.1268335,-97.9578167,2025-11-20,07:13 AM,eBird - Traveling Count,60,1,.805,,9
S216534519,White Ibis,Eudocimus albus,7462,X,US-FL,Miami-Dade,L127431,Biscayne NP (Please consider using more specific locations),25.4634,-80.3343,2025-03-01,,Historical,,1
S285380905,White-faced Ibis,Plegadis chihi,7468,2,US-TX,Hidalgo,L259855,Estero Llano Grande SP WBC (LTC 054),26.1268335,-97.9578167,2025-11-20,07:13 AM,eBird - Traveling Count,60,1,.805,,9
S146390165,Australian Ibis,Threskiornis molucca,7498,X,AU-NSW,Sydney,L915566,Royal Botanic Gardens (Sydney),-33.8638957,151.2167577,2023-08-04,,eBird - Casual Observation,,0,,,1
S159175946,Australian Ibis,Threskiornis molucca,7498,X,AU-NSW,Sydney,L915566,Royal Botanic Gardens (Sydney),-33.8638957,151.2167577,2023-08-19,,Historical,,1
S285380879,Roseate Spoonbill,Platalea ajaja,7533,1,US-TX,Cameron,L16902016,"Buena Vista Dr, Los Fresnos US-TX (26.0906,-97.3489)",26.09059,-97.348877,2025-11-20,10:53 AM,eBird - Casual Observation,,0,,,9
S285380811,Roseate Spoonbill,Platalea ajaja,7533,4,US-TX,Cameron,L283726,South Padre Is.--WBC/Conv. Center/Laguna Madre Trail (LTC 035),26.1400912,-97.1748233,2025-11-20,12:53 PM,eBird - Traveling Count,120,1,1.609,,9,,,,645920395 645920396
S159175691,Roseate Spoonbill,Platalea ajaja,7533,X,MX-ROO,Cozumel,L52344353,Playa Embarcadero Cozumel,20.5122933,-86.9489744,2023-11-23,,Historical,,1
S285225465,Roseate Spoonbill,Platalea ajaja,7533,1,US-TX,Hidalgo,L21636963,Peculiar Nest Airbnb (restricted access),26.180693,-98.272806,2025-11-18,07:00 AM,eBird - Stationary Count,40,1,,,10
S380906489,American Bittern,Botaurus lentiginosus,7560,1,US-WA,King,L267071,Frager Rd. (north),47.418883,-122.2678757,2026-08-07,09:32 AM,eBird - Traveling Count,176,1,2.644,,1
S332089254,American Bittern,Botaurus lentiginosus,7560,1,US-WA,Thurston,L282253,Billy Frank Jr. Nisqually NWR,47.0812514,-122.7180576,2026-05-03,10:49 AM,eBird - Traveling Count,191,1,4.362,,1,,,,656515959
S285380853,Yellow-crowned Night Heron,Nyctanassa violacea,7591,2,US-TX,Cameron,L1050482,TX48--Shrimp Basin Bridge / Zapata Memorial Boat Ramp/ San Martin Lake outlet,26.0023329,-97.2999001,2025-11-20,11:26 AM,eBird - Stationary Count,20,1,,,9
S285225465,Yellow-crowned Night Heron,Nyctanassa violacea,7591,2,US-TX,Hidalgo,L21636963,Peculiar Nest Airbnb (restricted access),26.180693,-98.272806,2025-11-18,07:00 AM,eBird - Stationary Count,40,1,,,10
S356230112,Black-crowned Night Heron,Nycticorax nycticorax,7600,4,US-CA,Alameda,L285281,Cesar Chavez Park,37.8709227,-122.3150389,2026-06-12,07:05 AM,eBird - Traveling Count,99,1,4.,,1,,,,659894402 659894403
S311113230,Black-crowned Night Heron,Nycticorax nycticorax,7600,1,US-WA,Grant,L1678863,Potholes Reservoir--south half,46.991357,-119.3181243,2026-03-20,10:58 AM,eBird - Traveling Count,156,1,20.014,,1
S285225465,Black-crowned Night Heron,Nycticorax nycticorax,7600,1,US-TX,Hidalgo,L21636963,Peculiar Nest Airbnb (restricted access),26.180693,-98.272806,2025-11-18,07:00 AM,eBird - Stationary Count,40,1,,,10
S314045091,Black-crowned Night Heron,Nycticorax nycticorax,7600,2,US-HI,Kauai,L469355,Kawai'ele State Waterbird Sanctuary,22.0099791,-159.7679526,2026-03-28,07:36 AM,eBird - Traveling Count,78,1,.732,,1
S216534367,Black-crowned Night Heron,Nycticorax nycticorax,7600,X,AG-,,L3680262,Antigua and Barbuda,17.2705798,-61.7982655,2025-02-28,,Historical,,1
S285380811,Little Blue Heron,Egretta caerulea,7629,1,US-TX,Cameron,L283726,South Padre Is.--WBC/Conv. Center/Laguna Madre Trail (LTC 035),26.1400912,-97.1748233,2025-11-20,12:53 PM,eBird - Traveling Count,120,1,1.609,,9
S285225465,Little Blue Heron,Egretta caerulea,7629,1,US-TX,Hidalgo,L21636963,Peculiar Nest Airbnb (restricted access),26.180693,-98.272806,2025-11-18,07:00 AM,eBird - Stationary Count,40,1,,,10
S216534519,Little Blue Heron,Egretta caerulea,7629,X,US-FL,Miami-Dade,L127431,Biscayne NP (Please consider using more specific locations),25.4634,-80.3343,2025-03-01,,Historical,,1
S216534367,Little Blue Heron,Egretta caerulea,7629,X,AG-,,L3680262,Antigua and Barbuda,17.2705798,-61.7982655,2025-02-28,,Historical,,1
S285380879,Tricolored Heron,Egretta tricolor,7630,1,US-TX,Cameron,L16902016,"Buena Vista Dr, Los Fresnos US-TX (26.0906,-97.3489)",26.09059,-97.348877,2025-11-20,10:53 AM,eBird - Casual Observation,,0,,,9
S285380811,Tricolored Heron,Egretta tricolor,7630,2,US-TX,Cameron,L283726,South Padre Is.--WBC/Conv. Center/Laguna Madre Trail (LTC 035),26.1400912,-97.1748233,2025-11-20,12:53 PM,eBird - Traveling Count,120,1,1.609,,9,,,,645920377
S285380853,Tricolored Heron,Egretta tricolor,7630,3,US-TX,Cameron,L1050482,TX48--Shrimp Basin Bridge / Zapata Memorial Boat Ramp/ San Martin Lake outlet,26.0023329,-97.2999001,2025-11-20,11:26 AM,eBird - Stationary Count,20,1,,,9
S285225918,Tricolored Heron,Egretta tricolor,7630,1,US-TX,Hidalgo,L128890,Bentsen-Rio Grande Val. SP WBC (Mission) (LTC 069),26.1796748,-98.3842338,2025-11-18,08:27 AM,eBird - Traveling Count,140,1,1.609,,10
S216534367,Tricolored Heron,Egretta tricolor,7630,X,AG-,,L3680262,Antigua and Barbuda,17.2705798,-61.7982655,2025-02-28,,Historical,,1
S285380811,Reddish Egret,Egretta rufescens,7634,4,US-TX,Cameron,L283726,South Padre Is.--WBC/Conv. Center/Laguna Madre Trail (LTC 035),26.1400912,-97.1748233,2025-11-20,12:53 PM,eBird - Traveling Count,120,1,1.609,,9,,,,645920308 645920351
S285380853,Reddish Egret,Egretta rufescens,7634,1,US-TX,Cameron,L1050482,TX48--Shrimp Basin Bridge / Zapata Memorial Boat Ramp/ San Martin Lake outlet,26.0023329,-97.2999001,2025-11-20,11:26 AM,eBird - Stationary Count,20,1,,,9
S356765363,Snowy Egret,Egretta thula,7645,7,US-CA,Alameda,L8307665,Albany State Marine Reserve,37.8893242,-122.3151134,2026-06-13,07:48 AM,eBird - Traveling Count,99,1,2.71,,1
S356230112,Snowy Egret,Egretta thula,7645,1,US-CA,Alameda,L285281,Cesar Chavez Park,37.8709227,-122.3150389,2026-06-12,07:05 AM,eBird - Traveling Count,99,1,4.,,1
S285814615,Snowy Egret,Egretta thula,7645,X,US-CA,Alameda,L2377313,McLaughlin Eastshore SP--Albany access,37.890326,-122.314765,2025-11-23,08:40 AM,eBird - Traveling Count,86,1,2.87,,1
S285380811,Snowy Egret,Egretta thula,7645,1,US-TX,Cameron,L283726,South Padre Is.--WBC/Conv. Center/Laguna Madre Trail (LTC 035),26.1400912,-97.1748233,2025-11-20,12:53 PM,eBird - Traveling Count,120,1,1.609,,9,,,,645920382
S159175691,Snowy Egret,Egretta thula,7645,X,MX-ROO,Cozumel,L52344353,Playa Embarcadero Cozumel,20.5122933,-86.9489744,2023-11-23,,Historical,,1
S285225918,Snowy Egret,Egretta thula,7645,1,US-TX,Hidalgo,L128890,Bentsen-Rio Grande Val. SP WBC (Mission) (LTC 069),26.1796748,-98.3842338,2025-11-18,08:27 AM,eBird - Traveling Count,140,1,1.609,,10
S285225977,Snowy Egret,Egretta thula,7645,9,US-TX,Hidalgo,L249889,Edinburg Scenic Wetlands WBC (LTC 061),26.2905822,-98.1351909,2025-11-19,12:54 PM,eBird - Traveling Count,90,1,1.609,,9
S285380905,Snowy Egret,Egretta thula,7645,1,US-TX,Hidalgo,L259855,Estero Llano Grande SP WBC (LTC 054),26.1268335,-97.9578167,2025-11-20,07:13 AM,eBird - Traveling Count,60,1,.805,,9,,,,645920160
S285225465,Snowy Egret,Egretta thula,7645,2,US-TX,Hidalgo,L21636963,Peculiar Nest Airbnb (restricted access),26.180693,-98.272806,2025-11-18,07:00 AM,eBird - Stationary Count,40,1,,,10
S216534367,Snowy Egret,Egretta thula,7645,X,AG-,,L3680262,Antigua and Barbuda,17.2705798,-61.7982655,2025-02-28,,Historical,,1
S216534184,Snowy Egret,Egretta thula,7645,X,DM-,,L3821759,Dominica,15.4345023,-61.3499744,2025-02-27,,Historical,,1
S216533924,Snowy Egret,Egretta thula,7645,X,GD-,,L3914441,Grenada,12.153302,-61.6586826,2025-02-24,,Historical,,1
S216533845,Snowy Egret,Egretta thula,7645,X,LC-,,L3758725,Saint Lucia,13.8983327,-60.9667625,2025-02-23,,Historical,,1
S159175946,Little Egret,Egretta garzetta,7650,X,AU-NSW,Sydney,L915566,Royal Botanic Gardens (Sydney),-33.8638957,151.2167577,2023-08-19,,Historical,,1
S260178638,Little Egret,Egretta garzetta,7650,X,CH-BS,,L15540214,Lange Erlen--Akazienweg,47.5761232,7.6095505,2025-07-14,,Historical,,0
S159176051,White-faced Heron,Egretta novaehollandiae,7661,X,NZ-AUK,Auckland City,L15034121,Arch Hill Scenic Reserve,-36.8682519,174.7413516,2023-08-15,,Historical,,1
S159175946,White-faced Heron,Egretta novaehollandiae,7661,X,AU-NSW,Sydney,L915566,Royal Botanic Gardens (Sydney),-33.8638957,151.2167577,2023-08-19,,Historical,,1
S144870208,White-faced Heron,Egretta novaehollandiae,7661,X,NZ-WKO,Thames-Coromandel District,L3382241,Whitianga (General),-36.8351451,175.7047605,2023-07-17,,eBird - Casual Observation,,0,,,1
S285380811,Green Heron,Butorides virescens,7704,1,US-TX,Cameron,L283726,South Padre Is.--WBC/Conv. Center/Laguna Madre Trail (LTC 035),26.1400912,-97.1748233,2025-11-20,12:53 PM,eBird - Traveling Count,120,1,1.609,,9
S180573811,Green Heron,Butorides virescens,7704,X,US-VA,Fairfax,L718525,**HUNTLEY MEADOWS PARK,38.7576451,-77.0984124,2024-06-10,07:09 AM,eBird - Traveling Count,148,1,3.203,,1
S285226087,Green Heron,Butorides virescens,7704,1,US-TX,Hidalgo,L129085,Santa Ana NWR (LTC 059),26.0813003,-98.1351399,2025-11-19,07:24 AM,eBird - Traveling Count,200,1,2.414,,9
S305068426,Green Heron,Butorides virescens,7704,1,US-WA,King,L162766,Union Bay Natural Area/Montlake Fill,47.65424,-122.29137,2026-03-01,06:45 AM,eBird - Traveling Count,215,1,3.562,,1,,,,651953593 651953594
S216534367,Green Heron,Butorides virescens,7704,X,AG-,,L3680262,Antigua and Barbuda,17.2705798,-61.7982655,2025-02-28,,Historical,,1
S216534184,Green Heron,Butorides virescens,7704,X,DM-,,L3821759,Dominica,15.4345023,-61.3499744,2025-02-27,,Historical,,1
S285225977,Western Cattle-Egret,Ardea ibis,7724,20,US-TX,Hidalgo,L249889,Edinburg Scenic Wetlands WBC (LTC 061),26.2905822,-98.1351909,2025-11-19,12:54 PM,eBird - Traveling Count,90,1,1.609,,9
S314045091,Western Cattle-Egret,Ardea ibis,7724,2,US-HI,Kauai,L469355,Kawai'ele State Waterbird Sanctuary,22.0099791,-159.7679526,2026-03-28,07:36 AM,eBird - Traveling Count,78,1,.732,,1
S313169342,Western Cattle-Egret,Ardea ibis,7724,4,US-HI,Kauai,L1186213,Poʻipū Beach Park,21.87229,-159.4540122,2026-03-25,03:49 PM,eBird - Traveling Count,90,1,3.655,,1
S313427151,Western Cattle-Egret,Ardea ibis,7724,1,US-HI,Kauai,L1186213,Poʻipū Beach Park,21.87229,-159.4540122,2026-03-26,11:24 AM,eBird - Traveling Count,17,1,.791,,1
S216534367,Western Cattle-Egret,Ardea ibis,7724,X,AG-,,L3680262,Antigua and Barbuda,17.2705798,-61.7982655,2025-02-28,,Historical,,1
S285380811,Great Egret,Ardea alba,7729,2,US-TX,Cameron,L283726,South Padre Is.--WBC/Conv. Center/Laguna Madre Trail (LTC 035),26.1400912,-97.1748233,2025-11-20,12:53 PM,eBird - Traveling Count,120,1,1.609,,9,,,,645920314
S285380853,Great Egret,Ardea alba,7729,1,US-TX,Cameron,L1050482,TX48--Shrimp Basin Bridge / Zapata Memorial Boat Ramp/ San Martin Lake outlet,26.0023329,-97.2999001,2025-11-20,11:26 AM,eBird - Stationary Count,20,1,,,9
S159175691,Great Egret,Ardea alba,7729,X,MX-ROO,Cozumel,L52344353,Playa Embarcadero Cozumel,20.5122933,-86.9489744,2023-11-23,,Historical,,1
S330597903,Great Egret,Ardea alba,7729,1,US-WA,Grays Harbor,L109535,Ocean Shores--Oyhut Wildlife Area,46.9444663,-124.1522412,2026-05-01,12:06 PM,eBird - Traveling Count,63,1,.63,,1
S285225918,Great Egret,Ardea alba,7729,2,US-TX,Hidalgo,L128890,Bentsen-Rio Grande Val. SP WBC (Mission) (LTC 069),26.1796748,-98.3842338,2025-11-18,08:27 AM,eBird - Traveling Count,140,1,1.609,,10
S285380905,Great Egret,Ardea alba,7729,1,US-TX,Hidalgo,L259855,Estero Llano Grande SP WBC (LTC 054),26.1268335,-97.9578167,2025-11-20,07:13 AM,eBird - Traveling Count,60,1,.805,,9
S285225465,Great Egret,Ardea alba,7729,2,US-TX,Hidalgo,L21636963,Peculiar Nest Airbnb (restricted access),26.180693,-98.272806,2025-11-18,07:00 AM,eBird - Stationary Count,40,1,,,10
S216534367,Great Egret,Ardea alba,7729,X,AG-,,L3680262,Antigua and Barbuda,17.2705798,-61.7982655,2025-02-28,,Historical,,1
S260178638,Gray Heron,Ardea cinerea,7745,X,CH-BS,,L15540214,Lange Erlen--Akazienweg,47.5761232,7.6095505,2025-07-14,,Historical,,0
S312035095,Great Blue Heron,Ardea herodias,7753,1,US-WA,Adams,L60805356,"West Gillis Road, Othello, Washington, US (46.81, -119.347)",46.8100099,-119.347446,2026-03-22,08:19 AM,eBird - Traveling Count,57,1,.973,,1
S356230112,Great Blue Heron,Ardea herodias,7753,5,US-CA,Alameda,L285281,Cesar Chavez Park,37.8709227,-122.3150389,2026-06-12,07:05 AM,eBird - Traveling Count,99,1,4.,,1
S285380811,Great Blue Heron,Ardea herodias,7753,3,US-TX,Cameron,L283726,South Padre Is.--WBC/Conv. Center/Laguna Madre Trail (LTC 035),26.1400912,-97.1748233,2025-11-20,12:53 PM,eBird - Traveling Count,120,1,1.609,,9
S285380853,Great Blue Heron,Ardea herodias,7753,2,US-TX,Cameron,L1050482,TX48--Shrimp Basin Bridge / Zapata Memorial Boat Ramp/ San Martin Lake outlet,26.0023329,-97.2999001,2025-11-20,11:26 AM,eBird - Stationary Count,20,1,,,9
S324366340,Great Blue Heron,Ardea herodias,7753,1,US-WA,Clallam,L828590,Dungeness Landing Park/Oyster House,48.1514639,-123.143456,2026-04-19,12:52 PM,eBird - Stationary Count,65,1,,,1
S322716667,Great Blue Heron,Ardea herodias,7753,1,US-WA,Clallam,L29690471,Dungeness NWR,48.1463111,-123.1865094,2026-04-16,04:51 PM,eBird - Traveling Count,23,1,1.089,,1
S324301943,Great Blue Heron,Ardea herodias,7753,1,US-WA,Clallam,L17270540,Dungeness River Dike Trail,48.1411863,-123.129295,2026-04-19,08:22 AM,eBird - Traveling Count,194,1,1.115,,1
S323667024,Great Blue Heron,Ardea herodias,7753,5,US-WA,Clallam,L190512,Ediz Hook,48.14035,-123.44711,2026-04-18,08:22 AM,eBird - Traveling Count,154,1,4.076,,1
S323750410,Great Blue Heron,Ardea herodias,7753,5,US-WA,Clallam,L793855,Elwha River Mouth,48.1447892,-123.5671808,2026-04-18,11:32 AM,eBird - Traveling Count,130,1,.681,,1
S323134294,Great Blue Heron,Ardea herodias,7753,2,US-WA,Clallam,L6125771,Jamestown S'Klallam Tribe Center,48.0252673,-122.9962617,2026-04-17,01:14 PM,eBird - Traveling Count,73,1,1.266,,1
S323179015,Great Blue Heron,Ardea herodias,7753,4,US-WA,Clallam,L284497,John Wayne Marina,48.0623184,-123.0416377,2026-04-17,02:38 PM,eBird - Traveling Count,99,1,.876,,1
S324402551,Great Blue Heron,Ardea herodias,7753,3,US-WA,Clallam,L265438,Three Crabs,48.151945,-123.1222855,2026-04-19,02:15 PM,eBird - Traveling Count,74,1,.389,,1
S159175691,Great Blue Heron,Ardea herodias,7753,X,MX-ROO,Cozumel,L52344353,Playa Embarcadero Cozumel,20.5122933,-86.9489744,2023-11-23,,Historical,,1
S180573811,Great Blue Heron,Ardea herodias,7753,X,US-VA,Fairfax,L718525,**HUNTLEY MEADOWS PARK,38.7576451,-77.0984124,2024-06-10,07:09 AM,eBird - Traveling Count,148,1,3.203,,1
S206958982,Great Blue Heron,Ardea herodias,7753,X,US-VA,Fairfax,L718525,**HUNTLEY MEADOWS PARK,38.7576451,-77.0984124,2024-12-22,,Historical,,1
S290526069,Great Blue Heron,Ardea herodias,7753,X,US-VA,Fairfax,L5640834,Huntley Meadows Park--Cedar Trail Loop,38.7555851,-77.1024156,2025-12-27,08:42 AM,eBird - Traveling Count,80,1,1.967,,1
S179913804,Great Blue Heron,Ardea herodias,7753,X,US-VA,Fairfax,L2914236,Northside Park,38.9119187,-77.2731543,2024-06-07,10:48 AM,eBird - Traveling Count,29,1,1.577,,1
S159175317,Great Blue Heron,Ardea herodias,7753,X,US-VA,Fairfax,L4138121,Washington & Old Dominion Trail--Vienna Town Green,38.9030318,-77.2646034,2023-12-27,,Historical,,1
S312066452,Great Blue Heron,Ardea herodias,7753,1,US-WA,Grant,L60811904,"Lower Crab Creek Road Southeast, Othello, Washington, US (46.81, -119.416)",46.8103875,-119.4164898,2026-03-22,10:02 AM,eBird - Stationary Count,3,1,,,1
S311113230,Great Blue Heron,Ardea herodias,7753,1,US-WA,Grant,L1678863,Potholes Reservoir--south half,46.991357,-119.3181243,2026-03-20,10:58 AM,eBird - Traveling Count,156,1,20.014,,1
S330689398,Great Blue Heron,Ardea herodias,7753,X,US-WA,Grays Harbor,L268372,Bottle Beach State Park,46.893277,-124.0468136,2026-05-01,03:55 PM,eBird - Traveling Count,74,1,.788,,1
S330084156,Great Blue Heron,Ardea herodias,7753,1,US-WA,Grays Harbor,L276426,Grays Harbor NWR (Bowerman Basin),46.9731644,-123.9436064,2026-04-30,02:47 PM,eBird - Traveling Count,104,1,1.512,,1
S330412083,Great Blue Heron,Ardea herodias,7753,2,US-WA,Grays Harbor,L264861,Hoquiam STP,46.9732093,-123.9165354,2026-05-01,07:22 AM,eBird - Traveling Count,35,1,.098,,1
S330624973,Great Blue Heron,Ardea herodias,7753,1,US-WA,Grays Harbor,L269804,Ocean Shores--Bill's Spit,46.9648907,-124.1339435,2026-05-01,01:44 PM,eBird - Traveling Count,36,1,.234,,1
S285225977,Great Blue Heron,Ardea herodias,7753,1,US-TX,Hidalgo,L249889,Edinburg Scenic Wetlands WBC (LTC 061),26.2905822,-98.1351909,2025-11-19,12:54 PM,eBird - Traveling Count,90,1,1.609,,9
S285225465,Great Blue Heron,Ardea herodias,7753,1,US-TX,Hidalgo,L21636963,Peculiar Nest Airbnb (restricted access),26.180693,-98.272806,2025-11-18,07:00 AM,eBird - Stationary Count,40,1,,,10
S285226087,Great Blue Heron,Ardea herodias,7753,1,US-TX,Hidalgo,L129085,Santa Ana NWR (LTC 059),26.0813003,-98.1351399,2025-11-19,07:24 AM,eBird - Traveling Count,200,1,2.414,,9
S174147151,Great Blue Heron,Ardea herodias,7753,X,US-WA,Jefferson,L249781,Fort Flagler SP,48.0960511,-122.7139785,2024-05-11,12:00 AM,Historical,,1,,,1
S349492168,Great Blue Heron,Ardea herodias,7753,1,US-WA,Jefferson,L812287,Fort Flagler SP - Campground/Beach,48.0938751,-122.7226067,2026-05-30,05:59 AM,eBird - Traveling Count,160,1,1.696,,1,,,,658831931
S230488049,Great Blue Heron,Ardea herodias,7753,X,US-WA,Jefferson,L292851,Fort Worden SP,48.1408906,-122.7680969,2025-04-27,,Historical,,1
S354811374,Great Blue Heron,Ardea herodias,7753,1,US-WA,Jefferson,L608334,Point Hudson,48.117861,-122.7494931,2026-05-30,03:00 PM,eBird - Traveling Count,30,1,0.,,2
S292226633,Great Blue Heron,Ardea herodias,7753,X,US-WA,King,L298030,Carkeek Park,47.7126411,-122.377647,2026-01-03,01:35 PM,eBird - Traveling Count,42,1,.47,,1
S294267769,Great Blue Heron,Ardea herodias,7753,X,US-WA,King,L298030,Carkeek Park,47.7126411,-122.377647,2026-01-14,02:40 PM,eBird - Traveling Count,106,1,.524,,1
S298149849,Great Blue Heron,Ardea herodias,7753,1,US-WA,King,L298030,Carkeek Park,47.7126411,-122.377647,2026-02-04,03:59 PM,eBird - Traveling Count,47,1,.305,,1
S302817888,Great Blue Heron,Ardea herodias,7753,3,US-WA,King,L298030,Carkeek Park,47.7126411,-122.377647,2026-02-21,10:55 AM,eBird - Traveling Count,122,1,.648,,1
S327898050,Great Blue Heron,Ardea herodias,7753,1,US-WA,King,L298030,Carkeek Park,47.7126411,-122.377647,2026-04-26,08:39 AM,eBird - Traveling Count,29,1,.224,,1
S335596208,Great Blue Heron,Ardea herodias,7753,2,US-WA,King,L298030,Carkeek Park,47.7126411,-122.377647,2026-05-09,09:08 AM,eBird - Traveling Count,114,1,.82,,1
S345782350,Great Blue Heron,Ardea herodias,7753,1,US-WA,King,L128530,Discovery Park,47.663868,-122.4215317,2026-05-24,10:09 AM,eBird - Traveling Count,196,1,3.615,,1
S309580927,Great Blue Heron,Ardea herodias,7753,6,US-WA,King,L280267,Foster Island & Marsh Island,47.646592,-122.2909732,2026-03-15,10:53 AM,eBird - Traveling Count,96,1,1.041,,1
S380906489,Great Blue Heron,Ardea herodias,7753,1,US-WA,King,L267071,Frager Rd. (north),47.418883,-122.2678757,2026-08-07,09:32 AM,eBird - Traveling Count,176,1,2.644,,1
S318059543,Great Blue Heron,Ardea herodias,7753,1,US-WA,King,L2692026,Fremont Canal Park,47.6514476,-122.3570377,2026-04-06,07:30 AM,eBird - Stationary Count,7,1,,,1
S326022728,Great Blue Heron,Ardea herodias,7753,1,US-WA,King,L2692026,Fremont Canal Park,47.6514476,-122.3570377,2026-04-23,08:45 AM,eBird - Traveling Count,19,1,.602,,1
S351854090,Great Blue Heron,Ardea herodias,7753,3,US-WA,King,L2692026,Fremont Canal Park,47.6514476,-122.3570377,2026-06-03,08:30 AM,eBird - Traveling Count,21,1,.679,,1
S294568450,Great Blue Heron,Ardea herodias,7753,X,US-WA,King,L285366,Golden Gardens Park,47.6928546,-122.4054806,2026-01-16,02:43 PM,eBird - Traveling Count,34,1,1.256,,1
S245777966,Great Blue Heron,Ardea herodias,7753,X,US-WA,King,L208659,Hiram M. Chittenden Ballard Locks,47.6653579,-122.3974647,2025-05-31,,Historical,,1
S305183920,Great Blue Heron,Ardea herodias,7753,20,US-WA,King,L208659,Hiram M. Chittenden Ballard Locks,47.6653579,-122.3974647,2026-03-01,04:24 PM,eBird - Traveling Count,40,1,1.265,,1
S338550928,Great Blue Heron,Ardea herodias,7753,54,US-WA,King,L208659,Hiram M. Chittenden Ballard Locks,47.6653579,-122.3974647,2026-05-13,06:15 PM,eBird - Stationary Count,60,1,,,1
S278673753,Great Blue Heron,Ardea herodias,7753,X,US-WA,King,L232479,Juanita Bay Park,47.6981686,-122.2101878,2025-10-11,08:44 AM,eBird - Traveling Count,160,1,1.308,,1
S291712899,Great Blue Heron,Ardea herodias,7753,X,US-WA,King,L232479,Juanita Bay Park,47.6981686,-122.2101878,2026-01-01,10:37 AM,eBird - Traveling Count,158,1,1.357,,1,,,,648016488
S306300352,Great Blue Heron,Ardea herodias,7753,1,US-WA,King,L232479,Juanita Bay Park,47.6981686,-122.2101878,2026-03-05,02:46 PM,eBird - Traveling Count,61,1,1.635,,1
S297296203,Great Blue Heron,Ardea herodias,7753,1,US-WA,King,L269461,Magnuson Park,47.6815336,-122.2505453,2026-01-31,11:00 AM,eBird - Traveling Count,99,1,1.046,,1
S301500561,Great Blue Heron,Ardea herodias,7753,1,US-WA,King,L269461,Magnuson Park,47.6815336,-122.2505453,2026-02-16,10:02 AM,eBird - Traveling Count,133,1,2.13,,1
S303069344,Great Blue Heron,Ardea herodias,7753,38,US-WA,King,L351484,Marymoor Park,47.6612642,-122.1184109,2026-02-22,06:42 AM,eBird - Traveling Count,176,1,4.108,,1
S162051939,Great Blue Heron,Ardea herodias,7753,X,US-WA,King,L472642,Meadowbrook Pond,47.7058052,-122.2889256,2024-02-18,08:20 AM,eBird - Stationary Count,30,0,,,1
S203904796,Great Blue Heron,Ardea herodias,7753,X,US-WA,King,L472642,Meadowbrook Pond,47.7058052,-122.2889256,2024-11-28,01:20 PM,eBird - Traveling Count,31,1,.283,,1
S160044564,Great Blue Heron,Ardea herodias,7753,1,US-WA,King,L162766,Union Bay Natural Area/Montlake Fill,47.65424,-122.29137,2024-01-28,09:15 AM,eBird - Traveling Count,130,0,7.001,,1
S175815092,Great Blue Heron,Ardea herodias,7753,X,US-WA,King,L162766,Union Bay Natural Area/Montlake Fill,47.65424,-122.29137,2024-05-19,08:00 AM,eBird - Traveling Count,150,1,3.219,,1
S177789951,Great Blue Heron,Ardea herodias,7753,X,US-WA,King,L162766,Union Bay Natural Area/Montlake Fill,47.65424,-122.29137,2024-05-28,05:50 AM,eBird - Traveling Count,68,1,2.704,,1
S179154810,Great Blue Heron,Ardea herodias,7753,X,US-WA,King,L162766,Union Bay Natural Area/Montlake Fill,47.65424,-122.29137,2024-06-03,05:47 AM,eBird - Traveling Count,116,1,5.053,,1
S183862008,Great Blue Heron,Ardea herodias,7753,X,US-WA,King,L162766,Union Bay Natural Area/Montlake Fill,47.65424,-122.29137,2024-06-26,06:10 AM,eBird - Traveling Count,109,1,4.812,,1
S286517370,Great Blue Heron,Ardea herodias,7753,X,US-WA,King,L162766,Union Bay Natural Area/Montlake Fill,47.65424,-122.29137,2025-11-28,09:23 AM,eBird - Traveling Count,132,1,2.605,,1
S295024890,Great Blue Heron,Ardea herodias,7753,2,US-WA,King,L162766,Union Bay Natural Area/Montlake Fill,47.65424,-122.29137,2026-01-18,08:05 AM,eBird - Traveling Count,287,1,2.302,,1,,,,649185892
S298942557,Great Blue Heron,Ardea herodias,7753,3,US-WA,King,L162766,Union Bay Natural Area/Montlake Fill,47.65424,-122.29137,2026-02-08,07:30 AM,eBird - Traveling Count,133,1,3.101,,1,,,,650546239
S305068426,Great Blue Heron,Ardea herodias,7753,1,US-WA,King,L162766,Union Bay Natural Area/Montlake Fill,47.65424,-122.29137,2026-03-01,06:45 AM,eBird - Traveling Count,215,1,3.562,,1,,,,651953607
S307285086,Great Blue Heron,Ardea herodias,7753,1,US-WA,King,L162766,Union Bay Natural Area/Montlake Fill,47.65424,-122.29137,2026-03-08,07:52 AM,eBird - Traveling Count,130,1,3.898,,1
S309534495,Great Blue Heron,Ardea herodias,7753,1,US-WA,King,L162766,Union Bay Natural Area/Montlake Fill,47.65424,-122.29137,2026-03-15,08:45 AM,eBird - Traveling Count,93,1,2.076,,1
S317515997,Great Blue Heron,Ardea herodias,7753,2,US-WA,King,L162766,Union Bay Natural Area/Montlake Fill,47.65424,-122.29137,2026-04-05,10:27 AM,eBird - Traveling Count,191,1,2.366,,1
S320771289,Great Blue Heron,Ardea herodias,7753,6,US-WA,King,L162766,Union Bay Natural Area/Montlake Fill,47.65424,-122.29137,2026-04-12,07:20 AM,eBird - Traveling Count,190,1,3.623,,1
S326594442,Great Blue Heron,Ardea herodias,7753,2,US-WA,King,L162766,Union Bay Natural Area/Montlake Fill,47.65424,-122.29137,2026-04-24,06:55 AM,eBird - Traveling Count,222,1,2.992,,1
S334002351,Great Blue Heron,Ardea herodias,7753,1,US-WA,King,L162766,Union Bay Natural Area/Montlake Fill,47.65424,-122.29137,2026-05-07,06:22 AM,eBird - Traveling Count,64,1,.721,,1
S336459661,Great Blue Heron,Ardea herodias,7753,2,US-WA,King,L162766,Union Bay Natural Area/Montlake Fill,47.65424,-122.29137,2026-05-10,06:04 AM,eBird - Traveling Count,165,1,2.998,,1
S339377883,Great Blue Heron,Ardea herodias,7753,1,US-WA,King,L162766,Union Bay Natural Area/Montlake Fill,47.65424,-122.29137,2026-05-15,06:24 AM,eBird - Traveling Count,131,1,2.121,,1,,,,657542474
S342868105,Great Blue Heron,Ardea herodias,7753,5,US-WA,King,L162766,Union Bay Natural Area/Montlake Fill,47.65424,-122.29137,2026-05-20,06:19 AM,eBird - Traveling Count,134,1,3.112,,1,,,,658002373 658002374
S347722254,Great Blue Heron,Ardea herodias,7753,1,US-WA,King,L162766,Union Bay Natural Area/Montlake Fill,47.65424,-122.29137,2026-05-27,05:41 AM,eBird - Traveling Count,137,1,3.085,,1,,,,658541859
S359192903,Great Blue Heron,Ardea herodias,7753,3,US-WA,King,L162766,Union Bay Natural Area/Montlake Fill,47.65424,-122.29137,2026-06-18,08:29 AM,eBird - Traveling Count,72,1,2.496,,1
S374368808,Great Blue Heron,Ardea herodias,7753,2,US-WA,King,L162766,Union Bay Natural Area/Montlake Fill,47.65424,-122.29137,2026-07-20,05:31 AM,eBird - Traveling Count,90,1,2.509,,1
S167616265,Great Blue Heron,Ardea herodias,7753,X,US-WA,King,L165740,Washington Park Arboretum,47.6370819,-122.29574,2024-04-07,08:30 AM,eBird - Traveling Count,180,1,3.219,,15
S350375761,Great Blue Heron,Ardea herodias,7753,2,US-WA,Kitsap,L109542,Point No Point,47.9118696,-122.5283182,2026-05-31,10:28 AM,eBird - Traveling Count,63,1,1.052,,1
S216534519,Great Blue Heron,Ardea herodias,7753,X,US-FL,Miami-Dade,L127431,Biscayne NP (Please consider using more specific locations),25.4634,-80.3343,2025-03-01,,Historical,,1
S177520765,Great Blue Heron,Ardea herodias,7753,X,US-MA,Middlesex,L850924,"East Boston Camps, Westford",42.5968182,-71.4438343,2024-05-27,08:10 AM,eBird - Traveling Count,120,0,1.609,,1
S331313814,Great Blue Heron,Ardea herodias,7753,1,US-WA,Pacific,L257976,Tokeland -- Graveyard Spit/Fisher Ave,46.7079709,-123.9877832,2026-05-02,12:55 PM,eBird - Traveling Count,14,1,.066,,1
S331300190,Great Blue Heron,Ardea herodias,7753,12,US-WA,Pacific,L787853,Tokeland--marina,46.7063518,-123.9671946,2026-05-02,11:23 AM,eBird - Traveling Count,81,1,.629,,1
S164380841,Great Blue Heron,Ardea herodias,7753,X,US-WA,Skagit,L1369427,Fir Island -- Browns Slough Road,48.35381,-122.42297,2024-03-10,09:00 AM,eBird - Traveling Count,180,0,1.609,,6
S295207120,Great Blue Heron,Ardea herodias,7753,2,US-WA,Skagit,L469546,Skagit Wildlife Area--Fir Island Farm Reserve (Hayton Reserve),48.3356338,-122.4131659,2026-01-19,10:32 AM,eBird - Traveling Count,32,1,.439,,1
S295226157,Great Blue Heron,Ardea herodias,7753,2,US-WA,Skagit,L476174,Skagit Wildlife Area--Wiley Slough,48.3246351,-122.3741287,2026-01-19,11:25 AM,eBird - Traveling Count,72,1,.891,,1
S319751834,Great Blue Heron,Ardea herodias,7753,6,US-WA,Skagit,L476174,Skagit Wildlife Area--Wiley Slough,48.3246351,-122.3741287,2026-04-10,09:30 AM,eBird - Traveling Count,229,1,2.012,,3,,,,654685479
S327106784,Great Blue Heron,Ardea herodias,7753,1,US-WA,Snohomish,L9377619,"12th St NE, Everett",48.0077981,-122.1706841,2026-04-25,07:24 AM,eBird - Traveling Count,22,1,.324,,1
S379333332,Great Blue Heron,Ardea herodias,7753,1,US-WA,Snohomish,L950776,Big Four Ice Caves,48.0651548,-121.5151566,2026-08-02,07:25 AM,eBird - Traveling Count,329,1,2.7,,1
S379365619,Great Blue Heron,Ardea herodias,7753,1,US-WA,Snohomish,L20643239,Edmonds Marina,47.8079405,-122.3924276,2026-08-02,02:58 PM,eBird - Traveling Count,44,1,1.181,,1
S293525790,Great Blue Heron,Ardea herodias,7753,X,US-WA,Snohomish,L374380,Edmonds Marsh,47.8085287,-122.3864508,2026-01-10,11:07 AM,eBird - Traveling Count,48,1,.092,,1
S319608405,Great Blue Heron,Ardea herodias,7753,2,US-WA,Snohomish,L374380,Edmonds Marsh,47.8085287,-122.3864508,2026-04-10,07:23 AM,eBird - Traveling Count,27,1,.117,,1
S297588705,Great Blue Heron,Ardea herodias,7753,9,US-WA,Snohomish,L374382,Edmonds Waterfront,47.8119268,-122.3854144,2026-02-01,12:36 PM,eBird - Traveling Count,124,1,1.416,,1
S304355760,Great Blue Heron,Ardea herodias,7753,4,US-WA,Snohomish,L343338,Everett Sewage Lagoons,47.9988889,-122.17,2026-02-27,08:39 AM,eBird - Traveling Count,230,1,4.811,,1,,,,651822593 651822594
S327075826,Great Blue Heron,Ardea herodias,7753,3,US-WA,Snohomish,L343338,Everett Sewage Lagoons,47.9988889,-122.17,2026-04-25,06:23 AM,eBird - Traveling Count,47,1,.919,,1
S346491426,Great Blue Heron,Ardea herodias,7753,3,US-WA,Snohomish,L4756268,Field's Riffle,47.9166297,-122.1268988,2026-05-25,07:11 AM,eBird - Traveling Count,177,1,1.517,,1
S371256974,Great Blue Heron,Ardea herodias,7753,4,US-WA,Snohomish,L4444849,Riverview Wildlife Refuge / Snohomish Wastewater Treatment Plant,47.9165434,-122.1100652,2026-07-12,07:30 AM,eBird - Traveling Count,139,1,1.581,,1,,,,661254688
S376877165,Great Blue Heron,Ardea herodias,7753,1,US-WA,Snohomish,L343249,Stanwood Water Treatment Plant,48.2377017,-122.3611822,2026-07-26,07:23 PM,eBird - Traveling Count,88,1,.235,,1
S291455322,Great Blue Heron,Ardea herodias,7753,X,US-WA,Thurston,L282253,Billy Frank Jr. Nisqually NWR,47.0812514,-122.7180576,2025-12-31,08:11 AM,eBird - Traveling Count,256,1,3.231,,1
S332089254,Great Blue Heron,Ardea herodias,7753,6,US-WA,Thurston,L282253,Billy Frank Jr. Nisqually NWR,47.0812514,-122.7180576,2026-05-03,10:49 AM,eBird - Traveling Count,191,1,4.362,,1
S159174918,Great Blue Heron,Ardea herodias,7753,X,US-AZ,,L108915,Arizona,34.16973,-111.93299,2024-01-12,,Historical,,1,,,,,,,613666249
S311613054,American White Pelican,Pelecanus erythrorhynchos,7791,3,US-WA,Franklin,L1518478,Wahluke Wildlife Area-White Bluffs Viewpoint,46.6314315,-119.3975395,2026-03-21,12:43 PM,eBird - Traveling Count,46,1,2.26,,1
S285225977,American White Pelican,Pelecanus erythrorhynchos,7791,6,US-TX,Hidalgo,L249889,Edinburg Scenic Wetlands WBC (LTC 061),26.2905822,-98.1351909,2025-11-19,12:54 PM,eBird - Traveling Count,90,1,1.609,,9
S285225465,American White Pelican,Pelecanus erythrorhynchos,7791,5,US-TX,Hidalgo,L21636963,Peculiar Nest Airbnb (restricted access),26.180693,-98.272806,2025-11-18,07:00 AM,eBird - Stationary Count,40,1,,,10
S356765363,Brown Pelican,Pelecanus occidentalis,7792,2,US-CA,Alameda,L8307665,Albany State Marine Reserve,37.8893242,-122.3151134,2026-06-13,07:48 AM,eBird - Traveling Count,99,1,2.71,,1,,,,659894589
S172492761,Brown Pelican,Pelecanus occidentalis,7792,X,US-CA,Alameda,L285281,Cesar Chavez Park,37.8709227,-122.3150389,2024-05-06,02:03 PM,eBird - Traveling Count,52,1,2.945,,1
S356230112,Brown Pelican,Pelecanus occidentalis,7792,6,US-CA,Alameda,L285281,Cesar Chavez Park,37.8709227,-122.3150389,2026-06-12,07:05 AM,eBird - Traveling Count,99,1,4.,,1
S285814615,Brown Pelican,Pelecanus occidentalis,7792,X,US-CA,Alameda,L2377313,McLaughlin Eastshore SP--Albany access,37.890326,-122.314765,2025-11-23,08:40 AM,eBird - Traveling Count,86,1,2.87,,1
S285380811,Brown Pelican,Pelecanus occidentalis,7792,7,US-TX,Cameron,L283726,South Padre Is.--WBC/Conv. Center/Laguna Madre Trail (LTC 035),26.1400912,-97.1748233,2025-11-20,12:53 PM,eBird - Traveling Count,120,1,1.609,,9,,,,645920400
S285380853,Brown Pelican,Pelecanus occidentalis,7792,6,US-TX,Cameron,L1050482,TX48--Shrimp Basin Bridge / Zapata Memorial Boat Ramp/ San Martin Lake outlet,26.0023329,-97.2999001,2025-11-20,11:26 AM,eBird - Stationary Count,20,1,,,9
S159175691,Brown Pelican,Pelecanus occidentalis,7792,X,MX-ROO,Cozumel,L52344353,Playa Embarcadero Cozumel,20.5122933,-86.9489744,2023-11-23,,Historical,,1
S330467906,Brown Pelican,Pelecanus occidentalis,7792,12,US-WA,Grays Harbor,L1158826,Chance A La Mer SP,47.0127422,-124.1698837,2026-05-01,08:36 AM,eBird - Traveling Count,46,1,.524,,1
S330540594,Brown Pelican,Pelecanus occidentalis,7792,X,US-WA,Grays Harbor,L43806903,Ocean Shores STP,46.931967,-124.1580575,2026-05-01,10:45 AM,eBird - Traveling Count,31,1,.413,,1
S330624973,Brown Pelican,Pelecanus occidentalis,7792,X,US-WA,Grays Harbor,L269804,Ocean Shores--Bill's Spit,46.9648907,-124.1339435,2026-05-01,01:44 PM,eBird - Traveling Count,36,1,.234,,1
S330514755,Brown Pelican,Pelecanus occidentalis,7792,X,US-WA,Grays Harbor,L168688,Ocean Shores--Pt. Brown Jetty,46.92816,-124.17397,2026-05-01,09:47 AM,eBird - Traveling Count,48,1,.3,,1
S331882311,Brown Pelican,Pelecanus occidentalis,7792,100,US-WA,Grays Harbor,L1875831,Westhaven SP,46.9011251,-124.1268446,2026-05-03,07:27 AM,eBird - Traveling Count,99,1,1.733,,1
S354810704,Brown Pelican,Pelecanus occidentalis,7792,3,US-WA,Island,L7706326,Smith Island,48.318233,-122.8410187,2026-05-30,04:00 PM,eBird - Traveling Count,60,1,8.047,,40,,See photos,Puget Sound Express Puffin Tour,659365603
S349638499,Brown Pelican,Pelecanus occidentalis,7792,4,US-WA,Jefferson,L249781,Fort Flagler SP,48.0960511,-122.7139785,2026-05-30,08:52 AM,eBird - Traveling Count,197,1,8.735,,1
S216534519,Brown Pelican,Pelecanus occidentalis,7792,X,US-FL,Miami-Dade,L127431,Biscayne NP (Please consider using more specific locations),25.4634,-80.3343,2025-03-01,,Historical,,1
S331099224,Brown Pelican,Pelecanus occidentalis,7792,30,US-WA,Pacific,L682593,Grayland Beach State Park,46.7880721,-124.0941381,2026-05-02,06:57 AM,eBird - Traveling Count,87,1,2.2,,1
S331300190,Brown Pelican,Pelecanus occidentalis,7792,30,US-WA,Pacific,L787853,Tokeland--marina,46.7063518,-123.9671946,2026-05-02,11:23 AM,eBird - Traveling Count,81,1,.629,,1
S216534184,Brown Pelican,Pelecanus occidentalis,7792,X,DM-,,L3821759,Dominica,15.4345023,-61.3499744,2025-02-27,,Historical,,1
S216533924,Brown Pelican,Pelecanus occidentalis,7792,X,GD-,,L3914441,Grenada,12.153302,-61.6586826,2025-02-24,,Historical,,1
S216533845,Brown Pelican,Pelecanus occidentalis,7792,X,LC-,,L3758725,Saint Lucia,13.8983327,-60.9667625,2025-02-23,,Historical,,1
S159175946,Australian Pelican,Pelecanus conspicillatus,7801,X,AU-NSW,Sydney,L915566,Royal Botanic Gardens (Sydney),-33.8638957,151.2167577,2023-08-19,,Historical,,1
S159175317,Black Vulture,Coragyps atratus,7811,X,US-VA,Fairfax,L4138121,Washington & Old Dominion Trail--Vienna Town Green,38.9030318,-77.2646034,2023-12-27,,Historical,,1
S285225846,Black Vulture,Coragyps atratus,7811,3,US-TX,Hidalgo,L246727,Anzalduas Park (LTC 068),26.1384105,-98.3327866,2025-11-18,11:32 AM,eBird - Traveling Count,65,1,1.609,,9
S285226087,Black Vulture,Coragyps atratus,7811,3,US-TX,Hidalgo,L129085,Santa Ana NWR (LTC 059),26.0813003,-98.1351399,2025-11-19,07:24 AM,eBird - Traveling Count,200,1,2.414,,9
S324366340,Turkey Vulture,Cathartes aura,7815,7,US-WA,Clallam,L828590,Dungeness Landing Park/Oyster House,48.1514639,-123.143456,2026-04-19,12:52 PM,eBird - Stationary Count,65,1,,,1
S358739900,Turkey Vulture,Cathartes aura,7815,4,US-OR,Deschutes,L564147,Smith Rock SP,44.3669375,-121.1371851,2026-06-17,07:36 AM,eBird - Traveling Count,51,1,1.188,,1
S180573811,Turkey Vulture,Cathartes aura,7815,X,US-VA,Fairfax,L718525,**HUNTLEY MEADOWS PARK,38.7576451,-77.0984124,2024-06-10,07:09 AM,eBird - Traveling Count,148,1,3.203,,1
S159175317,Turkey Vulture,Cathartes aura,7815,X,US-VA,Fairfax,L4138121,Washington & Old Dominion Trail--Vienna Town Green,38.9030318,-77.2646034,2023-12-27,,Historical,,1
S290623958,Turkey Vulture,Cathartes aura,7815,X,US-VA,Fairfax,L4138121,Washington & Old Dominion Trail--Vienna Town Green,38.9030318,-77.2646034,2025-12-27,03:21 PM,eBird - Traveling Count,56,1,3.692,,1
S331419171,Turkey Vulture,Cathartes aura,7815,1,US-WA,Grays Harbor,L268372,Bottle Beach State Park,46.893277,-124.0468136,2026-05-02,03:04 PM,eBird - Traveling Count,112,1,1.449,,1
S285225846,Turkey Vulture,Cathartes aura,7815,9,US-TX,Hidalgo,L246727,Anzalduas Park (LTC 068),26.1384105,-98.3327866,2025-11-18,11:32 AM,eBird - Traveling Count,65,1,1.609,,9
S285225918,Turkey Vulture,Cathartes aura,7815,13,US-TX,Hidalgo,L128890,Bentsen-Rio Grande Val. SP WBC (Mission) (LTC 069),26.1796748,-98.3842338,2025-11-18,08:27 AM,eBird - Traveling Count,140,1,1.609,,10
S285225977,Turkey Vulture,Cathartes aura,7815,2,US-TX,Hidalgo,L249889,Edinburg Scenic Wetlands WBC (LTC 061),26.2905822,-98.1351909,2025-11-19,12:54 PM,eBird - Traveling Count,90,1,1.609,,9
S285225745,Turkey Vulture,Cathartes aura,7815,7,US-TX,Hidalgo,L336009,National Butterfly Center--General & area North of Levee,26.1796025,-98.3664483,2025-11-18,01:42 PM,eBird - Traveling Count,90,1,1.207,,9
S285226044,Turkey Vulture,Cathartes aura,7815,3,US-TX,Hidalgo,L1850000,San Juan Wetlands,26.1606244,-98.157516,2025-11-19,12:00 PM,eBird - Traveling Count,22,1,.805,,9
S285226087,Turkey Vulture,Cathartes aura,7815,13,US-TX,Hidalgo,L129085,Santa Ana NWR (LTC 059),26.0813003,-98.1351399,2025-11-19,07:24 AM,eBird - Traveling Count,200,1,2.414,,9
S174147151,Turkey Vulture,Cathartes aura,7815,X,US-WA,Jefferson,L249781,Fort Flagler SP,48.0960511,-122.7139785,2024-05-11,12:00 AM,Historical,,1,,,1
S230488049,Turkey Vulture,Cathartes aura,7815,X,US-WA,Jefferson,L292851,Fort Worden SP,48.1408906,-122.7680969,2025-04-27,,Historical,,1
S216534519,Turkey Vulture,Cathartes aura,7815,X,US-FL,Miami-Dade,L127431,Biscayne NP (Please consider using more specific locations),25.4634,-80.3343,2025-03-01,,Historical,,1
S176759208,Turkey Vulture,Cathartes aura,7815,X,US-MA,Middlesex,L7397935,Rocky Hill Wildlife Sanctuary (Mass Audubon),42.5818528,-71.5328836,2024-05-24,10:16 AM,eBird - Traveling Count,93,1,4.538,,1
S170170610,Turkey Vulture,Cathartes aura,7815,X,US-WA,San Juan,L9267425,"Cascade Lake--south end campsites, Orcas Island",48.6458967,-122.8474903,2024-04-13,,Historical,,1
S285380853,Osprey,Pandion haliaetus,7832,4,US-TX,Cameron,L1050482,TX48--Shrimp Basin Bridge / Zapata Memorial Boat Ramp/ San Martin Lake outlet,26.0023329,-97.2999001,2025-11-20,11:26 AM,eBird - Stationary Count,20,1,,,9
S159175691,Osprey,Pandion haliaetus,7832,X,MX-ROO,Cozumel,L52344353,Playa Embarcadero Cozumel,20.5122933,-86.9489744,2023-11-23,,Historical,,1
S358739900,Osprey,Pandion haliaetus,7832,1,US-OR,Deschutes,L564147,Smith Rock SP,44.3669375,-121.1371851,2026-06-17,07:36 AM,eBird - Traveling Count,51,1,1.188,,1
S330467906,Osprey,Pandion haliaetus,7832,1,US-WA,Grays Harbor,L1158826,Chance A La Mer SP,47.0127422,-124.1698837,2026-05-01,08:36 AM,eBird - Traveling Count,46,1,.524,,1
S285225846,Osprey,Pandion haliaetus,7832,1,US-TX,Hidalgo,L246727,Anzalduas Park (LTC 068),26.1384105,-98.3327866,2025-11-18,11:32 AM,eBird - Traveling Count,65,1,1.609,,9,,,,645919334
S285225465,Osprey,Pandion haliaetus,7832,1,US-TX,Hidalgo,L21636963,Peculiar Nest Airbnb (restricted access),26.180693,-98.272806,2025-11-18,07:00 AM,eBird - Stationary Count,40,1,,,10
S380318688,Osprey,Pandion haliaetus,7832,1,US-WA,King,L2608551,Charles Richey Sr. Viewpoint,47.5726544,-122.4140185,2026-08-05,02:46 PM,eBird - Traveling Count,22,1,.145,,1
S380906489,Osprey,Pandion haliaetus,7832,2,US-WA,King,L267071,Frager Rd. (north),47.418883,-122.2678757,2026-08-07,09:32 AM,eBird - Traveling Count,176,1,2.644,,1
S342994543,Osprey,Pandion haliaetus,7832,2,US-WA,King,L163354,Green Lake,47.6783945,-122.3382464,2026-05-20,09:01 AM,eBird - Traveling Count,222,1,4.611,,1,,,,658004539
S245777966,Osprey,Pandion haliaetus,7832,X,US-WA,King,L208659,Hiram M. Chittenden Ballard Locks,47.6653579,-122.3974647,2025-05-31,,Historical,,1
S194059681,Osprey,Pandion haliaetus,7832,X,US-WA,King,L269461,Magnuson Park,47.6815336,-122.2505453,2024-09-05,08:58 AM,eBird - Traveling Count,43,1,2.124,,1
S177789951,Osprey,Pandion haliaetus,7832,X,US-WA,King,L162766,Union Bay Natural Area/Montlake Fill,47.65424,-122.29137,2024-05-28,05:50 AM,eBird - Traveling Count,68,1,2.704,,1
S183862008,Osprey,Pandion haliaetus,7832,X,US-WA,King,L162766,Union Bay Natural Area/Montlake Fill,47.65424,-122.29137,2024-06-26,06:10 AM,eBird - Traveling Count,109,1,4.812,,1
S317515997,Osprey,Pandion haliaetus,7832,1,US-WA,King,L162766,Union Bay Natural Area/Montlake Fill,47.65424,-122.29137,2026-04-05,10:27 AM,eBird - Traveling Count,191,1,2.366,,1
S320771289,Osprey,Pandion haliaetus,7832,2,US-WA,King,L162766,Union Bay Natural Area/Montlake Fill,47.65424,-122.29137,2026-04-12,07:20 AM,eBird - Traveling Count,190,1,3.623,,1,,,,654861798 654861800 654861802
S326594442,Osprey,Pandion haliaetus,7832,2,US-WA,King,L162766,Union Bay Natural Area/Montlake Fill,47.65424,-122.29137,2026-04-24,06:55 AM,eBird - Traveling Count,222,1,2.992,,1,,,,655747515 655747516
S339377883,Osprey,Pandion haliaetus,7832,1,US-WA,King,L162766,Union Bay Natural Area/Montlake Fill,47.65424,-122.29137,2026-05-15,06:24 AM,eBird - Traveling Count,131,1,2.121,,1,,,,657542479 657542557
S347722254,Osprey,Pandion haliaetus,7832,1,US-WA,King,L162766,Union Bay Natural Area/Montlake Fill,47.65424,-122.29137,2026-05-27,05:41 AM,eBird - Traveling Count,137,1,3.085,,1
S359192903,Osprey,Pandion haliaetus,7832,2,US-WA,King,L162766,Union Bay Natural Area/Montlake Fill,47.65424,-122.29137,2026-06-18,08:29 AM,eBird - Traveling Count,72,1,2.496,,1
S374368808,Osprey,Pandion haliaetus,7832,5,US-WA,King,L162766,Union Bay Natural Area/Montlake Fill,47.65424,-122.29137,2026-07-20,05:31 AM,eBird - Traveling Count,90,1,2.509,,1,,,,661662221 661662222
S350375761,Osprey,Pandion haliaetus,7832,1,US-WA,Kitsap,L109542,Point No Point,47.9118696,-122.5283182,2026-05-31,10:28 AM,eBird - Traveling Count,63,1,1.052,,1,,,,658831488 658831489
S216534519,Osprey,Pandion haliaetus,7832,X,US-FL,Miami-Dade,L127431,Biscayne NP (Please consider using more specific locations),25.4634,-80.3343,2025-03-01,,Historical,,1
S176978136,Osprey,Pandion haliaetus,7832,X,US-RI,Providence,L804728,Blackstone Park,41.833327,-71.3792148,2024-05-25,09:31 AM,eBird - Traveling Count,43,1,1.931,,1
S170170610,Osprey,Pandion haliaetus,7832,X,US-WA,San Juan,L9267425,"Cascade Lake--south end campsites, Orcas Island",48.6458967,-122.8474903,2024-04-13,,Historical,,1
S371256974,Osprey,Pandion haliaetus,7832,1,US-WA,Snohomish,L4444849,Riverview Wildlife Refuge / Snohomish Wastewater Treatment Plant,47.9165434,-122.1100652,2026-07-12,07:30 AM,eBird - Traveling Count,139,1,1.581,,1
S216534519,Swallow-tailed Kite,Elanoides forficatus,7921,X,US-FL,Miami-Dade,L127431,Biscayne NP (Please consider using more specific locations),25.4634,-80.3343,2025-03-01,,Historical,,1
S324301943,Cooper's Hawk,Astur cooperii,8278,1,US-WA,Clallam,L17270540,Dungeness River Dike Trail,48.1411863,-123.129295,2026-04-19,08:22 AM,eBird - Traveling Count,194,1,1.115,,1
S324402551,Cooper's Hawk,Astur cooperii,8278,1,US-WA,Clallam,L265438,Three Crabs,48.151945,-123.1222855,2026-04-19,02:15 PM,eBird - Traveling Count,74,1,.389,,1
S285225745,Cooper's Hawk,Astur cooperii,8278,1,US-TX,Hidalgo,L336009,National Butterfly Center--General & area North of Levee,26.1796025,-98.3664483,2025-11-18,01:42 PM,eBird - Traveling Count,90,1,1.207,,9
S285225465,Cooper's Hawk,Astur cooperii,8278,1,US-TX,Hidalgo,L21636963,Peculiar Nest Airbnb (restricted access),26.180693,-98.272806,2025-11-18,07:00 AM,eBird - Stationary Count,40,1,,,10
S328030718,Cooper's Hawk,Astur cooperii,8278,2,US-WA,King,L1924233,Discovery Park--South Meadow,47.655213,-122.4141312,2026-04-26,10:00 AM,eBird - Traveling Count,112,1,1.914,,15
S333514456,Cooper's Hawk,Astur cooperii,8278,1,US-WA,King,L1924233,Discovery Park--South Meadow,47.655213,-122.4141312,2026-05-06,06:43 AM,eBird - Traveling Count,37,1,1.923,,1
S278673753,Cooper's Hawk,Astur cooperii,8278,X,US-WA,King,L232479,Juanita Bay Park,47.6981686,-122.2101878,2025-10-11,08:44 AM,eBird - Traveling Count,160,1,1.308,,1
S291712899,Cooper's Hawk,Astur cooperii,8278,X,US-WA,King,L232479,Juanita Bay Park,47.6981686,-122.2101878,2026-01-01,10:37 AM,eBird - Traveling Count,158,1,1.357,,1
S301500561,Cooper's Hawk,Astur cooperii,8278,1,US-WA,King,L269461,Magnuson Park,47.6815336,-122.2505453,2026-02-16,10:02 AM,eBird - Traveling Count,133,1,2.13,,1
S160044564,Cooper's Hawk,Astur cooperii,8278,1,US-WA,King,L162766,Union Bay Natural Area/Montlake Fill,47.65424,-122.29137,2024-01-28,09:15 AM,eBird - Traveling Count,130,0,7.001,,1
S286517370,Cooper's Hawk,Astur cooperii,8278,X,US-WA,King,L162766,Union Bay Natural Area/Montlake Fill,47.65424,-122.29137,2025-11-28,09:23 AM,eBird - Traveling Count,132,1,2.605,,1
S295024890,Cooper's Hawk,Astur cooperii,8278,1,US-WA,King,L162766,Union Bay Natural Area/Montlake Fill,47.65424,-122.29137,2026-01-18,08:05 AM,eBird - Traveling Count,287,1,2.302,,1
S305068426,Cooper's Hawk,Astur cooperii,8278,1,US-WA,King,L162766,Union Bay Natural Area/Montlake Fill,47.65424,-122.29137,2026-03-01,06:45 AM,eBird - Traveling Count,215,1,3.562,,1,,,,651953656
S309534495,Cooper's Hawk,Astur cooperii,8278,1,US-WA,King,L162766,Union Bay Natural Area/Montlake Fill,47.65424,-122.29137,2026-03-15,08:45 AM,eBird - Traveling Count,93,1,2.076,,1
S167616265,Cooper's Hawk,Astur cooperii,8278,X,US-WA,King,L165740,Washington Park Arboretum,47.6370819,-122.29574,2024-04-07,08:30 AM,eBird - Traveling Count,180,1,3.219,,15
S304355760,Cooper's Hawk,Astur cooperii,8278,1,US-WA,Snohomish,L343338,Everett Sewage Lagoons,47.9988889,-122.17,2026-02-27,08:39 AM,eBird - Traveling Count,230,1,4.811,,1
S159174918,Cooper's Hawk,Astur cooperii,8278,X,US-AZ,,L108915,Arizona,34.16973,-111.93299,2024-01-12,,Historical,,1,,,,,,,613666251
S324301943,Northern Harrier,Circus hudsonius,8324,1,US-WA,Clallam,L17270540,Dungeness River Dike Trail,48.1411863,-123.129295,2026-04-19,08:22 AM,eBird - Traveling Count,194,1,1.115,,1
S324402551,Northern Harrier,Circus hudsonius,8324,1,US-WA,Clallam,L265438,Three Crabs,48.151945,-123.1222855,2026-04-19,02:15 PM,eBird - Traveling Count,74,1,.389,,1
S330467906,Northern Harrier,Circus hudsonius,8324,1,US-WA,Grays Harbor,L1158826,Chance A La Mer SP,47.0127422,-124.1698837,2026-05-01,08:36 AM,eBird - Traveling Count,46,1,.524,,1
S330084156,Northern Harrier,Circus hudsonius,8324,1,US-WA,Grays Harbor,L276426,Grays Harbor NWR (Bowerman Basin),46.9731644,-123.9436064,2026-04-30,02:47 PM,eBird - Traveling Count,104,1,1.512,,1,,,,656534493
S285226087,Northern Harrier,Circus hudsonius,8324,1,US-TX,Hidalgo,L129085,Santa Ana NWR (LTC 059),26.0813003,-98.1351399,2025-11-19,07:24 AM,eBird - Traveling Count,200,1,2.414,,9
S380906489,Northern Harrier,Circus hudsonius,8324,1,US-WA,King,L267071,Frager Rd. (north),47.418883,-122.2678757,2026-08-07,09:32 AM,eBird - Traveling Count,176,1,2.644,,1
S164380841,Northern Harrier,Circus hudsonius,8324,X,US-WA,Skagit,L1369427,Fir Island -- Browns Slough Road,48.35381,-122.42297,2024-03-10,09:00 AM,eBird - Traveling Count,180,0,1.609,,6
S295176122,Northern Harrier,Circus hudsonius,8324,2,US-WA,Skagit,L1068173,Samish Flats--East 90,48.5485465,-122.4661446,2026-01-19,07:24 AM,eBird - Stationary Count,74,1,,,1
S295226157,Northern Harrier,Circus hudsonius,8324,1,US-WA,Skagit,L476174,Skagit Wildlife Area--Wiley Slough,48.3246351,-122.3741287,2026-01-19,11:25 AM,eBird - Traveling Count,72,1,.891,,1,,,,649261841
S319751834,Northern Harrier,Circus hudsonius,8324,2,US-WA,Skagit,L476174,Skagit Wildlife Area--Wiley Slough,48.3246351,-122.3741287,2026-04-10,09:30 AM,eBird - Traveling Count,229,1,2.012,,3
S304355760,Northern Harrier,Circus hudsonius,8324,1,US-WA,Snohomish,L343338,Everett Sewage Lagoons,47.9988889,-122.17,2026-02-27,08:39 AM,eBird - Traveling Count,230,1,4.811,,1,,,,651822597
S327403524,Northern Harrier,Circus hudsonius,8324,1,US-WA,Snohomish,L2410089,"Home Acres Rd, Everett",47.9581889,-122.1737838,2026-04-25,03:16 PM,eBird - Stationary Count,20,1,,,1
S375605391,Northern Harrier,Circus hudsonius,8324,1,US-WA,Snohomish,L343249,Stanwood Water Treatment Plant,48.2377017,-122.3611822,2026-07-23,02:41 PM,eBird - Traveling Count,163,1,.511,,1,,,,661835252
S291455322,Northern Harrier,Circus hudsonius,8324,X,US-WA,Thurston,L282253,Billy Frank Jr. Nisqually NWR,47.0812514,-122.7180576,2025-12-31,08:11 AM,eBird - Traveling Count,256,1,3.231,,1,,,,648016640 648016641 648016642
S260171709,Red Kite,Milvus milvus,8342,X,CH-ZH,,L4507511,Zürich Stadt (city of Zurich)* general (use more precise loc.),47.3768774,8.5413551,2025-06-29,,Historical,,1
S260179135,Black Kite,Milvus migrans,8345,X,CH-VD,,L975146,Fanel--Centre Nature Birdlife de La Sauge (paid reserve only),46.9745902,7.0519057,2025-07-13,,Historical,,0
S324366340,Bald Eagle,Haliaeetus leucocephalus,8367,5,US-WA,Clallam,L828590,Dungeness Landing Park/Oyster House,48.1514639,-123.143456,2026-04-19,12:52 PM,eBird - Stationary Count,65,1,,,1
S322716667,Bald Eagle,Haliaeetus leucocephalus,8367,1,US-WA,Clallam,L29690471,Dungeness NWR,48.1463111,-123.1865094,2026-04-16,04:51 PM,eBird - Traveling Count,23,1,1.089,,1
S324301943,Bald Eagle,Haliaeetus leucocephalus,8367,3,US-WA,Clallam,L17270540,Dungeness River Dike Trail,48.1411863,-123.129295,2026-04-19,08:22 AM,eBird - Traveling Count,194,1,1.115,,1,,,,655400363
S323667024,Bald Eagle,Haliaeetus leucocephalus,8367,1,US-WA,Clallam,L190512,Ediz Hook,48.14035,-123.44711,2026-04-18,08:22 AM,eBird - Traveling Count,154,1,4.076,,1
S323750410,Bald Eagle,Haliaeetus leucocephalus,8367,3,US-WA,Clallam,L793855,Elwha River Mouth,48.1447892,-123.5671808,2026-04-18,11:32 AM,eBird - Traveling Count,130,1,.681,,1
S323075329,Bald Eagle,Haliaeetus leucocephalus,8367,2,US-WA,Clallam,L894831,Freshwater Bay,48.1461024,-123.6414242,2026-04-17,09:39 AM,eBird - Traveling Count,130,1,5.296,,1
S323789056,Bald Eagle,Haliaeetus leucocephalus,8367,3,US-WA,Clallam,L894831,Freshwater Bay,48.1461024,-123.6414242,2026-04-18,02:00 PM,eBird - Traveling Count,75,1,.617,,1
S323134294,Bald Eagle,Haliaeetus leucocephalus,8367,1,US-WA,Clallam,L6125771,Jamestown S'Klallam Tribe Center,48.0252673,-122.9962617,2026-04-17,01:14 PM,eBird - Traveling Count,73,1,1.266,,1
S323179015,Bald Eagle,Haliaeetus leucocephalus,8367,4,US-WA,Clallam,L284497,John Wayne Marina,48.0623184,-123.0416377,2026-04-17,02:38 PM,eBird - Traveling Count,99,1,.876,,1
S324402551,Bald Eagle,Haliaeetus leucocephalus,8367,6,US-WA,Clallam,L265438,Three Crabs,48.151945,-123.1222855,2026-04-19,02:15 PM,eBird - Traveling Count,74,1,.389,,1
S206958982,Bald Eagle,Haliaeetus leucocephalus,8367,X,US-VA,Fairfax,L718525,**HUNTLEY MEADOWS PARK,38.7576451,-77.0984124,2024-12-22,,Historical,,1
S290526069,Bald Eagle,Haliaeetus leucocephalus,8367,X,US-VA,Fairfax,L5640834,Huntley Meadows Park--Cedar Trail Loop,38.7555851,-77.1024156,2025-12-27,08:42 AM,eBird - Traveling Count,80,1,1.967,,1
S311613054,Bald Eagle,Haliaeetus leucocephalus,8367,1,US-WA,Franklin,L1518478,Wahluke Wildlife Area-White Bluffs Viewpoint,46.6314315,-119.3975395,2026-03-21,12:43 PM,eBird - Traveling Count,46,1,2.26,,1
S311113230,Bald Eagle,Haliaeetus leucocephalus,8367,2,US-WA,Grant,L1678863,Potholes Reservoir--south half,46.991357,-119.3181243,2026-03-20,10:58 AM,eBird - Traveling Count,156,1,20.014,,1,,,,653396591
S311034367,Bald Eagle,Haliaeetus leucocephalus,8367,1,US-WA,Grant,L265765,Potholes SP,46.9809077,-119.3508177,2026-03-20,08:17 AM,eBird - Traveling Count,76,1,2.739,,1
S330689398,Bald Eagle,Haliaeetus leucocephalus,8367,1,US-WA,Grays Harbor,L268372,Bottle Beach State Park,46.893277,-124.0468136,2026-05-01,03:55 PM,eBird - Traveling Count,74,1,.788,,1
S331419171,Bald Eagle,Haliaeetus leucocephalus,8367,2,US-WA,Grays Harbor,L268372,Bottle Beach State Park,46.893277,-124.0468136,2026-05-02,03:04 PM,eBird - Traveling Count,112,1,1.449,,1
S330467906,Bald Eagle,Haliaeetus leucocephalus,8367,1,US-WA,Grays Harbor,L1158826,Chance A La Mer SP,47.0127422,-124.1698837,2026-05-01,08:36 AM,eBird - Traveling Count,46,1,.524,,1
S330084156,Bald Eagle,Haliaeetus leucocephalus,8367,2,US-WA,Grays Harbor,L276426,Grays Harbor NWR (Bowerman Basin),46.9731644,-123.9436064,2026-04-30,02:47 PM,eBird - Traveling Count,104,1,1.512,,1
S330412083,Bald Eagle,Haliaeetus leucocephalus,8367,1,US-WA,Grays Harbor,L264861,Hoquiam STP,46.9732093,-123.9165354,2026-05-01,07:22 AM,eBird - Traveling Count,35,1,.098,,1
S330624973,Bald Eagle,Haliaeetus leucocephalus,8367,2,US-WA,Grays Harbor,L269804,Ocean Shores--Bill's Spit,46.9648907,-124.1339435,2026-05-01,01:44 PM,eBird - Traveling Count,36,1,.234,,1
S331882311,Bald Eagle,Haliaeetus leucocephalus,8367,1,US-WA,Grays Harbor,L1875831,Westhaven SP,46.9011251,-124.1268446,2026-05-03,07:27 AM,eBird - Traveling Count,99,1,1.733,,1
S354810704,Bald Eagle,Haliaeetus leucocephalus,8367,1,US-WA,Island,L7706326,Smith Island,48.318233,-122.8410187,2026-05-30,04:00 PM,eBird - Traveling Count,60,1,8.047,,40,,,Puget Sound Express Puffin Tour
S174147151,Bald Eagle,Haliaeetus leucocephalus,8367,X,US-WA,Jefferson,L249781,Fort Flagler SP,48.0960511,-122.7139785,2024-05-11,12:00 AM,Historical,,1,,,1
S349638499,Bald Eagle,Haliaeetus leucocephalus,8367,3,US-WA,Jefferson,L249781,Fort Flagler SP,48.0960511,-122.7139785,2026-05-30,08:52 AM,eBird - Traveling Count,197,1,8.735,,1,,,,658831831 658831832
S349492168,Bald Eagle,Haliaeetus leucocephalus,8367,1,US-WA,Jefferson,L812287,Fort Flagler SP - Campground/Beach,48.0938751,-122.7226067,2026-05-30,05:59 AM,eBird - Traveling Count,160,1,1.696,,1
S230488049,Bald Eagle,Haliaeetus leucocephalus,8367,X,US-WA,Jefferson,L292851,Fort Worden SP,48.1408906,-122.7680969,2025-04-27,,Historical,,1
S297107675,Bald Eagle,Haliaeetus leucocephalus,8367,1,US-WA,King,L57830459,"2520 Northeast 130th Street, Seattle, Washington, US (47.724, -122.301)",47.7237668,-122.3010431,2026-01-30,02:45 PM,eBird - Traveling Count,95,1,.849,,1
S294267769,Bald Eagle,Haliaeetus leucocephalus,8367,X,US-WA,King,L298030,Carkeek Park,47.7126411,-122.377647,2026-01-14,02:40 PM,eBird - Traveling Count,106,1,.524,,1
S298149849,Bald Eagle,Haliaeetus leucocephalus,8367,1,US-WA,King,L298030,Carkeek Park,47.7126411,-122.377647,2026-02-04,03:59 PM,eBird - Traveling Count,47,1,.305,,1
S335596208,Bald Eagle,Haliaeetus leucocephalus,8367,1,US-WA,King,L298030,Carkeek Park,47.7126411,-122.377647,2026-05-09,09:08 AM,eBird - Traveling Count,114,1,.82,,1
S294797995,Bald Eagle,Haliaeetus leucocephalus,8367,X,US-WA,King,L128530,Discovery Park,47.663868,-122.4215317,2026-01-17,11:29 AM,eBird - Traveling Count,165,1,5.954,,1
S307461833,Bald Eagle,Haliaeetus leucocephalus,8367,1,US-WA,King,L128530,Discovery Park,47.663868,-122.4215317,2026-03-08,03:06 PM,eBird - Traveling Count,152,1,4.489,,1
S345782350,Bald Eagle,Haliaeetus leucocephalus,8367,1,US-WA,King,L128530,Discovery Park,47.663868,-122.4215317,2026-05-24,10:09 AM,eBird - Traveling Count,196,1,3.615,,1
S328030718,Bald Eagle,Haliaeetus leucocephalus,8367,2,US-WA,King,L1924233,Discovery Park--South Meadow,47.655213,-122.4141312,2026-04-26,10:00 AM,eBird - Traveling Count,112,1,1.914,,15
S309580927,Bald Eagle,Haliaeetus leucocephalus,8367,3,US-WA,King,L280267,Foster Island & Marsh Island,47.646592,-122.2909732,2026-03-15,10:53 AM,eBird - Traveling Count,96,1,1.041,,1
S380906489,Bald Eagle,Haliaeetus leucocephalus,8367,1,US-WA,King,L267071,Frager Rd. (north),47.418883,-122.2678757,2026-08-07,09:32 AM,eBird - Traveling Count,176,1,2.644,,1
S298134651,Bald Eagle,Haliaeetus leucocephalus,8367,1,US-WA,King,L2692026,Fremont Canal Park,47.6514476,-122.3570377,2026-02-04,08:30 AM,eBird - Stationary Count,240,1,,,1
S334650572,Bald Eagle,Haliaeetus leucocephalus,8367,2,US-WA,King,L2692026,Fremont Canal Park,47.6514476,-122.3570377,2026-05-08,09:19 AM,eBird - Traveling Count,22,1,.739,,1
S305332784,Bald Eagle,Haliaeetus leucocephalus,8367,1,US-WA,King,L163354,Green Lake,47.6783945,-122.3382464,2026-03-02,06:43 AM,eBird - Traveling Count,67,1,1.847,,1
S338550928,Bald Eagle,Haliaeetus leucocephalus,8367,1,US-WA,King,L208659,Hiram M. Chittenden Ballard Locks,47.6653579,-122.3974647,2026-05-13,06:15 PM,eBird - Stationary Count,60,1,,,1
S291712899,Bald Eagle,Haliaeetus leucocephalus,8367,X,US-WA,King,L232479,Juanita Bay Park,47.6981686,-122.2101878,2026-01-01,10:37 AM,eBird - Traveling Count,158,1,1.357,,1,,,,648016464
S296271926,Bald Eagle,Haliaeetus leucocephalus,8367,3,US-WA,King,L232479,Juanita Bay Park,47.6981686,-122.2101878,2026-01-25,08:10 AM,eBird - Traveling Count,222,1,1.699,,1,,,,649619906
S306300352,Bald Eagle,Haliaeetus leucocephalus,8367,1,US-WA,King,L232479,Juanita Bay Park,47.6981686,-122.2101878,2026-03-05,02:46 PM,eBird - Traveling Count,61,1,1.635,,1
S297296203,Bald Eagle,Haliaeetus leucocephalus,8367,1,US-WA,King,L269461,Magnuson Park,47.6815336,-122.2505453,2026-01-31,11:00 AM,eBird - Traveling Count,99,1,1.046,,1
S303069344,Bald Eagle,Haliaeetus leucocephalus,8367,2,US-WA,King,L351484,Marymoor Park,47.6612642,-122.1184109,2026-02-22,06:42 AM,eBird - Traveling Count,176,1,4.108,,1
S160044564,Bald Eagle,Haliaeetus leucocephalus,8367,1,US-WA,King,L162766,Union Bay Natural Area/Montlake Fill,47.65424,-122.29137,2024-01-28,09:15 AM,eBird - Traveling Count,130,0,7.001,,1
S175815092,Bald Eagle,Haliaeetus leucocephalus,8367,X,US-WA,King,L162766,Union Bay Natural Area/Montlake Fill,47.65424,-122.29137,2024-05-19,08:00 AM,eBird - Traveling Count,150,1,3.219,,1
S177789951,Bald Eagle,Haliaeetus leucocephalus,8367,X,US-WA,King,L162766,Union Bay Natural Area/Montlake Fill,47.65424,-122.29137,2024-05-28,05:50 AM,eBird - Traveling Count,68,1,2.704,,1
S179154810,Bald Eagle,Haliaeetus leucocephalus,8367,X,US-WA,King,L162766,Union Bay Natural Area/Montlake Fill,47.65424,-122.29137,2024-06-03,05:47 AM,eBird - Traveling Count,116,1,5.053,,1
S183862008,Bald Eagle,Haliaeetus leucocephalus,8367,X,US-WA,King,L162766,Union Bay Natural Area/Montlake Fill,47.65424,-122.29137,2024-06-26,06:10 AM,eBird - Traveling Count,109,1,4.812,,1
S286517370,Bald Eagle,Haliaeetus leucocephalus,8367,X,US-WA,King,L162766,Union Bay Natural Area/Montlake Fill,47.65424,-122.29137,2025-11-28,09:23 AM,eBird - Traveling Count,132,1,2.605,,1
S295024890,Bald Eagle,Haliaeetus leucocephalus,8367,2,US-WA,King,L162766,Union Bay Natural Area/Montlake Fill,47.65424,-122.29137,2026-01-18,08:05 AM,eBird - Traveling Count,287,1,2.302,,1,,,,649185905 649185906
S298942557,Bald Eagle,Haliaeetus leucocephalus,8367,5,US-WA,King,L162766,Union Bay Natural Area/Montlake Fill,47.65424,-122.29137,2026-02-08,07:30 AM,eBird - Traveling Count,133,1,3.101,,1,,,,650546250 650546252 650546254
S305068426,Bald Eagle,Haliaeetus leucocephalus,8367,3,US-WA,King,L162766,Union Bay Natural Area/Montlake Fill,47.65424,-122.29137,2026-03-01,06:45 AM,eBird - Traveling Count,215,1,3.562,,1,,,,651953658
S307285086,Bald Eagle,Haliaeetus leucocephalus,8367,2,US-WA,King,L162766,Union Bay Natural Area/Montlake Fill,47.65424,-122.29137,2026-03-08,07:52 AM,eBird - Traveling Count,130,1,3.898,,1
S309534495,Bald Eagle,Haliaeetus leucocephalus,8367,3,US-WA,King,L162766,Union Bay Natural Area/Montlake Fill,47.65424,-122.29137,2026-03-15,08:45 AM,eBird - Traveling Count,93,1,2.076,,1
S320771289,Bald Eagle,Haliaeetus leucocephalus,8367,5,US-WA,King,L162766,Union Bay Natural Area/Montlake Fill,47.65424,-122.29137,2026-04-12,07:20 AM,eBird - Traveling Count,190,1,3.623,,1
S326594442,Bald Eagle,Haliaeetus leucocephalus,8367,4,US-WA,King,L162766,Union Bay Natural Area/Montlake Fill,47.65424,-122.29137,2026-04-24,06:55 AM,eBird - Traveling Count,222,1,2.992,,1,,,,655747520
S333055230,Bald Eagle,Haliaeetus leucocephalus,8367,4,US-WA,King,L162766,Union Bay Natural Area/Montlake Fill,47.65424,-122.29137,2026-05-05,05:54 AM,eBird - Traveling Count,113,1,2.301,,1
S334002351,Bald Eagle,Haliaeetus leucocephalus,8367,1,US-WA,King,L162766,Union Bay Natural Area/Montlake Fill,47.65424,-122.29137,2026-05-07,06:22 AM,eBird - Traveling Count,64,1,.721,,1
S336459661,Bald Eagle,Haliaeetus leucocephalus,8367,2,US-WA,King,L162766,Union Bay Natural Area/Montlake Fill,47.65424,-122.29137,2026-05-10,06:04 AM,eBird - Traveling Count,165,1,2.998,,1
S339377883,Bald Eagle,Haliaeetus leucocephalus,8367,4,US-WA,King,L162766,Union Bay Natural Area/Montlake Fill,47.65424,-122.29137,2026-05-15,06:24 AM,eBird - Traveling Count,131,1,2.121,,1
S342868105,Bald Eagle,Haliaeetus leucocephalus,8367,5,US-WA,King,L162766,Union Bay Natural Area/Montlake Fill,47.65424,-122.29137,2026-05-20,06:19 AM,eBird - Traveling Count,134,1,3.112,,1,,,,658002386 658002650
S347722254,Bald Eagle,Haliaeetus leucocephalus,8367,3,US-WA,King,L162766,Union Bay Natural Area/Montlake Fill,47.65424,-122.29137,2026-05-27,05:41 AM,eBird - Traveling Count,137,1,3.085,,1,,,,658541866
S359192903,Bald Eagle,Haliaeetus leucocephalus,8367,2,US-WA,King,L162766,Union Bay Natural Area/Montlake Fill,47.65424,-122.29137,2026-06-18,08:29 AM,eBird - Traveling Count,72,1,2.496,,1
S374368808,Bald Eagle,Haliaeetus leucocephalus,8367,1,US-WA,King,L162766,Union Bay Natural Area/Montlake Fill,47.65424,-122.29137,2026-07-20,05:31 AM,eBird - Traveling Count,90,1,2.509,,1,,,,661662223
S167616265,Bald Eagle,Haliaeetus leucocephalus,8367,X,US-WA,King,L165740,Washington Park Arboretum,47.6370819,-122.29574,2024-04-07,08:30 AM,eBird - Traveling Count,180,1,3.219,,15
S350375761,Bald Eagle,Haliaeetus leucocephalus,8367,3,US-WA,Kitsap,L109542,Point No Point,47.9118696,-122.5283182,2026-05-31,10:28 AM,eBird - Traveling Count,63,1,1.052,,1
S331219104,Bald Eagle,Haliaeetus leucocephalus,8367,2,US-WA,Pacific,L803299,Cedar River (Pacific Co.),46.7400371,-123.9751339,2026-05-02,09:45 AM,eBird - Traveling Count,60,1,.577,,1
S331099224,Bald Eagle,Haliaeetus leucocephalus,8367,2,US-WA,Pacific,L682593,Grayland Beach State Park,46.7880721,-124.0941381,2026-05-02,06:57 AM,eBird - Traveling Count,87,1,2.2,,1
S331313814,Bald Eagle,Haliaeetus leucocephalus,8367,1,US-WA,Pacific,L257976,Tokeland -- Graveyard Spit/Fisher Ave,46.7079709,-123.9877832,2026-05-02,12:55 PM,eBird - Traveling Count,14,1,.066,,1,,,,656534979
S331300190,Bald Eagle,Haliaeetus leucocephalus,8367,2,US-WA,Pacific,L787853,Tokeland--marina,46.7063518,-123.9671946,2026-05-02,11:23 AM,eBird - Traveling Count,81,1,.629,,1
S170170610,Bald Eagle,Haliaeetus leucocephalus,8367,X,US-WA,San Juan,L9267425,"Cascade Lake--south end campsites, Orcas Island",48.6458967,-122.8474903,2024-04-13,,Historical,,1
S295194600,Bald Eagle,Haliaeetus leucocephalus,8367,2,US-WA,Skagit,L480306,Bay View State Park,48.4881122,-122.4809933,2026-01-19,09:31 AM,eBird - Traveling Count,34,1,.25,,1
S164380841,Bald Eagle,Haliaeetus leucocephalus,8367,X,US-WA,Skagit,L1369427,Fir Island -- Browns Slough Road,48.35381,-122.42297,2024-03-10,09:00 AM,eBird - Traveling Count,180,0,1.609,,6
S295176122,Bald Eagle,Haliaeetus leucocephalus,8367,3,US-WA,Skagit,L1068173,Samish Flats--East 90,48.5485465,-122.4661446,2026-01-19,07:24 AM,eBird - Stationary Count,74,1,,,1
S295226157,Bald Eagle,Haliaeetus leucocephalus,8367,4,US-WA,Skagit,L476174,Skagit Wildlife Area--Wiley Slough,48.3246351,-122.3741287,2026-01-19,11:25 AM,eBird - Traveling Count,72,1,.891,,1,,,,649261832
S319751834,Bald Eagle,Haliaeetus leucocephalus,8367,5,US-WA,Skagit,L476174,Skagit Wildlife Area--Wiley Slough,48.3246351,-122.3741287,2026-04-10,09:30 AM,eBird - Traveling Count,229,1,2.012,,3,,,,654685492 654685493
S293545903,Bald Eagle,Haliaeetus leucocephalus,8367,X,US-WA,Snohomish,L374382,Edmonds Waterfront,47.8119268,-122.3854144,2026-01-10,12:05 PM,eBird - Traveling Count,89,1,.914,,1
S297588705,Bald Eagle,Haliaeetus leucocephalus,8367,2,US-WA,Snohomish,L374382,Edmonds Waterfront,47.8119268,-122.3854144,2026-02-01,12:36 PM,eBird - Traveling Count,124,1,1.416,,1
S304355760,Bald Eagle,Haliaeetus leucocephalus,8367,3,US-WA,Snohomish,L343338,Everett Sewage Lagoons,47.9988889,-122.17,2026-02-27,08:39 AM,eBird - Traveling Count,230,1,4.811,,1,,,,651822601
S327075826,Bald Eagle,Haliaeetus leucocephalus,8367,3,US-WA,Snohomish,L343338,Everett Sewage Lagoons,47.9988889,-122.17,2026-04-25,06:23 AM,eBird - Traveling Count,47,1,.919,,1
S346491426,Bald Eagle,Haliaeetus leucocephalus,8367,2,US-WA,Snohomish,L4756268,Field's Riffle,47.9166297,-122.1268988,2026-05-25,07:11 AM,eBird - Traveling Count,177,1,1.517,,1,,,,658391472
S375605391,Bald Eagle,Haliaeetus leucocephalus,8367,1,US-WA,Snohomish,L343249,Stanwood Water Treatment Plant,48.2377017,-122.3611822,2026-07-23,02:41 PM,eBird - Traveling Count,163,1,.511,,1
S282214936,Bald Eagle,Haliaeetus leucocephalus,8367,X,US-WA,Thurston,L282253,Billy Frank Jr. Nisqually NWR,47.0812514,-122.7180576,2025-10-31,09:53 AM,eBird - Traveling Count,193,1,3.491,,1
S291455322,Bald Eagle,Haliaeetus leucocephalus,8367,X,US-WA,Thurston,L282253,Billy Frank Jr. Nisqually NWR,47.0812514,-122.7180576,2025-12-31,08:11 AM,eBird - Traveling Count,256,1,3.231,,1,,,,648016645
S332089254,Bald Eagle,Haliaeetus leucocephalus,8367,35,US-WA,Thurston,L282253,Billy Frank Jr. Nisqually NWR,47.0812514,-122.7180576,2026-05-03,10:49 AM,eBird - Traveling Count,191,1,4.362,,1,,Must have been a party I wasn't invited to in the nisqually reach. Counted 32 panning across,,656515966
S159175389,Bald Eagle,Haliaeetus leucocephalus,8367,X,CA-BC,,L108919,British Columbia,54.15248,-126.48695,2023-12-06,,Historical,,1
S285380893,Harris's Hawk,Parabuteo unicinctus,8445,2,US-TX,Cameron,L3322724,Cameron Co.--TX100--Aplomado Viewing Area,26.0913939,-97.3272438,2025-11-20,10:25 AM,eBird - Casual Observation,,0,,,9
S285226087,Harris's Hawk,Parabuteo unicinctus,8445,2,US-TX,Hidalgo,L129085,Santa Ana NWR (LTC 059),26.0813003,-98.1351399,2025-11-19,07:24 AM,eBird - Traveling Count,200,1,2.414,,9
S285380893,White-tailed Hawk,Geranoaetus albicaudatus,8449,2,US-TX,Cameron,L3322724,Cameron Co.--TX100--Aplomado Viewing Area,26.0913939,-97.3272438,2025-11-20,10:25 AM,eBird - Casual Observation,,0,,,9,,,,645920187
S285225745,White-tailed Hawk,Geranoaetus albicaudatus,8449,1,US-TX,Hidalgo,L336009,National Butterfly Center--General & area North of Levee,26.1796025,-98.3664483,2025-11-18,01:42 PM,eBird - Traveling Count,90,1,1.207,,9
S285226087,White-tailed Hawk,Geranoaetus albicaudatus,8449,1,US-TX,Hidalgo,L129085,Santa Ana NWR (LTC 059),26.0813003,-98.1351399,2025-11-19,07:24 AM,eBird - Traveling Count,200,1,2.414,,9
S285225679,Gray Hawk,Buteo plagiatus,8473,1,US-TX,Hidalgo,L38314359,Bentsen Rd,26.192193,-98.272556,2025-11-18,07:52 AM,eBird - Stationary Count,15,1,,,10,,,,645918850
S216534367,Broad-winged Hawk,Buteo platypterus,8479,X,AG-,,L3680262,Antigua and Barbuda,17.2705798,-61.7982655,2025-02-28,,Historical,,1
S216534184,Broad-winged Hawk,Buteo platypterus,8479,X,DM-,,L3821759,Dominica,15.4345023,-61.3499744,2025-02-27,,Historical,,1
S216533845,Broad-winged Hawk,Buteo platypterus,8479,X,LC-,,L3758725,Saint Lucia,13.8983327,-60.9667625,2025-02-23,,Historical,,1
S180573811,Red-shouldered Hawk,Buteo lineatus,8487,X,US-VA,Fairfax,L718525,**HUNTLEY MEADOWS PARK,38.7576451,-77.0984124,2024-06-10,07:09 AM,eBird - Traveling Count,148,1,3.203,,1
S206958982,Red-shouldered Hawk,Buteo lineatus,8487,X,US-VA,Fairfax,L718525,**HUNTLEY MEADOWS PARK,38.7576451,-77.0984124,2024-12-22,,Historical,,1
S179913804,Red-shouldered Hawk,Buteo lineatus,8487,X,US-VA,Fairfax,L2914236,Northside Park,38.9119187,-77.2731543,2024-06-07,10:48 AM,eBird - Traveling Count,29,1,1.577,,1
S285225846,Zone-tailed Hawk,Buteo albonotatus,8498,1,US-TX,Hidalgo,L246727,Anzalduas Park (LTC 068),26.1384105,-98.3327866,2025-11-18,11:32 AM,eBird - Traveling Count,65,1,1.609,,9
S312570475,Red-tailed Hawk,Buteo jamaicensis,8506,1,US-WA,Adams,L1071738,Columbia NWR--Royal Lake,46.8716342,-119.3433344,2026-03-22,11:00 AM,eBird - Stationary Count,20,1,,,20,,,,653397345
S312035095,Red-tailed Hawk,Buteo jamaicensis,8506,1,US-WA,Adams,L60805356,"West Gillis Road, Othello, Washington, US (46.81, -119.347)",46.8100099,-119.347446,2026-03-22,08:19 AM,eBird - Traveling Count,57,1,.973,,1
S324301943,Red-tailed Hawk,Buteo jamaicensis,8506,1,US-WA,Clallam,L17270540,Dungeness River Dike Trail,48.1411863,-123.129295,2026-04-19,08:22 AM,eBird - Traveling Count,194,1,1.115,,1
S323667024,Red-tailed Hawk,Buteo jamaicensis,8506,1,US-WA,Clallam,L190512,Ediz Hook,48.14035,-123.44711,2026-04-18,08:22 AM,eBird - Traveling Count,154,1,4.076,,1
S358739900,Red-tailed Hawk,Buteo jamaicensis,8506,1,US-OR,Deschutes,L564147,Smith Rock SP,44.3669375,-121.1371851,2026-06-17,07:36 AM,eBird - Traveling Count,51,1,1.188,,1
S312099507,Red-tailed Hawk,Buteo jamaicensis,8506,1,US-WA,Grant,L60819284,"15927 Road D Southeast, Othello, Washington, US (46.854, -119.409)",46.85401,-119.4093612,2026-03-22,10:57 AM,eBird - Stationary Count,10,1,,,1
S307461833,Red-tailed Hawk,Buteo jamaicensis,8506,1,US-WA,King,L128530,Discovery Park,47.663868,-122.4215317,2026-03-08,03:06 PM,eBird - Traveling Count,152,1,4.489,,1
S328030718,Red-tailed Hawk,Buteo jamaicensis,8506,1,US-WA,King,L1924233,Discovery Park--South Meadow,47.655213,-122.4141312,2026-04-26,10:00 AM,eBird - Traveling Count,112,1,1.914,,15
S292421718,Red-tailed Hawk,Buteo jamaicensis,8506,X,US-WA,King,L208659,Hiram M. Chittenden Ballard Locks,47.6653579,-122.3974647,2026-01-04,09:39 AM,eBird - Traveling Count,35,1,1.144,,1
S296271926,Red-tailed Hawk,Buteo jamaicensis,8506,1,US-WA,King,L232479,Juanita Bay Park,47.6981686,-122.2101878,2026-01-25,08:10 AM,eBird - Traveling Count,222,1,1.699,,1,,,,649619916
S305068426,Red-tailed Hawk,Buteo jamaicensis,8506,1,US-WA,King,L162766,Union Bay Natural Area/Montlake Fill,47.65424,-122.29137,2026-03-01,06:45 AM,eBird - Traveling Count,215,1,3.562,,1,,,,651953657
S309534495,Red-tailed Hawk,Buteo jamaicensis,8506,1,US-WA,King,L162766,Union Bay Natural Area/Montlake Fill,47.65424,-122.29137,2026-03-15,08:45 AM,eBird - Traveling Count,93,1,2.076,,1
S317515997,Red-tailed Hawk,Buteo jamaicensis,8506,1,US-WA,King,L162766,Union Bay Natural Area/Montlake Fill,47.65424,-122.29137,2026-04-05,10:27 AM,eBird - Traveling Count,191,1,2.366,,1
S310759735,Red-tailed Hawk,Buteo jamaicensis,8506,1,US-WA,Kittitas,L4631645,Quilomene Wildlife Area--East Entrance,46.9592845,-120.1404279,2026-03-19,01:31 PM,eBird - Traveling Count,50,1,.913,,1
S216534519,Red-tailed Hawk,Buteo jamaicensis,8506,X,US-FL,Miami-Dade,L127431,Biscayne NP (Please consider using more specific locations),25.4634,-80.3343,2025-03-01,,Historical,,1
S164380841,Red-tailed Hawk,Buteo jamaicensis,8506,X,US-WA,Skagit,L1369427,Fir Island -- Browns Slough Road,48.35381,-122.42297,2024-03-10,09:00 AM,eBird - Traveling Count,180,0,1.609,,6
S346491426,Red-tailed Hawk,Buteo jamaicensis,8506,2,US-WA,Snohomish,L4756268,Field's Riffle,47.9166297,-122.1268988,2026-05-25,07:11 AM,eBird - Traveling Count,177,1,1.517,,1,,,,658391485 658391486 658391487
S371256974,Red-tailed Hawk,Buteo jamaicensis,8506,1,US-WA,Snohomish,L4444849,Riverview Wildlife Refuge / Snohomish Wastewater Treatment Plant,47.9165434,-122.1100652,2026-07-12,07:30 AM,eBird - Traveling Count,139,1,1.581,,1
S164380841,Rough-legged Hawk,Buteo lagopus,8528,X,US-WA,Skagit,L1369427,Fir Island -- Browns Slough Road,48.35381,-122.42297,2024-03-10,09:00 AM,eBird - Traveling Count,180,0,1.609,,6
S314012611,American Barn Owl,Tyto furcata,8633,1,US-HI,Kauai,L61204927,"Kaumualii Highway, Waimea, Hawaii, US (21.993, -159.751)",21.9925633,-159.7509558,2026-03-28,07:29 AM,eBird - Casual Observation,,0,,,1
S159174918,Western Screech-Owl,Megascops kennicottii,8855,X,US-AZ,,L108915,Arizona,34.16973,-111.93299,2024-01-12,,Historical,,1,,,,,,,613666252
S285225745,Eastern Screech-Owl (McCall's),Megascops asio mccallii,8873,1,US-TX,Hidalgo,L336009,National Butterfly Center--General & area North of Levee,26.1796025,-98.3664483,2025-11-18,01:42 PM,eBird - Traveling Count,90,1,1.207,,9,,,,645919437
S312035095,Great Horned Owl,Bubo virginianus,8910,1,US-WA,Adams,L60805356,"West Gillis Road, Othello, Washington, US (46.81, -119.347)",46.8100099,-119.347446,2026-03-22,08:19 AM,eBird - Traveling Count,57,1,.973,,1
S312099507,Great Horned Owl,Bubo virginianus,8910,2,US-WA,Grant,L60819284,"15927 Road D Southeast, Othello, Washington, US (46.854, -119.409)",46.85401,-119.4093612,2026-03-22,10:57 AM,eBird - Stationary Count,10,1,,,1
S311185088,Great Horned Owl,Bubo virginianus,8910,1,US-WA,Grant,L265765,Potholes SP,46.9809077,-119.3508177,2026-03-20,06:04 PM,eBird - Traveling Count,9,1,.146,,1,,,,653396766 653396767 653396768
S311476924,Great Horned Owl,Bubo virginianus,8910,1,US-WA,Grant,L265765,Potholes SP,46.9809077,-119.3508177,2026-03-21,07:59 AM,eBird - Traveling Count,60,1,1.61,,1,,,,653396878
S310788595,Burrowing Owl,Athene cunicularia,9133,1,US-WA,Grant,L60558524,"6008 Road 6 Northwest, Ephrata, Washington, US (47.177, -119.619)",47.1771287,-119.6186638,2026-03-19,04:02 PM,eBird - Stationary Count,15,1,,,1,,,,653396373 653396374
S323453125,Barred Owl,Strix varia,9219,1,US-WA,Clallam,L865285,Dungeness Recreation Area,48.1358788,-123.1915855,2026-04-18,06:09 AM,eBird - Casual Observation,,0,,,1,,,,655225169
S345067581,Barred Owl,Strix varia,9219,2,US-WA,King,L461493,Ravenna Park / Cowen Park,47.6721788,-122.3064566,2026-05-23,05:34 PM,eBird - Traveling Count,72,1,.992,,1,,,,658248507 658248510 658248512 658248513
S348587209,Barred Owl,Strix varia,9219,4,US-WA,King,L461493,Ravenna Park / Cowen Park,47.6721788,-122.3064566,2026-05-28,08:59 PM,eBird - Stationary Count,14,1,,,1
S295176122,Short-eared Owl,Asio flammeus,9276,3,US-WA,Skagit,L1068173,Samish Flats--East 90,48.5485465,-122.4661446,2026-01-19,07:24 AM,eBird - Stationary Count,74,1,,,1,,,,649262140 649262141 649262142
S159175946,Laughing Kookaburra,Dacelo novaeguineae,10028,X,AU-NSW,Sydney,L915566,Royal Botanic Gardens (Sydney),-33.8638957,151.2167577,2023-08-19,,Historical,,1
S285225846,Ringed Kingfisher,Megaceryle torquata,10301,1,US-TX,Hidalgo,L246727,Anzalduas Park (LTC 068),26.1384105,-98.3327866,2025-11-18,11:32 AM,eBird - Traveling Count,65,1,1.609,,9
S285225465,Ringed Kingfisher,Megaceryle torquata,10301,1,US-TX,Hidalgo,L21636963,Peculiar Nest Airbnb (restricted access),26.180693,-98.272806,2025-11-18,07:00 AM,eBird - Stationary Count,40,1,,,10
S285226087,Ringed Kingfisher,Megaceryle torquata,10301,1,US-TX,Hidalgo,L129085,Santa Ana NWR (LTC 059),26.0813003,-98.1351399,2025-11-19,07:24 AM,eBird - Traveling Count,200,1,2.414,,9,,,,645919839
S285814615,Belted Kingfisher,Megaceryle alcyon,10306,X,US-CA,Alameda,L2377313,McLaughlin Eastshore SP--Albany access,37.890326,-122.314765,2025-11-23,08:40 AM,eBird - Traveling Count,86,1,2.87,,1
S324366340,Belted Kingfisher,Megaceryle alcyon,10306,1,US-WA,Clallam,L828590,Dungeness Landing Park/Oyster House,48.1514639,-123.143456,2026-04-19,12:52 PM,eBird - Stationary Count,65,1,,,1
S322716667,Belted Kingfisher,Megaceryle alcyon,10306,2,US-WA,Clallam,L29690471,Dungeness NWR,48.1463111,-123.1865094,2026-04-16,04:51 PM,eBird - Traveling Count,23,1,1.089,,1
S323750410,Belted Kingfisher,Megaceryle alcyon,10306,1,US-WA,Clallam,L793855,Elwha River Mouth,48.1447892,-123.5671808,2026-04-18,11:32 AM,eBird - Traveling Count,130,1,.681,,1,,,,655400500
S323075329,Belted Kingfisher,Megaceryle alcyon,10306,4,US-WA,Clallam,L894831,Freshwater Bay,48.1461024,-123.6414242,2026-04-17,09:39 AM,eBird - Traveling Count,130,1,5.296,,1
S323789056,Belted Kingfisher,Megaceryle alcyon,10306,2,US-WA,Clallam,L894831,Freshwater Bay,48.1461024,-123.6414242,2026-04-18,02:00 PM,eBird - Traveling Count,75,1,.617,,1
S323134294,Belted Kingfisher,Megaceryle alcyon,10306,1,US-WA,Clallam,L6125771,Jamestown S'Klallam Tribe Center,48.0252673,-122.9962617,2026-04-17,01:14 PM,eBird - Traveling Count,73,1,1.266,,1
S323830718,Belted Kingfisher,Megaceryle alcyon,10306,1,US-WA,Clallam,L234894,Salt Creek County Park,48.1631912,-123.6972883,2026-04-18,03:36 PM,eBird - Traveling Count,91,1,1.638,,1
S159175691,Belted Kingfisher,Megaceryle alcyon,10306,X,MX-ROO,Cozumel,L52344353,Playa Embarcadero Cozumel,20.5122933,-86.9489744,2023-11-23,,Historical,,1
S285225846,Belted Kingfisher,Megaceryle alcyon,10306,1,US-TX,Hidalgo,L246727,Anzalduas Park (LTC 068),26.1384105,-98.3327866,2025-11-18,11:32 AM,eBird - Traveling Count,65,1,1.609,,9
S285226087,Belted Kingfisher,Megaceryle alcyon,10306,1,US-TX,Hidalgo,L129085,Santa Ana NWR (LTC 059),26.0813003,-98.1351399,2025-11-19,07:24 AM,eBird - Traveling Count,200,1,2.414,,9
S349638499,Belted Kingfisher,Megaceryle alcyon,10306,1,US-WA,Jefferson,L249781,Fort Flagler SP,48.0960511,-122.7139785,2026-05-30,08:52 AM,eBird - Traveling Count,197,1,8.735,,1
S349492168,Belted Kingfisher,Megaceryle alcyon,10306,1,US-WA,Jefferson,L812287,Fort Flagler SP - Campground/Beach,48.0938751,-122.7226067,2026-05-30,05:59 AM,eBird - Traveling Count,160,1,1.696,,1
S230488049,Belted Kingfisher,Megaceryle alcyon,10306,X,US-WA,Jefferson,L292851,Fort Worden SP,48.1408906,-122.7680969,2025-04-27,,Historical,,1
S354811374,Belted Kingfisher,Megaceryle alcyon,10306,2,US-WA,Jefferson,L608334,Point Hudson,48.117861,-122.7494931,2026-05-30,03:00 PM,eBird - Traveling Count,30,1,0.,,2,,,,659365752 659365753 659365754 659365755 659365756
S309235427,Belted Kingfisher,Megaceryle alcyon,10306,1,US-WA,King,L298030,Carkeek Park,47.7126411,-122.377647,2026-03-14,01:56 PM,eBird - Traveling Count,69,1,.697,,1
S377210785,Belted Kingfisher,Megaceryle alcyon,10306,1,US-WA,King,L298030,Carkeek Park,47.7126411,-122.377647,2026-07-27,07:53 PM,eBird - Traveling Count,13,1,.357,,1
S380906489,Belted Kingfisher,Megaceryle alcyon,10306,2,US-WA,King,L267071,Frager Rd. (north),47.418883,-122.2678757,2026-08-07,09:32 AM,eBird - Traveling Count,176,1,2.644,,1
S292982187,Belted Kingfisher,Megaceryle alcyon,10306,X,US-WA,King,L2692026,Fremont Canal Park,47.6514476,-122.3570377,2026-01-07,10:45 AM,eBird - Stationary Count,10,1,,,1
S296590988,Belted Kingfisher,Megaceryle alcyon,10306,1,US-WA,King,L2692026,Fremont Canal Park,47.6514476,-122.3570377,2026-01-27,11:39 AM,eBird - Stationary Count,180,1,,,1
S338550928,Belted Kingfisher,Megaceryle alcyon,10306,2,US-WA,King,L208659,Hiram M. Chittenden Ballard Locks,47.6653579,-122.3974647,2026-05-13,06:15 PM,eBird - Stationary Count,60,1,,,1
S278673753,Belted Kingfisher,Megaceryle alcyon,10306,X,US-WA,King,L232479,Juanita Bay Park,47.6981686,-122.2101878,2025-10-11,08:44 AM,eBird - Traveling Count,160,1,1.308,,1
S296271926,Belted Kingfisher,Megaceryle alcyon,10306,1,US-WA,King,L232479,Juanita Bay Park,47.6981686,-122.2101878,2026-01-25,08:10 AM,eBird - Traveling Count,222,1,1.699,,1,,,,649619926
S301500561,Belted Kingfisher,Megaceryle alcyon,10306,1,US-WA,King,L269461,Magnuson Park,47.6815336,-122.2505453,2026-02-16,10:02 AM,eBird - Traveling Count,133,1,2.13,,1
S303069344,Belted Kingfisher,Megaceryle alcyon,10306,2,US-WA,King,L351484,Marymoor Park,47.6612642,-122.1184109,2026-02-22,06:42 AM,eBird - Traveling Count,176,1,4.108,,1
S191250464,Belted Kingfisher,Megaceryle alcyon,10306,X,US-WA,King,L162766,Union Bay Natural Area/Montlake Fill,47.65424,-122.29137,2024-08-12,05:40 PM,eBird - Traveling Count,53,1,2.639,,1
S286517370,Belted Kingfisher,Megaceryle alcyon,10306,X,US-WA,King,L162766,Union Bay Natural Area/Montlake Fill,47.65424,-122.29137,2025-11-28,09:23 AM,eBird - Traveling Count,132,1,2.605,,1
S295024890,Belted Kingfisher,Megaceryle alcyon,10306,1,US-WA,King,L162766,Union Bay Natural Area/Montlake Fill,47.65424,-122.29137,2026-01-18,08:05 AM,eBird - Traveling Count,287,1,2.302,,1,,,,649185912
S305068426,Belted Kingfisher,Megaceryle alcyon,10306,1,US-WA,King,L162766,Union Bay Natural Area/Montlake Fill,47.65424,-122.29137,2026-03-01,06:45 AM,eBird - Traveling Count,215,1,3.562,,1,,,,651953698 651953699 651959166
S307285086,Belted Kingfisher,Megaceryle alcyon,10306,1,US-WA,King,L162766,Union Bay Natural Area/Montlake Fill,47.65424,-122.29137,2026-03-08,07:52 AM,eBird - Traveling Count,130,1,3.898,,1,,,,652394630
S167616265,Belted Kingfisher,Megaceryle alcyon,10306,X,US-WA,King,L165740,Washington Park Arboretum,47.6370819,-122.29574,2024-04-07,08:30 AM,eBird - Traveling Count,180,1,3.219,,15
S210098446,Belted Kingfisher,Megaceryle alcyon,10306,1,US-WA,Kitsap,L5548250,Appletree Cove--Marina Boat Ramp,47.7965336,-122.4993476,2025-01-20,02:42 PM,eBird - Casual Observation,,0,,,1
S331219104,Belted Kingfisher,Megaceryle alcyon,10306,1,US-WA,Pacific,L803299,Cedar River (Pacific Co.),46.7400371,-123.9751339,2026-05-02,09:45 AM,eBird - Traveling Count,60,1,.577,,1
S379333332,Belted Kingfisher,Megaceryle alcyon,10306,1,US-WA,Snohomish,L950776,Big Four Ice Caves,48.0651548,-121.5151566,2026-08-02,07:25 AM,eBird - Traveling Count,329,1,2.7,,1
S371256974,Belted Kingfisher,Megaceryle alcyon,10306,2,US-WA,Snohomish,L4444849,Riverview Wildlife Refuge / Snohomish Wastewater Treatment Plant,47.9165434,-122.1100652,2026-07-12,07:30 AM,eBird - Traveling Count,139,1,1.581,,1
S376877165,Belted Kingfisher,Megaceryle alcyon,10306,1,US-WA,Snohomish,L343249,Stanwood Water Treatment Plant,48.2377017,-122.3611822,2026-07-26,07:23 PM,eBird - Traveling Count,88,1,.235,,1
S282214936,Belted Kingfisher,Megaceryle alcyon,10306,X,US-WA,Thurston,L282253,Billy Frank Jr. Nisqually NWR,47.0812514,-122.7180576,2025-10-31,09:53 AM,eBird - Traveling Count,193,1,3.491,,1
S291455322,Belted Kingfisher,Megaceryle alcyon,10306,X,US-WA,Thurston,L282253,Billy Frank Jr. Nisqually NWR,47.0812514,-122.7180576,2025-12-31,08:11 AM,eBird - Traveling Count,256,1,3.231,,1,,,,648016649
S216534367,Belted Kingfisher,Megaceryle alcyon,10306,X,AG-,,L3680262,Antigua and Barbuda,17.2705798,-61.7982655,2025-02-28,,Historical,,1
S285225745,Green Kingfisher,Chloroceryle americana,10316,1,US-TX,Hidalgo,L336009,National Butterfly Center--General & area North of Levee,26.1796025,-98.3664483,2025-11-18,01:42 PM,eBird - Traveling Count,90,1,1.207,,9
S285225465,Green Kingfisher,Chloroceryle americana,10316,3,US-TX,Hidalgo,L21636963,Peculiar Nest Airbnb (restricted access),26.180693,-98.272806,2025-11-18,07:00 AM,eBird - Stationary Count,40,1,,,10
S285226087,Green Kingfisher,Chloroceryle americana,10316,3,US-TX,Hidalgo,L129085,Santa Ana NWR (LTC 059),26.0813003,-98.1351399,2025-11-19,07:24 AM,eBird - Traveling Count,200,1,2.414,,9,,,,645919768 645919854
S349492168,Red-breasted Sapsucker,Sphyrapicus ruber,11130,1,US-WA,Jefferson,L812287,Fort Flagler SP - Campground/Beach,48.0938751,-122.7226067,2026-05-30,05:59 AM,eBird - Traveling Count,160,1,1.696,,1
S212599412,Red-breasted Sapsucker,Sphyrapicus ruber,11130,1,US-WA,King,L163354,Green Lake,47.6783945,-122.3382464,2025-02-08,02:20 PM,eBird - Casual Observation,,0,,,1
S371256974,Red-breasted Sapsucker,Sphyrapicus ruber,11130,1,US-WA,Snohomish,L4444849,Riverview Wildlife Refuge / Snohomish Wastewater Treatment Plant,47.9165434,-122.1100652,2026-07-12,07:30 AM,eBird - Traveling Count,139,1,1.581,,1,,,,661254698
S159175691,Yucatan Woodpecker,Melanerpes pygmaeus,11167,X,MX-ROO,Cozumel,L52344353,Playa Embarcadero Cozumel,20.5122933,-86.9489744,2023-11-23,,Historical,,1
S159174918,Gila Woodpecker,Melanerpes uropygialis,11176,X,US-AZ,,L108915,Arizona,34.16973,-111.93299,2024-01-12,,Historical,,1,,,,,,,613666256
S285380811,Golden-fronted Woodpecker,Melanerpes aurifrons,11183,3,US-TX,Cameron,L283726,South Padre Is.--WBC/Conv. Center/Laguna Madre Trail (LTC 035),26.1400912,-97.1748233,2025-11-20,12:53 PM,eBird - Traveling Count,120,1,1.609,,9
S285225846,Golden-fronted Woodpecker,Melanerpes aurifrons,11183,2,US-TX,Hidalgo,L246727,Anzalduas Park (LTC 068),26.1384105,-98.3327866,2025-11-18,11:32 AM,eBird - Traveling Count,65,1,1.609,,9
S285225918,Golden-fronted Woodpecker,Melanerpes aurifrons,11183,15,US-TX,Hidalgo,L128890,Bentsen-Rio Grande Val. SP WBC (Mission) (LTC 069),26.1796748,-98.3842338,2025-11-18,08:27 AM,eBird - Traveling Count,140,1,1.609,,10,,,,645919037
S285225977,Golden-fronted Woodpecker,Melanerpes aurifrons,11183,2,US-TX,Hidalgo,L249889,Edinburg Scenic Wetlands WBC (LTC 061),26.2905822,-98.1351909,2025-11-19,12:54 PM,eBird - Traveling Count,90,1,1.609,,9
S285380905,Golden-fronted Woodpecker,Melanerpes aurifrons,11183,3,US-TX,Hidalgo,L259855,Estero Llano Grande SP WBC (LTC 054),26.1268335,-97.9578167,2025-11-20,07:13 AM,eBird - Traveling Count,60,1,.805,,9
S285225626,Golden-fronted Woodpecker,Melanerpes aurifrons,11183,1,US-TX,Hidalgo,L1048491,Mission Nature Park,26.1922196,-98.3378935,2025-11-18,03:24 PM,eBird - Traveling Count,10,1,.08,,9
S285225745,Golden-fronted Woodpecker,Melanerpes aurifrons,11183,5,US-TX,Hidalgo,L336009,National Butterfly Center--General & area North of Levee,26.1796025,-98.3664483,2025-11-18,01:42 PM,eBird - Traveling Count,90,1,1.207,,9,,,,645919428 645919429
S285225465,Golden-fronted Woodpecker,Melanerpes aurifrons,11183,8,US-TX,Hidalgo,L21636963,Peculiar Nest Airbnb (restricted access),26.180693,-98.272806,2025-11-18,07:00 AM,eBird - Stationary Count,40,1,,,10
S285226044,Golden-fronted Woodpecker,Melanerpes aurifrons,11183,1,US-TX,Hidalgo,L1850000,San Juan Wetlands,26.1606244,-98.157516,2025-11-19,12:00 PM,eBird - Traveling Count,22,1,.805,,9
S285226087,Golden-fronted Woodpecker,Melanerpes aurifrons,11183,3,US-TX,Hidalgo,L129085,Santa Ana NWR (LTC 059),26.0813003,-98.1351399,2025-11-19,07:24 AM,eBird - Traveling Count,200,1,2.414,,9
S180573811,Red-bellied Woodpecker,Melanerpes carolinus,11199,X,US-VA,Fairfax,L718525,**HUNTLEY MEADOWS PARK,38.7576451,-77.0984124,2024-06-10,07:09 AM,eBird - Traveling Count,148,1,3.203,,1
S206958982,Red-bellied Woodpecker,Melanerpes carolinus,11199,X,US-VA,Fairfax,L718525,**HUNTLEY MEADOWS PARK,38.7576451,-77.0984124,2024-12-22,,Historical,,1
S159175317,Red-bellied Woodpecker,Melanerpes carolinus,11199,X,US-VA,Fairfax,L4138121,Washington & Old Dominion Trail--Vienna Town Green,38.9030318,-77.2646034,2023-12-27,,Historical,,1
S290623958,Red-bellied Woodpecker,Melanerpes carolinus,11199,X,US-VA,Fairfax,L4138121,Washington & Old Dominion Trail--Vienna Town Green,38.9030318,-77.2646034,2025-12-27,03:21 PM,eBird - Traveling Count,56,1,3.692,,1
S206958982,Downy Woodpecker,Dryobates pubescens,11400,X,US-VA,Fairfax,L718525,**HUNTLEY MEADOWS PARK,38.7576451,-77.0984124,2024-12-22,,Historical,,1
S290526069,Downy Woodpecker,Dryobates pubescens,11400,X,US-VA,Fairfax,L5640834,Huntley Meadows Park--Cedar Trail Loop,38.7555851,-77.1024156,2025-12-27,08:42 AM,eBird - Traveling Count,80,1,1.967,,1
S310993075,Downy Woodpecker,Dryobates pubescens,11400,1,US-WA,Grant,L265765,Potholes SP,46.9809077,-119.3508177,2026-03-20,08:05 AM,eBird - Stationary Count,20,1,,,1
S318059543,Downy Woodpecker,Dryobates pubescens,11400,1,US-WA,King,L2692026,Fremont Canal Park,47.6514476,-122.3570377,2026-04-06,07:30 AM,eBird - Stationary Count,7,1,,,1
S296271926,Downy Woodpecker,Dryobates pubescens,11400,3,US-WA,King,L232479,Juanita Bay Park,47.6981686,-122.2101878,2026-01-25,08:10 AM,eBird - Traveling Count,222,1,1.699,,1,,,,649619936
S306300352,Downy Woodpecker,Dryobates pubescens,11400,1,US-WA,King,L232479,Juanita Bay Park,47.6981686,-122.2101878,2026-03-05,02:46 PM,eBird - Traveling Count,61,1,1.635,,1
S301500561,Downy Woodpecker,Dryobates pubescens,11400,1,US-WA,King,L269461,Magnuson Park,47.6815336,-122.2505453,2026-02-16,10:02 AM,eBird - Traveling Count,133,1,2.13,,1
S203904796,Downy Woodpecker,Dryobates pubescens,11400,X,US-WA,King,L472642,Meadowbrook Pond,47.7058052,-122.2889256,2024-11-28,01:20 PM,eBird - Traveling Count,31,1,.283,,1
S305068426,Downy Woodpecker,Dryobates pubescens,11400,2,US-WA,King,L162766,Union Bay Natural Area/Montlake Fill,47.65424,-122.29137,2026-03-01,06:45 AM,eBird - Traveling Count,215,1,3.562,,1,,,,651953716
S307285086,Downy Woodpecker,Dryobates pubescens,11400,1,US-WA,King,L162766,Union Bay Natural Area/Montlake Fill,47.65424,-122.29137,2026-03-08,07:52 AM,eBird - Traveling Count,130,1,3.898,,1
S317515997,Downy Woodpecker,Dryobates pubescens,11400,4,US-WA,King,L162766,Union Bay Natural Area/Montlake Fill,47.65424,-122.29137,2026-04-05,10:27 AM,eBird - Traveling Count,191,1,2.366,,1
S320771289,Downy Woodpecker,Dryobates pubescens,11400,2,US-WA,King,L162766,Union Bay Natural Area/Montlake Fill,47.65424,-122.29137,2026-04-12,07:20 AM,eBird - Traveling Count,190,1,3.623,,1
S326594442,Downy Woodpecker,Dryobates pubescens,11400,3,US-WA,King,L162766,Union Bay Natural Area/Montlake Fill,47.65424,-122.29137,2026-04-24,06:55 AM,eBird - Traveling Count,222,1,2.992,,1,,,,655747529
S336459661,Downy Woodpecker,Dryobates pubescens,11400,1,US-WA,King,L162766,Union Bay Natural Area/Montlake Fill,47.65424,-122.29137,2026-05-10,06:04 AM,eBird - Traveling Count,165,1,2.998,,1,,,,657099599
S342868105,Downy Woodpecker,Dryobates pubescens,11400,1,US-WA,King,L162766,Union Bay Natural Area/Montlake Fill,47.65424,-122.29137,2026-05-20,06:19 AM,eBird - Traveling Count,134,1,3.112,,1
S347722254,Downy Woodpecker,Dryobates pubescens,11400,1,US-WA,King,L162766,Union Bay Natural Area/Montlake Fill,47.65424,-122.29137,2026-05-27,05:41 AM,eBird - Traveling Count,137,1,3.085,,1
S374368808,Downy Woodpecker,Dryobates pubescens,11400,1,US-WA,King,L162766,Union Bay Natural Area/Montlake Fill,47.65424,-122.29137,2026-07-20,05:31 AM,eBird - Traveling Count,90,1,2.509,,1,,,,661662225
S167616265,Downy Woodpecker,Dryobates pubescens,11400,X,US-WA,King,L165740,Washington Park Arboretum,47.6370819,-122.29574,2024-04-07,08:30 AM,eBird - Traveling Count,180,1,3.219,,15
S331219104,Downy Woodpecker,Dryobates pubescens,11400,1,US-WA,Pacific,L803299,Cedar River (Pacific Co.),46.7400371,-123.9751339,2026-05-02,09:45 AM,eBird - Traveling Count,60,1,.577,,1
S295226157,Downy Woodpecker,Dryobates pubescens,11400,1,US-WA,Skagit,L476174,Skagit Wildlife Area--Wiley Slough,48.3246351,-122.3741287,2026-01-19,11:25 AM,eBird - Traveling Count,72,1,.891,,1,,,,649261836
S319751834,Downy Woodpecker,Dryobates pubescens,11400,2,US-WA,Skagit,L476174,Skagit Wildlife Area--Wiley Slough,48.3246351,-122.3741287,2026-04-10,09:30 AM,eBird - Traveling Count,229,1,2.012,,3,,,,654685497
S291455322,Downy Woodpecker,Dryobates pubescens,11400,X,US-WA,Thurston,L282253,Billy Frank Jr. Nisqually NWR,47.0812514,-122.7180576,2025-12-31,08:11 AM,eBird - Traveling Count,256,1,3.231,,1
S285225918,Ladder-backed Woodpecker,Dryobates scalaris,11412,4,US-TX,Hidalgo,L128890,Bentsen-Rio Grande Val. SP WBC (Mission) (LTC 069),26.1796748,-98.3842338,2025-11-18,08:27 AM,eBird - Traveling Count,140,1,1.609,,10
S285380905,Ladder-backed Woodpecker,Dryobates scalaris,11412,2,US-TX,Hidalgo,L259855,Estero Llano Grande SP WBC (LTC 054),26.1268335,-97.9578167,2025-11-20,07:13 AM,eBird - Traveling Count,60,1,.805,,9
S285225745,Ladder-backed Woodpecker,Dryobates scalaris,11412,1,US-TX,Hidalgo,L336009,National Butterfly Center--General & area North of Levee,26.1796025,-98.3664483,2025-11-18,01:42 PM,eBird - Traveling Count,90,1,1.207,,9
S285225465,Ladder-backed Woodpecker,Dryobates scalaris,11412,1,US-TX,Hidalgo,L21636963,Peculiar Nest Airbnb (restricted access),26.180693,-98.272806,2025-11-18,07:00 AM,eBird - Stationary Count,40,1,,,10
S285226044,Ladder-backed Woodpecker,Dryobates scalaris,11412,1,US-TX,Hidalgo,L1850000,San Juan Wetlands,26.1606244,-98.157516,2025-11-19,12:00 PM,eBird - Traveling Count,22,1,.805,,9
S285226087,Ladder-backed Woodpecker,Dryobates scalaris,11412,5,US-TX,Hidalgo,L129085,Santa Ana NWR (LTC 059),26.0813003,-98.1351399,2025-11-19,07:24 AM,eBird - Traveling Count,200,1,2.414,,9,,,,645919731
S180573811,Hairy Woodpecker,Leuconotopicus villosus,11427,X,US-VA,Fairfax,L718525,**HUNTLEY MEADOWS PARK,38.7576451,-77.0984124,2024-06-10,07:09 AM,eBird - Traveling Count,148,1,3.203,,1
S290526069,Hairy Woodpecker,Leuconotopicus villosus,11427,X,US-VA,Fairfax,L5640834,Huntley Meadows Park--Cedar Trail Loop,38.7555851,-77.1024156,2025-12-27,08:42 AM,eBird - Traveling Count,80,1,1.967,,1
S307461833,Hairy Woodpecker,Leuconotopicus villosus,11427,2,US-WA,King,L128530,Discovery Park,47.663868,-122.4215317,2026-03-08,03:06 PM,eBird - Traveling Count,152,1,4.489,,1
S278673753,Hairy Woodpecker,Leuconotopicus villosus,11427,X,US-WA,King,L232479,Juanita Bay Park,47.6981686,-122.2101878,2025-10-11,08:44 AM,eBird - Traveling Count,160,1,1.308,,1
S379333332,Hairy Woodpecker,Leuconotopicus villosus,11427,3,US-WA,Snohomish,L950776,Big Four Ice Caves,48.0651548,-121.5151566,2026-08-02,07:25 AM,eBird - Traveling Count,329,1,2.7,,1,,,,662363311
S346491426,Hairy Woodpecker,Leuconotopicus villosus,11427,1,US-WA,Snohomish,L4756268,Field's Riffle,47.9166297,-122.1268988,2026-05-25,07:11 AM,eBird - Traveling Count,177,1,1.517,,1,,,,658391512
S180573811,Pileated Woodpecker,Dryocopus pileatus,11762,X,US-VA,Fairfax,L718525,**HUNTLEY MEADOWS PARK,38.7576451,-77.0984124,2024-06-10,07:09 AM,eBird - Traveling Count,148,1,3.203,,1
S305068426,Pileated Woodpecker,Dryocopus pileatus,11762,2,US-WA,King,L162766,Union Bay Natural Area/Montlake Fill,47.65424,-122.29137,2026-03-01,06:45 AM,eBird - Traveling Count,215,1,3.562,,1
S320771289,Pileated Woodpecker,Dryocopus pileatus,11762,1,US-WA,King,L162766,Union Bay Natural Area/Montlake Fill,47.65424,-122.29137,2026-04-12,07:20 AM,eBird - Traveling Count,190,1,3.623,,1,,,,654861819 654861820
S170170610,Pileated Woodpecker,Dryocopus pileatus,11762,X,US-WA,San Juan,L9267425,"Cascade Lake--south end campsites, Orcas Island",48.6458967,-122.8474903,2024-04-13,,Historical,,1
S311532653,Northern Flicker,Colaptes auratus,11900,1,US-WA,Adams,L2767820,Black Lake Rd.,46.9005406,-119.2870188,2026-03-21,10:12 AM,eBird - Traveling Count,12,1,.45,,1
S312035095,Northern Flicker,Colaptes auratus,11900,1,US-WA,Adams,L60805356,"West Gillis Road, Othello, Washington, US (46.81, -119.347)",46.8100099,-119.347446,2026-03-22,08:19 AM,eBird - Traveling Count,57,1,.973,,1
S324301943,Northern Flicker,Colaptes auratus,11900,2,US-WA,Clallam,L17270540,Dungeness River Dike Trail,48.1411863,-123.129295,2026-04-19,08:22 AM,eBird - Traveling Count,194,1,1.115,,1
S323134294,Northern Flicker,Colaptes auratus,11900,1,US-WA,Clallam,L6125771,Jamestown S'Klallam Tribe Center,48.0252673,-122.9962617,2026-04-17,01:14 PM,eBird - Traveling Count,73,1,1.266,,1
S206958982,Northern Flicker,Colaptes auratus,11900,X,US-VA,Fairfax,L718525,**HUNTLEY MEADOWS PARK,38.7576451,-77.0984124,2024-12-22,,Historical,,1
S179913804,Northern Flicker,Colaptes auratus,11900,X,US-VA,Fairfax,L2914236,Northside Park,38.9119187,-77.2731543,2024-06-07,10:48 AM,eBird - Traveling Count,29,1,1.577,,1
S311613054,Northern Flicker,Colaptes auratus,11900,1,US-WA,Franklin,L1518478,Wahluke Wildlife Area-White Bluffs Viewpoint,46.6314315,-119.3975395,2026-03-21,12:43 PM,eBird - Traveling Count,46,1,2.26,,1
S380834342,Northern Flicker,Colaptes auratus,11900,2,US-WA,King,L75171900,"6712 7th Avenue Northwest, Seattle, Washington, US (47.678, -122.364)",47.6781886,-122.364423,2026-08-07,07:52 AM,eBird - Traveling Count,36,1,.767,,1
S294797995,Northern Flicker,Colaptes auratus,11900,X,US-WA,King,L128530,Discovery Park,47.663868,-122.4215317,2026-01-17,11:29 AM,eBird - Traveling Count,165,1,5.954,,1
S307461833,Northern Flicker,Colaptes auratus,11900,6,US-WA,King,L128530,Discovery Park,47.663868,-122.4215317,2026-03-08,03:06 PM,eBird - Traveling Count,152,1,4.489,,1
S345782350,Northern Flicker,Colaptes auratus,11900,3,US-WA,King,L128530,Discovery Park,47.663868,-122.4215317,2026-05-24,10:09 AM,eBird - Traveling Count,196,1,3.615,,1
S380906489,Northern Flicker,Colaptes auratus,11900,1,US-WA,King,L267071,Frager Rd. (north),47.418883,-122.2678757,2026-08-07,09:32 AM,eBird - Traveling Count,176,1,2.644,,1
S343417861,Northern Flicker,Colaptes auratus,11900,1,US-WA,King,L2692026,Fremont Canal Park,47.6514476,-122.3570377,2026-05-21,08:52 AM,eBird - Traveling Count,20,1,.45,,1
S305332784,Northern Flicker,Colaptes auratus,11900,3,US-WA,King,L163354,Green Lake,47.6783945,-122.3382464,2026-03-02,06:43 AM,eBird - Traveling Count,67,1,1.847,,1
S342994543,Northern Flicker,Colaptes auratus,11900,1,US-WA,King,L163354,Green Lake,47.6783945,-122.3382464,2026-05-20,09:01 AM,eBird - Traveling Count,222,1,4.611,,1
S348567406,Northern Flicker,Colaptes auratus,11900,1,US-WA,King,L163354,Green Lake,47.6783945,-122.3382464,2026-05-28,06:44 PM,eBird - Traveling Count,29,1,1.323,,1
S245777966,Northern Flicker,Colaptes auratus,11900,X,US-WA,King,L208659,Hiram M. Chittenden Ballard Locks,47.6653579,-122.3974647,2025-05-31,,Historical,,1
S278673753,Northern Flicker,Colaptes auratus,11900,X,US-WA,King,L232479,Juanita Bay Park,47.6981686,-122.2101878,2025-10-11,08:44 AM,eBird - Traveling Count,160,1,1.308,,1
S291712899,Northern Flicker,Colaptes auratus,11900,X,US-WA,King,L232479,Juanita Bay Park,47.6981686,-122.2101878,2026-01-01,10:37 AM,eBird - Traveling Count,158,1,1.357,,1
S306300352,Northern Flicker,Colaptes auratus,11900,2,US-WA,King,L232479,Juanita Bay Park,47.6981686,-122.2101878,2026-03-05,02:46 PM,eBird - Traveling Count,61,1,1.635,,1
S301500561,Northern Flicker,Colaptes auratus,11900,2,US-WA,King,L269461,Magnuson Park,47.6815336,-122.2505453,2026-02-16,10:02 AM,eBird - Traveling Count,133,1,2.13,,1
S303069344,Northern Flicker,Colaptes auratus,11900,1,US-WA,King,L351484,Marymoor Park,47.6612642,-122.1184109,2026-02-22,06:42 AM,eBird - Traveling Count,176,1,4.108,,1
S175815092,Northern Flicker,Colaptes auratus,11900,X,US-WA,King,L162766,Union Bay Natural Area/Montlake Fill,47.65424,-122.29137,2024-05-19,08:00 AM,eBird - Traveling Count,150,1,3.219,,1
S183862008,Northern Flicker,Colaptes auratus,11900,X,US-WA,King,L162766,Union Bay Natural Area/Montlake Fill,47.65424,-122.29137,2024-06-26,06:10 AM,eBird - Traveling Count,109,1,4.812,,1
S295024890,Northern Flicker,Colaptes auratus,11900,1,US-WA,King,L162766,Union Bay Natural Area/Montlake Fill,47.65424,-122.29137,2026-01-18,08:05 AM,eBird - Traveling Count,287,1,2.302,,1
S305068426,Northern Flicker,Colaptes auratus,11900,2,US-WA,King,L162766,Union Bay Natural Area/Montlake Fill,47.65424,-122.29137,2026-03-01,06:45 AM,eBird - Traveling Count,215,1,3.562,,1,,,,651953736 651953737 651953738
S307285086,Northern Flicker,Colaptes auratus,11900,3,US-WA,King,L162766,Union Bay Natural Area/Montlake Fill,47.65424,-122.29137,2026-03-08,07:52 AM,eBird - Traveling Count,130,1,3.898,,1
S309534495,Northern Flicker,Colaptes auratus,11900,1,US-WA,King,L162766,Union Bay Natural Area/Montlake Fill,47.65424,-122.29137,2026-03-15,08:45 AM,eBird - Traveling Count,93,1,2.076,,1
S317515997,Northern Flicker,Colaptes auratus,11900,2,US-WA,King,L162766,Union Bay Natural Area/Montlake Fill,47.65424,-122.29137,2026-04-05,10:27 AM,eBird - Traveling Count,191,1,2.366,,1
S320771289,Northern Flicker,Colaptes auratus,11900,3,US-WA,King,L162766,Union Bay Natural Area/Montlake Fill,47.65424,-122.29137,2026-04-12,07:20 AM,eBird - Traveling Count,190,1,3.623,,1
S326594442,Northern Flicker,Colaptes auratus,11900,2,US-WA,King,L162766,Union Bay Natural Area/Montlake Fill,47.65424,-122.29137,2026-04-24,06:55 AM,eBird - Traveling Count,222,1,2.992,,1,,,,655747548
S336459661,Northern Flicker,Colaptes auratus,11900,1,US-WA,King,L162766,Union Bay Natural Area/Montlake Fill,47.65424,-122.29137,2026-05-10,06:04 AM,eBird - Traveling Count,165,1,2.998,,1
S342868105,Northern Flicker,Colaptes auratus,11900,1,US-WA,King,L162766,Union Bay Natural Area/Montlake Fill,47.65424,-122.29137,2026-05-20,06:19 AM,eBird - Traveling Count,134,1,3.112,,1
S347722254,Northern Flicker,Colaptes auratus,11900,2,US-WA,King,L162766,Union Bay Natural Area/Montlake Fill,47.65424,-122.29137,2026-05-27,05:41 AM,eBird - Traveling Count,137,1,3.085,,1,,,,658541874
S374368808,Northern Flicker,Colaptes auratus,11900,1,US-WA,King,L162766,Union Bay Natural Area/Montlake Fill,47.65424,-122.29137,2026-07-20,05:31 AM,eBird - Traveling Count,90,1,2.509,,1,,,,661662228
S350375761,Northern Flicker,Colaptes auratus,11900,1,US-WA,Kitsap,L109542,Point No Point,47.9118696,-122.5283182,2026-05-31,10:28 AM,eBird - Traveling Count,63,1,1.052,,1
S304355760,Northern Flicker,Colaptes auratus,11900,2,US-WA,Snohomish,L343338,Everett Sewage Lagoons,47.9988889,-122.17,2026-02-27,08:39 AM,eBird - Traveling Count,230,1,4.811,,1
S327075826,Northern Flicker,Colaptes auratus,11900,2,US-WA,Snohomish,L343338,Everett Sewage Lagoons,47.9988889,-122.17,2026-04-25,06:23 AM,eBird - Traveling Count,47,1,.919,,1
S346491426,Northern Flicker,Colaptes auratus,11900,2,US-WA,Snohomish,L4756268,Field's Riffle,47.9166297,-122.1268988,2026-05-25,07:11 AM,eBird - Traveling Count,177,1,1.517,,1
S291455322,Northern Flicker,Colaptes auratus,11900,X,US-WA,Thurston,L282253,Billy Frank Jr. Nisqually NWR,47.0812514,-122.7180576,2025-12-31,08:11 AM,eBird - Traveling Count,256,1,3.231,,1,,,,648016665
S285380853,Crested Caracara,Caracara plancus,11962,1,US-TX,Cameron,L1050482,TX48--Shrimp Basin Bridge / Zapata Memorial Boat Ramp/ San Martin Lake outlet,26.0023329,-97.2999001,2025-11-20,11:26 AM,eBird - Stationary Count,20,1,,,9,,,,645920247
S285225918,Crested Caracara,Caracara plancus,11962,1,US-TX,Hidalgo,L128890,Bentsen-Rio Grande Val. SP WBC (Mission) (LTC 069),26.1796748,-98.3842338,2025-11-18,08:27 AM,eBird - Traveling Count,140,1,1.609,,10
S285226044,Crested Caracara,Caracara plancus,11962,1,US-TX,Hidalgo,L1850000,San Juan Wetlands,26.1606244,-98.157516,2025-11-19,12:00 PM,eBird - Traveling Count,22,1,.805,,9
S285225726,Crested Caracara,Caracara plancus,11962,2,US-TX,Hidalgo,L2433186,"US-TX-Mission - 26.1774x-98.3413 - Nov 24, 2013, 12:23 PM",26.177445,-98.341257,2025-11-18,11:17 AM,eBird - Stationary Count,5,1,,,10,,,,645919252
S260172332,Eurasian Kestrel,Falco tinnunculus,11993,X,CH-VS,,L20769097,Sion (stadt),46.2331299,7.3606065,2025-07-01,,Historical,,0
S312570475,American Kestrel,Falco sparverius,12028,1,US-WA,Adams,L1071738,Columbia NWR--Royal Lake,46.8716342,-119.3433344,2026-03-22,11:00 AM,eBird - Stationary Count,20,1,,,20,,,,653397333
S285225977,American Kestrel,Falco sparverius,12028,1,US-TX,Hidalgo,L249889,Edinburg Scenic Wetlands WBC (LTC 061),26.2905822,-98.1351909,2025-11-19,12:54 PM,eBird - Traveling Count,90,1,1.609,,9
S285225745,American Kestrel,Falco sparverius,12028,1,US-TX,Hidalgo,L336009,National Butterfly Center--General & area North of Levee,26.1796025,-98.3664483,2025-11-18,01:42 PM,eBird - Traveling Count,90,1,1.207,,9
S285226087,American Kestrel,Falco sparverius,12028,1,US-TX,Hidalgo,L129085,Santa Ana NWR (LTC 059),26.0813003,-98.1351399,2025-11-19,07:24 AM,eBird - Traveling Count,200,1,2.414,,9
S380906489,American Kestrel,Falco sparverius,12028,1,US-WA,King,L267071,Frager Rd. (north),47.418883,-122.2678757,2026-08-07,09:32 AM,eBird - Traveling Count,176,1,2.644,,1,,,,662621227 662621228
S310760371,American Kestrel,Falco sparverius,12028,1,US-WA,Kittitas,L392722,Quilomene Wildlife Area/Old Vantage Highway,46.9685395,-120.1808167,2026-03-19,02:23 PM,eBird - Casual Observation,,0,,,1
S164380841,American Kestrel,Falco sparverius,12028,X,US-WA,Skagit,L1369427,Fir Island -- Browns Slough Road,48.35381,-122.42297,2024-03-10,09:00 AM,eBird - Traveling Count,180,0,1.609,,6
S291455322,American Kestrel,Falco sparverius,12028,X,US-WA,Thurston,L282253,Billy Frank Jr. Nisqually NWR,47.0812514,-122.7180576,2025-12-31,08:11 AM,eBird - Traveling Count,256,1,3.231,,1
S216534367,American Kestrel,Falco sparverius,12028,X,AG-,,L3680262,Antigua and Barbuda,17.2705798,-61.7982655,2025-02-28,,Historical,,1
S159174918,American Kestrel,Falco sparverius,12028,X,US-AZ,,L108915,Arizona,34.16973,-111.93299,2024-01-12,,Historical,,1,,,,,,,613666260
S285380879,Aplomado Falcon,Falco femoralis,12092,2,US-TX,Cameron,L16902016,"Buena Vista Dr, Los Fresnos US-TX (26.0906,-97.3489)",26.09059,-97.348877,2025-11-20,10:53 AM,eBird - Casual Observation,,0,,,9
S330597903,Peregrine Falcon,Falco peregrinus,12114,1,US-WA,Grays Harbor,L109535,Ocean Shores--Oyhut Wildlife Area,46.9444663,-124.1522412,2026-05-01,12:06 PM,eBird - Traveling Count,63,1,.63,,1
S285226087,Peregrine Falcon,Falco peregrinus,12114,1,US-TX,Hidalgo,L129085,Santa Ana NWR (LTC 059),26.0813003,-98.1351399,2025-11-19,07:24 AM,eBird - Traveling Count,200,1,2.414,,9
S159176051,New Zealand Kaka,Nestor meridionalis,12146,X,NZ-AUK,Auckland City,L15034121,Arch Hill Scenic Reserve,-36.8682519,174.7413516,2023-08-15,,Historical,,1
S146155146,Galah,Eolophus roseicapilla,12176,X,AU-VIC,Bass Coast,L2473370,Koala Conservation Centre,-38.4872623,145.2636552,2023-08-01,,eBird - Casual Observation,,0,,,1
S159175946,Galah,Eolophus roseicapilla,12176,X,AU-NSW,Sydney,L915566,Royal Botanic Gardens (Sydney),-33.8638957,151.2167577,2023-08-19,,Historical,,1
S159175946,Sulphur-crested Cockatoo,Cacatua galerita,12212,X,AU-NSW,Sydney,L915566,Royal Botanic Gardens (Sydney),-33.8638957,151.2167577,2023-08-19,,Historical,,1
S159175946,Australian King-Parrot,Alisterus scapularis,12265,X,AU-NSW,Sydney,L915566,Royal Botanic Gardens (Sydney),-33.8638957,151.2167577,2023-08-19,,Historical,,1
S314416812,Rose-ringed Parakeet,Psittacula krameri,12350,X,US-HI,Kauai,L8047108,Hanapēpē Valley Overlook,21.919927,-159.5629185,2026-03-29,06:46 AM,eBird - Casual Observation,,0,,,1,,Flying over the highway
S159175946,Crimson Rosella,Platycercus elegans,12480,X,AU-NSW,Sydney,L915566,Royal Botanic Gardens (Sydney),-33.8638957,151.2167577,2023-08-19,,Historical,,1
S159176051,Eastern Rosella,Platycercus eximius,12492,X,NZ-AUK,Auckland City,L15034121,Arch Hill Scenic Reserve,-36.8682519,174.7413516,2023-08-15,,Historical,,1
S146062204,Rainbow Lorikeet,Trichoglossus moluccanus,12680,X,AU-VIC,Melbourne,L919153,Royal Botanic Gardens Melbourne,-37.8297966,144.9805232,2023-07-31,,eBird - Casual Observation,,0,,,1
S159175946,Rainbow Lorikeet,Trichoglossus moluccanus,12680,X,AU-NSW,Sydney,L915566,Royal Botanic Gardens (Sydney),-33.8638957,151.2167577,2023-08-19,,Historical,,1
S216533845,St. Lucia Amazon,Amazona versicolor,12920,X,LC-,,L3758725,Saint Lucia,13.8983327,-60.9667625,2025-02-23,,Historical,,1
S285225679,Green Parakeet,Psittacara holochlorus,13178,55,US-TX,Hidalgo,L38314359,Bentsen Rd,26.192193,-98.272556,2025-11-18,07:52 AM,eBird - Stationary Count,15,1,,,10,,,,645918855 645918856
S379333332,Olive-sided Flycatcher,Contopus cooperi,16890,1,US-WA,Snohomish,L950776,Big Four Ice Caves,48.0651548,-121.5151566,2026-08-02,07:25 AM,eBird - Traveling Count,329,1,2.7,,1
S342994543,Western Wood-Pewee,Contopus sordidulus,16912,1,US-WA,King,L163354,Green Lake,47.6783945,-122.3382464,2026-05-20,09:01 AM,eBird - Traveling Count,222,1,4.611,,1,,,,658004481
S379333332,Western Wood-Pewee,Contopus sordidulus,16912,2,US-WA,Snohomish,L950776,Big Four Ice Caves,48.0651548,-121.5151566,2026-08-02,07:25 AM,eBird - Traveling Count,329,1,2.7,,1,,,,662363313
S371256974,Western Wood-Pewee,Contopus sordidulus,16912,1,US-WA,Snohomish,L4444849,Riverview Wildlife Refuge / Snohomish Wastewater Treatment Plant,47.9165434,-122.1100652,2026-07-12,07:30 AM,eBird - Traveling Count,139,1,1.581,,1
S180573811,Acadian Flycatcher,Empidonax virescens,16950,X,US-VA,Fairfax,L718525,**HUNTLEY MEADOWS PARK,38.7576451,-77.0984124,2024-06-10,07:09 AM,eBird - Traveling Count,148,1,3.203,,1
S247499526,Willow Flycatcher,Empidonax traillii,16952,1,US-WA,King,L16458973,Gemenskap Park,47.6726563,-122.3735909,2025-06-06,06:36 PM,eBird - Casual Observation,,0,,,1
S347722254,Willow Flycatcher,Empidonax traillii,16952,1,US-WA,King,L162766,Union Bay Natural Area/Montlake Fill,47.65424,-122.29137,2026-05-27,05:41 AM,eBird - Traveling Count,137,1,3.085,,1,,,,658541876 658541877
S379333332,Willow Flycatcher,Empidonax traillii,16952,1,US-WA,Snohomish,L950776,Big Four Ice Caves,48.0651548,-121.5151566,2026-08-02,07:25 AM,eBird - Traveling Count,329,1,2.7,,1
S331219104,Western Flycatcher,Empidonax difficilis,16975,1,US-WA,Pacific,L803299,Cedar River (Pacific Co.),46.7400371,-123.9751339,2026-05-02,09:45 AM,eBird - Traveling Count,60,1,.577,,1
S356765363,Black Phoebe,Sayornis nigricans,16998,3,US-CA,Alameda,L8307665,Albany State Marine Reserve,37.8893242,-122.3151134,2026-06-13,07:48 AM,eBird - Traveling Count,99,1,2.71,,1
S356230112,Black Phoebe,Sayornis nigricans,16998,4,US-CA,Alameda,L285281,Cesar Chavez Park,37.8709227,-122.3150389,2026-06-12,07:05 AM,eBird - Traveling Count,99,1,4.,,1,,,,659894396 659894397
S285814615,Black Phoebe,Sayornis nigricans,16998,X,US-CA,Alameda,L2377313,McLaughlin Eastshore SP--Albany access,37.890326,-122.314765,2025-11-23,08:40 AM,eBird - Traveling Count,86,1,2.87,,1
S285225918,Black Phoebe,Sayornis nigricans,16998,1,US-TX,Hidalgo,L128890,Bentsen-Rio Grande Val. SP WBC (Mission) (LTC 069),26.1796748,-98.3842338,2025-11-18,08:27 AM,eBird - Traveling Count,140,1,1.609,,10
S285226087,Black Phoebe,Sayornis nigricans,16998,2,US-TX,Hidalgo,L129085,Santa Ana NWR (LTC 059),26.0813003,-98.1351399,2025-11-19,07:24 AM,eBird - Traveling Count,200,1,2.414,,9
S295226157,Black Phoebe,Sayornis nigricans,16998,1,US-WA,Skagit,L476174,Skagit Wildlife Area--Wiley Slough,48.3246351,-122.3741287,2026-01-19,11:25 AM,eBird - Traveling Count,72,1,.891,,1,,Just west of the west parking lot flying along the canal,,649233968
S319751834,Black Phoebe,Sayornis nigricans,16998,2,US-WA,Skagit,L476174,Skagit Wildlife Area--Wiley Slough,48.3246351,-122.3741287,2026-04-10,09:30 AM,eBird - Traveling Count,229,1,2.012,,3,,Small bird with black head and white chest,,654685503
S327106784,Black Phoebe,Sayornis nigricans,16998,1,US-WA,Snohomish,L9377619,"12th St NE, Everett",48.0077981,-122.1706841,2026-04-25,07:24 AM,eBird - Traveling Count,22,1,.324,,1
S285225918,Eastern Phoebe,Sayornis phoebe,17007,1,US-TX,Hidalgo,L128890,Bentsen-Rio Grande Val. SP WBC (Mission) (LTC 069),26.1796748,-98.3842338,2025-11-18,08:27 AM,eBird - Traveling Count,140,1,1.609,,10
S285225977,Eastern Phoebe,Sayornis phoebe,17007,1,US-TX,Hidalgo,L249889,Edinburg Scenic Wetlands WBC (LTC 061),26.2905822,-98.1351909,2025-11-19,12:54 PM,eBird - Traveling Count,90,1,1.609,,9,,,,645920043
S285380905,Eastern Phoebe,Sayornis phoebe,17007,1,US-TX,Hidalgo,L259855,Estero Llano Grande SP WBC (LTC 054),26.1268335,-97.9578167,2025-11-20,07:13 AM,eBird - Traveling Count,60,1,.805,,9
S285225745,Eastern Phoebe,Sayornis phoebe,17007,1,US-TX,Hidalgo,L336009,National Butterfly Center--General & area North of Levee,26.1796025,-98.3664483,2025-11-18,01:42 PM,eBird - Traveling Count,90,1,1.207,,9
S285226087,Eastern Phoebe,Sayornis phoebe,17007,2,US-TX,Hidalgo,L129085,Santa Ana NWR (LTC 059),26.0813003,-98.1351399,2025-11-19,07:24 AM,eBird - Traveling Count,200,1,2.414,,9
S177520765,Eastern Phoebe,Sayornis phoebe,17007,X,US-MA,Middlesex,L850924,"East Boston Camps, Westford",42.5968182,-71.4438343,2024-05-27,08:10 AM,eBird - Traveling Count,120,0,1.609,,1
S358739900,Say's Phoebe,Sayornis saya,17010,1,US-OR,Deschutes,L564147,Smith Rock SP,44.3669375,-121.1371851,2026-06-17,07:36 AM,eBird - Traveling Count,51,1,1.188,,1
S311613054,Say's Phoebe,Sayornis saya,17010,1,US-WA,Franklin,L1518478,Wahluke Wildlife Area-White Bluffs Viewpoint,46.6314315,-119.3975395,2026-03-21,12:43 PM,eBird - Traveling Count,46,1,2.26,,1
S311386024,Say's Phoebe,Sayornis saya,17010,4,US-WA,Grant,L1459988,Columbia NWR--Marsh Loop Trail,46.9313233,-119.2373057,2026-03-20,04:00 PM,eBird - Traveling Count,90,1,3.22,,1
S285226087,Vermilion Flycatcher,Pyrocephalus rubinus,17029,2,US-TX,Hidalgo,L129085,Santa Ana NWR (LTC 059),26.0813003,-98.1351399,2025-11-19,07:24 AM,eBird - Traveling Count,200,1,2.414,,9
S176759208,Great Crested Flycatcher,Myiarchus crinitus,17334,X,US-MA,Middlesex,L7397935,Rocky Hill Wildlife Sanctuary (Mass Audubon),42.5818528,-71.5328836,2024-05-24,10:16 AM,eBird - Traveling Count,93,1,4.538,,1
S216533845,Lesser Antillean Flycatcher,Myiarchus oberi,17355,X,LC-,,L3758725,Saint Lucia,13.8983327,-60.9667625,2025-02-23,,Historical,,1
S285225846,Great Kiskadee,Pitangus sulphuratus,17368,2,US-TX,Hidalgo,L246727,Anzalduas Park (LTC 068),26.1384105,-98.3327866,2025-11-18,11:32 AM,eBird - Traveling Count,65,1,1.609,,9
S285225918,Great Kiskadee,Pitangus sulphuratus,17368,4,US-TX,Hidalgo,L128890,Bentsen-Rio Grande Val. SP WBC (Mission) (LTC 069),26.1796748,-98.3842338,2025-11-18,08:27 AM,eBird - Traveling Count,140,1,1.609,,10,,,,645918985
S285225977,Great Kiskadee,Pitangus sulphuratus,17368,4,US-TX,Hidalgo,L249889,Edinburg Scenic Wetlands WBC (LTC 061),26.2905822,-98.1351909,2025-11-19,12:54 PM,eBird - Traveling Count,90,1,1.609,,9
S285380905,Great Kiskadee,Pitangus sulphuratus,17368,4,US-TX,Hidalgo,L259855,Estero Llano Grande SP WBC (LTC 054),26.1268335,-97.9578167,2025-11-20,07:13 AM,eBird - Traveling Count,60,1,.805,,9
S285225745,Great Kiskadee,Pitangus sulphuratus,17368,3,US-TX,Hidalgo,L336009,National Butterfly Center--General & area North of Levee,26.1796025,-98.3664483,2025-11-18,01:42 PM,eBird - Traveling Count,90,1,1.207,,9,,,,645919399
S285225465,Great Kiskadee,Pitangus sulphuratus,17368,4,US-TX,Hidalgo,L21636963,Peculiar Nest Airbnb (restricted access),26.180693,-98.272806,2025-11-18,07:00 AM,eBird - Stationary Count,40,1,,,10
S285226044,Great Kiskadee,Pitangus sulphuratus,17368,2,US-TX,Hidalgo,L1850000,San Juan Wetlands,26.1606244,-98.157516,2025-11-19,12:00 PM,eBird - Traveling Count,22,1,.805,,9
S285226087,Great Kiskadee,Pitangus sulphuratus,17368,4,US-TX,Hidalgo,L129085,Santa Ana NWR (LTC 059),26.0813003,-98.1351399,2025-11-19,07:24 AM,eBird - Traveling Count,200,1,2.414,,9,,,,645919814 645919815
S159175691,Tropical Kingbird,Tyrannus melancholicus,17452,X,MX-ROO,Cozumel,L52344353,Playa Embarcadero Cozumel,20.5122933,-86.9489744,2023-11-23,,Historical,,1
S285226087,Tropical Kingbird,Tyrannus melancholicus,17452,2,US-TX,Hidalgo,L129085,Santa Ana NWR (LTC 059),26.0813003,-98.1351399,2025-11-19,07:24 AM,eBird - Traveling Count,200,1,2.414,,9,,,,645919807 645919808
S358739900,Western Kingbird,Tyrannus verticalis,17467,1,US-OR,Deschutes,L564147,Smith Rock SP,44.3669375,-121.1371851,2026-06-17,07:36 AM,eBird - Traveling Count,51,1,1.188,,1
S345782350,Western Kingbird,Tyrannus verticalis,17467,1,US-WA,King,L128530,Discovery Park,47.663868,-122.4215317,2026-05-24,10:09 AM,eBird - Traveling Count,196,1,3.615,,1
S175815092,Western Kingbird,Tyrannus verticalis,17467,X,US-WA,King,L162766,Union Bay Natural Area/Montlake Fill,47.65424,-122.29137,2024-05-19,08:00 AM,eBird - Traveling Count,150,1,3.219,,1
S177789951,Western Kingbird,Tyrannus verticalis,17467,X,US-WA,King,L162766,Union Bay Natural Area/Montlake Fill,47.65424,-122.29137,2024-05-28,05:50 AM,eBird - Traveling Count,68,1,2.704,,1
S180573811,Eastern Kingbird,Tyrannus tyrannus,17472,X,US-VA,Fairfax,L718525,**HUNTLEY MEADOWS PARK,38.7576451,-77.0984124,2024-06-10,07:09 AM,eBird - Traveling Count,148,1,3.203,,1
S176759208,Eastern Kingbird,Tyrannus tyrannus,17472,X,US-MA,Middlesex,L7397935,Rocky Hill Wildlife Sanctuary (Mass Audubon),42.5818528,-71.5328836,2024-05-24,10:16 AM,eBird - Traveling Count,93,1,4.538,,1
S216534367,Gray Kingbird,Tyrannus dominicensis,17474,X,AG-,,L3680262,Antigua and Barbuda,17.2705798,-61.7982655,2025-02-28,,Historical,,1
S216534184,Gray Kingbird,Tyrannus dominicensis,17474,X,DM-,,L3821759,Dominica,15.4345023,-61.3499744,2025-02-27,,Historical,,1
S216533924,Gray Kingbird,Tyrannus dominicensis,17474,X,GD-,,L3914441,Grenada,12.153302,-61.6586826,2025-02-24,,Historical,,1
S216533729,Gray Kingbird,Tyrannus dominicensis,17474,X,BL-,,L3710693,Saint Barthélemy,17.9063433,-62.8337387,2025-02-22,,Historical,,1
S214854032,Gray Kingbird,Tyrannus dominicensis,17474,X,BL-,,L3710693,Saint Barthélemy,17.9063433,-62.8337387,2025-02-22,01:15 PM,eBird - Traveling Count,60,1,1.609,,1
S285225846,Scissor-tailed Flycatcher,Tyrannus forficatus,17489,1,US-TX,Hidalgo,L246727,Anzalduas Park (LTC 068),26.1384105,-98.3327866,2025-11-18,11:32 AM,eBird - Traveling Count,65,1,1.609,,9
S285225726,Scissor-tailed Flycatcher,Tyrannus forficatus,17489,4,US-TX,Hidalgo,L2433186,"US-TX-Mission - 26.1774x-98.3413 - Nov 24, 2013, 12:23 PM",26.177445,-98.341257,2025-11-18,11:17 AM,eBird - Stationary Count,5,1,,,10
S159175946,Superb Lyrebird,Menura novaehollandiae,17504,1,AU-NSW,Sydney,L915566,Royal Botanic Gardens (Sydney),-33.8638957,151.2167577,2023-08-19,,Historical,,1
S159175946,Satin Bowerbird,Ptilonorhynchus violaceus,17554,X,AU-NSW,Sydney,L915566,Royal Botanic Gardens (Sydney),-33.8638957,151.2167577,2023-08-19,,Historical,,1
S159175946,Superb Fairywren,Malurus cyaneus,17670,X,AU-NSW,Sydney,L915566,Royal Botanic Gardens (Sydney),-33.8638957,151.2167577,2023-08-19,,Historical,,1
S159175946,Eastern Spinebill,Acanthorhynchus tenuirostris,17706,X,AU-NSW,Sydney,L915566,Royal Botanic Gardens (Sydney),-33.8638957,151.2167577,2023-08-19,,Historical,,1
S159176051,Tui,Prosthemadera novaeseelandiae,17727,X,NZ-AUK,Auckland City,L15034121,Arch Hill Scenic Reserve,-36.8682519,174.7413516,2023-08-15,,Historical,,1
S145053769,Tui,Prosthemadera novaeseelandiae,17727,X,NZ-AUK,Auckland City,L3061209,Mount Eden Domain,-36.877363,174.765397,2023-07-19,,eBird - Casual Observation,,0,,,1
S146390308,Noisy Miner,Manorina melanocephala,17808,X,AU-NSW,Sydney,L915566,Royal Botanic Gardens (Sydney),-33.8638957,151.2167577,2023-08-04,,eBird - Casual Observation,,0,,,1
S159175946,Noisy Miner,Manorina melanocephala,17808,X,AU-NSW,Sydney,L915566,Royal Botanic Gardens (Sydney),-33.8638957,151.2167577,2023-08-19,,Historical,,1
S159175946,Little Wattlebird,Anthochaera chrysoptera,17859,X,AU-NSW,Sydney,L915566,Royal Botanic Gardens (Sydney),-33.8638957,151.2167577,2023-08-19,,Historical,,1
S159175946,Red Wattlebird,Anthochaera carunculata,17865,X,AU-NSW,Sydney,L915566,Royal Botanic Gardens (Sydney),-33.8638957,151.2167577,2023-08-19,,Historical,,1
S159175946,White-cheeked Honeyeater,Phylidonyris niger,18108,X,AU-NSW,Sydney,L915566,Royal Botanic Gardens (Sydney),-33.8638957,151.2167577,2023-08-19,,Historical,,1
S159175946,Black-faced Cuckooshrike,Coracina novaehollandiae,18686,X,AU-NSW,Sydney,L915566,Royal Botanic Gardens (Sydney),-33.8638957,151.2167577,2023-08-19,,Historical,,1
S159175691,White-eyed Vireo,Vireo griseus,19165,X,MX-ROO,Cozumel,L52344353,Playa Embarcadero Cozumel,20.5122933,-86.9489744,2023-11-23,,Historical,,1
S285225918,White-eyed Vireo,Vireo griseus,19165,2,US-TX,Hidalgo,L128890,Bentsen-Rio Grande Val. SP WBC (Mission) (LTC 069),26.1796748,-98.3842338,2025-11-18,08:27 AM,eBird - Traveling Count,140,1,1.609,,10
S159175691,Cozumel Vireo,Vireo bairdi,19191,X,MX-ROO,Cozumel,L52344353,Playa Embarcadero Cozumel,20.5122933,-86.9489744,2023-11-23,,Historical,,1
S170170610,Hutton's Vireo,Vireo huttoni,19204,X,US-WA,San Juan,L9267425,"Cascade Lake--south end campsites, Orcas Island",48.6458967,-122.8474903,2024-04-13,,Historical,,1
S342994543,Western Warbling Vireo,Vireo swainsoni,19247,1,US-WA,King,L163354,Green Lake,47.6783945,-122.3382464,2026-05-20,09:01 AM,eBird - Traveling Count,222,1,4.611,,1
S159175691,Yucatan Vireo,Vireo magister,19302,X,MX-ROO,Cozumel,L52344353,Playa Embarcadero Cozumel,20.5122933,-86.9489744,2023-11-23,,Historical,,1
S159175946,Gray Shrikethrush,Colluricincla harmonica,19318,X,AU-NSW,Sydney,L915566,Royal Botanic Gardens (Sydney),-33.8638957,151.2167577,2023-08-19,,Historical,,1
S159176051,Australian Magpie,Gymnorhina tibicen,19793,X,NZ-AUK,Auckland City,L15034121,Arch Hill Scenic Reserve,-36.8682519,174.7413516,2023-08-15,,Historical,,1
S145448546,Australian Magpie,Gymnorhina tibicen,19793,X,NZ-WKO,Waitomo District,L1014716,Mapara Scenic Reserve,-38.534722,175.236944,2023-07-23,,eBird - Casual Observation,,0,,,1
S159175946,Pied Currawong,Strepera graculina,19807,X,AU-NSW,Sydney,L915566,Royal Botanic Gardens (Sydney),-33.8638957,151.2167577,2023-08-19,,Historical,,1
S159175946,Willie-wagtail,Rhipidura leucophrys,20270,X,AU-NSW,Sydney,L915566,Royal Botanic Gardens (Sydney),-33.8638957,151.2167577,2023-08-19,,Historical,,1
S159176051,New Zealand Fantail,Rhipidura fuliginosa,20397,X,NZ-AUK,Auckland City,L15034121,Arch Hill Scenic Reserve,-36.8682519,174.7413516,2023-08-15,,Historical,,1
S146057053,Magpie-lark,Grallina cyanoleuca,20947,X,AU-VIC,Melbourne,L919153,Royal Botanic Gardens Melbourne,-37.8297966,144.9805232,2023-07-31,,eBird - Casual Observation,,0,,,1
S159175946,Magpie-lark,Grallina cyanoleuca,20947,X,AU-NSW,Sydney,L915566,Royal Botanic Gardens (Sydney),-33.8638957,151.2167577,2023-08-19,,Historical,,1
S285380879,Loggerhead Shrike,Lanius ludovicianus,21091,1,US-TX,Cameron,L16902016,"Buena Vista Dr, Los Fresnos US-TX (26.0906,-97.3489)",26.09059,-97.348877,2025-11-20,10:53 AM,eBird - Casual Observation,,0,,,9
S312066452,Loggerhead Shrike,Lanius ludovicianus,21091,1,US-WA,Grant,L60811904,"Lower Crab Creek Road Southeast, Othello, Washington, US (46.81, -119.416)",46.8103875,-119.4164898,2026-03-22,10:02 AM,eBird - Stationary Count,3,1,,,1,,,,653396937
S285225846,Loggerhead Shrike,Lanius ludovicianus,21091,1,US-TX,Hidalgo,L246727,Anzalduas Park (LTC 068),26.1384105,-98.3327866,2025-11-18,11:32 AM,eBird - Traveling Count,65,1,1.609,,9
S285226044,Loggerhead Shrike,Lanius ludovicianus,21091,1,US-TX,Hidalgo,L1850000,San Juan Wetlands,26.1606244,-98.157516,2025-11-19,12:00 PM,eBird - Traveling Count,22,1,.805,,9
S285226087,Loggerhead Shrike,Lanius ludovicianus,21091,1,US-TX,Hidalgo,L129085,Santa Ana NWR (LTC 059),26.0813003,-98.1351399,2025-11-19,07:24 AM,eBird - Traveling Count,200,1,2.414,,9
S358523668,Canada Jay,Perisoreus canadensis,21181,X,US-OR,Klamath,L1149408,Crater Lake NP--Rim Village,42.9109122,-122.1476644,2026-06-16,09:00 AM,eBird - Traveling Count,60,1,1.61,,1
S375998784,Canada Jay,Perisoreus canadensis,21181,5,US-WA,Pierce,L865211,Crystal Mountain Ski Resort,46.9308652,-121.4793491,2026-07-24,04:45 PM,eBird - Traveling Count,116,1,2.461,,1
S376353077,Canada Jay,Perisoreus canadensis,21181,1,US-WA,Pierce,L461358,Mt. Rainier NP--Burroughs Mountain,46.9117249,-121.6639709,2026-07-25,09:32 AM,eBird - Traveling Count,163,1,6.916,,1
S188153189,Canada Jay,Perisoreus canadensis,21181,X,US-WA,Pierce,L3302240,Mt. Rainier NP--Grand Park,46.9642783,-121.6792166,2024-07-21,,Historical,,1
S285225918,Green Jay,Cyanocorax yncas,21233,7,US-TX,Hidalgo,L128890,Bentsen-Rio Grande Val. SP WBC (Mission) (LTC 069),26.1796748,-98.3842338,2025-11-18,08:27 AM,eBird - Traveling Count,140,1,1.609,,10,,,,645918962 645918965 645918969 645918973
S285225977,Green Jay,Cyanocorax yncas,21233,1,US-TX,Hidalgo,L249889,Edinburg Scenic Wetlands WBC (LTC 061),26.2905822,-98.1351909,2025-11-19,12:54 PM,eBird - Traveling Count,90,1,1.609,,9
S285380905,Green Jay,Cyanocorax yncas,21233,2,US-TX,Hidalgo,L259855,Estero Llano Grande SP WBC (LTC 054),26.1268335,-97.9578167,2025-11-20,07:13 AM,eBird - Traveling Count,60,1,.805,,9
S285225745,Green Jay,Cyanocorax yncas,21233,15,US-TX,Hidalgo,L336009,National Butterfly Center--General & area North of Levee,26.1796025,-98.3664483,2025-11-18,01:42 PM,eBird - Traveling Count,90,1,1.207,,9
S285225465,Green Jay,Cyanocorax yncas,21233,2,US-TX,Hidalgo,L21636963,Peculiar Nest Airbnb (restricted access),26.180693,-98.272806,2025-11-18,07:00 AM,eBird - Stationary Count,40,1,,,10
S330624973,Steller's Jay,Cyanocitta stelleri,21274,1,US-WA,Grays Harbor,L269804,Ocean Shores--Bill's Spit,46.9648907,-124.1339435,2026-05-01,01:44 PM,eBird - Traveling Count,36,1,.234,,1
S380834342,Steller's Jay,Cyanocitta stelleri,21274,2,US-WA,King,L75171900,"6712 7th Avenue Northwest, Seattle, Washington, US (47.678, -122.364)",47.6781886,-122.364423,2026-08-07,07:52 AM,eBird - Traveling Count,36,1,.767,,1
S293758865,Steller's Jay,Cyanocitta stelleri,21274,X,US-WA,King,L56788131,900 Block NW 64th,47.6754497,-122.3698811,2026-01-11,01:29 PM,eBird - Stationary Count,10,1,,,1
S294797995,Steller's Jay,Cyanocitta stelleri,21274,X,US-WA,King,L128530,Discovery Park,47.663868,-122.4215317,2026-01-17,11:29 AM,eBird - Traveling Count,165,1,5.954,,1
S328030718,Steller's Jay,Cyanocitta stelleri,21274,1,US-WA,King,L1924233,Discovery Park--South Meadow,47.655213,-122.4141312,2026-04-26,10:00 AM,eBird - Traveling Count,112,1,1.914,,15
S342994543,Steller's Jay,Cyanocitta stelleri,21274,2,US-WA,King,L163354,Green Lake,47.6783945,-122.3382464,2026-05-20,09:01 AM,eBird - Traveling Count,222,1,4.611,,1,,,,658004488
S278673753,Steller's Jay,Cyanocitta stelleri,21274,X,US-WA,King,L232479,Juanita Bay Park,47.6981686,-122.2101878,2025-10-11,08:44 AM,eBird - Traveling Count,160,1,1.308,,1
S296271926,Steller's Jay,Cyanocitta stelleri,21274,1,US-WA,King,L232479,Juanita Bay Park,47.6981686,-122.2101878,2026-01-25,08:10 AM,eBird - Traveling Count,222,1,1.699,,1
S160044564,Steller's Jay,Cyanocitta stelleri,21274,1,US-WA,King,L162766,Union Bay Natural Area/Montlake Fill,47.65424,-122.29137,2024-01-28,09:15 AM,eBird - Traveling Count,130,0,7.001,,1
S286517370,Steller's Jay,Cyanocitta stelleri,21274,X,US-WA,King,L162766,Union Bay Natural Area/Montlake Fill,47.65424,-122.29137,2025-11-28,09:23 AM,eBird - Traveling Count,132,1,2.605,,1
S309534495,Steller's Jay,Cyanocitta stelleri,21274,2,US-WA,King,L162766,Union Bay Natural Area/Montlake Fill,47.65424,-122.29137,2026-03-15,08:45 AM,eBird - Traveling Count,93,1,2.076,,1
S167616265,Steller's Jay,Cyanocitta stelleri,21274,X,US-WA,King,L165740,Washington Park Arboretum,47.6370819,-122.29574,2024-04-07,08:30 AM,eBird - Traveling Count,180,1,3.219,,15
S350375761,Steller's Jay,Cyanocitta stelleri,21274,6,US-WA,Kitsap,L109542,Point No Point,47.9118696,-122.5283182,2026-05-31,10:28 AM,eBird - Traveling Count,63,1,1.052,,1
S331300190,Steller's Jay,Cyanocitta stelleri,21274,1,US-WA,Pacific,L787853,Tokeland--marina,46.7063518,-123.9671946,2026-05-02,11:23 AM,eBird - Traveling Count,81,1,.629,,1
S170170610,Steller's Jay,Cyanocitta stelleri,21274,X,US-WA,San Juan,L9267425,"Cascade Lake--south end campsites, Orcas Island",48.6458967,-122.8474903,2024-04-13,,Historical,,1
S379333332,Steller's Jay,Cyanocitta stelleri,21274,2,US-WA,Snohomish,L950776,Big Four Ice Caves,48.0651548,-121.5151566,2026-08-02,07:25 AM,eBird - Traveling Count,329,1,2.7,,1
S179913804,Blue Jay,Cyanocitta cristata,21294,X,US-VA,Fairfax,L2914236,Northside Park,38.9119187,-77.2731543,2024-06-07,10:48 AM,eBird - Traveling Count,29,1,1.577,,1
S159175317,Blue Jay,Cyanocitta cristata,21294,X,US-VA,Fairfax,L4138121,Washington & Old Dominion Trail--Vienna Town Green,38.9030318,-77.2646034,2023-12-27,,Historical,,1
S177520765,Blue Jay,Cyanocitta cristata,21294,X,US-MA,Middlesex,L850924,"East Boston Camps, Westford",42.5968182,-71.4438343,2024-05-27,08:10 AM,eBird - Traveling Count,120,0,1.609,,1
S176978136,Blue Jay,Cyanocitta cristata,21294,X,US-RI,Providence,L804728,Blackstone Park,41.833327,-71.3792148,2024-05-25,09:31 AM,eBird - Traveling Count,43,1,1.931,,1
S297089522,California Scrub-Jay,Aphelocoma californica,21303,1,US-WA,King,L57826491,"6257 3rd Avenue Northwest, Seattle, Washington, US (47.676, -122.361)",47.6759657,-122.3606798,2026-01-30,02:04 PM,eBird - Casual Observation,,0,,,1
S297532133,California Scrub-Jay,Aphelocoma californica,21303,1,US-WA,King,L56788131,900 Block NW 64th,47.6754497,-122.3698811,2026-02-01,10:30 AM,eBird - Stationary Count,60,1,,,1
S380906489,California Scrub-Jay,Aphelocoma californica,21303,3,US-WA,King,L267071,Frager Rd. (north),47.418883,-122.2678757,2026-08-07,09:32 AM,eBird - Traveling Count,176,1,2.644,,1
S375998784,California Scrub-Jay,Aphelocoma californica,21303,1,US-WA,Pierce,L865211,Crystal Mountain Ski Resort,46.9308652,-121.4793491,2026-07-24,04:45 PM,eBird - Traveling Count,116,1,2.461,,1
S260172332,Eurasian Magpie,Pica pica,21467,X,CH-VS,,L20769097,Sion (stadt),46.2331299,7.3606065,2025-07-01,,Historical,,0
S312099507,Black-billed Magpie,Pica hudsonia,21476,2,US-WA,Grant,L60819284,"15927 Road D Southeast, Othello, Washington, US (46.854, -119.409)",46.85401,-119.4093612,2026-03-22,10:57 AM,eBird - Stationary Count,10,1,,,1
S310774319,Black-billed Magpie,Pica hudsonia,21476,1,US-WA,Kittitas,L461167,Wanapum SP,46.9005541,-119.9892426,2026-03-19,02:47 PM,eBird - Traveling Count,26,1,1.33,,1
S193702100,Clark's Nutcracker,Nucifraga columbiana,21484,X,CA-AB,Banff,L3087622,Banff National Park--Whiskey Creek,51.1859553,-115.5622373,2024-09-02,08:22 AM,eBird - Stationary Count,6,1,,,1
S358523668,Clark's Nutcracker,Nucifraga columbiana,21484,X,US-OR,Klamath,L1149408,Crater Lake NP--Rim Village,42.9109122,-122.1476644,2026-06-16,09:00 AM,eBird - Traveling Count,60,1,1.61,,1
S376353077,Clark's Nutcracker,Nucifraga columbiana,21484,1,US-WA,Pierce,L461358,Mt. Rainier NP--Burroughs Mountain,46.9117249,-121.6639709,2026-07-25,09:32 AM,eBird - Traveling Count,163,1,6.916,,1
S260178353,Northern Nutcracker,Nucifraga caryocatactes,21485,X,CH-BE,,L8537225,Wengen (village),46.6056933,7.9200443,2025-07-10,,Historical,,0
S182684618,Red-billed Chough,Pyrrhocorax pyrrhocorax,21498,X,GB-WLS,Pembrokeshire,L1067540,Skomer Island,51.7374472,-5.2943802,2024-06-20,11:12 AM,eBird - Traveling Count,278,1,7.403,,1
S260178353,Yellow-billed Chough,Pyrrhocorax graculus,21508,X,CH-BE,,L8537225,Wengen (village),46.6056933,7.9200443,2025-07-10,,Historical,,0
S182684618,Eurasian Jackdaw,Coloeus monedula,21514,X,GB-WLS,Pembrokeshire,L1067540,Skomer Island,51.7374472,-5.2943802,2024-06-20,11:12 AM,eBird - Traveling Count,278,1,7.403,,1
S311962514,American Crow,Corvus brachyrhynchos,21557,4,US-WA,Adams,L60790658,"798 South Reynolds Road, Othello, Washington, US (46.804, -119.155)",46.8040469,-119.155016,2026-03-22,07:28 AM,eBird - Stationary Count,9,1,,,1
S356765363,American Crow,Corvus brachyrhynchos,21557,2,US-CA,Alameda,L8307665,Albany State Marine Reserve,37.8893242,-122.3151134,2026-06-13,07:48 AM,eBird - Traveling Count,99,1,2.71,,1
S172492761,American Crow,Corvus brachyrhynchos,21557,X,US-CA,Alameda,L285281,Cesar Chavez Park,37.8709227,-122.3150389,2024-05-06,02:03 PM,eBird - Traveling Count,52,1,2.945,,1
S356230112,American Crow,Corvus brachyrhynchos,21557,8,US-CA,Alameda,L285281,Cesar Chavez Park,37.8709227,-122.3150389,2026-06-12,07:05 AM,eBird - Traveling Count,99,1,4.,,1
S285814615,American Crow,Corvus brachyrhynchos,21557,X,US-CA,Alameda,L2377313,McLaughlin Eastshore SP--Albany access,37.890326,-122.314765,2025-11-23,08:40 AM,eBird - Traveling Count,86,1,2.87,,1
S324366340,American Crow,Corvus brachyrhynchos,21557,3,US-WA,Clallam,L828590,Dungeness Landing Park/Oyster House,48.1514639,-123.143456,2026-04-19,12:52 PM,eBird - Stationary Count,65,1,,,1
S324301943,American Crow,Corvus brachyrhynchos,21557,10,US-WA,Clallam,L17270540,Dungeness River Dike Trail,48.1411863,-123.129295,2026-04-19,08:22 AM,eBird - Traveling Count,194,1,1.115,,1
S323667024,American Crow,Corvus brachyrhynchos,21557,5,US-WA,Clallam,L190512,Ediz Hook,48.14035,-123.44711,2026-04-18,08:22 AM,eBird - Traveling Count,154,1,4.076,,1
S323075329,American Crow,Corvus brachyrhynchos,21557,2,US-WA,Clallam,L894831,Freshwater Bay,48.1461024,-123.6414242,2026-04-17,09:39 AM,eBird - Traveling Count,130,1,5.296,,1
S323789056,American Crow,Corvus brachyrhynchos,21557,2,US-WA,Clallam,L894831,Freshwater Bay,48.1461024,-123.6414242,2026-04-18,02:00 PM,eBird - Traveling Count,75,1,.617,,1
S323134294,American Crow,Corvus brachyrhynchos,21557,3,US-WA,Clallam,L6125771,Jamestown S'Klallam Tribe Center,48.0252673,-122.9962617,2026-04-17,01:14 PM,eBird - Traveling Count,73,1,1.266,,1
S323830718,American Crow,Corvus brachyrhynchos,21557,1,US-WA,Clallam,L234894,Salt Creek County Park,48.1631912,-123.6972883,2026-04-18,03:36 PM,eBird - Traveling Count,91,1,1.638,,1
S324402551,American Crow,Corvus brachyrhynchos,21557,2,US-WA,Clallam,L265438,Three Crabs,48.151945,-123.1222855,2026-04-19,02:15 PM,eBird - Traveling Count,74,1,.389,,1
S206958982,American Crow,Corvus brachyrhynchos,21557,X,US-VA,Fairfax,L718525,**HUNTLEY MEADOWS PARK,38.7576451,-77.0984124,2024-12-22,,Historical,,1
S290526069,American Crow,Corvus brachyrhynchos,21557,X,US-VA,Fairfax,L5640834,Huntley Meadows Park--Cedar Trail Loop,38.7555851,-77.1024156,2025-12-27,08:42 AM,eBird - Traveling Count,80,1,1.967,,1
S159175317,American Crow,Corvus brachyrhynchos,21557,X,US-VA,Fairfax,L4138121,Washington & Old Dominion Trail--Vienna Town Green,38.9030318,-77.2646034,2023-12-27,,Historical,,1
S290623958,American Crow,Corvus brachyrhynchos,21557,X,US-VA,Fairfax,L4138121,Washington & Old Dominion Trail--Vienna Town Green,38.9030318,-77.2646034,2025-12-27,03:21 PM,eBird - Traveling Count,56,1,3.692,,1
S330467906,American Crow,Corvus brachyrhynchos,21557,1,US-WA,Grays Harbor,L1158826,Chance A La Mer SP,47.0127422,-124.1698837,2026-05-01,08:36 AM,eBird - Traveling Count,46,1,.524,,1
S330084156,American Crow,Corvus brachyrhynchos,21557,1,US-WA,Grays Harbor,L276426,Grays Harbor NWR (Bowerman Basin),46.9731644,-123.9436064,2026-04-30,02:47 PM,eBird - Traveling Count,104,1,1.512,,1
S330624973,American Crow,Corvus brachyrhynchos,21557,X,US-WA,Grays Harbor,L269804,Ocean Shores--Bill's Spit,46.9648907,-124.1339435,2026-05-01,01:44 PM,eBird - Traveling Count,36,1,.234,,1
S330597903,American Crow,Corvus brachyrhynchos,21557,1,US-WA,Grays Harbor,L109535,Ocean Shores--Oyhut Wildlife Area,46.9444663,-124.1522412,2026-05-01,12:06 PM,eBird - Traveling Count,63,1,.63,,1
S331882311,American Crow,Corvus brachyrhynchos,21557,4,US-WA,Grays Harbor,L1875831,Westhaven SP,46.9011251,-124.1268446,2026-05-03,07:27 AM,eBird - Traveling Count,99,1,1.733,,1
S354810704,American Crow,Corvus brachyrhynchos,21557,1,US-WA,Island,L7706326,Smith Island,48.318233,-122.8410187,2026-05-30,04:00 PM,eBird - Traveling Count,60,1,8.047,,40,,,Puget Sound Express Puffin Tour
S349638499,American Crow,Corvus brachyrhynchos,21557,2,US-WA,Jefferson,L249781,Fort Flagler SP,48.0960511,-122.7139785,2026-05-30,08:52 AM,eBird - Traveling Count,197,1,8.735,,1
S349492168,American Crow,Corvus brachyrhynchos,21557,1,US-WA,Jefferson,L812287,Fort Flagler SP - Campground/Beach,48.0938751,-122.7226067,2026-05-30,05:59 AM,eBird - Traveling Count,160,1,1.696,,1
S230488049,American Crow,Corvus brachyrhynchos,21557,X,US-WA,Jefferson,L292851,Fort Worden SP,48.1408906,-122.7680969,2025-04-27,,Historical,,1
S297107675,American Crow,Corvus brachyrhynchos,21557,23,US-WA,King,L57830459,"2520 Northeast 130th Street, Seattle, Washington, US (47.724, -122.301)",47.7237668,-122.3010431,2026-01-30,02:45 PM,eBird - Traveling Count,95,1,.849,,1
S380834342,American Crow,Corvus brachyrhynchos,21557,13,US-WA,King,L75171900,"6712 7th Avenue Northwest, Seattle, Washington, US (47.678, -122.364)",47.6781886,-122.364423,2026-08-07,07:52 AM,eBird - Traveling Count,36,1,.767,,1
S297081957,American Crow,Corvus brachyrhynchos,21557,5,US-WA,King,L56788131,900 Block NW 64th,47.6754497,-122.3698811,2026-01-30,12:54 PM,eBird - Stationary Count,120,1,,,1
S300022459,American Crow,Corvus brachyrhynchos,21557,13,US-WA,King,L56788131,900 Block NW 64th,47.6754497,-122.3698811,2026-02-13,07:37 AM,eBird - Traveling Count,37,1,1.74,,1
S170824503,American Crow,Corvus brachyrhynchos,21557,X,US-WA,King,L298030,Carkeek Park,47.7126411,-122.377647,2024-04-28,09:45 AM,eBird - Traveling Count,120,1,4.828,,2
S286410137,American Crow,Corvus brachyrhynchos,21557,10,US-WA,King,L298030,Carkeek Park,47.7126411,-122.377647,2025-11-27,02:04 PM,eBird - Traveling Count,45,1,1.36,,1
S292226633,American Crow,Corvus brachyrhynchos,21557,X,US-WA,King,L298030,Carkeek Park,47.7126411,-122.377647,2026-01-03,01:35 PM,eBird - Traveling Count,42,1,.47,,1
S294267769,American Crow,Corvus brachyrhynchos,21557,X,US-WA,King,L298030,Carkeek Park,47.7126411,-122.377647,2026-01-14,02:40 PM,eBird - Traveling Count,106,1,.524,,1
S295072515,American Crow,Corvus brachyrhynchos,21557,10,US-WA,King,L298030,Carkeek Park,47.7126411,-122.377647,2026-01-18,04:16 PM,eBird - Traveling Count,47,1,.351,,1
S295567981,American Crow,Corvus brachyrhynchos,21557,4,US-WA,King,L298030,Carkeek Park,47.7126411,-122.377647,2026-01-21,03:54 PM,eBird - Traveling Count,33,1,.583,,1
S298149849,American Crow,Corvus brachyrhynchos,21557,30,US-WA,King,L298030,Carkeek Park,47.7126411,-122.377647,2026-02-04,03:59 PM,eBird - Traveling Count,47,1,.305,,1
S299853433,American Crow,Corvus brachyrhynchos,21557,30,US-WA,King,L298030,Carkeek Park,47.7126411,-122.377647,2026-02-12,03:26 PM,eBird - Traveling Count,60,1,.608,,1,,,,650788478
S302817888,American Crow,Corvus brachyrhynchos,21557,60,US-WA,King,L298030,Carkeek Park,47.7126411,-122.377647,2026-02-21,10:55 AM,eBird - Traveling Count,122,1,.648,,1
S309235427,American Crow,Corvus brachyrhynchos,21557,30,US-WA,King,L298030,Carkeek Park,47.7126411,-122.377647,2026-03-14,01:56 PM,eBird - Traveling Count,69,1,.697,,1
S327898050,American Crow,Corvus brachyrhynchos,21557,30,US-WA,King,L298030,Carkeek Park,47.7126411,-122.377647,2026-04-26,08:39 AM,eBird - Traveling Count,29,1,.224,,1
S335596208,American Crow,Corvus brachyrhynchos,21557,15,US-WA,King,L298030,Carkeek Park,47.7126411,-122.377647,2026-05-09,09:08 AM,eBird - Traveling Count,114,1,.82,,1
S377210785,American Crow,Corvus brachyrhynchos,21557,1,US-WA,King,L298030,Carkeek Park,47.7126411,-122.377647,2026-07-27,07:53 PM,eBird - Traveling Count,13,1,.357,,1
S380318688,American Crow,Corvus brachyrhynchos,21557,13,US-WA,King,L2608551,Charles Richey Sr. Viewpoint,47.5726544,-122.4140185,2026-08-05,02:46 PM,eBird - Traveling Count,22,1,.145,,1
S294797995,American Crow,Corvus brachyrhynchos,21557,X,US-WA,King,L128530,Discovery Park,47.663868,-122.4215317,2026-01-17,11:29 AM,eBird - Traveling Count,165,1,5.954,,1
S307461833,American Crow,Corvus brachyrhynchos,21557,4,US-WA,King,L128530,Discovery Park,47.663868,-122.4215317,2026-03-08,03:06 PM,eBird - Traveling Count,152,1,4.489,,1
S345782350,American Crow,Corvus brachyrhynchos,21557,7,US-WA,King,L128530,Discovery Park,47.663868,-122.4215317,2026-05-24,10:09 AM,eBird - Traveling Count,196,1,3.615,,1
S328030718,American Crow,Corvus brachyrhynchos,21557,10,US-WA,King,L1924233,Discovery Park--South Meadow,47.655213,-122.4141312,2026-04-26,10:00 AM,eBird - Traveling Count,112,1,1.914,,15
S333514456,American Crow,Corvus brachyrhynchos,21557,13,US-WA,King,L1924233,Discovery Park--South Meadow,47.655213,-122.4141312,2026-05-06,06:43 AM,eBird - Traveling Count,37,1,1.923,,1
S309580927,American Crow,Corvus brachyrhynchos,21557,6,US-WA,King,L280267,Foster Island & Marsh Island,47.646592,-122.2909732,2026-03-15,10:53 AM,eBird - Traveling Count,96,1,1.041,,1
S380906489,American Crow,Corvus brachyrhynchos,21557,3,US-WA,King,L267071,Frager Rd. (north),47.418883,-122.2678757,2026-08-07,09:32 AM,eBird - Traveling Count,176,1,2.644,,1
S291993014,American Crow,Corvus brachyrhynchos,21557,X,US-WA,King,L2692026,Fremont Canal Park,47.6514476,-122.3570377,2026-01-02,03:40 PM,eBird - Stationary Count,240,1,,,1
S296590988,American Crow,Corvus brachyrhynchos,21557,4,US-WA,King,L2692026,Fremont Canal Park,47.6514476,-122.3570377,2026-01-27,11:39 AM,eBird - Stationary Count,180,1,,,1
S297959820,American Crow,Corvus brachyrhynchos,21557,1,US-WA,King,L2692026,Fremont Canal Park,47.6514476,-122.3570377,2026-02-03,04:21 PM,eBird - Traveling Count,10,1,.434,,1
S298134651,American Crow,Corvus brachyrhynchos,21557,3,US-WA,King,L2692026,Fremont Canal Park,47.6514476,-122.3570377,2026-02-04,08:30 AM,eBird - Stationary Count,240,1,,,1
S303320950,American Crow,Corvus brachyrhynchos,21557,3,US-WA,King,L2692026,Fremont Canal Park,47.6514476,-122.3570377,2026-02-23,11:02 AM,eBird - Stationary Count,30,1,,,1
S318059543,American Crow,Corvus brachyrhynchos,21557,2,US-WA,King,L2692026,Fremont Canal Park,47.6514476,-122.3570377,2026-04-06,07:30 AM,eBird - Stationary Count,7,1,,,1
S318992308,American Crow,Corvus brachyrhynchos,21557,6,US-WA,King,L2692026,Fremont Canal Park,47.6514476,-122.3570377,2026-04-08,08:44 AM,eBird - Traveling Count,15,1,.634,,1
S326022728,American Crow,Corvus brachyrhynchos,21557,10,US-WA,King,L2692026,Fremont Canal Park,47.6514476,-122.3570377,2026-04-23,08:45 AM,eBird - Traveling Count,19,1,.602,,1
S334650572,American Crow,Corvus brachyrhynchos,21557,3,US-WA,King,L2692026,Fremont Canal Park,47.6514476,-122.3570377,2026-05-08,09:19 AM,eBird - Traveling Count,22,1,.739,,1
S343417861,American Crow,Corvus brachyrhynchos,21557,5,US-WA,King,L2692026,Fremont Canal Park,47.6514476,-122.3570377,2026-05-21,08:52 AM,eBird - Traveling Count,20,1,.45,,1
S351854090,American Crow,Corvus brachyrhynchos,21557,7,US-WA,King,L2692026,Fremont Canal Park,47.6514476,-122.3570377,2026-06-03,08:30 AM,eBird - Traveling Count,21,1,.679,,1
S366226853,American Crow,Corvus brachyrhynchos,21557,8,US-WA,King,L2692026,Fremont Canal Park,47.6514476,-122.3570377,2026-07-01,07:33 AM,eBird - Traveling Count,20,1,.634,,1
S294568450,American Crow,Corvus brachyrhynchos,21557,X,US-WA,King,L285366,Golden Gardens Park,47.6928546,-122.4054806,2026-01-16,02:43 PM,eBird - Traveling Count,34,1,1.256,,1
S297342812,American Crow,Corvus brachyrhynchos,21557,5,US-WA,King,L163354,Green Lake,47.6783945,-122.3382464,2026-01-31,04:04 PM,eBird - Traveling Count,53,1,4.21,,1
S305332784,American Crow,Corvus brachyrhynchos,21557,20,US-WA,King,L163354,Green Lake,47.6783945,-122.3382464,2026-03-02,06:43 AM,eBird - Traveling Count,67,1,1.847,,1
S308650663,American Crow,Corvus brachyrhynchos,21557,40,US-WA,King,L163354,Green Lake,47.6783945,-122.3382464,2026-03-12,06:43 PM,eBird - Traveling Count,36,1,4.652,,1
S342994543,American Crow,Corvus brachyrhynchos,21557,20,US-WA,King,L163354,Green Lake,47.6783945,-122.3382464,2026-05-20,09:01 AM,eBird - Traveling Count,222,1,4.611,,1
S348567406,American Crow,Corvus brachyrhynchos,21557,5,US-WA,King,L163354,Green Lake,47.6783945,-122.3382464,2026-05-28,06:44 PM,eBird - Traveling Count,29,1,1.323,,1
S245777966,American Crow,Corvus brachyrhynchos,21557,X,US-WA,King,L208659,Hiram M. Chittenden Ballard Locks,47.6653579,-122.3974647,2025-05-31,,Historical,,1
S292421718,American Crow,Corvus brachyrhynchos,21557,X,US-WA,King,L208659,Hiram M. Chittenden Ballard Locks,47.6653579,-122.3974647,2026-01-04,09:39 AM,eBird - Traveling Count,35,1,1.144,,1
S305183920,American Crow,Corvus brachyrhynchos,21557,5,US-WA,King,L208659,Hiram M. Chittenden Ballard Locks,47.6653579,-122.3974647,2026-03-01,04:24 PM,eBird - Traveling Count,40,1,1.265,,1
S338550928,American Crow,Corvus brachyrhynchos,21557,8,US-WA,King,L208659,Hiram M. Chittenden Ballard Locks,47.6653579,-122.3974647,2026-05-13,06:15 PM,eBird - Stationary Count,60,1,,,1
S278673753,American Crow,Corvus brachyrhynchos,21557,X,US-WA,King,L232479,Juanita Bay Park,47.6981686,-122.2101878,2025-10-11,08:44 AM,eBird - Traveling Count,160,1,1.308,,1
S291712899,American Crow,Corvus brachyrhynchos,21557,X,US-WA,King,L232479,Juanita Bay Park,47.6981686,-122.2101878,2026-01-01,10:37 AM,eBird - Traveling Count,158,1,1.357,,1
S296271926,American Crow,Corvus brachyrhynchos,21557,3,US-WA,King,L232479,Juanita Bay Park,47.6981686,-122.2101878,2026-01-25,08:10 AM,eBird - Traveling Count,222,1,1.699,,1
S306300352,American Crow,Corvus brachyrhynchos,21557,4,US-WA,King,L232479,Juanita Bay Park,47.6981686,-122.2101878,2026-03-05,02:46 PM,eBird - Traveling Count,61,1,1.635,,1
S194059681,American Crow,Corvus brachyrhynchos,21557,X,US-WA,King,L269461,Magnuson Park,47.6815336,-122.2505453,2024-09-05,08:58 AM,eBird - Traveling Count,43,1,2.124,,1
S297296203,American Crow,Corvus brachyrhynchos,21557,6,US-WA,King,L269461,Magnuson Park,47.6815336,-122.2505453,2026-01-31,11:00 AM,eBird - Traveling Count,99,1,1.046,,1
S301500561,American Crow,Corvus brachyrhynchos,21557,12,US-WA,King,L269461,Magnuson Park,47.6815336,-122.2505453,2026-02-16,10:02 AM,eBird - Traveling Count,133,1,2.13,,1
S303069344,American Crow,Corvus brachyrhynchos,21557,30,US-WA,King,L351484,Marymoor Park,47.6612642,-122.1184109,2026-02-22,06:42 AM,eBird - Traveling Count,176,1,4.108,,1
S162051939,American Crow,Corvus brachyrhynchos,21557,X,US-WA,King,L472642,Meadowbrook Pond,47.7058052,-122.2889256,2024-02-18,08:20 AM,eBird - Stationary Count,30,0,,,1
S203904796,American Crow,Corvus brachyrhynchos,21557,X,US-WA,King,L472642,Meadowbrook Pond,47.7058052,-122.2889256,2024-11-28,01:20 PM,eBird - Traveling Count,31,1,.283,,1
S328169533,American Crow,Corvus brachyrhynchos,21557,2,US-WA,King,L31102692,Pioneer Square Habitat Beach,47.6012582,-122.336379,2026-04-26,03:37 PM,eBird - Traveling Count,15,1,.77,,1
S345067581,American Crow,Corvus brachyrhynchos,21557,4,US-WA,King,L461493,Ravenna Park / Cowen Park,47.6721788,-122.3064566,2026-05-23,05:34 PM,eBird - Traveling Count,72,1,.992,,1
S291655613,American Crow,Corvus brachyrhynchos,21557,X,US-WA,King,L860816,Saint Edward SP,47.7329014,-122.2558057,2026-01-01,08:49 AM,eBird - Traveling Count,84,1,5.234,,1
S160044564,American Crow,Corvus brachyrhynchos,21557,1,US-WA,King,L162766,Union Bay Natural Area/Montlake Fill,47.65424,-122.29137,2024-01-28,09:15 AM,eBird - Traveling Count,130,0,7.001,,1
S175815092,American Crow,Corvus brachyrhynchos,21557,X,US-WA,King,L162766,Union Bay Natural Area/Montlake Fill,47.65424,-122.29137,2024-05-19,08:00 AM,eBird - Traveling Count,150,1,3.219,,1
S177789951,American Crow,Corvus brachyrhynchos,21557,X,US-WA,King,L162766,Union Bay Natural Area/Montlake Fill,47.65424,-122.29137,2024-05-28,05:50 AM,eBird - Traveling Count,68,1,2.704,,1
S179154810,American Crow,Corvus brachyrhynchos,21557,X,US-WA,King,L162766,Union Bay Natural Area/Montlake Fill,47.65424,-122.29137,2024-06-03,05:47 AM,eBird - Traveling Count,116,1,5.053,,1
S183862008,American Crow,Corvus brachyrhynchos,21557,X,US-WA,King,L162766,Union Bay Natural Area/Montlake Fill,47.65424,-122.29137,2024-06-26,06:10 AM,eBird - Traveling Count,109,1,4.812,,1
S191250464,American Crow,Corvus brachyrhynchos,21557,X,US-WA,King,L162766,Union Bay Natural Area/Montlake Fill,47.65424,-122.29137,2024-08-12,05:40 PM,eBird - Traveling Count,53,1,2.639,,1
S286517370,American Crow,Corvus brachyrhynchos,21557,X,US-WA,King,L162766,Union Bay Natural Area/Montlake Fill,47.65424,-122.29137,2025-11-28,09:23 AM,eBird - Traveling Count,132,1,2.605,,1
S295024890,American Crow,Corvus brachyrhynchos,21557,3,US-WA,King,L162766,Union Bay Natural Area/Montlake Fill,47.65424,-122.29137,2026-01-18,08:05 AM,eBird - Traveling Count,287,1,2.302,,1
S298942557,American Crow,Corvus brachyrhynchos,21557,5,US-WA,King,L162766,Union Bay Natural Area/Montlake Fill,47.65424,-122.29137,2026-02-08,07:30 AM,eBird - Traveling Count,133,1,3.101,,1
S305068426,American Crow,Corvus brachyrhynchos,21557,20,US-WA,King,L162766,Union Bay Natural Area/Montlake Fill,47.65424,-122.29137,2026-03-01,06:45 AM,eBird - Traveling Count,215,1,3.562,,1
S307285086,American Crow,Corvus brachyrhynchos,21557,8,US-WA,King,L162766,Union Bay Natural Area/Montlake Fill,47.65424,-122.29137,2026-03-08,07:52 AM,eBird - Traveling Count,130,1,3.898,,1
S309534495,American Crow,Corvus brachyrhynchos,21557,3,US-WA,King,L162766,Union Bay Natural Area/Montlake Fill,47.65424,-122.29137,2026-03-15,08:45 AM,eBird - Traveling Count,93,1,2.076,,1
S317515997,American Crow,Corvus brachyrhynchos,21557,20,US-WA,King,L162766,Union Bay Natural Area/Montlake Fill,47.65424,-122.29137,2026-04-05,10:27 AM,eBird - Traveling Count,191,1,2.366,,1
S320771289,American Crow,Corvus brachyrhynchos,21557,9,US-WA,King,L162766,Union Bay Natural Area/Montlake Fill,47.65424,-122.29137,2026-04-12,07:20 AM,eBird - Traveling Count,190,1,3.623,,1
S326594442,American Crow,Corvus brachyrhynchos,21557,20,US-WA,King,L162766,Union Bay Natural Area/Montlake Fill,47.65424,-122.29137,2026-04-24,06:55 AM,eBird - Traveling Count,222,1,2.992,,1
S333055230,American Crow,Corvus brachyrhynchos,21557,7,US-WA,King,L162766,Union Bay Natural Area/Montlake Fill,47.65424,-122.29137,2026-05-05,05:54 AM,eBird - Traveling Count,113,1,2.301,,1
S334002351,American Crow,Corvus brachyrhynchos,21557,6,US-WA,King,L162766,Union Bay Natural Area/Montlake Fill,47.65424,-122.29137,2026-05-07,06:22 AM,eBird - Traveling Count,64,1,.721,,1
S336459661,American Crow,Corvus brachyrhynchos,21557,12,US-WA,King,L162766,Union Bay Natural Area/Montlake Fill,47.65424,-122.29137,2026-05-10,06:04 AM,eBird - Traveling Count,165,1,2.998,,1,,,,657099617
S339377883,American Crow,Corvus brachyrhynchos,21557,9,US-WA,King,L162766,Union Bay Natural Area/Montlake Fill,47.65424,-122.29137,2026-05-15,06:24 AM,eBird - Traveling Count,131,1,2.121,,1
S342868105,American Crow,Corvus brachyrhynchos,21557,13,US-WA,King,L162766,Union Bay Natural Area/Montlake Fill,47.65424,-122.29137,2026-05-20,06:19 AM,eBird - Traveling Count,134,1,3.112,,1,,,,658002409
S347722254,American Crow,Corvus brachyrhynchos,21557,10,US-WA,King,L162766,Union Bay Natural Area/Montlake Fill,47.65424,-122.29137,2026-05-27,05:41 AM,eBird - Traveling Count,137,1,3.085,,1
S359192903,American Crow,Corvus brachyrhynchos,21557,6,US-WA,King,L162766,Union Bay Natural Area/Montlake Fill,47.65424,-122.29137,2026-06-18,08:29 AM,eBird - Traveling Count,72,1,2.496,,1
S374368808,American Crow,Corvus brachyrhynchos,21557,40,US-WA,King,L162766,Union Bay Natural Area/Montlake Fill,47.65424,-122.29137,2026-07-20,05:31 AM,eBird - Traveling Count,90,1,2.509,,1
S167616265,American Crow,Corvus brachyrhynchos,21557,X,US-WA,King,L165740,Washington Park Arboretum,47.6370819,-122.29574,2024-04-07,08:30 AM,eBird - Traveling Count,180,1,3.219,,15
S324448943,American Crow,Corvus brachyrhynchos,21557,3,US-WA,Kitsap,L2492616,Kingston Ferry Terminal,47.7958271,-122.496078,2026-04-19,05:07 PM,eBird - Traveling Count,32,1,.956,,1
S350375761,American Crow,Corvus brachyrhynchos,21557,3,US-WA,Kitsap,L109542,Point No Point,47.9118696,-122.5283182,2026-05-31,10:28 AM,eBird - Traveling Count,63,1,1.052,,1
S310774319,American Crow,Corvus brachyrhynchos,21557,1,US-WA,Kittitas,L461167,Wanapum SP,46.9005541,-119.9892426,2026-03-19,02:47 PM,eBird - Traveling Count,26,1,1.33,,1
S331219104,American Crow,Corvus brachyrhynchos,21557,3,US-WA,Pacific,L803299,Cedar River (Pacific Co.),46.7400371,-123.9751339,2026-05-02,09:45 AM,eBird - Traveling Count,60,1,.577,,1
S331099224,American Crow,Corvus brachyrhynchos,21557,3,US-WA,Pacific,L682593,Grayland Beach State Park,46.7880721,-124.0941381,2026-05-02,06:57 AM,eBird - Traveling Count,87,1,2.2,,1
S170170610,American Crow,Corvus brachyrhynchos,21557,X,US-WA,San Juan,L9267425,"Cascade Lake--south end campsites, Orcas Island",48.6458967,-122.8474903,2024-04-13,,Historical,,1
S295194600,American Crow,Corvus brachyrhynchos,21557,1,US-WA,Skagit,L480306,Bay View State Park,48.4881122,-122.4809933,2026-01-19,09:31 AM,eBird - Traveling Count,34,1,.25,,1
S319751834,American Crow,Corvus brachyrhynchos,21557,3,US-WA,Skagit,L476174,Skagit Wildlife Area--Wiley Slough,48.3246351,-122.3741287,2026-04-10,09:30 AM,eBird - Traveling Count,229,1,2.012,,3
S379365619,American Crow,Corvus brachyrhynchos,21557,2,US-WA,Snohomish,L20643239,Edmonds Marina,47.8079405,-122.3924276,2026-08-02,02:58 PM,eBird - Traveling Count,44,1,1.181,,1
S293525790,American Crow,Corvus brachyrhynchos,21557,X,US-WA,Snohomish,L374380,Edmonds Marsh,47.8085287,-122.3864508,2026-01-10,11:07 AM,eBird - Traveling Count,48,1,.092,,1,,,,648642132
S319608405,American Crow,Corvus brachyrhynchos,21557,2,US-WA,Snohomish,L374380,Edmonds Marsh,47.8085287,-122.3864508,2026-04-10,07:23 AM,eBird - Traveling Count,27,1,.117,,1
S319626376,American Crow,Corvus brachyrhynchos,21557,5,US-WA,Snohomish,L20643235,Edmonds Public Fishing Pier,47.8110241,-122.3899493,2026-04-10,07:54 AM,eBird - Traveling Count,31,1,.49,,1
S293545903,American Crow,Corvus brachyrhynchos,21557,X,US-WA,Snohomish,L374382,Edmonds Waterfront,47.8119268,-122.3854144,2026-01-10,12:05 PM,eBird - Traveling Count,89,1,.914,,1
S297588705,American Crow,Corvus brachyrhynchos,21557,4,US-WA,Snohomish,L374382,Edmonds Waterfront,47.8119268,-122.3854144,2026-02-01,12:36 PM,eBird - Traveling Count,124,1,1.416,,1
S304355760,American Crow,Corvus brachyrhynchos,21557,5,US-WA,Snohomish,L343338,Everett Sewage Lagoons,47.9988889,-122.17,2026-02-27,08:39 AM,eBird - Traveling Count,230,1,4.811,,1
S371256974,American Crow,Corvus brachyrhynchos,21557,7,US-WA,Snohomish,L4444849,Riverview Wildlife Refuge / Snohomish Wastewater Treatment Plant,47.9165434,-122.1100652,2026-07-12,07:30 AM,eBird - Traveling Count,139,1,1.581,,1
S206958982,Fish Crow,Corvus ossifragus,21570,X,US-VA,Fairfax,L718525,**HUNTLEY MEADOWS PARK,38.7576451,-77.0984124,2024-12-22,,Historical,,1
S180296553,Fish Crow,Corvus ossifragus,21570,1,US-VA,Fairfax,L4138121,Washington & Old Dominion Trail--Vienna Town Green,38.9030318,-77.2646034,2024-06-08,,Historical,,0
S182799645,Carrion Crow,Corvus corone,21575,X,GB-WLS,Pembrokeshire,L14457627,Tenby Harbour,51.6725044,-4.698564,2024-06-21,06:44 AM,eBird - Traveling Count,25,1,1.287,,1
S260171709,Carrion Crow,Corvus corone,21575,X,CH-ZH,,L4507511,Zürich Stadt (city of Zurich)* general (use more precise loc.),47.3768774,8.5413551,2025-06-29,,Historical,,1
S159175946,Australian Raven,Corvus coronoides,21608,X,AU-NSW,Sydney,L915566,Royal Botanic Gardens (Sydney),-33.8638957,151.2167577,2023-08-19,,Historical,,1
S193702100,Common Raven,Corvus corax,21624,X,CA-AB,Banff,L3087622,Banff National Park--Whiskey Creek,51.1859553,-115.5622373,2024-09-02,08:22 AM,eBird - Stationary Count,6,1,,,1
S322716667,Common Raven,Corvus corax,21624,1,US-WA,Clallam,L29690471,Dungeness NWR,48.1463111,-123.1865094,2026-04-16,04:51 PM,eBird - Traveling Count,23,1,1.089,,1
S324301943,Common Raven,Corvus corax,21624,2,US-WA,Clallam,L17270540,Dungeness River Dike Trail,48.1411863,-123.129295,2026-04-19,08:22 AM,eBird - Traveling Count,194,1,1.115,,1
S323750410,Common Raven,Corvus corax,21624,1,US-WA,Clallam,L793855,Elwha River Mouth,48.1447892,-123.5671808,2026-04-18,11:32 AM,eBird - Traveling Count,130,1,.681,,1
S323830718,Common Raven,Corvus corax,21624,1,US-WA,Clallam,L234894,Salt Creek County Park,48.1631912,-123.6972883,2026-04-18,03:36 PM,eBird - Traveling Count,91,1,1.638,,1
S312099507,Common Raven,Corvus corax,21624,2,US-WA,Grant,L60819284,"15927 Road D Southeast, Othello, Washington, US (46.854, -119.409)",46.85401,-119.4093612,2026-03-22,10:57 AM,eBird - Stationary Count,10,1,,,1
S311113230,Common Raven,Corvus corax,21624,2,US-WA,Grant,L1678863,Potholes Reservoir--south half,46.991357,-119.3181243,2026-03-20,10:58 AM,eBird - Traveling Count,156,1,20.014,,1
S330689398,Common Raven,Corvus corax,21624,1,US-WA,Grays Harbor,L268372,Bottle Beach State Park,46.893277,-124.0468136,2026-05-01,03:55 PM,eBird - Traveling Count,74,1,.788,,1
S330467906,Common Raven,Corvus corax,21624,1,US-WA,Grays Harbor,L1158826,Chance A La Mer SP,47.0127422,-124.1698837,2026-05-01,08:36 AM,eBird - Traveling Count,46,1,.524,,1
S330412083,Common Raven,Corvus corax,21624,2,US-WA,Grays Harbor,L264861,Hoquiam STP,46.9732093,-123.9165354,2026-05-01,07:22 AM,eBird - Traveling Count,35,1,.098,,1
S174147151,Common Raven,Corvus corax,21624,X,US-WA,Jefferson,L249781,Fort Flagler SP,48.0960511,-122.7139785,2024-05-11,12:00 AM,Historical,,1,,,1
S230488049,Common Raven,Corvus corax,21624,X,US-WA,Jefferson,L292851,Fort Worden SP,48.1408906,-122.7680969,2025-04-27,,Historical,,1
S294797995,Common Raven,Corvus corax,21624,X,US-WA,King,L128530,Discovery Park,47.663868,-122.4215317,2026-01-17,11:29 AM,eBird - Traveling Count,165,1,5.954,,1
S376775661,Common Raven,Corvus corax,21624,2,US-WA,King,L1057783,Government Meadows (King Co.),47.0895561,-121.3941622,2026-07-26,11:30 AM,eBird - Traveling Count,92,1,16.843,,1
S167616265,Common Raven,Corvus corax,21624,X,US-WA,King,L165740,Washington Park Arboretum,47.6370819,-122.29574,2024-04-07,08:30 AM,eBird - Traveling Count,180,1,3.219,,15
S310759735,Common Raven,Corvus corax,21624,2,US-WA,Kittitas,L4631645,Quilomene Wildlife Area--East Entrance,46.9592845,-120.1404279,2026-03-19,01:31 PM,eBird - Traveling Count,50,1,.913,,1
S331219104,Common Raven,Corvus corax,21624,1,US-WA,Pacific,L803299,Cedar River (Pacific Co.),46.7400371,-123.9751339,2026-05-02,09:45 AM,eBird - Traveling Count,60,1,.577,,1
S375998784,Common Raven,Corvus corax,21624,2,US-WA,Pierce,L865211,Crystal Mountain Ski Resort,46.9308652,-121.4793491,2026-07-24,04:45 PM,eBird - Traveling Count,116,1,2.461,,1
S188153189,Common Raven,Corvus corax,21624,X,US-WA,Pierce,L3302240,Mt. Rainier NP--Grand Park,46.9642783,-121.6792166,2024-07-21,,Historical,,1
S164380841,Common Raven,Corvus corax,21624,X,US-WA,Skagit,L1369427,Fir Island -- Browns Slough Road,48.35381,-122.42297,2024-03-10,09:00 AM,eBird - Traveling Count,180,0,1.609,,6
S379333332,Common Raven,Corvus corax,21624,1,US-WA,Snohomish,L950776,Big Four Ice Caves,48.0651548,-121.5151566,2026-08-02,07:25 AM,eBird - Traveling Count,329,1,2.7,,1
S327403524,Common Raven,Corvus corax,21624,1,US-WA,Snohomish,L2410089,"Home Acres Rd, Everett",47.9581889,-122.1737838,2026-04-25,03:16 PM,eBird - Stationary Count,20,1,,,1
S159176051,North Island Saddleback,Philesturnus rufusater,21698,X,NZ-AUK,Auckland City,L15034121,Arch Hill Scenic Reserve,-36.8682519,174.7413516,2023-08-15,,Historical,,1
S159176051,North Island Robin,Petroica longipes,21738,X,NZ-AUK,Auckland City,L15034121,Arch Hill Scenic Reserve,-36.8682519,174.7413516,2023-08-15,,Historical,,1
S260178638,Marsh Tit,Poecile palustris,22030,X,CH-BS,,L15540214,Lange Erlen--Akazienweg,47.5761232,7.6095505,2025-07-14,,Historical,,0
S206958982,Carolina Chickadee,Poecile carolinensis,22060,X,US-VA,Fairfax,L718525,**HUNTLEY MEADOWS PARK,38.7576451,-77.0984124,2024-12-22,,Historical,,1
S290526069,Carolina Chickadee,Poecile carolinensis,22060,X,US-VA,Fairfax,L5640834,Huntley Meadows Park--Cedar Trail Loop,38.7555851,-77.1024156,2025-12-27,08:42 AM,eBird - Traveling Count,80,1,1.967,,1
S324301943,Black-capped Chickadee,Poecile atricapillus,22065,5,US-WA,Clallam,L17270540,Dungeness River Dike Trail,48.1411863,-123.129295,2026-04-19,08:22 AM,eBird - Traveling Count,194,1,1.115,,1,,,,655400356
S323750410,Black-capped Chickadee,Poecile atricapillus,22065,1,US-WA,Clallam,L793855,Elwha River Mouth,48.1447892,-123.5671808,2026-04-18,11:32 AM,eBird - Traveling Count,130,1,.681,,1
S323134294,Black-capped Chickadee,Poecile atricapillus,22065,1,US-WA,Clallam,L6125771,Jamestown S'Klallam Tribe Center,48.0252673,-122.9962617,2026-04-17,01:14 PM,eBird - Traveling Count,73,1,1.266,,1
S331882311,Black-capped Chickadee,Poecile atricapillus,22065,1,US-WA,Grays Harbor,L1875831,Westhaven SP,46.9011251,-124.1268446,2026-05-03,07:27 AM,eBird - Traveling Count,99,1,1.733,,1
S230488049,Black-capped Chickadee,Poecile atricapillus,22065,X,US-WA,Jefferson,L292851,Fort Worden SP,48.1408906,-122.7680969,2025-04-27,,Historical,,1
S297107675,Black-capped Chickadee,Poecile atricapillus,22065,3,US-WA,King,L57830459,"2520 Northeast 130th Street, Seattle, Washington, US (47.724, -122.301)",47.7237668,-122.3010431,2026-01-30,02:45 PM,eBird - Traveling Count,95,1,.849,,1
S380834342,Black-capped Chickadee,Poecile atricapillus,22065,6,US-WA,King,L75171900,"6712 7th Avenue Northwest, Seattle, Washington, US (47.678, -122.364)",47.6781886,-122.364423,2026-08-07,07:52 AM,eBird - Traveling Count,36,1,.767,,1
S297081957,Black-capped Chickadee,Poecile atricapillus,22065,2,US-WA,King,L56788131,900 Block NW 64th,47.6754497,-122.3698811,2026-01-30,12:54 PM,eBird - Stationary Count,120,1,,,1
S299853433,Black-capped Chickadee,Poecile atricapillus,22065,2,US-WA,King,L298030,Carkeek Park,47.7126411,-122.377647,2026-02-12,03:26 PM,eBird - Traveling Count,60,1,.608,,1
S335596208,Black-capped Chickadee,Poecile atricapillus,22065,2,US-WA,King,L298030,Carkeek Park,47.7126411,-122.377647,2026-05-09,09:08 AM,eBird - Traveling Count,114,1,.82,,1
S307461833,Black-capped Chickadee,Poecile atricapillus,22065,4,US-WA,King,L128530,Discovery Park,47.663868,-122.4215317,2026-03-08,03:06 PM,eBird - Traveling Count,152,1,4.489,,1
S345782350,Black-capped Chickadee,Poecile atricapillus,22065,1,US-WA,King,L128530,Discovery Park,47.663868,-122.4215317,2026-05-24,10:09 AM,eBird - Traveling Count,196,1,3.615,,1
S309580927,Black-capped Chickadee,Poecile atricapillus,22065,1,US-WA,King,L280267,Foster Island & Marsh Island,47.646592,-122.2909732,2026-03-15,10:53 AM,eBird - Traveling Count,96,1,1.041,,1
S291993014,Black-capped Chickadee,Poecile atricapillus,22065,X,US-WA,King,L2692026,Fremont Canal Park,47.6514476,-122.3570377,2026-01-02,03:40 PM,eBird - Stationary Count,240,1,,,1
S296590988,Black-capped Chickadee,Poecile atricapillus,22065,2,US-WA,King,L2692026,Fremont Canal Park,47.6514476,-122.3570377,2026-01-27,11:39 AM,eBird - Stationary Count,180,1,,,1
S298134651,Black-capped Chickadee,Poecile atricapillus,22065,2,US-WA,King,L2692026,Fremont Canal Park,47.6514476,-122.3570377,2026-02-04,08:30 AM,eBird - Stationary Count,240,1,,,1
S303320950,Black-capped Chickadee,Poecile atricapillus,22065,2,US-WA,King,L2692026,Fremont Canal Park,47.6514476,-122.3570377,2026-02-23,11:02 AM,eBird - Stationary Count,30,1,,,1
S318059543,Black-capped Chickadee,Poecile atricapillus,22065,1,US-WA,King,L2692026,Fremont Canal Park,47.6514476,-122.3570377,2026-04-06,07:30 AM,eBird - Stationary Count,7,1,,,1
S318992308,Black-capped Chickadee,Poecile atricapillus,22065,1,US-WA,King,L2692026,Fremont Canal Park,47.6514476,-122.3570377,2026-04-08,08:44 AM,eBird - Traveling Count,15,1,.634,,1
S351854090,Black-capped Chickadee,Poecile atricapillus,22065,1,US-WA,King,L2692026,Fremont Canal Park,47.6514476,-122.3570377,2026-06-03,08:30 AM,eBird - Traveling Count,21,1,.679,,1
S297342812,Black-capped Chickadee,Poecile atricapillus,22065,2,US-WA,King,L163354,Green Lake,47.6783945,-122.3382464,2026-01-31,04:04 PM,eBird - Traveling Count,53,1,4.21,,1
S305332784,Black-capped Chickadee,Poecile atricapillus,22065,7,US-WA,King,L163354,Green Lake,47.6783945,-122.3382464,2026-03-02,06:43 AM,eBird - Traveling Count,67,1,1.847,,1
S342994543,Black-capped Chickadee,Poecile atricapillus,22065,8,US-WA,King,L163354,Green Lake,47.6783945,-122.3382464,2026-05-20,09:01 AM,eBird - Traveling Count,222,1,4.611,,1,,,,658004495
S348567406,Black-capped Chickadee,Poecile atricapillus,22065,4,US-WA,King,L163354,Green Lake,47.6783945,-122.3382464,2026-05-28,06:44 PM,eBird - Traveling Count,29,1,1.323,,1
S245777966,Black-capped Chickadee,Poecile atricapillus,22065,X,US-WA,King,L208659,Hiram M. Chittenden Ballard Locks,47.6653579,-122.3974647,2025-05-31,,Historical,,1
S278673753,Black-capped Chickadee,Poecile atricapillus,22065,X,US-WA,King,L232479,Juanita Bay Park,47.6981686,-122.2101878,2025-10-11,08:44 AM,eBird - Traveling Count,160,1,1.308,,1
S296271926,Black-capped Chickadee,Poecile atricapillus,22065,6,US-WA,King,L232479,Juanita Bay Park,47.6981686,-122.2101878,2026-01-25,08:10 AM,eBird - Traveling Count,222,1,1.699,,1,,,,649619941
S306300352,Black-capped Chickadee,Poecile atricapillus,22065,5,US-WA,King,L232479,Juanita Bay Park,47.6981686,-122.2101878,2026-03-05,02:46 PM,eBird - Traveling Count,61,1,1.635,,1
S297296203,Black-capped Chickadee,Poecile atricapillus,22065,1,US-WA,King,L269461,Magnuson Park,47.6815336,-122.2505453,2026-01-31,11:00 AM,eBird - Traveling Count,99,1,1.046,,1
S301500561,Black-capped Chickadee,Poecile atricapillus,22065,4,US-WA,King,L269461,Magnuson Park,47.6815336,-122.2505453,2026-02-16,10:02 AM,eBird - Traveling Count,133,1,2.13,,1
S303069344,Black-capped Chickadee,Poecile atricapillus,22065,4,US-WA,King,L351484,Marymoor Park,47.6612642,-122.1184109,2026-02-22,06:42 AM,eBird - Traveling Count,176,1,4.108,,1
S162051939,Black-capped Chickadee,Poecile atricapillus,22065,X,US-WA,King,L472642,Meadowbrook Pond,47.7058052,-122.2889256,2024-02-18,08:20 AM,eBird - Stationary Count,30,0,,,1
S345067581,Black-capped Chickadee,Poecile atricapillus,22065,1,US-WA,King,L461493,Ravenna Park / Cowen Park,47.6721788,-122.3064566,2026-05-23,05:34 PM,eBird - Traveling Count,72,1,.992,,1
S160044564,Black-capped Chickadee,Poecile atricapillus,22065,1,US-WA,King,L162766,Union Bay Natural Area/Montlake Fill,47.65424,-122.29137,2024-01-28,09:15 AM,eBird - Traveling Count,130,0,7.001,,1
S175815092,Black-capped Chickadee,Poecile atricapillus,22065,X,US-WA,King,L162766,Union Bay Natural Area/Montlake Fill,47.65424,-122.29137,2024-05-19,08:00 AM,eBird - Traveling Count,150,1,3.219,,1
S177789951,Black-capped Chickadee,Poecile atricapillus,22065,X,US-WA,King,L162766,Union Bay Natural Area/Montlake Fill,47.65424,-122.29137,2024-05-28,05:50 AM,eBird - Traveling Count,68,1,2.704,,1
S179154810,Black-capped Chickadee,Poecile atricapillus,22065,X,US-WA,King,L162766,Union Bay Natural Area/Montlake Fill,47.65424,-122.29137,2024-06-03,05:47 AM,eBird - Traveling Count,116,1,5.053,,1
S183862008,Black-capped Chickadee,Poecile atricapillus,22065,X,US-WA,King,L162766,Union Bay Natural Area/Montlake Fill,47.65424,-122.29137,2024-06-26,06:10 AM,eBird - Traveling Count,109,1,4.812,,1
S191250464,Black-capped Chickadee,Poecile atricapillus,22065,X,US-WA,King,L162766,Union Bay Natural Area/Montlake Fill,47.65424,-122.29137,2024-08-12,05:40 PM,eBird - Traveling Count,53,1,2.639,,1
S286517370,Black-capped Chickadee,Poecile atricapillus,22065,X,US-WA,King,L162766,Union Bay Natural Area/Montlake Fill,47.65424,-122.29137,2025-11-28,09:23 AM,eBird - Traveling Count,132,1,2.605,,1
S295024890,Black-capped Chickadee,Poecile atricapillus,22065,3,US-WA,King,L162766,Union Bay Natural Area/Montlake Fill,47.65424,-122.29137,2026-01-18,08:05 AM,eBird - Traveling Count,287,1,2.302,,1
S298942557,Black-capped Chickadee,Poecile atricapillus,22065,4,US-WA,King,L162766,Union Bay Natural Area/Montlake Fill,47.65424,-122.29137,2026-02-08,07:30 AM,eBird - Traveling Count,133,1,3.101,,1
S305068426,Black-capped Chickadee,Poecile atricapillus,22065,10,US-WA,King,L162766,Union Bay Natural Area/Montlake Fill,47.65424,-122.29137,2026-03-01,06:45 AM,eBird - Traveling Count,215,1,3.562,,1,,,,651953748
S307285086,Black-capped Chickadee,Poecile atricapillus,22065,1,US-WA,King,L162766,Union Bay Natural Area/Montlake Fill,47.65424,-122.29137,2026-03-08,07:52 AM,eBird - Traveling Count,130,1,3.898,,1
S309534495,Black-capped Chickadee,Poecile atricapillus,22065,1,US-WA,King,L162766,Union Bay Natural Area/Montlake Fill,47.65424,-122.29137,2026-03-15,08:45 AM,eBird - Traveling Count,93,1,2.076,,1
S317515997,Black-capped Chickadee,Poecile atricapillus,22065,8,US-WA,King,L162766,Union Bay Natural Area/Montlake Fill,47.65424,-122.29137,2026-04-05,10:27 AM,eBird - Traveling Count,191,1,2.366,,1
S320771289,Black-capped Chickadee,Poecile atricapillus,22065,7,US-WA,King,L162766,Union Bay Natural Area/Montlake Fill,47.65424,-122.29137,2026-04-12,07:20 AM,eBird - Traveling Count,190,1,3.623,,1
S326594442,Black-capped Chickadee,Poecile atricapillus,22065,6,US-WA,King,L162766,Union Bay Natural Area/Montlake Fill,47.65424,-122.29137,2026-04-24,06:55 AM,eBird - Traveling Count,222,1,2.992,,1
S333055230,Black-capped Chickadee,Poecile atricapillus,22065,2,US-WA,King,L162766,Union Bay Natural Area/Montlake Fill,47.65424,-122.29137,2026-05-05,05:54 AM,eBird - Traveling Count,113,1,2.301,,1
S334002351,Black-capped Chickadee,Poecile atricapillus,22065,3,US-WA,King,L162766,Union Bay Natural Area/Montlake Fill,47.65424,-122.29137,2026-05-07,06:22 AM,eBird - Traveling Count,64,1,.721,,1
S336459661,Black-capped Chickadee,Poecile atricapillus,22065,1,US-WA,King,L162766,Union Bay Natural Area/Montlake Fill,47.65424,-122.29137,2026-05-10,06:04 AM,eBird - Traveling Count,165,1,2.998,,1
S339377883,Black-capped Chickadee,Poecile atricapillus,22065,2,US-WA,King,L162766,Union Bay Natural Area/Montlake Fill,47.65424,-122.29137,2026-05-15,06:24 AM,eBird - Traveling Count,131,1,2.121,,1
S347722254,Black-capped Chickadee,Poecile atricapillus,22065,4,US-WA,King,L162766,Union Bay Natural Area/Montlake Fill,47.65424,-122.29137,2026-05-27,05:41 AM,eBird - Traveling Count,137,1,3.085,,1,,,,658541885
S374368808,Black-capped Chickadee,Poecile atricapillus,22065,2,US-WA,King,L162766,Union Bay Natural Area/Montlake Fill,47.65424,-122.29137,2026-07-20,05:31 AM,eBird - Traveling Count,90,1,2.509,,1
S167616265,Black-capped Chickadee,Poecile atricapillus,22065,X,US-WA,King,L165740,Washington Park Arboretum,47.6370819,-122.29574,2024-04-07,08:30 AM,eBird - Traveling Count,180,1,3.219,,15
S331219104,Black-capped Chickadee,Poecile atricapillus,22065,1,US-WA,Pacific,L803299,Cedar River (Pacific Co.),46.7400371,-123.9751339,2026-05-02,09:45 AM,eBird - Traveling Count,60,1,.577,,1
S319751834,Black-capped Chickadee,Poecile atricapillus,22065,1,US-WA,Skagit,L476174,Skagit Wildlife Area--Wiley Slough,48.3246351,-122.3741287,2026-04-10,09:30 AM,eBird - Traveling Count,229,1,2.012,,3
S297588705,Black-capped Chickadee,Poecile atricapillus,22065,2,US-WA,Snohomish,L374382,Edmonds Waterfront,47.8119268,-122.3854144,2026-02-01,12:36 PM,eBird - Traveling Count,124,1,1.416,,1
S304355760,Black-capped Chickadee,Poecile atricapillus,22065,2,US-WA,Snohomish,L343338,Everett Sewage Lagoons,47.9988889,-122.17,2026-02-27,08:39 AM,eBird - Traveling Count,230,1,4.811,,1
S346491426,Black-capped Chickadee,Poecile atricapillus,22065,1,US-WA,Snohomish,L4756268,Field's Riffle,47.9166297,-122.1268988,2026-05-25,07:11 AM,eBird - Traveling Count,177,1,1.517,,1
S304371242,Black-capped Chickadee,Poecile atricapillus,22065,1,US-WA,Snohomish,L1052763,Lowell Riverfront Trail,47.9560191,-122.1890402,2026-02-27,01:10 PM,eBird - Traveling Count,26,1,.58,,1
S371256974,Black-capped Chickadee,Poecile atricapillus,22065,1,US-WA,Snohomish,L4444849,Riverview Wildlife Refuge / Snohomish Wastewater Treatment Plant,47.9165434,-122.1100652,2026-07-12,07:30 AM,eBird - Traveling Count,139,1,1.581,,1
S282214936,Black-capped Chickadee,Poecile atricapillus,22065,X,US-WA,Thurston,L282253,Billy Frank Jr. Nisqually NWR,47.0812514,-122.7180576,2025-10-31,09:53 AM,eBird - Traveling Count,193,1,3.491,,1
S291455322,Black-capped Chickadee,Poecile atricapillus,22065,X,US-WA,Thurston,L282253,Billy Frank Jr. Nisqually NWR,47.0812514,-122.7180576,2025-12-31,08:11 AM,eBird - Traveling Count,256,1,3.231,,1
S193702100,Mountain Chickadee,Poecile gambeli,22077,X,CA-AB,Banff,L3087622,Banff National Park--Whiskey Creek,51.1859553,-115.5622373,2024-09-02,08:22 AM,eBird - Stationary Count,6,1,,,1
S376353077,Mountain Chickadee,Poecile gambeli,22077,1,US-WA,Pierce,L461358,Mt. Rainier NP--Burroughs Mountain,46.9117249,-121.6639709,2026-07-25,09:32 AM,eBird - Traveling Count,163,1,6.916,,1
S185852700,Mountain Chickadee,Poecile gambeli,22077,X,US-WA,Snohomish,L6010353,Heybrook Lookout Trail,47.8084019,-121.533783,2024-07-07,08:37 AM,eBird - Stationary Count,2,1,,,1,,See ln from the top of the fire lookout
S322716667,Chestnut-backed Chickadee,Poecile rufescens,22094,1,US-WA,Clallam,L29690471,Dungeness NWR,48.1463111,-123.1865094,2026-04-16,04:51 PM,eBird - Traveling Count,23,1,1.089,,1
S323750410,Chestnut-backed Chickadee,Poecile rufescens,22094,1,US-WA,Clallam,L793855,Elwha River Mouth,48.1447892,-123.5671808,2026-04-18,11:32 AM,eBird - Traveling Count,130,1,.681,,1
S323830718,Chestnut-backed Chickadee,Poecile rufescens,22094,2,US-WA,Clallam,L234894,Salt Creek County Park,48.1631912,-123.6972883,2026-04-18,03:36 PM,eBird - Traveling Count,91,1,1.638,,1
S293704096,Chestnut-backed Chickadee,Poecile rufescens,22094,X,US-WA,King,L56788131,900 Block NW 64th,47.6754497,-122.3698811,2026-01-11,09:22 AM,eBird - Stationary Count,10,1,,,1
S297081957,Chestnut-backed Chickadee,Poecile rufescens,22094,4,US-WA,King,L56788131,900 Block NW 64th,47.6754497,-122.3698811,2026-01-30,12:54 PM,eBird - Stationary Count,120,1,,,1
S294267769,Chestnut-backed Chickadee,Poecile rufescens,22094,X,US-WA,King,L298030,Carkeek Park,47.7126411,-122.377647,2026-01-14,02:40 PM,eBird - Traveling Count,106,1,.524,,1
S307461833,Chestnut-backed Chickadee,Poecile rufescens,22094,1,US-WA,King,L128530,Discovery Park,47.663868,-122.4215317,2026-03-08,03:06 PM,eBird - Traveling Count,152,1,4.489,,1
S345782350,Chestnut-backed Chickadee,Poecile rufescens,22094,1,US-WA,King,L128530,Discovery Park,47.663868,-122.4215317,2026-05-24,10:09 AM,eBird - Traveling Count,196,1,3.615,,1
S245777966,Chestnut-backed Chickadee,Poecile rufescens,22094,X,US-WA,King,L208659,Hiram M. Chittenden Ballard Locks,47.6653579,-122.3974647,2025-05-31,,Historical,,1
S296271926,Chestnut-backed Chickadee,Poecile rufescens,22094,1,US-WA,King,L232479,Juanita Bay Park,47.6981686,-122.2101878,2026-01-25,08:10 AM,eBird - Traveling Count,222,1,1.699,,1,,,,649619945
S345067581,Chestnut-backed Chickadee,Poecile rufescens,22094,1,US-WA,King,L461493,Ravenna Park / Cowen Park,47.6721788,-122.3064566,2026-05-23,05:34 PM,eBird - Traveling Count,72,1,.992,,1
S295024890,Chestnut-backed Chickadee,Poecile rufescens,22094,3,US-WA,King,L162766,Union Bay Natural Area/Montlake Fill,47.65424,-122.29137,2026-01-18,08:05 AM,eBird - Traveling Count,287,1,2.302,,1
S167616265,Chestnut-backed Chickadee,Poecile rufescens,22094,X,US-WA,King,L165740,Washington Park Arboretum,47.6370819,-122.29574,2024-04-07,08:30 AM,eBird - Traveling Count,180,1,3.219,,15
S331219104,Chestnut-backed Chickadee,Poecile rufescens,22094,1,US-WA,Pacific,L803299,Cedar River (Pacific Co.),46.7400371,-123.9751339,2026-05-02,09:45 AM,eBird - Traveling Count,60,1,.577,,1
S379333332,Chestnut-backed Chickadee,Poecile rufescens,22094,8,US-WA,Snohomish,L950776,Big Four Ice Caves,48.0651548,-121.5151566,2026-08-02,07:25 AM,eBird - Traveling Count,329,1,2.7,,1
S291455322,Chestnut-backed Chickadee,Poecile rufescens,22094,X,US-WA,Thurston,L282253,Billy Frank Jr. Nisqually NWR,47.0812514,-122.7180576,2025-12-31,08:11 AM,eBird - Traveling Count,256,1,3.231,,1
S182799645,Eurasian Blue Tit,Cyanistes caeruleus,22114,X,GB-WLS,Pembrokeshire,L14457627,Tenby Harbour,51.6725044,-4.698564,2024-06-21,06:44 AM,eBird - Traveling Count,25,1,1.287,,1
S260172580,Eurasian Blue Tit,Cyanistes caeruleus,22114,X,CH-GE,,L926699,Jetée et Port des Pâquis,46.2102417,6.1546,2025-07-04,,Historical,,0
S206958982,Tufted Titmouse,Baeolophus bicolor,22160,X,US-VA,Fairfax,L718525,**HUNTLEY MEADOWS PARK,38.7576451,-77.0984124,2024-12-22,,Historical,,1
S290526069,Tufted Titmouse,Baeolophus bicolor,22160,X,US-VA,Fairfax,L5640834,Huntley Meadows Park--Cedar Trail Loop,38.7555851,-77.1024156,2025-12-27,08:42 AM,eBird - Traveling Count,80,1,1.967,,1
S179913804,Tufted Titmouse,Baeolophus bicolor,22160,X,US-VA,Fairfax,L2914236,Northside Park,38.9119187,-77.2731543,2024-06-07,10:48 AM,eBird - Traveling Count,29,1,1.577,,1
S159175317,Tufted Titmouse,Baeolophus bicolor,22160,X,US-VA,Fairfax,L4138121,Washington & Old Dominion Trail--Vienna Town Green,38.9030318,-77.2646034,2023-12-27,,Historical,,1
S177520765,Tufted Titmouse,Baeolophus bicolor,22160,X,US-MA,Middlesex,L850924,"East Boston Camps, Westford",42.5968182,-71.4438343,2024-05-27,08:10 AM,eBird - Traveling Count,120,0,1.609,,1
S285225977,Black-crested Titmouse,Baeolophus atricristatus,22163,4,US-TX,Hidalgo,L249889,Edinburg Scenic Wetlands WBC (LTC 061),26.2905822,-98.1351909,2025-11-19,12:54 PM,eBird - Traveling Count,90,1,1.609,,9
S285380905,Black-crested Titmouse,Baeolophus atricristatus,22163,2,US-TX,Hidalgo,L259855,Estero Llano Grande SP WBC (LTC 054),26.1268335,-97.9578167,2025-11-20,07:13 AM,eBird - Traveling Count,60,1,.805,,9
S285225745,Black-crested Titmouse,Baeolophus atricristatus,22163,5,US-TX,Hidalgo,L336009,National Butterfly Center--General & area North of Levee,26.1796025,-98.3664483,2025-11-18,01:42 PM,eBird - Traveling Count,90,1,1.207,,9
S285225465,Black-crested Titmouse,Baeolophus atricristatus,22163,5,US-TX,Hidalgo,L21636963,Peculiar Nest Airbnb (restricted access),26.180693,-98.272806,2025-11-18,07:00 AM,eBird - Stationary Count,40,1,,,10,,,,645918823
S285226044,Black-crested Titmouse,Baeolophus atricristatus,22163,2,US-TX,Hidalgo,L1850000,San Juan Wetlands,26.1606244,-98.157516,2025-11-19,12:00 PM,eBird - Traveling Count,22,1,.805,,9
S285226087,Black-crested Titmouse,Baeolophus atricristatus,22163,3,US-TX,Hidalgo,L129085,Santa Ana NWR (LTC 059),26.0813003,-98.1351399,2025-11-19,07:24 AM,eBird - Traveling Count,200,1,2.414,,9
S285225918,Verdin,Auriparus flaviceps,22269,3,US-TX,Hidalgo,L128890,Bentsen-Rio Grande Val. SP WBC (Mission) (LTC 069),26.1796748,-98.3842338,2025-11-18,08:27 AM,eBird - Traveling Count,140,1,1.609,,10
S285226087,Verdin,Auriparus flaviceps,22269,4,US-TX,Hidalgo,L129085,Santa Ana NWR (LTC 059),26.0813003,-98.1351399,2025-11-19,07:24 AM,eBird - Traveling Count,200,1,2.414,,9
S159174918,Verdin,Auriparus flaviceps,22269,X,US-AZ,,L108915,Arizona,34.16973,-111.93299,2024-01-12,,Historical,,1,,,,,,,613666264
S182684618,Eurasian Skylark,Alauda arvensis,22615,X,GB-WLS,Pembrokeshire,L1067540,Skomer Island,51.7374472,-5.2943802,2024-06-20,11:12 AM,eBird - Traveling Count,278,1,7.403,,1
S310759735,Horned Lark,Eremophila alpestris,22710,2,US-WA,Kittitas,L4631645,Quilomene Wildlife Area--East Entrance,46.9592845,-120.1404279,2026-03-19,01:31 PM,eBird - Traveling Count,50,1,.913,,1,,,,653396251 653396252
S371256974,Bank Swallow,Riparia riparia,24051,1,US-WA,Snohomish,L4444849,Riverview Wildlife Refuge / Snohomish Wastewater Treatment Plant,47.9165434,-122.1100652,2026-07-12,07:30 AM,eBird - Traveling Count,139,1,1.581,,1
S356765363,Tree Swallow,Tachycineta bicolor,24064,1,US-CA,Alameda,L8307665,Albany State Marine Reserve,37.8893242,-122.3151134,2026-06-13,07:48 AM,eBird - Traveling Count,99,1,2.71,,1
S324301943,Tree Swallow,Tachycineta bicolor,24064,2,US-WA,Clallam,L17270540,Dungeness River Dike Trail,48.1411863,-123.129295,2026-04-19,08:22 AM,eBird - Traveling Count,194,1,1.115,,1
S324402551,Tree Swallow,Tachycineta bicolor,24064,3,US-WA,Clallam,L265438,Three Crabs,48.151945,-123.1222855,2026-04-19,02:15 PM,eBird - Traveling Count,74,1,.389,,1,,,,655400063
S180573811,Tree Swallow,Tachycineta bicolor,24064,X,US-VA,Fairfax,L718525,**HUNTLEY MEADOWS PARK,38.7576451,-77.0984124,2024-06-10,07:09 AM,eBird - Traveling Count,148,1,3.203,,1
S311113230,Tree Swallow,Tachycineta bicolor,24064,10,US-WA,Grant,L1678863,Potholes Reservoir--south half,46.991357,-119.3181243,2026-03-20,10:58 AM,eBird - Traveling Count,156,1,20.014,,1,,,,653396616
S310816477,Tree Swallow,Tachycineta bicolor,24064,5,US-WA,Grant,L265765,Potholes SP,46.9809077,-119.3508177,2026-03-19,05:47 PM,eBird - Traveling Count,24,1,.898,,1,,,,653396467
S310993075,Tree Swallow,Tachycineta bicolor,24064,10,US-WA,Grant,L265765,Potholes SP,46.9809077,-119.3508177,2026-03-20,08:05 AM,eBird - Stationary Count,20,1,,,1
S311476924,Tree Swallow,Tachycineta bicolor,24064,15,US-WA,Grant,L265765,Potholes SP,46.9809077,-119.3508177,2026-03-21,07:59 AM,eBird - Traveling Count,60,1,1.61,,1,,,,653396863 653396864
S342994543,Tree Swallow,Tachycineta bicolor,24064,5,US-WA,King,L163354,Green Lake,47.6783945,-122.3382464,2026-05-20,09:01 AM,eBird - Traveling Count,222,1,4.611,,1,,,,658004521
S175815092,Tree Swallow,Tachycineta bicolor,24064,X,US-WA,King,L162766,Union Bay Natural Area/Montlake Fill,47.65424,-122.29137,2024-05-19,08:00 AM,eBird - Traveling Count,150,1,3.219,,1
S177789951,Tree Swallow,Tachycineta bicolor,24064,X,US-WA,King,L162766,Union Bay Natural Area/Montlake Fill,47.65424,-122.29137,2024-05-28,05:50 AM,eBird - Traveling Count,68,1,2.704,,1
S179154810,Tree Swallow,Tachycineta bicolor,24064,X,US-WA,King,L162766,Union Bay Natural Area/Montlake Fill,47.65424,-122.29137,2024-06-03,05:47 AM,eBird - Traveling Count,116,1,5.053,,1
S183862008,Tree Swallow,Tachycineta bicolor,24064,X,US-WA,King,L162766,Union Bay Natural Area/Montlake Fill,47.65424,-122.29137,2024-06-26,06:10 AM,eBird - Traveling Count,109,1,4.812,,1
S305068426,Tree Swallow,Tachycineta bicolor,24064,2,US-WA,King,L162766,Union Bay Natural Area/Montlake Fill,47.65424,-122.29137,2026-03-01,06:45 AM,eBird - Traveling Count,215,1,3.562,,1,,,,651953767
S307285086,Tree Swallow,Tachycineta bicolor,24064,10,US-WA,King,L162766,Union Bay Natural Area/Montlake Fill,47.65424,-122.29137,2026-03-08,07:52 AM,eBird - Traveling Count,130,1,3.898,,1
S309534495,Tree Swallow,Tachycineta bicolor,24064,5,US-WA,King,L162766,Union Bay Natural Area/Montlake Fill,47.65424,-122.29137,2026-03-15,08:45 AM,eBird - Traveling Count,93,1,2.076,,1
S317515997,Tree Swallow,Tachycineta bicolor,24064,4,US-WA,King,L162766,Union Bay Natural Area/Montlake Fill,47.65424,-122.29137,2026-04-05,10:27 AM,eBird - Traveling Count,191,1,2.366,,1
S320771289,Tree Swallow,Tachycineta bicolor,24064,10,US-WA,King,L162766,Union Bay Natural Area/Montlake Fill,47.65424,-122.29137,2026-04-12,07:20 AM,eBird - Traveling Count,190,1,3.623,,1
S326594442,Tree Swallow,Tachycineta bicolor,24064,10,US-WA,King,L162766,Union Bay Natural Area/Montlake Fill,47.65424,-122.29137,2026-04-24,06:55 AM,eBird - Traveling Count,222,1,2.992,,1,,,,655747577
S334002351,Tree Swallow,Tachycineta bicolor,24064,2,US-WA,King,L162766,Union Bay Natural Area/Montlake Fill,47.65424,-122.29137,2026-05-07,06:22 AM,eBird - Traveling Count,64,1,.721,,1
S336459661,Tree Swallow,Tachycineta bicolor,24064,4,US-WA,King,L162766,Union Bay Natural Area/Montlake Fill,47.65424,-122.29137,2026-05-10,06:04 AM,eBird - Traveling Count,165,1,2.998,,1,,,,657099630 657099631
S339377883,Tree Swallow,Tachycineta bicolor,24064,2,US-WA,King,L162766,Union Bay Natural Area/Montlake Fill,47.65424,-122.29137,2026-05-15,06:24 AM,eBird - Traveling Count,131,1,2.121,,1
S342868105,Tree Swallow,Tachycineta bicolor,24064,10,US-WA,King,L162766,Union Bay Natural Area/Montlake Fill,47.65424,-122.29137,2026-05-20,06:19 AM,eBird - Traveling Count,134,1,3.112,,1,,,,658002423 658002424
S347722254,Tree Swallow,Tachycineta bicolor,24064,1,US-WA,King,L162766,Union Bay Natural Area/Montlake Fill,47.65424,-122.29137,2026-05-27,05:41 AM,eBird - Traveling Count,137,1,3.085,,1,,,,658541887
S359192903,Tree Swallow,Tachycineta bicolor,24064,1,US-WA,King,L162766,Union Bay Natural Area/Montlake Fill,47.65424,-122.29137,2026-06-18,08:29 AM,eBird - Traveling Count,72,1,2.496,,1
S374368808,Tree Swallow,Tachycineta bicolor,24064,6,US-WA,King,L162766,Union Bay Natural Area/Montlake Fill,47.65424,-122.29137,2026-07-20,05:31 AM,eBird - Traveling Count,90,1,2.509,,1,,,,661662237 661662238 661662239 661662240
S331219104,Tree Swallow,Tachycineta bicolor,24064,2,US-WA,Pacific,L803299,Cedar River (Pacific Co.),46.7400371,-123.9751339,2026-05-02,09:45 AM,eBird - Traveling Count,60,1,.577,,1
S170170610,Tree Swallow,Tachycineta bicolor,24064,X,US-WA,San Juan,L9267425,"Cascade Lake--south end campsites, Orcas Island",48.6458967,-122.8474903,2024-04-13,,Historical,,1
S319751834,Tree Swallow,Tachycineta bicolor,24064,4,US-WA,Skagit,L476174,Skagit Wildlife Area--Wiley Slough,48.3246351,-122.3741287,2026-04-10,09:30 AM,eBird - Traveling Count,229,1,2.012,,3,,,,654685521 654685522 654685523
S327420532,Tree Swallow,Tachycineta bicolor,24064,2,US-WA,Snohomish,L63945150,"43rd Avenue Southeast, Everett, Washington, US (47.977, -122.174)",47.9765267,-122.1744969,2026-04-25,03:51 PM,eBird - Traveling Count,24,1,.435,,1
S379333332,Tree Swallow,Tachycineta bicolor,24064,20,US-WA,Snohomish,L950776,Big Four Ice Caves,48.0651548,-121.5151566,2026-08-02,07:25 AM,eBird - Traveling Count,329,1,2.7,,1,,,,662363324 662363325 662363326
S319608405,Tree Swallow,Tachycineta bicolor,24064,1,US-WA,Snohomish,L374380,Edmonds Marsh,47.8085287,-122.3864508,2026-04-10,07:23 AM,eBird - Traveling Count,27,1,.117,,1,,,,654685160
S304355760,Tree Swallow,Tachycineta bicolor,24064,3,US-WA,Snohomish,L343338,Everett Sewage Lagoons,47.9988889,-122.17,2026-02-27,08:39 AM,eBird - Traveling Count,230,1,4.811,,1,,,,651820819
S327075826,Tree Swallow,Tachycineta bicolor,24064,2,US-WA,Snohomish,L343338,Everett Sewage Lagoons,47.9988889,-122.17,2026-04-25,06:23 AM,eBird - Traveling Count,47,1,.919,,1
S346491426,Tree Swallow,Tachycineta bicolor,24064,1,US-WA,Snohomish,L4756268,Field's Riffle,47.9166297,-122.1268988,2026-05-25,07:11 AM,eBird - Traveling Count,177,1,1.517,,1
S375605391,Tree Swallow,Tachycineta bicolor,24064,5,US-WA,Snohomish,L343249,Stanwood Water Treatment Plant,48.2377017,-122.3611822,2026-07-23,02:41 PM,eBird - Traveling Count,163,1,.511,,1,,,,661835253
S376877165,Tree Swallow,Tachycineta bicolor,24064,X,US-WA,Snohomish,L343249,Stanwood Water Treatment Plant,48.2377017,-122.3611822,2026-07-26,07:23 PM,eBird - Traveling Count,88,1,.235,,1
S332089254,Tree Swallow,Tachycineta bicolor,24064,5,US-WA,Thurston,L282253,Billy Frank Jr. Nisqually NWR,47.0812514,-122.7180576,2026-05-03,10:49 AM,eBird - Traveling Count,191,1,4.362,,1
S324301943,Violet-green Swallow,Tachycineta thalassina,24074,4,US-WA,Clallam,L17270540,Dungeness River Dike Trail,48.1411863,-123.129295,2026-04-19,08:22 AM,eBird - Traveling Count,194,1,1.115,,1,,,,655400335
S323667024,Violet-green Swallow,Tachycineta thalassina,24074,1,US-WA,Clallam,L190512,Ediz Hook,48.14035,-123.44711,2026-04-18,08:22 AM,eBird - Traveling Count,154,1,4.076,,1
S323789056,Violet-green Swallow,Tachycineta thalassina,24074,3,US-WA,Clallam,L894831,Freshwater Bay,48.1461024,-123.6414242,2026-04-18,02:00 PM,eBird - Traveling Count,75,1,.617,,1
S323134294,Violet-green Swallow,Tachycineta thalassina,24074,1,US-WA,Clallam,L6125771,Jamestown S'Klallam Tribe Center,48.0252673,-122.9962617,2026-04-17,01:14 PM,eBird - Traveling Count,73,1,1.266,,1
S358739900,Violet-green Swallow,Tachycineta thalassina,24074,5,US-OR,Deschutes,L564147,Smith Rock SP,44.3669375,-121.1371851,2026-06-17,07:36 AM,eBird - Traveling Count,51,1,1.188,,1
S311613054,Violet-green Swallow,Tachycineta thalassina,24074,10,US-WA,Franklin,L1518478,Wahluke Wildlife Area-White Bluffs Viewpoint,46.6314315,-119.3975395,2026-03-21,12:43 PM,eBird - Traveling Count,46,1,2.26,,1
S330467906,Violet-green Swallow,Tachycineta thalassina,24074,5,US-WA,Grays Harbor,L1158826,Chance A La Mer SP,47.0127422,-124.1698837,2026-05-01,08:36 AM,eBird - Traveling Count,46,1,.524,,1
S330084156,Violet-green Swallow,Tachycineta thalassina,24074,X,US-WA,Grays Harbor,L276426,Grays Harbor NWR (Bowerman Basin),46.9731644,-123.9436064,2026-04-30,02:47 PM,eBird - Traveling Count,104,1,1.512,,1,,,,656534485
S330540594,Violet-green Swallow,Tachycineta thalassina,24074,2,US-WA,Grays Harbor,L43806903,Ocean Shores STP,46.931967,-124.1580575,2026-05-01,10:45 AM,eBird - Traveling Count,31,1,.413,,1
S330624973,Violet-green Swallow,Tachycineta thalassina,24074,X,US-WA,Grays Harbor,L269804,Ocean Shores--Bill's Spit,46.9648907,-124.1339435,2026-05-01,01:44 PM,eBird - Traveling Count,36,1,.234,,1
S174147151,Violet-green Swallow,Tachycineta thalassina,24074,X,US-WA,Jefferson,L249781,Fort Flagler SP,48.0960511,-122.7139785,2024-05-11,12:00 AM,Historical,,1,,,1
S349638499,Violet-green Swallow,Tachycineta thalassina,24074,5,US-WA,Jefferson,L249781,Fort Flagler SP,48.0960511,-122.7139785,2026-05-30,08:52 AM,eBird - Traveling Count,197,1,8.735,,1
S349492168,Violet-green Swallow,Tachycineta thalassina,24074,5,US-WA,Jefferson,L812287,Fort Flagler SP - Campground/Beach,48.0938751,-122.7226067,2026-05-30,05:59 AM,eBird - Traveling Count,160,1,1.696,,1,,,,658831924 658831925 658831927
S230488049,Violet-green Swallow,Tachycineta thalassina,24074,X,US-WA,Jefferson,L292851,Fort Worden SP,48.1408906,-122.7680969,2025-04-27,,Historical,,1
S345782350,Violet-green Swallow,Tachycineta thalassina,24074,4,US-WA,King,L128530,Discovery Park,47.663868,-122.4215317,2026-05-24,10:09 AM,eBird - Traveling Count,196,1,3.615,,1
S328030718,Violet-green Swallow,Tachycineta thalassina,24074,2,US-WA,King,L1924233,Discovery Park--South Meadow,47.655213,-122.4141312,2026-04-26,10:00 AM,eBird - Traveling Count,112,1,1.914,,15
S342994543,Violet-green Swallow,Tachycineta thalassina,24074,10,US-WA,King,L163354,Green Lake,47.6783945,-122.3382464,2026-05-20,09:01 AM,eBird - Traveling Count,222,1,4.611,,1
S245777966,Violet-green Swallow,Tachycineta thalassina,24074,X,US-WA,King,L208659,Hiram M. Chittenden Ballard Locks,47.6653579,-122.3974647,2025-05-31,,Historical,,1
S339377883,Violet-green Swallow,Tachycineta thalassina,24074,6,US-WA,King,L162766,Union Bay Natural Area/Montlake Fill,47.65424,-122.29137,2026-05-15,06:24 AM,eBird - Traveling Count,131,1,2.121,,1
S374368808,Violet-green Swallow,Tachycineta thalassina,24074,1,US-WA,King,L162766,Union Bay Natural Area/Montlake Fill,47.65424,-122.29137,2026-07-20,05:31 AM,eBird - Traveling Count,90,1,2.509,,1
S350375761,Violet-green Swallow,Tachycineta thalassina,24074,1,US-WA,Kitsap,L109542,Point No Point,47.9118696,-122.5283182,2026-05-31,10:28 AM,eBird - Traveling Count,63,1,1.052,,1
S331099224,Violet-green Swallow,Tachycineta thalassina,24074,1,US-WA,Pacific,L682593,Grayland Beach State Park,46.7880721,-124.0941381,2026-05-02,06:57 AM,eBird - Traveling Count,87,1,2.2,,1
S170170610,Violet-green Swallow,Tachycineta thalassina,24074,X,US-WA,San Juan,L9267425,"Cascade Lake--south end campsites, Orcas Island",48.6458967,-122.8474903,2024-04-13,,Historical,,1
S319608405,Violet-green Swallow,Tachycineta thalassina,24074,4,US-WA,Snohomish,L374380,Edmonds Marsh,47.8085287,-122.3864508,2026-04-10,07:23 AM,eBird - Traveling Count,27,1,.117,,1,,,,654685167
S371256974,Violet-green Swallow,Tachycineta thalassina,24074,1,US-WA,Snohomish,L4444849,Riverview Wildlife Refuge / Snohomish Wastewater Treatment Plant,47.9165434,-122.1100652,2026-07-12,07:30 AM,eBird - Traveling Count,139,1,1.581,,1
S332089254,Violet-green Swallow,Tachycineta thalassina,24074,1,US-WA,Thurston,L282253,Billy Frank Jr. Nisqually NWR,47.0812514,-122.7180576,2026-05-03,10:49 AM,eBird - Traveling Count,191,1,4.362,,1
S324402551,Purple Martin,Progne subis,24081,4,US-WA,Clallam,L265438,Three Crabs,48.151945,-123.1222855,2026-04-19,02:15 PM,eBird - Traveling Count,74,1,.389,,1
S245777966,Purple Martin,Progne subis,24081,X,US-WA,King,L208659,Hiram M. Chittenden Ballard Locks,47.6653579,-122.3974647,2025-05-31,,Historical,,1
S326594442,Purple Martin,Progne subis,24081,4,US-WA,King,L162766,Union Bay Natural Area/Montlake Fill,47.65424,-122.29137,2026-04-24,06:55 AM,eBird - Traveling Count,222,1,2.992,,1,,,,655747586
S333055230,Purple Martin,Progne subis,24081,4,US-WA,King,L162766,Union Bay Natural Area/Montlake Fill,47.65424,-122.29137,2026-05-05,05:54 AM,eBird - Traveling Count,113,1,2.301,,1
S336459661,Purple Martin,Progne subis,24081,10,US-WA,King,L162766,Union Bay Natural Area/Montlake Fill,47.65424,-122.29137,2026-05-10,06:04 AM,eBird - Traveling Count,165,1,2.998,,1,,,,657099634
S339377883,Purple Martin,Progne subis,24081,4,US-WA,King,L162766,Union Bay Natural Area/Montlake Fill,47.65424,-122.29137,2026-05-15,06:24 AM,eBird - Traveling Count,131,1,2.121,,1
S342868105,Purple Martin,Progne subis,24081,7,US-WA,King,L162766,Union Bay Natural Area/Montlake Fill,47.65424,-122.29137,2026-05-20,06:19 AM,eBird - Traveling Count,134,1,3.112,,1,,,,658002428
S347722254,Purple Martin,Progne subis,24081,8,US-WA,King,L162766,Union Bay Natural Area/Montlake Fill,47.65424,-122.29137,2026-05-27,05:41 AM,eBird - Traveling Count,137,1,3.085,,1,,,,658541899 658541900
S359192903,Purple Martin,Progne subis,24081,10,US-WA,King,L162766,Union Bay Natural Area/Montlake Fill,47.65424,-122.29137,2026-06-18,08:29 AM,eBird - Traveling Count,72,1,2.496,,1
S216534367,Caribbean Martin,Progne dominicensis,24088,X,AG-,,L3680262,Antigua and Barbuda,17.2705798,-61.7982655,2025-02-28,,Historical,,1
S216534184,Caribbean Martin,Progne dominicensis,24088,X,DM-,,L3821759,Dominica,15.4345023,-61.3499744,2025-02-27,,Historical,,1
S324301943,Northern Rough-winged Swallow,Stelgidopteryx serripennis,24106,1,US-WA,Clallam,L17270540,Dungeness River Dike Trail,48.1411863,-123.129295,2026-04-19,08:22 AM,eBird - Traveling Count,194,1,1.115,,1
S323789056,Northern Rough-winged Swallow,Stelgidopteryx serripennis,24106,2,US-WA,Clallam,L894831,Freshwater Bay,48.1461024,-123.6414242,2026-04-18,02:00 PM,eBird - Traveling Count,75,1,.617,,1,,,,655400432
S180573811,Northern Rough-winged Swallow,Stelgidopteryx serripennis,24106,X,US-VA,Fairfax,L718525,**HUNTLEY MEADOWS PARK,38.7576451,-77.0984124,2024-06-10,07:09 AM,eBird - Traveling Count,148,1,3.203,,1
S174147151,Northern Rough-winged Swallow,Stelgidopteryx serripennis,24106,X,US-WA,Jefferson,L249781,Fort Flagler SP,48.0960511,-122.7139785,2024-05-11,12:00 AM,Historical,,1,,,1
S349638499,Northern Rough-winged Swallow,Stelgidopteryx serripennis,24106,2,US-WA,Jefferson,L249781,Fort Flagler SP,48.0960511,-122.7139785,2026-05-30,08:52 AM,eBird - Traveling Count,197,1,8.735,,1,,,,658831863
S349492168,Northern Rough-winged Swallow,Stelgidopteryx serripennis,24106,2,US-WA,Jefferson,L812287,Fort Flagler SP - Campground/Beach,48.0938751,-122.7226067,2026-05-30,05:59 AM,eBird - Traveling Count,160,1,1.696,,1,,,,658831947
S356230112,Barn Swallow,Hirundo rustica,24187,1,US-CA,Alameda,L285281,Cesar Chavez Park,37.8709227,-122.3150389,2026-06-12,07:05 AM,eBird - Traveling Count,99,1,4.,,1
S324366340,Barn Swallow,Hirundo rustica,24187,1,US-WA,Clallam,L828590,Dungeness Landing Park/Oyster House,48.1514639,-123.143456,2026-04-19,12:52 PM,eBird - Stationary Count,65,1,,,1
S323667024,Barn Swallow,Hirundo rustica,24187,2,US-WA,Clallam,L190512,Ediz Hook,48.14035,-123.44711,2026-04-18,08:22 AM,eBird - Traveling Count,154,1,4.076,,1
S323134294,Barn Swallow,Hirundo rustica,24187,1,US-WA,Clallam,L6125771,Jamestown S'Klallam Tribe Center,48.0252673,-122.9962617,2026-04-17,01:14 PM,eBird - Traveling Count,73,1,1.266,,1
S324402551,Barn Swallow,Hirundo rustica,24187,2,US-WA,Clallam,L265438,Three Crabs,48.151945,-123.1222855,2026-04-19,02:15 PM,eBird - Traveling Count,74,1,.389,,1,,,,655400059
S180573811,Barn Swallow,Hirundo rustica,24187,X,US-VA,Fairfax,L718525,**HUNTLEY MEADOWS PARK,38.7576451,-77.0984124,2024-06-10,07:09 AM,eBird - Traveling Count,148,1,3.203,,1
S331419171,Barn Swallow,Hirundo rustica,24187,2,US-WA,Grays Harbor,L268372,Bottle Beach State Park,46.893277,-124.0468136,2026-05-02,03:04 PM,eBird - Traveling Count,112,1,1.449,,1
S330084156,Barn Swallow,Hirundo rustica,24187,X,US-WA,Grays Harbor,L276426,Grays Harbor NWR (Bowerman Basin),46.9731644,-123.9436064,2026-04-30,02:47 PM,eBird - Traveling Count,104,1,1.512,,1,,,,656534496
S330412083,Barn Swallow,Hirundo rustica,24187,1,US-WA,Grays Harbor,L264861,Hoquiam STP,46.9732093,-123.9165354,2026-05-01,07:22 AM,eBird - Traveling Count,35,1,.098,,1
S330540594,Barn Swallow,Hirundo rustica,24187,X,US-WA,Grays Harbor,L43806903,Ocean Shores STP,46.931967,-124.1580575,2026-05-01,10:45 AM,eBird - Traveling Count,31,1,.413,,1
S330624973,Barn Swallow,Hirundo rustica,24187,X,US-WA,Grays Harbor,L269804,Ocean Shores--Bill's Spit,46.9648907,-124.1339435,2026-05-01,01:44 PM,eBird - Traveling Count,36,1,.234,,1
S330597903,Barn Swallow,Hirundo rustica,24187,X,US-WA,Grays Harbor,L109535,Ocean Shores--Oyhut Wildlife Area,46.9444663,-124.1522412,2026-05-01,12:06 PM,eBird - Traveling Count,63,1,.63,,1
S331882311,Barn Swallow,Hirundo rustica,24187,3,US-WA,Grays Harbor,L1875831,Westhaven SP,46.9011251,-124.1268446,2026-05-03,07:27 AM,eBird - Traveling Count,99,1,1.733,,1
S174147151,Barn Swallow,Hirundo rustica,24187,X,US-WA,Jefferson,L249781,Fort Flagler SP,48.0960511,-122.7139785,2024-05-11,12:00 AM,Historical,,1,,,1
S349638499,Barn Swallow,Hirundo rustica,24187,13,US-WA,Jefferson,L249781,Fort Flagler SP,48.0960511,-122.7139785,2026-05-30,08:52 AM,eBird - Traveling Count,197,1,8.735,,1,,,,658831867
S349492168,Barn Swallow,Hirundo rustica,24187,3,US-WA,Jefferson,L812287,Fort Flagler SP - Campground/Beach,48.0938751,-122.7226067,2026-05-30,05:59 AM,eBird - Traveling Count,160,1,1.696,,1
S230488049,Barn Swallow,Hirundo rustica,24187,X,US-WA,Jefferson,L292851,Fort Worden SP,48.1408906,-122.7680969,2025-04-27,,Historical,,1
S380906489,Barn Swallow,Hirundo rustica,24187,12,US-WA,King,L267071,Frager Rd. (north),47.418883,-122.2678757,2026-08-07,09:32 AM,eBird - Traveling Count,176,1,2.644,,1
S342994543,Barn Swallow,Hirundo rustica,24187,10,US-WA,King,L163354,Green Lake,47.6783945,-122.3382464,2026-05-20,09:01 AM,eBird - Traveling Count,222,1,4.611,,1
S245777966,Barn Swallow,Hirundo rustica,24187,X,US-WA,King,L208659,Hiram M. Chittenden Ballard Locks,47.6653579,-122.3974647,2025-05-31,,Historical,,1
S191250464,Barn Swallow,Hirundo rustica,24187,X,US-WA,King,L162766,Union Bay Natural Area/Montlake Fill,47.65424,-122.29137,2024-08-12,05:40 PM,eBird - Traveling Count,53,1,2.639,,1
S305068426,Barn Swallow,Hirundo rustica,24187,1,US-WA,King,L162766,Union Bay Natural Area/Montlake Fill,47.65424,-122.29137,2026-03-01,06:45 AM,eBird - Traveling Count,215,1,3.562,,1,,,,651953398
S336459661,Barn Swallow,Hirundo rustica,24187,1,US-WA,King,L162766,Union Bay Natural Area/Montlake Fill,47.65424,-122.29137,2026-05-10,06:04 AM,eBird - Traveling Count,165,1,2.998,,1
S339377883,Barn Swallow,Hirundo rustica,24187,5,US-WA,King,L162766,Union Bay Natural Area/Montlake Fill,47.65424,-122.29137,2026-05-15,06:24 AM,eBird - Traveling Count,131,1,2.121,,1,,,,657542493
S342868105,Barn Swallow,Hirundo rustica,24187,6,US-WA,King,L162766,Union Bay Natural Area/Montlake Fill,47.65424,-122.29137,2026-05-20,06:19 AM,eBird - Traveling Count,134,1,3.112,,1,,,,658002443 658002446 658002456
S347722254,Barn Swallow,Hirundo rustica,24187,4,US-WA,King,L162766,Union Bay Natural Area/Montlake Fill,47.65424,-122.29137,2026-05-27,05:41 AM,eBird - Traveling Count,137,1,3.085,,1,,,,658541902
S374368808,Barn Swallow,Hirundo rustica,24187,2,US-WA,King,L162766,Union Bay Natural Area/Montlake Fill,47.65424,-122.29137,2026-07-20,05:31 AM,eBird - Traveling Count,90,1,2.509,,1
S350375761,Barn Swallow,Hirundo rustica,24187,7,US-WA,Kitsap,L109542,Point No Point,47.9118696,-122.5283182,2026-05-31,10:28 AM,eBird - Traveling Count,63,1,1.052,,1
S331219104,Barn Swallow,Hirundo rustica,24187,2,US-WA,Pacific,L803299,Cedar River (Pacific Co.),46.7400371,-123.9751339,2026-05-02,09:45 AM,eBird - Traveling Count,60,1,.577,,1
S331300190,Barn Swallow,Hirundo rustica,24187,8,US-WA,Pacific,L787853,Tokeland--marina,46.7063518,-123.9671946,2026-05-02,11:23 AM,eBird - Traveling Count,81,1,.629,,1,,,,656534924
S182684618,Barn Swallow,Hirundo rustica,24187,X,GB-WLS,Pembrokeshire,L1067540,Skomer Island,51.7374472,-5.2943802,2024-06-20,11:12 AM,eBird - Traveling Count,278,1,7.403,,1
S319751834,Barn Swallow,Hirundo rustica,24187,3,US-WA,Skagit,L476174,Skagit Wildlife Area--Wiley Slough,48.3246351,-122.3741287,2026-04-10,09:30 AM,eBird - Traveling Count,229,1,2.012,,3,,,,654685577
S319608405,Barn Swallow,Hirundo rustica,24187,1,US-WA,Snohomish,L374380,Edmonds Marsh,47.8085287,-122.3864508,2026-04-10,07:23 AM,eBird - Traveling Count,27,1,.117,,1
S327075826,Barn Swallow,Hirundo rustica,24187,3,US-WA,Snohomish,L343338,Everett Sewage Lagoons,47.9988889,-122.17,2026-04-25,06:23 AM,eBird - Traveling Count,47,1,.919,,1
S346491426,Barn Swallow,Hirundo rustica,24187,4,US-WA,Snohomish,L4756268,Field's Riffle,47.9166297,-122.1268988,2026-05-25,07:11 AM,eBird - Traveling Count,177,1,1.517,,1
S327403524,Barn Swallow,Hirundo rustica,24187,3,US-WA,Snohomish,L2410089,"Home Acres Rd, Everett",47.9581889,-122.1737838,2026-04-25,03:16 PM,eBird - Stationary Count,20,1,,,1
S371256974,Barn Swallow,Hirundo rustica,24187,5,US-WA,Snohomish,L4444849,Riverview Wildlife Refuge / Snohomish Wastewater Treatment Plant,47.9165434,-122.1100652,2026-07-12,07:30 AM,eBird - Traveling Count,139,1,1.581,,1
S375605391,Barn Swallow,Hirundo rustica,24187,5,US-WA,Snohomish,L343249,Stanwood Water Treatment Plant,48.2377017,-122.3611822,2026-07-23,02:41 PM,eBird - Traveling Count,163,1,.511,,1
S376877165,Barn Swallow,Hirundo rustica,24187,X,US-WA,Snohomish,L343249,Stanwood Water Treatment Plant,48.2377017,-122.3611822,2026-07-26,07:23 PM,eBird - Traveling Count,88,1,.235,,1
S332089254,Barn Swallow,Hirundo rustica,24187,10,US-WA,Thurston,L282253,Billy Frank Jr. Nisqually NWR,47.0812514,-122.7180576,2026-05-03,10:49 AM,eBird - Traveling Count,191,1,4.362,,1,,,,656515974
S260179410,Western House-Martin,Delichon urbicum,24214,X,CH-SG,,L20747299,Wenigerweiher,47.4181583,9.4133266,2025-07-14,,Historical,,0
S356765363,Cliff Swallow,Petrochelidon pyrrhonota,24281,1,US-CA,Alameda,L8307665,Albany State Marine Reserve,37.8893242,-122.3151134,2026-06-13,07:48 AM,eBird - Traveling Count,99,1,2.71,,1
S330084156,Cliff Swallow,Petrochelidon pyrrhonota,24281,X,US-WA,Grays Harbor,L276426,Grays Harbor NWR (Bowerman Basin),46.9731644,-123.9436064,2026-04-30,02:47 PM,eBird - Traveling Count,104,1,1.512,,1
S174147151,Cliff Swallow,Petrochelidon pyrrhonota,24281,X,US-WA,Jefferson,L249781,Fort Flagler SP,48.0960511,-122.7139785,2024-05-11,12:00 AM,Historical,,1,,,1
S349638499,Cliff Swallow,Petrochelidon pyrrhonota,24281,3,US-WA,Jefferson,L249781,Fort Flagler SP,48.0960511,-122.7139785,2026-05-30,08:52 AM,eBird - Traveling Count,197,1,8.735,,1
S342994543,Cliff Swallow,Petrochelidon pyrrhonota,24281,5,US-WA,King,L163354,Green Lake,47.6783945,-122.3382464,2026-05-20,09:01 AM,eBird - Traveling Count,222,1,4.611,,1,,,,658004505 658004508
S331300190,Cliff Swallow,Petrochelidon pyrrhonota,24281,3,US-WA,Pacific,L787853,Tokeland--marina,46.7063518,-123.9671946,2026-05-02,11:23 AM,eBird - Traveling Count,81,1,.629,,1
S327075826,Cliff Swallow,Petrochelidon pyrrhonota,24281,5,US-WA,Snohomish,L343338,Everett Sewage Lagoons,47.9988889,-122.17,2026-04-25,06:23 AM,eBird - Traveling Count,47,1,.919,,1
S371256974,Cliff Swallow,Petrochelidon pyrrhonota,24281,1,US-WA,Snohomish,L4444849,Riverview Wildlife Refuge / Snohomish Wastewater Treatment Plant,47.9165434,-122.1100652,2026-07-12,07:30 AM,eBird - Traveling Count,139,1,1.581,,1
S332089254,Cliff Swallow,Petrochelidon pyrrhonota,24281,20,US-WA,Thurston,L282253,Billy Frank Jr. Nisqually NWR,47.0812514,-122.7180576,2026-05-03,10:49 AM,eBird - Traveling Count,191,1,4.362,,1,,,,656515984 656515987 656515988
S285226087,Cave Swallow,Petrochelidon fulva,24289,70,US-TX,Hidalgo,L129085,Santa Ana NWR (LTC 059),26.0813003,-98.1351399,2025-11-19,07:24 AM,eBird - Traveling Count,200,1,2.414,,9,,,,645919870
S356230112,swallow sp.,Hirundinidae sp.,24305,5,US-CA,Alameda,L285281,Cesar Chavez Park,37.8709227,-122.3150389,2026-06-12,07:05 AM,eBird - Traveling Count,99,1,4.,,1
S339377883,swallow sp.,Hirundinidae sp.,24305,30,US-WA,King,L162766,Union Bay Natural Area/Montlake Fill,47.65424,-122.29137,2026-05-15,06:24 AM,eBird - Traveling Count,131,1,2.121,,1
S342868105,swallow sp.,Hirundinidae sp.,24305,30,US-WA,King,L162766,Union Bay Natural Area/Montlake Fill,47.65424,-122.29137,2026-05-20,06:19 AM,eBird - Traveling Count,134,1,3.112,,1
S347722254,swallow sp.,Hirundinidae sp.,24305,5,US-WA,King,L162766,Union Bay Natural Area/Montlake Fill,47.65424,-122.29137,2026-05-27,05:41 AM,eBird - Traveling Count,137,1,3.085,,1
S359192903,swallow sp.,Hirundinidae sp.,24305,10,US-WA,King,L162766,Union Bay Natural Area/Montlake Fill,47.65424,-122.29137,2026-06-18,08:29 AM,eBird - Traveling Count,72,1,2.496,,1
S374368808,swallow sp.,Hirundinidae sp.,24305,10,US-WA,King,L162766,Union Bay Natural Area/Montlake Fill,47.65424,-122.29137,2026-07-20,05:31 AM,eBird - Traveling Count,90,1,2.509,,1
S371256974,swallow sp.,Hirundinidae sp.,24305,40,US-WA,Snohomish,L4444849,Riverview Wildlife Refuge / Snohomish Wastewater Treatment Plant,47.9165434,-122.1100652,2026-07-12,07:30 AM,eBird - Traveling Count,139,1,1.581,,1
S376877165,swallow sp.,Hirundinidae sp.,24305,30,US-WA,Snohomish,L343249,Stanwood Water Treatment Plant,48.2377017,-122.3611822,2026-07-26,07:23 PM,eBird - Traveling Count,88,1,.235,,1
S356765363,Bushtit,Psaltriparus minimus,25253,5,US-CA,Alameda,L8307665,Albany State Marine Reserve,37.8893242,-122.3151134,2026-06-13,07:48 AM,eBird - Traveling Count,99,1,2.71,,1,,,,659894588
S324301943,Bushtit,Psaltriparus minimus,25253,3,US-WA,Clallam,L17270540,Dungeness River Dike Trail,48.1411863,-123.129295,2026-04-19,08:22 AM,eBird - Traveling Count,194,1,1.115,,1
S174147151,Bushtit,Psaltriparus minimus,25253,X,US-WA,Jefferson,L249781,Fort Flagler SP,48.0960511,-122.7139785,2024-05-11,12:00 AM,Historical,,1,,,1
S380834342,Bushtit,Psaltriparus minimus,25253,5,US-WA,King,L75171900,"6712 7th Avenue Northwest, Seattle, Washington, US (47.678, -122.364)",47.6781886,-122.364423,2026-08-07,07:52 AM,eBird - Traveling Count,36,1,.767,,1
S292188218,Bushtit,Psaltriparus minimus,25253,X,US-WA,King,L56788131,900 Block NW 64th,47.6754497,-122.3698811,2026-01-03,11:54 AM,eBird - Stationary Count,10,1,,,1
S294797995,Bushtit,Psaltriparus minimus,25253,X,US-WA,King,L128530,Discovery Park,47.663868,-122.4215317,2026-01-17,11:29 AM,eBird - Traveling Count,165,1,5.954,,1
S309580927,Bushtit,Psaltriparus minimus,25253,1,US-WA,King,L280267,Foster Island & Marsh Island,47.646592,-122.2909732,2026-03-15,10:53 AM,eBird - Traveling Count,96,1,1.041,,1
S318992308,Bushtit,Psaltriparus minimus,25253,2,US-WA,King,L2692026,Fremont Canal Park,47.6514476,-122.3570377,2026-04-08,08:44 AM,eBird - Traveling Count,15,1,.634,,1
S334650572,Bushtit,Psaltriparus minimus,25253,1,US-WA,King,L2692026,Fremont Canal Park,47.6514476,-122.3570377,2026-05-08,09:19 AM,eBird - Traveling Count,22,1,.739,,1
S305332784,Bushtit,Psaltriparus minimus,25253,10,US-WA,King,L163354,Green Lake,47.6783945,-122.3382464,2026-03-02,06:43 AM,eBird - Traveling Count,67,1,1.847,,1
S342994543,Bushtit,Psaltriparus minimus,25253,4,US-WA,King,L163354,Green Lake,47.6783945,-122.3382464,2026-05-20,09:01 AM,eBird - Traveling Count,222,1,4.611,,1
S348567406,Bushtit,Psaltriparus minimus,25253,3,US-WA,King,L163354,Green Lake,47.6783945,-122.3382464,2026-05-28,06:44 PM,eBird - Traveling Count,29,1,1.323,,1
S245777966,Bushtit,Psaltriparus minimus,25253,X,US-WA,King,L208659,Hiram M. Chittenden Ballard Locks,47.6653579,-122.3974647,2025-05-31,,Historical,,1
S296271926,Bushtit,Psaltriparus minimus,25253,12,US-WA,King,L232479,Juanita Bay Park,47.6981686,-122.2101878,2026-01-25,08:10 AM,eBird - Traveling Count,222,1,1.699,,1,,,,649619959
S306300352,Bushtit,Psaltriparus minimus,25253,5,US-WA,King,L232479,Juanita Bay Park,47.6981686,-122.2101878,2026-03-05,02:46 PM,eBird - Traveling Count,61,1,1.635,,1
S303069344,Bushtit,Psaltriparus minimus,25253,8,US-WA,King,L351484,Marymoor Park,47.6612642,-122.1184109,2026-02-22,06:42 AM,eBird - Traveling Count,176,1,4.108,,1
S175815092,Bushtit,Psaltriparus minimus,25253,X,US-WA,King,L162766,Union Bay Natural Area/Montlake Fill,47.65424,-122.29137,2024-05-19,08:00 AM,eBird - Traveling Count,150,1,3.219,,1
S177789951,Bushtit,Psaltriparus minimus,25253,X,US-WA,King,L162766,Union Bay Natural Area/Montlake Fill,47.65424,-122.29137,2024-05-28,05:50 AM,eBird - Traveling Count,68,1,2.704,,1
S179154810,Bushtit,Psaltriparus minimus,25253,X,US-WA,King,L162766,Union Bay Natural Area/Montlake Fill,47.65424,-122.29137,2024-06-03,05:47 AM,eBird - Traveling Count,116,1,5.053,,1
S295024890,Bushtit,Psaltriparus minimus,25253,2,US-WA,King,L162766,Union Bay Natural Area/Montlake Fill,47.65424,-122.29137,2026-01-18,08:05 AM,eBird - Traveling Count,287,1,2.302,,1
S298942557,Bushtit,Psaltriparus minimus,25253,15,US-WA,King,L162766,Union Bay Natural Area/Montlake Fill,47.65424,-122.29137,2026-02-08,07:30 AM,eBird - Traveling Count,133,1,3.101,,1,,,,650546267
S305068426,Bushtit,Psaltriparus minimus,25253,20,US-WA,King,L162766,Union Bay Natural Area/Montlake Fill,47.65424,-122.29137,2026-03-01,06:45 AM,eBird - Traveling Count,215,1,3.562,,1
S307285086,Bushtit,Psaltriparus minimus,25253,2,US-WA,King,L162766,Union Bay Natural Area/Montlake Fill,47.65424,-122.29137,2026-03-08,07:52 AM,eBird - Traveling Count,130,1,3.898,,1
S309534495,Bushtit,Psaltriparus minimus,25253,3,US-WA,King,L162766,Union Bay Natural Area/Montlake Fill,47.65424,-122.29137,2026-03-15,08:45 AM,eBird - Traveling Count,93,1,2.076,,1
S317515997,Bushtit,Psaltriparus minimus,25253,4,US-WA,King,L162766,Union Bay Natural Area/Montlake Fill,47.65424,-122.29137,2026-04-05,10:27 AM,eBird - Traveling Count,191,1,2.366,,1
S320771289,Bushtit,Psaltriparus minimus,25253,5,US-WA,King,L162766,Union Bay Natural Area/Montlake Fill,47.65424,-122.29137,2026-04-12,07:20 AM,eBird - Traveling Count,190,1,3.623,,1,,,,654861837 654861838
S326594442,Bushtit,Psaltriparus minimus,25253,3,US-WA,King,L162766,Union Bay Natural Area/Montlake Fill,47.65424,-122.29137,2026-04-24,06:55 AM,eBird - Traveling Count,222,1,2.992,,1
S334002351,Bushtit,Psaltriparus minimus,25253,3,US-WA,King,L162766,Union Bay Natural Area/Montlake Fill,47.65424,-122.29137,2026-05-07,06:22 AM,eBird - Traveling Count,64,1,.721,,1
S336459661,Bushtit,Psaltriparus minimus,25253,4,US-WA,King,L162766,Union Bay Natural Area/Montlake Fill,47.65424,-122.29137,2026-05-10,06:04 AM,eBird - Traveling Count,165,1,2.998,,1
S339377883,Bushtit,Psaltriparus minimus,25253,2,US-WA,King,L162766,Union Bay Natural Area/Montlake Fill,47.65424,-122.29137,2026-05-15,06:24 AM,eBird - Traveling Count,131,1,2.121,,1,,,,657542498
S342868105,Bushtit,Psaltriparus minimus,25253,3,US-WA,King,L162766,Union Bay Natural Area/Montlake Fill,47.65424,-122.29137,2026-05-20,06:19 AM,eBird - Traveling Count,134,1,3.112,,1
S347722254,Bushtit,Psaltriparus minimus,25253,2,US-WA,King,L162766,Union Bay Natural Area/Montlake Fill,47.65424,-122.29137,2026-05-27,05:41 AM,eBird - Traveling Count,137,1,3.085,,1
S167616265,Bushtit,Psaltriparus minimus,25253,X,US-WA,King,L165740,Washington Park Arboretum,47.6370819,-122.29574,2024-04-07,08:30 AM,eBird - Traveling Count,180,1,3.219,,15
S304355760,Bushtit,Psaltriparus minimus,25253,1,US-WA,Snohomish,L343338,Everett Sewage Lagoons,47.9988889,-122.17,2026-02-27,08:39 AM,eBird - Traveling Count,230,1,4.811,,1
S314045091,Warbling White-eye,Zosterops japonicus,25630,2,US-HI,Kauai,L469355,Kawai'ele State Waterbird Sanctuary,22.0099791,-159.7679526,2026-03-28,07:36 AM,eBird - Traveling Count,78,1,.732,,1
S313169342,Warbling White-eye,Zosterops japonicus,25630,2,US-HI,Kauai,L1186213,Poʻipū Beach Park,21.87229,-159.4540122,2026-03-25,03:49 PM,eBird - Traveling Count,90,1,3.655,,1
S285380811,Ruby-crowned Kinglet,Corthylio calendula,26844,1,US-TX,Cameron,L283726,South Padre Is.--WBC/Conv. Center/Laguna Madre Trail (LTC 035),26.1400912,-97.1748233,2025-11-20,12:53 PM,eBird - Traveling Count,120,1,1.609,,9
S323789056,Ruby-crowned Kinglet,Corthylio calendula,26844,1,US-WA,Clallam,L894831,Freshwater Bay,48.1461024,-123.6414242,2026-04-18,02:00 PM,eBird - Traveling Count,75,1,.617,,1
S285225918,Ruby-crowned Kinglet,Corthylio calendula,26844,1,US-TX,Hidalgo,L128890,Bentsen-Rio Grande Val. SP WBC (Mission) (LTC 069),26.1796748,-98.3842338,2025-11-18,08:27 AM,eBird - Traveling Count,140,1,1.609,,10
S285225977,Ruby-crowned Kinglet,Corthylio calendula,26844,1,US-TX,Hidalgo,L249889,Edinburg Scenic Wetlands WBC (LTC 061),26.2905822,-98.1351909,2025-11-19,12:54 PM,eBird - Traveling Count,90,1,1.609,,9
S285225465,Ruby-crowned Kinglet,Corthylio calendula,26844,1,US-TX,Hidalgo,L21636963,Peculiar Nest Airbnb (restricted access),26.180693,-98.272806,2025-11-18,07:00 AM,eBird - Stationary Count,40,1,,,10
S295567981,Ruby-crowned Kinglet,Corthylio calendula,26844,1,US-WA,King,L298030,Carkeek Park,47.7126411,-122.377647,2026-01-21,03:54 PM,eBird - Traveling Count,33,1,.583,,1
S299853433,Ruby-crowned Kinglet,Corthylio calendula,26844,1,US-WA,King,L298030,Carkeek Park,47.7126411,-122.377647,2026-02-12,03:26 PM,eBird - Traveling Count,60,1,.608,,1
S302817888,Ruby-crowned Kinglet,Corthylio calendula,26844,1,US-WA,King,L298030,Carkeek Park,47.7126411,-122.377647,2026-02-21,10:55 AM,eBird - Traveling Count,122,1,.648,,1
S309235427,Ruby-crowned Kinglet,Corthylio calendula,26844,1,US-WA,King,L298030,Carkeek Park,47.7126411,-122.377647,2026-03-14,01:56 PM,eBird - Traveling Count,69,1,.697,,1
S307461833,Ruby-crowned Kinglet,Corthylio calendula,26844,2,US-WA,King,L128530,Discovery Park,47.663868,-122.4215317,2026-03-08,03:06 PM,eBird - Traveling Count,152,1,4.489,,1
S296590988,Ruby-crowned Kinglet,Corthylio calendula,26844,1,US-WA,King,L2692026,Fremont Canal Park,47.6514476,-122.3570377,2026-01-27,11:39 AM,eBird - Stationary Count,180,1,,,1
S305332784,Ruby-crowned Kinglet,Corthylio calendula,26844,1,US-WA,King,L163354,Green Lake,47.6783945,-122.3382464,2026-03-02,06:43 AM,eBird - Traveling Count,67,1,1.847,,1
S296271926,Ruby-crowned Kinglet,Corthylio calendula,26844,2,US-WA,King,L232479,Juanita Bay Park,47.6981686,-122.2101878,2026-01-25,08:10 AM,eBird - Traveling Count,222,1,1.699,,1
S301500561,Ruby-crowned Kinglet,Corthylio calendula,26844,1,US-WA,King,L269461,Magnuson Park,47.6815336,-122.2505453,2026-02-16,10:02 AM,eBird - Traveling Count,133,1,2.13,,1
S303069344,Ruby-crowned Kinglet,Corthylio calendula,26844,1,US-WA,King,L351484,Marymoor Park,47.6612642,-122.1184109,2026-02-22,06:42 AM,eBird - Traveling Count,176,1,4.108,,1
S203904796,Ruby-crowned Kinglet,Corthylio calendula,26844,X,US-WA,King,L472642,Meadowbrook Pond,47.7058052,-122.2889256,2024-11-28,01:20 PM,eBird - Traveling Count,31,1,.283,,1
S298942557,Ruby-crowned Kinglet,Corthylio calendula,26844,2,US-WA,King,L162766,Union Bay Natural Area/Montlake Fill,47.65424,-122.29137,2026-02-08,07:30 AM,eBird - Traveling Count,133,1,3.101,,1,,,,650546279 650546280
S309534495,Ruby-crowned Kinglet,Corthylio calendula,26844,1,US-WA,King,L162766,Union Bay Natural Area/Montlake Fill,47.65424,-122.29137,2026-03-15,08:45 AM,eBird - Traveling Count,93,1,2.076,,1
S317515997,Ruby-crowned Kinglet,Corthylio calendula,26844,1,US-WA,King,L162766,Union Bay Natural Area/Montlake Fill,47.65424,-122.29137,2026-04-05,10:27 AM,eBird - Traveling Count,191,1,2.366,,1
S167616265,Ruby-crowned Kinglet,Corthylio calendula,26844,X,US-WA,King,L165740,Washington Park Arboretum,47.6370819,-122.29574,2024-04-07,08:30 AM,eBird - Traveling Count,180,1,3.219,,15
S310774319,Ruby-crowned Kinglet,Corthylio calendula,26844,1,US-WA,Kittitas,L461167,Wanapum SP,46.9005541,-119.9892426,2026-03-19,02:47 PM,eBird - Traveling Count,26,1,1.33,,1
S170170610,Ruby-crowned Kinglet,Corthylio calendula,26844,X,US-WA,San Juan,L9267425,"Cascade Lake--south end campsites, Orcas Island",48.6458967,-122.8474903,2024-04-13,,Historical,,1
S295226157,Ruby-crowned Kinglet,Corthylio calendula,26844,1,US-WA,Skagit,L476174,Skagit Wildlife Area--Wiley Slough,48.3246351,-122.3741287,2026-01-19,11:25 AM,eBird - Traveling Count,72,1,.891,,1
S319751834,Ruby-crowned Kinglet,Corthylio calendula,26844,1,US-WA,Skagit,L476174,Skagit Wildlife Area--Wiley Slough,48.3246351,-122.3741287,2026-04-10,09:30 AM,eBird - Traveling Count,229,1,2.012,,3
S297588705,Ruby-crowned Kinglet,Corthylio calendula,26844,1,US-WA,Snohomish,L374382,Edmonds Waterfront,47.8119268,-122.3854144,2026-02-01,12:36 PM,eBird - Traveling Count,124,1,1.416,,1
S304355760,Ruby-crowned Kinglet,Corthylio calendula,26844,1,US-WA,Snohomish,L343338,Everett Sewage Lagoons,47.9988889,-122.17,2026-02-27,08:39 AM,eBird - Traveling Count,230,1,4.811,,1
S304371242,Ruby-crowned Kinglet,Corthylio calendula,26844,1,US-WA,Snohomish,L1052763,Lowell Riverfront Trail,47.9560191,-122.1890402,2026-02-27,01:10 PM,eBird - Traveling Count,26,1,.58,,1
S291455322,Ruby-crowned Kinglet,Corthylio calendula,26844,X,US-WA,Thurston,L282253,Billy Frank Jr. Nisqually NWR,47.0812514,-122.7180576,2025-12-31,08:11 AM,eBird - Traveling Count,256,1,3.231,,1
S299853433,Golden-crowned Kinglet,Regulus satrapa,26848,10,US-WA,King,L298030,Carkeek Park,47.7126411,-122.377647,2026-02-12,03:26 PM,eBird - Traveling Count,60,1,.608,,1,,,,650788483
S307461833,Golden-crowned Kinglet,Regulus satrapa,26848,2,US-WA,King,L128530,Discovery Park,47.663868,-122.4215317,2026-03-08,03:06 PM,eBird - Traveling Count,152,1,4.489,,1
S304355760,Golden-crowned Kinglet,Regulus satrapa,26848,1,US-WA,Snohomish,L343338,Everett Sewage Lagoons,47.9988889,-122.17,2026-02-27,08:39 AM,eBird - Traveling Count,230,1,4.811,,1
S291455322,Golden-crowned Kinglet,Regulus satrapa,26848,X,US-WA,Thurston,L282253,Billy Frank Jr. Nisqually NWR,47.0812514,-122.7180576,2025-12-31,08:11 AM,eBird - Traveling Count,256,1,3.231,,1
S177520765,White-breasted Nuthatch,Sitta carolinensis,26889,X,US-MA,Middlesex,L850924,"East Boston Camps, Westford",42.5968182,-71.4438343,2024-05-27,08:10 AM,eBird - Traveling Count,120,0,1.609,,1
S324327355,Red-breasted Nuthatch,Sitta canadensis,26937,1,US-WA,Clallam,L865285,Dungeness Recreation Area,48.1358788,-123.1915855,2026-04-19,12:28 PM,eBird - Casual Observation,,0,,,1
S380834342,Red-breasted Nuthatch,Sitta canadensis,26937,1,US-WA,King,L75171900,"6712 7th Avenue Northwest, Seattle, Washington, US (47.678, -122.364)",47.6781886,-122.364423,2026-08-07,07:52 AM,eBird - Traveling Count,36,1,.767,,1
S294751671,Red-breasted Nuthatch,Sitta canadensis,26937,X,US-WA,King,L56788131,900 Block NW 64th,47.6754497,-122.3698811,2026-01-17,10:49 AM,eBird - Stationary Count,10,1,,,1
S297081957,Red-breasted Nuthatch,Sitta canadensis,26937,1,US-WA,King,L56788131,900 Block NW 64th,47.6754497,-122.3698811,2026-01-30,12:54 PM,eBird - Stationary Count,120,1,,,1
S376775661,Red-breasted Nuthatch,Sitta canadensis,26937,3,US-WA,King,L1057783,Government Meadows (King Co.),47.0895561,-121.3941622,2026-07-26,11:30 AM,eBird - Traveling Count,92,1,16.843,,1
S303069344,Red-breasted Nuthatch,Sitta canadensis,26937,2,US-WA,King,L351484,Marymoor Park,47.6612642,-122.1184109,2026-02-22,06:42 AM,eBird - Traveling Count,176,1,4.108,,1
S376353077,Red-breasted Nuthatch,Sitta canadensis,26937,1,US-WA,Pierce,L461358,Mt. Rainier NP--Burroughs Mountain,46.9117249,-121.6639709,2026-07-25,09:32 AM,eBird - Traveling Count,163,1,6.916,,1
S323830718,Brown Creeper,Certhia americana,27026,2,US-WA,Clallam,L234894,Salt Creek County Park,48.1631912,-123.6972883,2026-04-18,03:36 PM,eBird - Traveling Count,91,1,1.638,,1
S294267769,Brown Creeper,Certhia americana,27026,X,US-WA,King,L298030,Carkeek Park,47.7126411,-122.377647,2026-01-14,02:40 PM,eBird - Traveling Count,106,1,.524,,1
S299853433,Brown Creeper,Certhia americana,27026,3,US-WA,King,L298030,Carkeek Park,47.7126411,-122.377647,2026-02-12,03:26 PM,eBird - Traveling Count,60,1,.608,,1,,,,650788482
S335596208,Brown Creeper,Certhia americana,27026,1,US-WA,King,L298030,Carkeek Park,47.7126411,-122.377647,2026-05-09,09:08 AM,eBird - Traveling Count,114,1,.82,,1
S345782350,Brown Creeper,Certhia americana,27026,1,US-WA,King,L128530,Discovery Park,47.663868,-122.4215317,2026-05-24,10:09 AM,eBird - Traveling Count,196,1,3.615,,1
S302316125,Brown Creeper,Certhia americana,27026,1,US-WA,King,L2692026,Fremont Canal Park,47.6514476,-122.3570377,2026-02-19,11:40 AM,eBird - Casual Observation,,0,,,1
S305332784,Brown Creeper,Certhia americana,27026,1,US-WA,King,L163354,Green Lake,47.6783945,-122.3382464,2026-03-02,06:43 AM,eBird - Traveling Count,67,1,1.847,,1
S342994543,Brown Creeper,Certhia americana,27026,1,US-WA,King,L163354,Green Lake,47.6783945,-122.3382464,2026-05-20,09:01 AM,eBird - Traveling Count,222,1,4.611,,1
S278673753,Brown Creeper,Certhia americana,27026,X,US-WA,King,L232479,Juanita Bay Park,47.6981686,-122.2101878,2025-10-11,08:44 AM,eBird - Traveling Count,160,1,1.308,,1
S296271926,Brown Creeper,Certhia americana,27026,1,US-WA,King,L232479,Juanita Bay Park,47.6981686,-122.2101878,2026-01-25,08:10 AM,eBird - Traveling Count,222,1,1.699,,1
S297296203,Brown Creeper,Certhia americana,27026,4,US-WA,King,L269461,Magnuson Park,47.6815336,-122.2505453,2026-01-31,11:00 AM,eBird - Traveling Count,99,1,1.046,,1
S303069344,Brown Creeper,Certhia americana,27026,3,US-WA,King,L351484,Marymoor Park,47.6612642,-122.1184109,2026-02-22,06:42 AM,eBird - Traveling Count,176,1,4.108,,1
S295024890,Brown Creeper,Certhia americana,27026,1,US-WA,King,L162766,Union Bay Natural Area/Montlake Fill,47.65424,-122.29137,2026-01-18,08:05 AM,eBird - Traveling Count,287,1,2.302,,1
S309534495,Brown Creeper,Certhia americana,27026,1,US-WA,King,L162766,Union Bay Natural Area/Montlake Fill,47.65424,-122.29137,2026-03-15,08:45 AM,eBird - Traveling Count,93,1,2.076,,1
S320771289,Brown Creeper,Certhia americana,27026,1,US-WA,King,L162766,Union Bay Natural Area/Montlake Fill,47.65424,-122.29137,2026-04-12,07:20 AM,eBird - Traveling Count,190,1,3.623,,1
S342868105,Brown Creeper,Certhia americana,27026,1,US-WA,King,L162766,Union Bay Natural Area/Montlake Fill,47.65424,-122.29137,2026-05-20,06:19 AM,eBird - Traveling Count,134,1,3.112,,1,,,,658002466
S374368808,Brown Creeper,Certhia americana,27026,1,US-WA,King,L162766,Union Bay Natural Area/Montlake Fill,47.65424,-122.29137,2026-07-20,05:31 AM,eBird - Traveling Count,90,1,2.509,,1
S167616265,Brown Creeper,Certhia americana,27026,X,US-WA,King,L165740,Washington Park Arboretum,47.6370819,-122.29574,2024-04-07,08:30 AM,eBird - Traveling Count,180,1,3.219,,15
S379333332,Brown Creeper,Certhia americana,27026,3,US-WA,Snohomish,L950776,Big Four Ice Caves,48.0651548,-121.5151566,2026-08-02,07:25 AM,eBird - Traveling Count,329,1,2.7,,1
S291455322,Brown Creeper,Certhia americana,27026,X,US-WA,Thurston,L282253,Billy Frank Jr. Nisqually NWR,47.0812514,-122.7180576,2025-12-31,08:11 AM,eBird - Traveling Count,256,1,3.231,,1
S159175691,Blue-gray Gnatcatcher,Polioptila caerulea,27123,X,MX-ROO,Cozumel,L52344353,Playa Embarcadero Cozumel,20.5122933,-86.9489744,2023-11-23,,Historical,,1
S180573811,Blue-gray Gnatcatcher,Polioptila caerulea,27123,X,US-VA,Fairfax,L718525,**HUNTLEY MEADOWS PARK,38.7576451,-77.0984124,2024-06-10,07:09 AM,eBird - Traveling Count,148,1,3.203,,1
S285225918,Blue-gray Gnatcatcher,Polioptila caerulea,27123,2,US-TX,Hidalgo,L128890,Bentsen-Rio Grande Val. SP WBC (Mission) (LTC 069),26.1796748,-98.3842338,2025-11-18,08:27 AM,eBird - Traveling Count,140,1,1.609,,10
S285225977,Blue-gray Gnatcatcher,Polioptila caerulea,27123,4,US-TX,Hidalgo,L249889,Edinburg Scenic Wetlands WBC (LTC 061),26.2905822,-98.1351909,2025-11-19,12:54 PM,eBird - Traveling Count,90,1,1.609,,9
S285225745,Blue-gray Gnatcatcher,Polioptila caerulea,27123,3,US-TX,Hidalgo,L336009,National Butterfly Center--General & area North of Levee,26.1796025,-98.3664483,2025-11-18,01:42 PM,eBird - Traveling Count,90,1,1.207,,9
S285225465,Blue-gray Gnatcatcher,Polioptila caerulea,27123,1,US-TX,Hidalgo,L21636963,Peculiar Nest Airbnb (restricted access),26.180693,-98.272806,2025-11-18,07:00 AM,eBird - Stationary Count,40,1,,,10
S285226044,Blue-gray Gnatcatcher,Polioptila caerulea,27123,3,US-TX,Hidalgo,L1850000,San Juan Wetlands,26.1606244,-98.157516,2025-11-19,12:00 PM,eBird - Traveling Count,22,1,.805,,9
S285226087,Blue-gray Gnatcatcher,Polioptila caerulea,27123,1,US-TX,Hidalgo,L129085,Santa Ana NWR (LTC 059),26.0813003,-98.1351399,2025-11-19,07:24 AM,eBird - Traveling Count,200,1,2.414,,9
S350375761,Rock Wren,Salpinctes obsoletus,27150,1,US-WA,Kitsap,L109542,Point No Point,47.9118696,-122.5283182,2026-05-31,10:28 AM,eBird - Traveling Count,63,1,1.052,,1,,"Continuing, south of lighthouse on driftwood",,658831495 658831496 658831497 658831499
S311532653,Canyon Wren,Catherpes mexicanus,27184,1,US-WA,Adams,L2767820,Black Lake Rd.,46.9005406,-119.2870188,2026-03-21,10:12 AM,eBird - Traveling Count,12,1,.45,,1
S285226044,Northern House Wren,Troglodytes aedon,27191,1,US-TX,Hidalgo,L1850000,San Juan Wetlands,26.1606244,-98.157516,2025-11-19,12:00 PM,eBird - Traveling Count,22,1,.805,,9
S159175691,Cozumel Wren,Troglodytes beani,27201,1,MX-ROO,Cozumel,L52344353,Playa Embarcadero Cozumel,20.5122933,-86.9489744,2023-11-23,,Historical,,1
S182684618,Eurasian Wren,Troglodytes troglodytes,27258,X,GB-WLS,Pembrokeshire,L1067540,Skomer Island,51.7374472,-5.2943802,2024-06-20,11:12 AM,eBird - Traveling Count,278,1,7.403,,1
S182799645,Eurasian Wren,Troglodytes troglodytes,27258,X,GB-WLS,Pembrokeshire,L14457627,Tenby Harbour,51.6725044,-4.698564,2024-06-21,06:44 AM,eBird - Traveling Count,25,1,1.287,,1
S349638499,Pacific Wren,Troglodytes pacificus,27288,1,US-WA,Jefferson,L249781,Fort Flagler SP,48.0960511,-122.7139785,2026-05-30,08:52 AM,eBird - Traveling Count,197,1,8.735,,1
S307461833,Pacific Wren,Troglodytes pacificus,27288,1,US-WA,King,L128530,Discovery Park,47.663868,-122.4215317,2026-03-08,03:06 PM,eBird - Traveling Count,152,1,4.489,,1
S379333332,Pacific Wren,Troglodytes pacificus,27288,1,US-WA,Snohomish,L950776,Big Four Ice Caves,48.0651548,-121.5151566,2026-08-02,07:25 AM,eBird - Traveling Count,329,1,2.7,,1
S301094947,Pacific Wren,Troglodytes pacificus,27288,1,US-WA,Snohomish,L3730544,Centennial Trail--Getchell Trailhead,48.0712815,-122.101112,2026-02-15,12:38 PM,eBird - Stationary Count,10,1,,,1
S311556119,Marsh Wren,Cistothorus palustris,27329,1,US-WA,Adams,L455722,Para/McCain's Ponds,46.8574296,-119.1854596,2026-03-21,10:39 AM,eBird - Traveling Count,30,1,.301,,1
S324301943,Marsh Wren,Cistothorus palustris,27329,4,US-WA,Clallam,L17270540,Dungeness River Dike Trail,48.1411863,-123.129295,2026-04-19,08:22 AM,eBird - Traveling Count,194,1,1.115,,1,,,,655400351
S291712899,Marsh Wren,Cistothorus palustris,27329,X,US-WA,King,L232479,Juanita Bay Park,47.6981686,-122.2101878,2026-01-01,10:37 AM,eBird - Traveling Count,158,1,1.357,,1
S301500561,Marsh Wren,Cistothorus palustris,27329,1,US-WA,King,L269461,Magnuson Park,47.6815336,-122.2505453,2026-02-16,10:02 AM,eBird - Traveling Count,133,1,2.13,,1
S179154810,Marsh Wren,Cistothorus palustris,27329,X,US-WA,King,L162766,Union Bay Natural Area/Montlake Fill,47.65424,-122.29137,2024-06-03,05:47 AM,eBird - Traveling Count,116,1,5.053,,1
S183862008,Marsh Wren,Cistothorus palustris,27329,X,US-WA,King,L162766,Union Bay Natural Area/Montlake Fill,47.65424,-122.29137,2024-06-26,06:10 AM,eBird - Traveling Count,109,1,4.812,,1
S295024890,Marsh Wren,Cistothorus palustris,27329,3,US-WA,King,L162766,Union Bay Natural Area/Montlake Fill,47.65424,-122.29137,2026-01-18,08:05 AM,eBird - Traveling Count,287,1,2.302,,1,,,,649185929
S298942557,Marsh Wren,Cistothorus palustris,27329,1,US-WA,King,L162766,Union Bay Natural Area/Montlake Fill,47.65424,-122.29137,2026-02-08,07:30 AM,eBird - Traveling Count,133,1,3.101,,1
S305068426,Marsh Wren,Cistothorus palustris,27329,1,US-WA,King,L162766,Union Bay Natural Area/Montlake Fill,47.65424,-122.29137,2026-03-01,06:45 AM,eBird - Traveling Count,215,1,3.562,,1
S307285086,Marsh Wren,Cistothorus palustris,27329,1,US-WA,King,L162766,Union Bay Natural Area/Montlake Fill,47.65424,-122.29137,2026-03-08,07:52 AM,eBird - Traveling Count,130,1,3.898,,1
S317515997,Marsh Wren,Cistothorus palustris,27329,3,US-WA,King,L162766,Union Bay Natural Area/Montlake Fill,47.65424,-122.29137,2026-04-05,10:27 AM,eBird - Traveling Count,191,1,2.366,,1
S320771289,Marsh Wren,Cistothorus palustris,27329,3,US-WA,King,L162766,Union Bay Natural Area/Montlake Fill,47.65424,-122.29137,2026-04-12,07:20 AM,eBird - Traveling Count,190,1,3.623,,1,,,,654861859 654861860
S326594442,Marsh Wren,Cistothorus palustris,27329,1,US-WA,King,L162766,Union Bay Natural Area/Montlake Fill,47.65424,-122.29137,2026-04-24,06:55 AM,eBird - Traveling Count,222,1,2.992,,1,,,,655747595
S333055230,Marsh Wren,Cistothorus palustris,27329,3,US-WA,King,L162766,Union Bay Natural Area/Montlake Fill,47.65424,-122.29137,2026-05-05,05:54 AM,eBird - Traveling Count,113,1,2.301,,1
S334002351,Marsh Wren,Cistothorus palustris,27329,2,US-WA,King,L162766,Union Bay Natural Area/Montlake Fill,47.65424,-122.29137,2026-05-07,06:22 AM,eBird - Traveling Count,64,1,.721,,1
S336459661,Marsh Wren,Cistothorus palustris,27329,4,US-WA,King,L162766,Union Bay Natural Area/Montlake Fill,47.65424,-122.29137,2026-05-10,06:04 AM,eBird - Traveling Count,165,1,2.998,,1,,,,657099651 657099652
S339377883,Marsh Wren,Cistothorus palustris,27329,1,US-WA,King,L162766,Union Bay Natural Area/Montlake Fill,47.65424,-122.29137,2026-05-15,06:24 AM,eBird - Traveling Count,131,1,2.121,,1,,,,657542503 657542504
S342868105,Marsh Wren,Cistothorus palustris,27329,3,US-WA,King,L162766,Union Bay Natural Area/Montlake Fill,47.65424,-122.29137,2026-05-20,06:19 AM,eBird - Traveling Count,134,1,3.112,,1,,,,658002469
S347722254,Marsh Wren,Cistothorus palustris,27329,2,US-WA,King,L162766,Union Bay Natural Area/Montlake Fill,47.65424,-122.29137,2026-05-27,05:41 AM,eBird - Traveling Count,137,1,3.085,,1
S331099224,Marsh Wren,Cistothorus palustris,27329,1,US-WA,Pacific,L682593,Grayland Beach State Park,46.7880721,-124.0941381,2026-05-02,06:57 AM,eBird - Traveling Count,87,1,2.2,,1
S319751834,Marsh Wren,Cistothorus palustris,27329,1,US-WA,Skagit,L476174,Skagit Wildlife Area--Wiley Slough,48.3246351,-122.3741287,2026-04-10,09:30 AM,eBird - Traveling Count,229,1,2.012,,3
S293525790,Marsh Wren,Cistothorus palustris,27329,X,US-WA,Snohomish,L374380,Edmonds Marsh,47.8085287,-122.3864508,2026-01-10,11:07 AM,eBird - Traveling Count,48,1,.092,,1,,,,648642138
S319608405,Marsh Wren,Cistothorus palustris,27329,1,US-WA,Snohomish,L374380,Edmonds Marsh,47.8085287,-122.3864508,2026-04-10,07:23 AM,eBird - Traveling Count,27,1,.117,,1
S304355760,Marsh Wren,Cistothorus palustris,27329,1,US-WA,Snohomish,L343338,Everett Sewage Lagoons,47.9988889,-122.17,2026-02-27,08:39 AM,eBird - Traveling Count,230,1,4.811,,1
S327075826,Marsh Wren,Cistothorus palustris,27329,2,US-WA,Snohomish,L343338,Everett Sewage Lagoons,47.9988889,-122.17,2026-04-25,06:23 AM,eBird - Traveling Count,47,1,.919,,1
S332089254,Marsh Wren,Cistothorus palustris,27329,1,US-WA,Thurston,L282253,Billy Frank Jr. Nisqually NWR,47.0812514,-122.7180576,2026-05-03,10:49 AM,eBird - Traveling Count,191,1,4.362,,1
S180573811,Carolina Wren,Thryothorus ludovicianus,27348,X,US-VA,Fairfax,L718525,**HUNTLEY MEADOWS PARK,38.7576451,-77.0984124,2024-06-10,07:09 AM,eBird - Traveling Count,148,1,3.203,,1
S206958982,Carolina Wren,Thryothorus ludovicianus,27348,X,US-VA,Fairfax,L718525,**HUNTLEY MEADOWS PARK,38.7576451,-77.0984124,2024-12-22,,Historical,,1
S179913804,Carolina Wren,Thryothorus ludovicianus,27348,X,US-VA,Fairfax,L2914236,Northside Park,38.9119187,-77.2731543,2024-06-07,10:48 AM,eBird - Traveling Count,29,1,1.577,,1
S290623958,Carolina Wren,Thryothorus ludovicianus,27348,X,US-VA,Fairfax,L4138121,Washington & Old Dominion Trail--Vienna Town Green,38.9030318,-77.2646034,2025-12-27,03:21 PM,eBird - Traveling Count,56,1,3.692,,1
S331419171,Bewick's Wren,Thryomanes bewickii,27362,1,US-WA,Grays Harbor,L268372,Bottle Beach State Park,46.893277,-124.0468136,2026-05-02,03:04 PM,eBird - Traveling Count,112,1,1.449,,1
S380834342,Bewick's Wren,Thryomanes bewickii,27362,2,US-WA,King,L75171900,"6712 7th Avenue Northwest, Seattle, Washington, US (47.678, -122.364)",47.6781886,-122.364423,2026-08-07,07:52 AM,eBird - Traveling Count,36,1,.767,,1
S300022459,Bewick's Wren,Thryomanes bewickii,27362,1,US-WA,King,L56788131,900 Block NW 64th,47.6754497,-122.3698811,2026-02-13,07:37 AM,eBird - Traveling Count,37,1,1.74,,1
S345782350,Bewick's Wren,Thryomanes bewickii,27362,1,US-WA,King,L128530,Discovery Park,47.663868,-122.4215317,2026-05-24,10:09 AM,eBird - Traveling Count,196,1,3.615,,1
S303320950,Bewick's Wren,Thryomanes bewickii,27362,1,US-WA,King,L2692026,Fremont Canal Park,47.6514476,-122.3570377,2026-02-23,11:02 AM,eBird - Stationary Count,30,1,,,1
S296271926,Bewick's Wren,Thryomanes bewickii,27362,1,US-WA,King,L232479,Juanita Bay Park,47.6981686,-122.2101878,2026-01-25,08:10 AM,eBird - Traveling Count,222,1,1.699,,1,,,,649619984
S297296203,Bewick's Wren,Thryomanes bewickii,27362,1,US-WA,King,L269461,Magnuson Park,47.6815336,-122.2505453,2026-01-31,11:00 AM,eBird - Traveling Count,99,1,1.046,,1
S345067581,Bewick's Wren,Thryomanes bewickii,27362,1,US-WA,King,L461493,Ravenna Park / Cowen Park,47.6721788,-122.3064566,2026-05-23,05:34 PM,eBird - Traveling Count,72,1,.992,,1
S286517370,Bewick's Wren,Thryomanes bewickii,27362,X,US-WA,King,L162766,Union Bay Natural Area/Montlake Fill,47.65424,-122.29137,2025-11-28,09:23 AM,eBird - Traveling Count,132,1,2.605,,1
S298942557,Bewick's Wren,Thryomanes bewickii,27362,2,US-WA,King,L162766,Union Bay Natural Area/Montlake Fill,47.65424,-122.29137,2026-02-08,07:30 AM,eBird - Traveling Count,133,1,3.101,,1
S305068426,Bewick's Wren,Thryomanes bewickii,27362,1,US-WA,King,L162766,Union Bay Natural Area/Montlake Fill,47.65424,-122.29137,2026-03-01,06:45 AM,eBird - Traveling Count,215,1,3.562,,1
S307285086,Bewick's Wren,Thryomanes bewickii,27362,1,US-WA,King,L162766,Union Bay Natural Area/Montlake Fill,47.65424,-122.29137,2026-03-08,07:52 AM,eBird - Traveling Count,130,1,3.898,,1
S334002351,Bewick's Wren,Thryomanes bewickii,27362,1,US-WA,King,L162766,Union Bay Natural Area/Montlake Fill,47.65424,-122.29137,2026-05-07,06:22 AM,eBird - Traveling Count,64,1,.721,,1
S336459661,Bewick's Wren,Thryomanes bewickii,27362,1,US-WA,King,L162766,Union Bay Natural Area/Montlake Fill,47.65424,-122.29137,2026-05-10,06:04 AM,eBird - Traveling Count,165,1,2.998,,1
S347722254,Bewick's Wren,Thryomanes bewickii,27362,2,US-WA,King,L162766,Union Bay Natural Area/Montlake Fill,47.65424,-122.29137,2026-05-27,05:41 AM,eBird - Traveling Count,137,1,3.085,,1,,,,658541928
S346491426,Bewick's Wren,Thryomanes bewickii,27362,1,US-WA,Snohomish,L4756268,Field's Riffle,47.9166297,-122.1268988,2026-05-25,07:11 AM,eBird - Traveling Count,177,1,1.517,,1
S371256974,Bewick's Wren,Thryomanes bewickii,27362,1,US-WA,Snohomish,L4444849,Riverview Wildlife Refuge / Snohomish Wastewater Treatment Plant,47.9165434,-122.1100652,2026-07-12,07:30 AM,eBird - Traveling Count,139,1,1.581,,1
S291455322,Bewick's Wren,Thryomanes bewickii,27362,X,US-WA,Thurston,L282253,Billy Frank Jr. Nisqually NWR,47.0812514,-122.7180576,2025-12-31,08:11 AM,eBird - Traveling Count,256,1,3.231,,1
S285225626,Cactus Wren,Campylorhynchus brunneicapillus,27412,3,US-TX,Hidalgo,L1048491,Mission Nature Park,26.1922196,-98.3378935,2025-11-18,03:24 PM,eBird - Traveling Count,10,1,.08,,9,,,,645919687
S159174918,Cactus Wren,Campylorhynchus brunneicapillus,27412,X,US-AZ,,L108915,Arizona,34.16973,-111.93299,2024-01-12,,Historical,,1
S373740963,American Dipper,Cinclus mexicanus,27668,2,US-WA,King,L4858084,FR68--Necklace Valley Trailhead,47.664767,-121.288068,2026-07-17,05:00 PM,eBird - Casual Observation,,0
S356765363,European Starling,Sturnus vulgaris,27813,30,US-CA,Alameda,L8307665,Albany State Marine Reserve,37.8893242,-122.3151134,2026-06-13,07:48 AM,eBird - Traveling Count,99,1,2.71,,1
S356230112,European Starling,Sturnus vulgaris,27813,4,US-CA,Alameda,L285281,Cesar Chavez Park,37.8709227,-122.3150389,2026-06-12,07:05 AM,eBird - Traveling Count,99,1,4.,,1,,,,659894398
S159176051,European Starling,Sturnus vulgaris,27813,X,NZ-AUK,Auckland City,L15034121,Arch Hill Scenic Reserve,-36.8682519,174.7413516,2023-08-15,,Historical,,1
S323667024,European Starling,Sturnus vulgaris,27813,2,US-WA,Clallam,L190512,Ediz Hook,48.14035,-123.44711,2026-04-18,08:22 AM,eBird - Traveling Count,154,1,4.076,,1
S323134294,European Starling,Sturnus vulgaris,27813,1,US-WA,Clallam,L6125771,Jamestown S'Klallam Tribe Center,48.0252673,-122.9962617,2026-04-17,01:14 PM,eBird - Traveling Count,73,1,1.266,,1
S179913804,European Starling,Sturnus vulgaris,27813,X,US-VA,Fairfax,L2914236,Northside Park,38.9119187,-77.2731543,2024-06-07,10:48 AM,eBird - Traveling Count,29,1,1.577,,1
S159175317,European Starling,Sturnus vulgaris,27813,X,US-VA,Fairfax,L4138121,Washington & Old Dominion Trail--Vienna Town Green,38.9030318,-77.2646034,2023-12-27,,Historical,,1
S290623958,European Starling,Sturnus vulgaris,27813,X,US-VA,Fairfax,L4138121,Washington & Old Dominion Trail--Vienna Town Green,38.9030318,-77.2646034,2025-12-27,03:21 PM,eBird - Traveling Count,56,1,3.692,,1
S311034367,European Starling,Sturnus vulgaris,27813,12,US-WA,Grant,L265765,Potholes SP,46.9809077,-119.3508177,2026-03-20,08:17 AM,eBird - Traveling Count,76,1,2.739,,1
S311476924,European Starling,Sturnus vulgaris,27813,6,US-WA,Grant,L265765,Potholes SP,46.9809077,-119.3508177,2026-03-21,07:59 AM,eBird - Traveling Count,60,1,1.61,,1,,,,653396899
S330084156,European Starling,Sturnus vulgaris,27813,1,US-WA,Grays Harbor,L276426,Grays Harbor NWR (Bowerman Basin),46.9731644,-123.9436064,2026-04-30,02:47 PM,eBird - Traveling Count,104,1,1.512,,1
S331882311,European Starling,Sturnus vulgaris,27813,6,US-WA,Grays Harbor,L1875831,Westhaven SP,46.9011251,-124.1268446,2026-05-03,07:27 AM,eBird - Traveling Count,99,1,1.733,,1
S285225679,European Starling,Sturnus vulgaris,27813,6,US-TX,Hidalgo,L38314359,Bentsen Rd,26.192193,-98.272556,2025-11-18,07:52 AM,eBird - Stationary Count,15,1,,,10
S285225745,European Starling,Sturnus vulgaris,27813,6,US-TX,Hidalgo,L336009,National Butterfly Center--General & area North of Levee,26.1796025,-98.3664483,2025-11-18,01:42 PM,eBird - Traveling Count,90,1,1.207,,9
S285225465,European Starling,Sturnus vulgaris,27813,3,US-TX,Hidalgo,L21636963,Peculiar Nest Airbnb (restricted access),26.180693,-98.272806,2025-11-18,07:00 AM,eBird - Stationary Count,40,1,,,10
S174147151,European Starling,Sturnus vulgaris,27813,X,US-WA,Jefferson,L249781,Fort Flagler SP,48.0960511,-122.7139785,2024-05-11,12:00 AM,Historical,,1,,,1
S349638499,European Starling,Sturnus vulgaris,27813,1,US-WA,Jefferson,L249781,Fort Flagler SP,48.0960511,-122.7139785,2026-05-30,08:52 AM,eBird - Traveling Count,197,1,8.735,,1
S380318688,European Starling,Sturnus vulgaris,27813,1,US-WA,King,L2608551,Charles Richey Sr. Viewpoint,47.5726544,-122.4140185,2026-08-05,02:46 PM,eBird - Traveling Count,22,1,.145,,1
S380906489,European Starling,Sturnus vulgaris,27813,1,US-WA,King,L267071,Frager Rd. (north),47.418883,-122.2678757,2026-08-07,09:32 AM,eBird - Traveling Count,176,1,2.644,,1
S297959820,European Starling,Sturnus vulgaris,27813,7,US-WA,King,L2692026,Fremont Canal Park,47.6514476,-122.3570377,2026-02-03,04:21 PM,eBird - Traveling Count,10,1,.434,,1
S334650572,European Starling,Sturnus vulgaris,27813,6,US-WA,King,L2692026,Fremont Canal Park,47.6514476,-122.3570377,2026-05-08,09:19 AM,eBird - Traveling Count,22,1,.739,,1
S342994543,European Starling,Sturnus vulgaris,27813,1,US-WA,King,L163354,Green Lake,47.6783945,-122.3382464,2026-05-20,09:01 AM,eBird - Traveling Count,222,1,4.611,,1
S245777966,European Starling,Sturnus vulgaris,27813,X,US-WA,King,L208659,Hiram M. Chittenden Ballard Locks,47.6653579,-122.3974647,2025-05-31,,Historical,,1
S338550928,European Starling,Sturnus vulgaris,27813,2,US-WA,King,L208659,Hiram M. Chittenden Ballard Locks,47.6653579,-122.3974647,2026-05-13,06:15 PM,eBird - Stationary Count,60,1,,,1
S278673753,European Starling,Sturnus vulgaris,27813,X,US-WA,King,L232479,Juanita Bay Park,47.6981686,-122.2101878,2025-10-11,08:44 AM,eBird - Traveling Count,160,1,1.308,,1
S301500561,European Starling,Sturnus vulgaris,27813,13,US-WA,King,L269461,Magnuson Park,47.6815336,-122.2505453,2026-02-16,10:02 AM,eBird - Traveling Count,133,1,2.13,,1
S303069344,European Starling,Sturnus vulgaris,27813,2,US-WA,King,L351484,Marymoor Park,47.6612642,-122.1184109,2026-02-22,06:42 AM,eBird - Traveling Count,176,1,4.108,,1
S175815092,European Starling,Sturnus vulgaris,27813,X,US-WA,King,L162766,Union Bay Natural Area/Montlake Fill,47.65424,-122.29137,2024-05-19,08:00 AM,eBird - Traveling Count,150,1,3.219,,1
S298942557,European Starling,Sturnus vulgaris,27813,2,US-WA,King,L162766,Union Bay Natural Area/Montlake Fill,47.65424,-122.29137,2026-02-08,07:30 AM,eBird - Traveling Count,133,1,3.101,,1
S305068426,European Starling,Sturnus vulgaris,27813,1,US-WA,King,L162766,Union Bay Natural Area/Montlake Fill,47.65424,-122.29137,2026-03-01,06:45 AM,eBird - Traveling Count,215,1,3.562,,1
S309534495,European Starling,Sturnus vulgaris,27813,2,US-WA,King,L162766,Union Bay Natural Area/Montlake Fill,47.65424,-122.29137,2026-03-15,08:45 AM,eBird - Traveling Count,93,1,2.076,,1
S317515997,European Starling,Sturnus vulgaris,27813,1,US-WA,King,L162766,Union Bay Natural Area/Montlake Fill,47.65424,-122.29137,2026-04-05,10:27 AM,eBird - Traveling Count,191,1,2.366,,1
S320771289,European Starling,Sturnus vulgaris,27813,1,US-WA,King,L162766,Union Bay Natural Area/Montlake Fill,47.65424,-122.29137,2026-04-12,07:20 AM,eBird - Traveling Count,190,1,3.623,,1
S326594442,European Starling,Sturnus vulgaris,27813,1,US-WA,King,L162766,Union Bay Natural Area/Montlake Fill,47.65424,-122.29137,2026-04-24,06:55 AM,eBird - Traveling Count,222,1,2.992,,1
S333055230,European Starling,Sturnus vulgaris,27813,1,US-WA,King,L162766,Union Bay Natural Area/Montlake Fill,47.65424,-122.29137,2026-05-05,05:54 AM,eBird - Traveling Count,113,1,2.301,,1
S336459661,European Starling,Sturnus vulgaris,27813,2,US-WA,King,L162766,Union Bay Natural Area/Montlake Fill,47.65424,-122.29137,2026-05-10,06:04 AM,eBird - Traveling Count,165,1,2.998,,1
S339377883,European Starling,Sturnus vulgaris,27813,1,US-WA,King,L162766,Union Bay Natural Area/Montlake Fill,47.65424,-122.29137,2026-05-15,06:24 AM,eBird - Traveling Count,131,1,2.121,,1
S342868105,European Starling,Sturnus vulgaris,27813,11,US-WA,King,L162766,Union Bay Natural Area/Montlake Fill,47.65424,-122.29137,2026-05-20,06:19 AM,eBird - Traveling Count,134,1,3.112,,1
S347722254,European Starling,Sturnus vulgaris,27813,3,US-WA,King,L162766,Union Bay Natural Area/Montlake Fill,47.65424,-122.29137,2026-05-27,05:41 AM,eBird - Traveling Count,137,1,3.085,,1,,,,658541932
S359192903,European Starling,Sturnus vulgaris,27813,3,US-WA,King,L162766,Union Bay Natural Area/Montlake Fill,47.65424,-122.29137,2026-06-18,08:29 AM,eBird - Traveling Count,72,1,2.496,,1
S350375761,European Starling,Sturnus vulgaris,27813,1,US-WA,Kitsap,L109542,Point No Point,47.9118696,-122.5283182,2026-05-31,10:28 AM,eBird - Traveling Count,63,1,1.052,,1
S331300190,European Starling,Sturnus vulgaris,27813,5,US-WA,Pacific,L787853,Tokeland--marina,46.7063518,-123.9671946,2026-05-02,11:23 AM,eBird - Traveling Count,81,1,.629,,1
S170170746,European Starling,Sturnus vulgaris,27813,X,US-WA,Skagit,L1369427,Fir Island -- Browns Slough Road,48.35381,-122.42297,2024-04-14,,Historical,,0
S295207120,European Starling,Sturnus vulgaris,27813,20,US-WA,Skagit,L469546,Skagit Wildlife Area--Fir Island Farm Reserve (Hayton Reserve),48.3356338,-122.4131659,2026-01-19,10:32 AM,eBird - Traveling Count,32,1,.439,,1
S319751834,European Starling,Sturnus vulgaris,27813,1,US-WA,Skagit,L476174,Skagit Wildlife Area--Wiley Slough,48.3246351,-122.3741287,2026-04-10,09:30 AM,eBird - Traveling Count,229,1,2.012,,3
S327106784,European Starling,Sturnus vulgaris,27813,1,US-WA,Snohomish,L9377619,"12th St NE, Everett",48.0077981,-122.1706841,2026-04-25,07:24 AM,eBird - Traveling Count,22,1,.324,,1
S293525790,European Starling,Sturnus vulgaris,27813,X,US-WA,Snohomish,L374380,Edmonds Marsh,47.8085287,-122.3864508,2026-01-10,11:07 AM,eBird - Traveling Count,48,1,.092,,1
S319608405,European Starling,Sturnus vulgaris,27813,2,US-WA,Snohomish,L374380,Edmonds Marsh,47.8085287,-122.3864508,2026-04-10,07:23 AM,eBird - Traveling Count,27,1,.117,,1
S297588705,European Starling,Sturnus vulgaris,27813,1,US-WA,Snohomish,L374382,Edmonds Waterfront,47.8119268,-122.3854144,2026-02-01,12:36 PM,eBird - Traveling Count,124,1,1.416,,1
S304355760,European Starling,Sturnus vulgaris,27813,1,US-WA,Snohomish,L343338,Everett Sewage Lagoons,47.9988889,-122.17,2026-02-27,08:39 AM,eBird - Traveling Count,230,1,4.811,,1
S346491426,European Starling,Sturnus vulgaris,27813,50,US-WA,Snohomish,L4756268,Field's Riffle,47.9166297,-122.1268988,2026-05-25,07:11 AM,eBird - Traveling Count,177,1,1.517,,1
S327403524,European Starling,Sturnus vulgaris,27813,3,US-WA,Snohomish,L2410089,"Home Acres Rd, Everett",47.9581889,-122.1737838,2026-04-25,03:16 PM,eBird - Stationary Count,20,1,,,1
S371256974,European Starling,Sturnus vulgaris,27813,4,US-WA,Snohomish,L4444849,Riverview Wildlife Refuge / Snohomish Wastewater Treatment Plant,47.9165434,-122.1100652,2026-07-12,07:30 AM,eBird - Traveling Count,139,1,1.581,,1
S159175946,European Starling,Sturnus vulgaris,27813,X,AU-NSW,Sydney,L915566,Royal Botanic Gardens (Sydney),-33.8638957,151.2167577,2023-08-19,,Historical,,1
S291455322,European Starling,Sturnus vulgaris,27813,X,US-WA,Thurston,L282253,Billy Frank Jr. Nisqually NWR,47.0812514,-122.7180576,2025-12-31,08:11 AM,eBird - Traveling Count,256,1,3.231,,1
S332089254,European Starling,Sturnus vulgaris,27813,1,US-WA,Thurston,L282253,Billy Frank Jr. Nisqually NWR,47.0812514,-122.7180576,2026-05-03,10:49 AM,eBird - Traveling Count,191,1,4.362,,1
S159174918,European Starling,Sturnus vulgaris,27813,X,US-AZ,,L108915,Arizona,34.16973,-111.93299,2024-01-12,,Historical,,1
S260171709,European Starling,Sturnus vulgaris,27813,X,CH-ZH,,L4507511,Zürich Stadt (city of Zurich)* general (use more precise loc.),47.3768774,8.5413551,2025-06-29,,Historical,,1
S159176051,Common Myna,Acridotheres tristis,27859,X,NZ-AUK,Auckland City,L15034121,Arch Hill Scenic Reserve,-36.8682519,174.7413516,2023-08-15,,Historical,,1
S313780069,Common Myna,Acridotheres tristis,27859,12,US-HI,Kauai,L856224,Ha'ena State Park (general),22.2202244,-159.5803642,2026-03-27,12:05 PM,eBird - Traveling Count,23,1,.581,,1
S314045091,Common Myna,Acridotheres tristis,27859,1,US-HI,Kauai,L469355,Kawai'ele State Waterbird Sanctuary,22.0099791,-159.7679526,2026-03-28,07:36 AM,eBird - Traveling Count,78,1,.732,,1
S313169342,Common Myna,Acridotheres tristis,27859,8,US-HI,Kauai,L1186213,Poʻipū Beach Park,21.87229,-159.4540122,2026-03-25,03:49 PM,eBird - Traveling Count,90,1,3.655,,1
S313427151,Common Myna,Acridotheres tristis,27859,4,US-HI,Kauai,L1186213,Poʻipū Beach Park,21.87229,-159.4540122,2026-03-26,11:24 AM,eBird - Traveling Count,17,1,.791,,1
S314850063,Common Myna,Acridotheres tristis,27859,6,US-HI,Kauai,L1186213,Poʻipū Beach Park,21.87229,-159.4540122,2026-03-30,07:30 AM,eBird - Traveling Count,45,1,1.61,,1
S159175946,Common Myna,Acridotheres tristis,27859,X,AU-NSW,Sydney,L915566,Royal Botanic Gardens (Sydney),-33.8638957,151.2167577,2023-08-19,,Historical,,1
S144871601,Common Myna,Acridotheres tristis,27859,X,NZ-WKO,Thames-Coromandel District,L3382241,Whitianga (General),-36.8351451,175.7047605,2023-07-17,,eBird - Casual Observation,,0,,,1
S159175691,Black Catbird,Melanoptila glabrirostris,27999,X,MX-ROO,Cozumel,L52344353,Playa Embarcadero Cozumel,20.5122933,-86.9489744,2023-11-23,,Historical,,1
S180573811,Gray Catbird,Dumetella carolinensis,28000,X,US-VA,Fairfax,L718525,**HUNTLEY MEADOWS PARK,38.7576451,-77.0984124,2024-06-10,07:09 AM,eBird - Traveling Count,148,1,3.203,,1
S285225977,Gray Catbird,Dumetella carolinensis,28000,1,US-TX,Hidalgo,L249889,Edinburg Scenic Wetlands WBC (LTC 061),26.2905822,-98.1351909,2025-11-19,12:54 PM,eBird - Traveling Count,90,1,1.609,,9
S285380905,Gray Catbird,Dumetella carolinensis,28000,1,US-TX,Hidalgo,L259855,Estero Llano Grande SP WBC (LTC 054),26.1268335,-97.9578167,2025-11-20,07:13 AM,eBird - Traveling Count,60,1,.805,,9
S176978136,Gray Catbird,Dumetella carolinensis,28000,X,US-RI,Providence,L804728,Blackstone Park,41.833327,-71.3792148,2024-05-25,09:31 AM,eBird - Traveling Count,43,1,1.931,,1
S285225977,Curve-billed Thrasher,Toxostoma curvirostre,28024,2,US-TX,Hidalgo,L249889,Edinburg Scenic Wetlands WBC (LTC 061),26.2905822,-98.1351909,2025-11-19,12:54 PM,eBird - Traveling Count,90,1,1.609,,9
S285225745,Curve-billed Thrasher,Toxostoma curvirostre,28024,1,US-TX,Hidalgo,L336009,National Butterfly Center--General & area North of Levee,26.1796025,-98.3664483,2025-11-18,01:42 PM,eBird - Traveling Count,90,1,1.207,,9
S159174918,Curve-billed Thrasher,Toxostoma curvirostre,28024,X,US-AZ,,L108915,Arizona,34.16973,-111.93299,2024-01-12,,Historical,,1
S285225918,Long-billed Thrasher,Toxostoma longirostre,28040,3,US-TX,Hidalgo,L128890,Bentsen-Rio Grande Val. SP WBC (Mission) (LTC 069),26.1796748,-98.3842338,2025-11-18,08:27 AM,eBird - Traveling Count,140,1,1.609,,10
S285225977,Long-billed Thrasher,Toxostoma longirostre,28040,1,US-TX,Hidalgo,L249889,Edinburg Scenic Wetlands WBC (LTC 061),26.2905822,-98.1351909,2025-11-19,12:54 PM,eBird - Traveling Count,90,1,1.609,,9
S285225745,Long-billed Thrasher,Toxostoma longirostre,28040,1,US-TX,Hidalgo,L336009,National Butterfly Center--General & area North of Levee,26.1796025,-98.3664483,2025-11-18,01:42 PM,eBird - Traveling Count,90,1,1.207,,9
S285226087,Long-billed Thrasher,Toxostoma longirostre,28040,2,US-TX,Hidalgo,L129085,Santa Ana NWR (LTC 059),26.0813003,-98.1351399,2025-11-19,07:24 AM,eBird - Traveling Count,200,1,2.414,,9
S159175691,Tropical Mockingbird,Mimus gilvus,28101,X,MX-ROO,Cozumel,L52344353,Playa Embarcadero Cozumel,20.5122933,-86.9489744,2023-11-23,,Historical,,1
S356765363,Northern Mockingbird,Mimus polyglottos,28114,2,US-CA,Alameda,L8307665,Albany State Marine Reserve,37.8893242,-122.3151134,2026-06-13,07:48 AM,eBird - Traveling Count,99,1,2.71,,1
S285380811,Northern Mockingbird,Mimus polyglottos,28114,2,US-TX,Cameron,L283726,South Padre Is.--WBC/Conv. Center/Laguna Madre Trail (LTC 035),26.1400912,-97.1748233,2025-11-20,12:53 PM,eBird - Traveling Count,120,1,1.609,,9
S285380853,Northern Mockingbird,Mimus polyglottos,28114,2,US-TX,Cameron,L1050482,TX48--Shrimp Basin Bridge / Zapata Memorial Boat Ramp/ San Martin Lake outlet,26.0023329,-97.2999001,2025-11-20,11:26 AM,eBird - Stationary Count,20,1,,,9
S285225846,Northern Mockingbird,Mimus polyglottos,28114,2,US-TX,Hidalgo,L246727,Anzalduas Park (LTC 068),26.1384105,-98.3327866,2025-11-18,11:32 AM,eBird - Traveling Count,65,1,1.609,,9
S285225918,Northern Mockingbird,Mimus polyglottos,28114,6,US-TX,Hidalgo,L128890,Bentsen-Rio Grande Val. SP WBC (Mission) (LTC 069),26.1796748,-98.3842338,2025-11-18,08:27 AM,eBird - Traveling Count,140,1,1.609,,10
S285225977,Northern Mockingbird,Mimus polyglottos,28114,4,US-TX,Hidalgo,L249889,Edinburg Scenic Wetlands WBC (LTC 061),26.2905822,-98.1351909,2025-11-19,12:54 PM,eBird - Traveling Count,90,1,1.609,,9
S285380905,Northern Mockingbird,Mimus polyglottos,28114,1,US-TX,Hidalgo,L259855,Estero Llano Grande SP WBC (LTC 054),26.1268335,-97.9578167,2025-11-20,07:13 AM,eBird - Traveling Count,60,1,.805,,9
S285225745,Northern Mockingbird,Mimus polyglottos,28114,3,US-TX,Hidalgo,L336009,National Butterfly Center--General & area North of Levee,26.1796025,-98.3664483,2025-11-18,01:42 PM,eBird - Traveling Count,90,1,1.207,,9
S285225465,Northern Mockingbird,Mimus polyglottos,28114,2,US-TX,Hidalgo,L21636963,Peculiar Nest Airbnb (restricted access),26.180693,-98.272806,2025-11-18,07:00 AM,eBird - Stationary Count,40,1,,,10
S285226044,Northern Mockingbird,Mimus polyglottos,28114,2,US-TX,Hidalgo,L1850000,San Juan Wetlands,26.1606244,-98.157516,2025-11-19,12:00 PM,eBird - Traveling Count,22,1,.805,,9
S285226087,Northern Mockingbird,Mimus polyglottos,28114,5,US-TX,Hidalgo,L129085,Santa Ana NWR (LTC 059),26.0813003,-98.1351399,2025-11-19,07:24 AM,eBird - Traveling Count,200,1,2.414,,9
S314045091,Northern Mockingbird,Mimus polyglottos,28114,1,US-HI,Kauai,L469355,Kawai'ele State Waterbird Sanctuary,22.0099791,-159.7679526,2026-03-28,07:36 AM,eBird - Traveling Count,78,1,.732,,1
S159174918,Northern Mockingbird,Mimus polyglottos,28114,X,US-AZ,,L108915,Arizona,34.16973,-111.93299,2024-01-12,,Historical,,1
S180573811,Eastern Bluebird,Sialia sialis,28126,X,US-VA,Fairfax,L718525,**HUNTLEY MEADOWS PARK,38.7576451,-77.0984124,2024-06-10,07:09 AM,eBird - Traveling Count,148,1,3.203,,1
S206958982,Eastern Bluebird,Sialia sialis,28126,X,US-VA,Fairfax,L718525,**HUNTLEY MEADOWS PARK,38.7576451,-77.0984124,2024-12-22,,Historical,,1
S159175317,Eastern Bluebird,Sialia sialis,28126,X,US-VA,Fairfax,L4138121,Washington & Old Dominion Trail--Vienna Town Green,38.9030318,-77.2646034,2023-12-27,,Historical,,1
S287543523,Western Bluebird,Sialia mexicana,28136,X,US-CA,Sacramento,L383934,American River Parkway--Bushy Lake,38.5882961,-121.4330864,2025-12-06,11:21 AM,eBird - Traveling Count,6,1,.224,,1
S310759735,Mountain Bluebird,Sialia currucoides,28144,7,US-WA,Kittitas,L4631645,Quilomene Wildlife Area--East Entrance,46.9592845,-120.1404279,2026-03-19,01:31 PM,eBird - Traveling Count,50,1,.913,,1,,,,653396261 653396262 653396263
S191226943,Townsend's Solitaire,Myadestes townsendi,28163,X,US-WA,Pierce,L461358,Mt. Rainier NP--Burroughs Mountain,46.9117249,-121.6639709,2024-08-11,,Historical,,0
S311476924,Varied Thrush,Ixoreus naevius,28249,1,US-WA,Grant,L265765,Potholes SP,46.9809077,-119.3508177,2026-03-21,07:59 AM,eBird - Traveling Count,60,1,1.61,,1,,,,653396829
S307461833,Varied Thrush,Ixoreus naevius,28249,1,US-WA,King,L128530,Discovery Park,47.663868,-122.4215317,2026-03-08,03:06 PM,eBird - Traveling Count,152,1,4.489,,1
S291655613,Varied Thrush,Ixoreus naevius,28249,X,US-WA,King,L860816,Saint Edward SP,47.7329014,-122.2558057,2026-01-01,08:49 AM,eBird - Traveling Count,84,1,5.234,,1
S188153189,Varied Thrush,Ixoreus naevius,28249,X,US-WA,Pierce,L3302240,Mt. Rainier NP--Grand Park,46.9642783,-121.6792166,2024-07-21,,Historical,,1
S170170610,Varied Thrush,Ixoreus naevius,28249,X,US-WA,San Juan,L9267425,"Cascade Lake--south end campsites, Orcas Island",48.6458967,-122.8474903,2024-04-13,,Historical,,1
S370948878,Swainson's Thrush,Catharus ustulatus,28324,1,US-WA,King,L30660424,Twin Falls Natural Area,47.4530206,-121.7054379,2026-07-11,08:17 PM,eBird - Traveling Count,8,1,.416,,1
S376775661,Hermit Thrush,Catharus guttatus,28333,1,US-WA,King,L1057783,Government Meadows (King Co.),47.0895561,-121.3941622,2026-07-26,11:30 AM,eBird - Traveling Count,92,1,16.843,,1
S170170610,Hermit Thrush,Catharus guttatus,28333,X,US-WA,San Juan,L9267425,"Cascade Lake--south end campsites, Orcas Island",48.6458967,-122.8474903,2024-04-13,,Historical,,1
S159176051,Eurasian Blackbird,Turdus merula,28500,X,NZ-AUK,Auckland City,L15034121,Arch Hill Scenic Reserve,-36.8682519,174.7413516,2023-08-15,,Historical,,1
S182799645,Eurasian Blackbird,Turdus merula,28500,X,GB-WLS,Pembrokeshire,L14457627,Tenby Harbour,51.6725044,-4.698564,2024-06-21,06:44 AM,eBird - Traveling Count,25,1,1.287,,1
S260172163,Eurasian Blackbird,Turdus merula,28500,X,CH-VS,,L6165984,Zermatt--Stadt (City of Zermatt),46.0214626,7.7472281,2025-06-30,,Historical,,0
S260178638,Fieldfare,Turdus pilaris,28593,X,CH-BS,,L15540214,Lange Erlen--Akazienweg,47.5761232,7.6095505,2025-07-14,,Historical,,0
S312035095,American Robin,Turdus migratorius,28633,3,US-WA,Adams,L60805356,"West Gillis Road, Othello, Washington, US (46.81, -119.347)",46.8100099,-119.347446,2026-03-22,08:19 AM,eBird - Traveling Count,57,1,.973,,1
S193702100,American Robin,Turdus migratorius,28633,X,CA-AB,Banff,L3087622,Banff National Park--Whiskey Creek,51.1859553,-115.5622373,2024-09-02,08:22 AM,eBird - Stationary Count,6,1,,,1
S322716667,American Robin,Turdus migratorius,28633,1,US-WA,Clallam,L29690471,Dungeness NWR,48.1463111,-123.1865094,2026-04-16,04:51 PM,eBird - Traveling Count,23,1,1.089,,1
S324301943,American Robin,Turdus migratorius,28633,2,US-WA,Clallam,L17270540,Dungeness River Dike Trail,48.1411863,-123.129295,2026-04-19,08:22 AM,eBird - Traveling Count,194,1,1.115,,1
S323750410,American Robin,Turdus migratorius,28633,1,US-WA,Clallam,L793855,Elwha River Mouth,48.1447892,-123.5671808,2026-04-18,11:32 AM,eBird - Traveling Count,130,1,.681,,1
S323789056,American Robin,Turdus migratorius,28633,2,US-WA,Clallam,L894831,Freshwater Bay,48.1461024,-123.6414242,2026-04-18,02:00 PM,eBird - Traveling Count,75,1,.617,,1
S323134294,American Robin,Turdus migratorius,28633,1,US-WA,Clallam,L6125771,Jamestown S'Klallam Tribe Center,48.0252673,-122.9962617,2026-04-17,01:14 PM,eBird - Traveling Count,73,1,1.266,,1
S323179015,American Robin,Turdus migratorius,28633,1,US-WA,Clallam,L284497,John Wayne Marina,48.0623184,-123.0416377,2026-04-17,02:38 PM,eBird - Traveling Count,99,1,.876,,1
S323830718,American Robin,Turdus migratorius,28633,3,US-WA,Clallam,L234894,Salt Creek County Park,48.1631912,-123.6972883,2026-04-18,03:36 PM,eBird - Traveling Count,91,1,1.638,,1
S358739900,American Robin,Turdus migratorius,28633,3,US-OR,Deschutes,L564147,Smith Rock SP,44.3669375,-121.1371851,2026-06-17,07:36 AM,eBird - Traveling Count,51,1,1.188,,1
S180573811,American Robin,Turdus migratorius,28633,X,US-VA,Fairfax,L718525,**HUNTLEY MEADOWS PARK,38.7576451,-77.0984124,2024-06-10,07:09 AM,eBird - Traveling Count,148,1,3.203,,1
S159175317,American Robin,Turdus migratorius,28633,X,US-VA,Fairfax,L4138121,Washington & Old Dominion Trail--Vienna Town Green,38.9030318,-77.2646034,2023-12-27,,Historical,,1
S290623958,American Robin,Turdus migratorius,28633,X,US-VA,Fairfax,L4138121,Washington & Old Dominion Trail--Vienna Town Green,38.9030318,-77.2646034,2025-12-27,03:21 PM,eBird - Traveling Count,56,1,3.692,,1
S310816477,American Robin,Turdus migratorius,28633,1,US-WA,Grant,L265765,Potholes SP,46.9809077,-119.3508177,2026-03-19,05:47 PM,eBird - Traveling Count,24,1,.898,,1,,,,653396428
S310993075,American Robin,Turdus migratorius,28633,1,US-WA,Grant,L265765,Potholes SP,46.9809077,-119.3508177,2026-03-20,08:05 AM,eBird - Stationary Count,20,1,,,1
S311034367,American Robin,Turdus migratorius,28633,4,US-WA,Grant,L265765,Potholes SP,46.9809077,-119.3508177,2026-03-20,08:17 AM,eBird - Traveling Count,76,1,2.739,,1
S311185088,American Robin,Turdus migratorius,28633,4,US-WA,Grant,L265765,Potholes SP,46.9809077,-119.3508177,2026-03-20,06:04 PM,eBird - Traveling Count,9,1,.146,,1
S311476924,American Robin,Turdus migratorius,28633,3,US-WA,Grant,L265765,Potholes SP,46.9809077,-119.3508177,2026-03-21,07:59 AM,eBird - Traveling Count,60,1,1.61,,1
S331419171,American Robin,Turdus migratorius,28633,1,US-WA,Grays Harbor,L268372,Bottle Beach State Park,46.893277,-124.0468136,2026-05-02,03:04 PM,eBird - Traveling Count,112,1,1.449,,1
S330467906,American Robin,Turdus migratorius,28633,2,US-WA,Grays Harbor,L1158826,Chance A La Mer SP,47.0127422,-124.1698837,2026-05-01,08:36 AM,eBird - Traveling Count,46,1,.524,,1
S330084156,American Robin,Turdus migratorius,28633,1,US-WA,Grays Harbor,L276426,Grays Harbor NWR (Bowerman Basin),46.9731644,-123.9436064,2026-04-30,02:47 PM,eBird - Traveling Count,104,1,1.512,,1
S330412083,American Robin,Turdus migratorius,28633,4,US-WA,Grays Harbor,L264861,Hoquiam STP,46.9732093,-123.9165354,2026-05-01,07:22 AM,eBird - Traveling Count,35,1,.098,,1
S331882311,American Robin,Turdus migratorius,28633,1,US-WA,Grays Harbor,L1875831,Westhaven SP,46.9011251,-124.1268446,2026-05-03,07:27 AM,eBird - Traveling Count,99,1,1.733,,1
S349638499,American Robin,Turdus migratorius,28633,10,US-WA,Jefferson,L249781,Fort Flagler SP,48.0960511,-122.7139785,2026-05-30,08:52 AM,eBird - Traveling Count,197,1,8.735,,1
S349492168,American Robin,Turdus migratorius,28633,3,US-WA,Jefferson,L812287,Fort Flagler SP - Campground/Beach,48.0938751,-122.7226067,2026-05-30,05:59 AM,eBird - Traveling Count,160,1,1.696,,1
S230488049,American Robin,Turdus migratorius,28633,X,US-WA,Jefferson,L292851,Fort Worden SP,48.1408906,-122.7680969,2025-04-27,,Historical,,1
S297107675,American Robin,Turdus migratorius,28633,1,US-WA,King,L57830459,"2520 Northeast 130th Street, Seattle, Washington, US (47.724, -122.301)",47.7237668,-122.3010431,2026-01-30,02:45 PM,eBird - Traveling Count,95,1,.849,,1
S380834342,American Robin,Turdus migratorius,28633,1,US-WA,King,L75171900,"6712 7th Avenue Northwest, Seattle, Washington, US (47.678, -122.364)",47.6781886,-122.364423,2026-08-07,07:52 AM,eBird - Traveling Count,36,1,.767,,1
S300022459,American Robin,Turdus migratorius,28633,2,US-WA,King,L56788131,900 Block NW 64th,47.6754497,-122.3698811,2026-02-13,07:37 AM,eBird - Traveling Count,37,1,1.74,,1
S170824503,American Robin,Turdus migratorius,28633,X,US-WA,King,L298030,Carkeek Park,47.7126411,-122.377647,2024-04-28,09:45 AM,eBird - Traveling Count,120,1,4.828,,2
S294267769,American Robin,Turdus migratorius,28633,X,US-WA,King,L298030,Carkeek Park,47.7126411,-122.377647,2026-01-14,02:40 PM,eBird - Traveling Count,106,1,.524,,1
S299853433,American Robin,Turdus migratorius,28633,4,US-WA,King,L298030,Carkeek Park,47.7126411,-122.377647,2026-02-12,03:26 PM,eBird - Traveling Count,60,1,.608,,1
S302817888,American Robin,Turdus migratorius,28633,15,US-WA,King,L298030,Carkeek Park,47.7126411,-122.377647,2026-02-21,10:55 AM,eBird - Traveling Count,122,1,.648,,1
S309235427,American Robin,Turdus migratorius,28633,30,US-WA,King,L298030,Carkeek Park,47.7126411,-122.377647,2026-03-14,01:56 PM,eBird - Traveling Count,69,1,.697,,1
S327898050,American Robin,Turdus migratorius,28633,1,US-WA,King,L298030,Carkeek Park,47.7126411,-122.377647,2026-04-26,08:39 AM,eBird - Traveling Count,29,1,.224,,1
S335596208,American Robin,Turdus migratorius,28633,1,US-WA,King,L298030,Carkeek Park,47.7126411,-122.377647,2026-05-09,09:08 AM,eBird - Traveling Count,114,1,.82,,1
S294797995,American Robin,Turdus migratorius,28633,X,US-WA,King,L128530,Discovery Park,47.663868,-122.4215317,2026-01-17,11:29 AM,eBird - Traveling Count,165,1,5.954,,1
S307461833,American Robin,Turdus migratorius,28633,10,US-WA,King,L128530,Discovery Park,47.663868,-122.4215317,2026-03-08,03:06 PM,eBird - Traveling Count,152,1,4.489,,1
S345782350,American Robin,Turdus migratorius,28633,8,US-WA,King,L128530,Discovery Park,47.663868,-122.4215317,2026-05-24,10:09 AM,eBird - Traveling Count,196,1,3.615,,1
S328030718,American Robin,Turdus migratorius,28633,2,US-WA,King,L1924233,Discovery Park--South Meadow,47.655213,-122.4141312,2026-04-26,10:00 AM,eBird - Traveling Count,112,1,1.914,,15
S333514456,American Robin,Turdus migratorius,28633,5,US-WA,King,L1924233,Discovery Park--South Meadow,47.655213,-122.4141312,2026-05-06,06:43 AM,eBird - Traveling Count,37,1,1.923,,1
S309580927,American Robin,Turdus migratorius,28633,1,US-WA,King,L280267,Foster Island & Marsh Island,47.646592,-122.2909732,2026-03-15,10:53 AM,eBird - Traveling Count,96,1,1.041,,1
S318992308,American Robin,Turdus migratorius,28633,1,US-WA,King,L2692026,Fremont Canal Park,47.6514476,-122.3570377,2026-04-08,08:44 AM,eBird - Traveling Count,15,1,.634,,1
S326022728,American Robin,Turdus migratorius,28633,2,US-WA,King,L2692026,Fremont Canal Park,47.6514476,-122.3570377,2026-04-23,08:45 AM,eBird - Traveling Count,19,1,.602,,1
S343417861,American Robin,Turdus migratorius,28633,1,US-WA,King,L2692026,Fremont Canal Park,47.6514476,-122.3570377,2026-05-21,08:52 AM,eBird - Traveling Count,20,1,.45,,1
S351854090,American Robin,Turdus migratorius,28633,1,US-WA,King,L2692026,Fremont Canal Park,47.6514476,-122.3570377,2026-06-03,08:30 AM,eBird - Traveling Count,21,1,.679,,1
S366226853,American Robin,Turdus migratorius,28633,1,US-WA,King,L2692026,Fremont Canal Park,47.6514476,-122.3570377,2026-07-01,07:33 AM,eBird - Traveling Count,20,1,.634,,1
S297342812,American Robin,Turdus migratorius,28633,1,US-WA,King,L163354,Green Lake,47.6783945,-122.3382464,2026-01-31,04:04 PM,eBird - Traveling Count,53,1,4.21,,1
S305332784,American Robin,Turdus migratorius,28633,10,US-WA,King,L163354,Green Lake,47.6783945,-122.3382464,2026-03-02,06:43 AM,eBird - Traveling Count,67,1,1.847,,1
S342994543,American Robin,Turdus migratorius,28633,3,US-WA,King,L163354,Green Lake,47.6783945,-122.3382464,2026-05-20,09:01 AM,eBird - Traveling Count,222,1,4.611,,1
S348567406,American Robin,Turdus migratorius,28633,1,US-WA,King,L163354,Green Lake,47.6783945,-122.3382464,2026-05-28,06:44 PM,eBird - Traveling Count,29,1,1.323,,1
S292421718,American Robin,Turdus migratorius,28633,X,US-WA,King,L208659,Hiram M. Chittenden Ballard Locks,47.6653579,-122.3974647,2026-01-04,09:39 AM,eBird - Traveling Count,35,1,1.144,,1
S306300352,American Robin,Turdus migratorius,28633,5,US-WA,King,L232479,Juanita Bay Park,47.6981686,-122.2101878,2026-03-05,02:46 PM,eBird - Traveling Count,61,1,1.635,,1
S301500561,American Robin,Turdus migratorius,28633,2,US-WA,King,L269461,Magnuson Park,47.6815336,-122.2505453,2026-02-16,10:02 AM,eBird - Traveling Count,133,1,2.13,,1
S303069344,American Robin,Turdus migratorius,28633,6,US-WA,King,L351484,Marymoor Park,47.6612642,-122.1184109,2026-02-22,06:42 AM,eBird - Traveling Count,176,1,4.108,,1
S162051939,American Robin,Turdus migratorius,28633,X,US-WA,King,L472642,Meadowbrook Pond,47.7058052,-122.2889256,2024-02-18,08:20 AM,eBird - Stationary Count,30,0,,,1
S345067581,American Robin,Turdus migratorius,28633,1,US-WA,King,L461493,Ravenna Park / Cowen Park,47.6721788,-122.3064566,2026-05-23,05:34 PM,eBird - Traveling Count,72,1,.992,,1
S370948878,American Robin,Turdus migratorius,28633,1,US-WA,King,L30660424,Twin Falls Natural Area,47.4530206,-121.7054379,2026-07-11,08:17 PM,eBird - Traveling Count,8,1,.416,,1
S160044564,American Robin,Turdus migratorius,28633,1,US-WA,King,L162766,Union Bay Natural Area/Montlake Fill,47.65424,-122.29137,2024-01-28,09:15 AM,eBird - Traveling Count,130,0,7.001,,1
S175815092,American Robin,Turdus migratorius,28633,X,US-WA,King,L162766,Union Bay Natural Area/Montlake Fill,47.65424,-122.29137,2024-05-19,08:00 AM,eBird - Traveling Count,150,1,3.219,,1
S177789951,American Robin,Turdus migratorius,28633,X,US-WA,King,L162766,Union Bay Natural Area/Montlake Fill,47.65424,-122.29137,2024-05-28,05:50 AM,eBird - Traveling Count,68,1,2.704,,1
S179154810,American Robin,Turdus migratorius,28633,X,US-WA,King,L162766,Union Bay Natural Area/Montlake Fill,47.65424,-122.29137,2024-06-03,05:47 AM,eBird - Traveling Count,116,1,5.053,,1
S183862008,American Robin,Turdus migratorius,28633,X,US-WA,King,L162766,Union Bay Natural Area/Montlake Fill,47.65424,-122.29137,2024-06-26,06:10 AM,eBird - Traveling Count,109,1,4.812,,1
S286517370,American Robin,Turdus migratorius,28633,X,US-WA,King,L162766,Union Bay Natural Area/Montlake Fill,47.65424,-122.29137,2025-11-28,09:23 AM,eBird - Traveling Count,132,1,2.605,,1
S295024890,American Robin,Turdus migratorius,28633,1,US-WA,King,L162766,Union Bay Natural Area/Montlake Fill,47.65424,-122.29137,2026-01-18,08:05 AM,eBird - Traveling Count,287,1,2.302,,1
S298942557,American Robin,Turdus migratorius,28633,3,US-WA,King,L162766,Union Bay Natural Area/Montlake Fill,47.65424,-122.29137,2026-02-08,07:30 AM,eBird - Traveling Count,133,1,3.101,,1
S305068426,American Robin,Turdus migratorius,28633,2,US-WA,King,L162766,Union Bay Natural Area/Montlake Fill,47.65424,-122.29137,2026-03-01,06:45 AM,eBird - Traveling Count,215,1,3.562,,1
S307285086,American Robin,Turdus migratorius,28633,3,US-WA,King,L162766,Union Bay Natural Area/Montlake Fill,47.65424,-122.29137,2026-03-08,07:52 AM,eBird - Traveling Count,130,1,3.898,,1
S309534495,American Robin,Turdus migratorius,28633,5,US-WA,King,L162766,Union Bay Natural Area/Montlake Fill,47.65424,-122.29137,2026-03-15,08:45 AM,eBird - Traveling Count,93,1,2.076,,1
S317515997,American Robin,Turdus migratorius,28633,3,US-WA,King,L162766,Union Bay Natural Area/Montlake Fill,47.65424,-122.29137,2026-04-05,10:27 AM,eBird - Traveling Count,191,1,2.366,,1
S320771289,American Robin,Turdus migratorius,28633,6,US-WA,King,L162766,Union Bay Natural Area/Montlake Fill,47.65424,-122.29137,2026-04-12,07:20 AM,eBird - Traveling Count,190,1,3.623,,1
S326594442,American Robin,Turdus migratorius,28633,2,US-WA,King,L162766,Union Bay Natural Area/Montlake Fill,47.65424,-122.29137,2026-04-24,06:55 AM,eBird - Traveling Count,222,1,2.992,,1
S333055230,American Robin,Turdus migratorius,28633,3,US-WA,King,L162766,Union Bay Natural Area/Montlake Fill,47.65424,-122.29137,2026-05-05,05:54 AM,eBird - Traveling Count,113,1,2.301,,1
S334002351,American Robin,Turdus migratorius,28633,4,US-WA,King,L162766,Union Bay Natural Area/Montlake Fill,47.65424,-122.29137,2026-05-07,06:22 AM,eBird - Traveling Count,64,1,.721,,1
S336459661,American Robin,Turdus migratorius,28633,10,US-WA,King,L162766,Union Bay Natural Area/Montlake Fill,47.65424,-122.29137,2026-05-10,06:04 AM,eBird - Traveling Count,165,1,2.998,,1,,,,657099664
S339377883,American Robin,Turdus migratorius,28633,3,US-WA,King,L162766,Union Bay Natural Area/Montlake Fill,47.65424,-122.29137,2026-05-15,06:24 AM,eBird - Traveling Count,131,1,2.121,,1,,,,657542519
S342868105,American Robin,Turdus migratorius,28633,4,US-WA,King,L162766,Union Bay Natural Area/Montlake Fill,47.65424,-122.29137,2026-05-20,06:19 AM,eBird - Traveling Count,134,1,3.112,,1
S347722254,American Robin,Turdus migratorius,28633,8,US-WA,King,L162766,Union Bay Natural Area/Montlake Fill,47.65424,-122.29137,2026-05-27,05:41 AM,eBird - Traveling Count,137,1,3.085,,1
S359192903,American Robin,Turdus migratorius,28633,3,US-WA,King,L162766,Union Bay Natural Area/Montlake Fill,47.65424,-122.29137,2026-06-18,08:29 AM,eBird - Traveling Count,72,1,2.496,,1
S374368808,American Robin,Turdus migratorius,28633,5,US-WA,King,L162766,Union Bay Natural Area/Montlake Fill,47.65424,-122.29137,2026-07-20,05:31 AM,eBird - Traveling Count,90,1,2.509,,1,,,,661662243
S167616265,American Robin,Turdus migratorius,28633,X,US-WA,King,L165740,Washington Park Arboretum,47.6370819,-122.29574,2024-04-07,08:30 AM,eBird - Traveling Count,180,1,3.219,,15
S176759208,American Robin,Turdus migratorius,28633,X,US-MA,Middlesex,L7397935,Rocky Hill Wildlife Sanctuary (Mass Audubon),42.5818528,-71.5328836,2024-05-24,10:16 AM,eBird - Traveling Count,93,1,4.538,,1
S331219104,American Robin,Turdus migratorius,28633,8,US-WA,Pacific,L803299,Cedar River (Pacific Co.),46.7400371,-123.9751339,2026-05-02,09:45 AM,eBird - Traveling Count,60,1,.577,,1
S331313814,American Robin,Turdus migratorius,28633,1,US-WA,Pacific,L257976,Tokeland -- Graveyard Spit/Fisher Ave,46.7079709,-123.9877832,2026-05-02,12:55 PM,eBird - Traveling Count,14,1,.066,,1
S188153189,American Robin,Turdus migratorius,28633,X,US-WA,Pierce,L3302240,Mt. Rainier NP--Grand Park,46.9642783,-121.6792166,2024-07-21,,Historical,,1
S176978136,American Robin,Turdus migratorius,28633,X,US-RI,Providence,L804728,Blackstone Park,41.833327,-71.3792148,2024-05-25,09:31 AM,eBird - Traveling Count,43,1,1.931,,1
S170170610,American Robin,Turdus migratorius,28633,X,US-WA,San Juan,L9267425,"Cascade Lake--south end campsites, Orcas Island",48.6458967,-122.8474903,2024-04-13,,Historical,,1
S355941191,American Robin,Turdus migratorius,28633,1,US-CA,Siskiyou,L2345957,I-5--Weed Airport Rest Area,41.4773161,-122.4547237,2026-06-11,01:59 PM,eBird - Traveling Count,7,1,.147,,1
S319751834,American Robin,Turdus migratorius,28633,5,US-WA,Skagit,L476174,Skagit Wildlife Area--Wiley Slough,48.3246351,-122.3741287,2026-04-10,09:30 AM,eBird - Traveling Count,229,1,2.012,,3
S327106784,American Robin,Turdus migratorius,28633,1,US-WA,Snohomish,L9377619,"12th St NE, Everett",48.0077981,-122.1706841,2026-04-25,07:24 AM,eBird - Traveling Count,22,1,.324,,1
S379333332,American Robin,Turdus migratorius,28633,12,US-WA,Snohomish,L950776,Big Four Ice Caves,48.0651548,-121.5151566,2026-08-02,07:25 AM,eBird - Traveling Count,329,1,2.7,,1,,,,662363331 662363332
S293525790,American Robin,Turdus migratorius,28633,X,US-WA,Snohomish,L374380,Edmonds Marsh,47.8085287,-122.3864508,2026-01-10,11:07 AM,eBird - Traveling Count,48,1,.092,,1
S297588705,American Robin,Turdus migratorius,28633,1,US-WA,Snohomish,L374382,Edmonds Waterfront,47.8119268,-122.3854144,2026-02-01,12:36 PM,eBird - Traveling Count,124,1,1.416,,1
S304355760,American Robin,Turdus migratorius,28633,4,US-WA,Snohomish,L343338,Everett Sewage Lagoons,47.9988889,-122.17,2026-02-27,08:39 AM,eBird - Traveling Count,230,1,4.811,,1
S327075826,American Robin,Turdus migratorius,28633,2,US-WA,Snohomish,L343338,Everett Sewage Lagoons,47.9988889,-122.17,2026-04-25,06:23 AM,eBird - Traveling Count,47,1,.919,,1
S346491426,American Robin,Turdus migratorius,28633,6,US-WA,Snohomish,L4756268,Field's Riffle,47.9166297,-122.1268988,2026-05-25,07:11 AM,eBird - Traveling Count,177,1,1.517,,1,,,,658391536
S304371242,American Robin,Turdus migratorius,28633,1,US-WA,Snohomish,L1052763,Lowell Riverfront Trail,47.9560191,-122.1890402,2026-02-27,01:10 PM,eBird - Traveling Count,26,1,.58,,1
S371256974,American Robin,Turdus migratorius,28633,6,US-WA,Snohomish,L4444849,Riverview Wildlife Refuge / Snohomish Wastewater Treatment Plant,47.9165434,-122.1100652,2026-07-12,07:30 AM,eBird - Traveling Count,139,1,1.581,,1
S375605391,American Robin,Turdus migratorius,28633,2,US-WA,Snohomish,L343249,Stanwood Water Treatment Plant,48.2377017,-122.3611822,2026-07-23,02:41 PM,eBird - Traveling Count,163,1,.511,,1
S291455322,American Robin,Turdus migratorius,28633,X,US-WA,Thurston,L282253,Billy Frank Jr. Nisqually NWR,47.0812514,-122.7180576,2025-12-31,08:11 AM,eBird - Traveling Count,256,1,3.231,,1,,,,648016658
S332089254,American Robin,Turdus migratorius,28633,4,US-WA,Thurston,L282253,Billy Frank Jr. Nisqually NWR,47.0812514,-122.7180576,2026-05-03,10:49 AM,eBird - Traveling Count,191,1,4.362,,1
S285225977,Clay-colored Thrush,Turdus grayi,28767,2,US-TX,Hidalgo,L249889,Edinburg Scenic Wetlands WBC (LTC 061),26.2905822,-98.1351909,2025-11-19,12:54 PM,eBird - Traveling Count,90,1,1.609,,9
S285225465,Clay-colored Thrush,Turdus grayi,28767,3,US-TX,Hidalgo,L21636963,Peculiar Nest Airbnb (restricted access),26.180693,-98.272806,2025-11-18,07:00 AM,eBird - Stationary Count,40,1,,,10
S313780052,White-rumped Shama,Copsychus malabaricus,29014,X,US-HI,Kauai,L266182,Kilauea Point NWR,22.2316072,-159.4019778,2026-03-27,02:47 PM,eBird - Traveling Count,29,1,.836,,1
S313169342,White-rumped Shama,Copsychus malabaricus,29014,1,US-HI,Kauai,L1186213,Poʻipū Beach Park,21.87229,-159.4540122,2026-03-25,03:49 PM,eBird - Traveling Count,90,1,3.655,,1
S314850063,White-rumped Shama,Copsychus malabaricus,29014,1,US-HI,Kauai,L1186213,Poʻipū Beach Park,21.87229,-159.4540122,2026-03-30,07:30 AM,eBird - Traveling Count,45,1,1.61,,1
S260178353,Black Redstart,Phoenicurus ochruros,29617,X,CH-BE,,L8537225,Wengen (village),46.6056933,7.9200443,2025-07-10,,Historical,,0
S260172163,Northern Wheatear,Oenanthe oenanthe,29783,X,CH-VS,,L6165984,Zermatt--Stadt (City of Zermatt),46.0214626,7.7472281,2025-06-30,,Historical,,0
S377210785,Cedar Waxwing,Bombycilla cedrorum,29888,1,US-WA,King,L298030,Carkeek Park,47.7126411,-122.377647,2026-07-27,07:53 PM,eBird - Traveling Count,13,1,.357,,1
S345782350,Cedar Waxwing,Bombycilla cedrorum,29888,3,US-WA,King,L128530,Discovery Park,47.663868,-122.4215317,2026-05-24,10:09 AM,eBird - Traveling Count,196,1,3.615,,1
S175815092,Cedar Waxwing,Bombycilla cedrorum,29888,X,US-WA,King,L162766,Union Bay Natural Area/Montlake Fill,47.65424,-122.29137,2024-05-19,08:00 AM,eBird - Traveling Count,150,1,3.219,,1
S177789951,Cedar Waxwing,Bombycilla cedrorum,29888,X,US-WA,King,L162766,Union Bay Natural Area/Montlake Fill,47.65424,-122.29137,2024-05-28,05:50 AM,eBird - Traveling Count,68,1,2.704,,1
S179154810,Cedar Waxwing,Bombycilla cedrorum,29888,X,US-WA,King,L162766,Union Bay Natural Area/Montlake Fill,47.65424,-122.29137,2024-06-03,05:47 AM,eBird - Traveling Count,116,1,5.053,,1
S183862008,Cedar Waxwing,Bombycilla cedrorum,29888,X,US-WA,King,L162766,Union Bay Natural Area/Montlake Fill,47.65424,-122.29137,2024-06-26,06:10 AM,eBird - Traveling Count,109,1,4.812,,1
S339377883,Cedar Waxwing,Bombycilla cedrorum,29888,7,US-WA,King,L162766,Union Bay Natural Area/Montlake Fill,47.65424,-122.29137,2026-05-15,06:24 AM,eBird - Traveling Count,131,1,2.121,,1,,,,657542534 657542535 657542536
S342868105,Cedar Waxwing,Bombycilla cedrorum,29888,4,US-WA,King,L162766,Union Bay Natural Area/Montlake Fill,47.65424,-122.29137,2026-05-20,06:19 AM,eBird - Traveling Count,134,1,3.112,,1
S347722254,Cedar Waxwing,Bombycilla cedrorum,29888,30,US-WA,King,L162766,Union Bay Natural Area/Montlake Fill,47.65424,-122.29137,2026-05-27,05:41 AM,eBird - Traveling Count,137,1,3.085,,1,,,,658541942 658541943
S355941191,Cedar Waxwing,Bombycilla cedrorum,29888,1,US-CA,Siskiyou,L2345957,I-5--Weed Airport Rest Area,41.4773161,-122.4547237,2026-06-11,01:59 PM,eBird - Traveling Count,7,1,.147,,1
S379333332,Cedar Waxwing,Bombycilla cedrorum,29888,6,US-WA,Snohomish,L950776,Big Four Ice Caves,48.0651548,-121.5151566,2026-08-02,07:25 AM,eBird - Traveling Count,329,1,2.7,,1,,,,662363337
S346491426,Cedar Waxwing,Bombycilla cedrorum,29888,2,US-WA,Snohomish,L4756268,Field's Riffle,47.9166297,-122.1268988,2026-05-25,07:11 AM,eBird - Traveling Count,177,1,1.517,,1
S371256974,Cedar Waxwing,Bombycilla cedrorum,29888,7,US-WA,Snohomish,L4444849,Riverview Wildlife Refuge / Snohomish Wastewater Treatment Plant,47.9165434,-122.1100652,2026-07-12,07:30 AM,eBird - Traveling Count,139,1,1.581,,1,,,,661254703 661254704
S375605391,Cedar Waxwing,Bombycilla cedrorum,29888,3,US-WA,Snohomish,L343249,Stanwood Water Treatment Plant,48.2377017,-122.3611822,2026-07-23,02:41 PM,eBird - Traveling Count,163,1,.511,,1,,,,661835260 661835261
S376877165,Cedar Waxwing,Bombycilla cedrorum,29888,1,US-WA,Snohomish,L343249,Stanwood Water Treatment Plant,48.2377017,-122.3611822,2026-07-26,07:23 PM,eBird - Traveling Count,88,1,.235,,1
S159174918,Phainopepla,Phainopepla nitens,29909,X,US-AZ,,L108915,Arizona,34.16973,-111.93299,2024-01-12,,Historical,,1,,,,,,,613666274
S313427151,Java Sparrow,Padda oryzivora,31066,5,US-HI,Kauai,L1186213,Poʻipū Beach Park,21.87229,-159.4540122,2026-03-26,11:24 AM,eBird - Traveling Count,17,1,.791,,1
S314850063,Java Sparrow,Padda oryzivora,31066,4,US-HI,Kauai,L1186213,Poʻipū Beach Park,21.87229,-159.4540122,2026-03-30,07:30 AM,eBird - Traveling Count,45,1,1.61,,1
S314160877,Scaly-breasted Munia,Lonchura punctulata,31076,X,US-HI,Kauai,L1186213,Poʻipū Beach Park,21.87229,-159.4540122,2026-03-26,02:00 PM,eBird - Casual Observation,,0,,,1
S314850063,Scaly-breasted Munia,Lonchura punctulata,31076,4,US-HI,Kauai,L1186213,Poʻipū Beach Park,21.87229,-159.4540122,2026-03-30,07:30 AM,eBird - Traveling Count,45,1,1.61,,1
S314161013,Chestnut Munia,Lonchura atricapilla,31117,X,US-HI,Kauai,L1186213,Poʻipū Beach Park,21.87229,-159.4540122,2026-03-28,07:00 AM,eBird - Casual Observation,,0,,,1
S356765363,House Sparrow,Passer domesticus,31534,1,US-CA,Alameda,L8307665,Albany State Marine Reserve,37.8893242,-122.3151134,2026-06-13,07:48 AM,eBird - Traveling Count,99,1,2.71,,1
S285814615,House Sparrow,Passer domesticus,31534,X,US-CA,Alameda,L2377313,McLaughlin Eastshore SP--Albany access,37.890326,-122.314765,2025-11-23,08:40 AM,eBird - Traveling Count,86,1,2.87,,1
S159176051,House Sparrow,Passer domesticus,31534,X,NZ-AUK,Auckland City,L15034121,Arch Hill Scenic Reserve,-36.8682519,174.7413516,2023-08-15,,Historical,,1
S312099507,House Sparrow,Passer domesticus,31534,2,US-WA,Grant,L60819284,"15927 Road D Southeast, Othello, Washington, US (46.854, -119.409)",46.85401,-119.4093612,2026-03-22,10:57 AM,eBird - Stationary Count,10,1,,,1
S285225846,House Sparrow,Passer domesticus,31534,3,US-TX,Hidalgo,L246727,Anzalduas Park (LTC 068),26.1384105,-98.3327866,2025-11-18,11:32 AM,eBird - Traveling Count,65,1,1.609,,9
S285225977,House Sparrow,Passer domesticus,31534,90,US-TX,Hidalgo,L249889,Edinburg Scenic Wetlands WBC (LTC 061),26.2905822,-98.1351909,2025-11-19,12:54 PM,eBird - Traveling Count,90,1,1.609,,9
S285225465,House Sparrow,Passer domesticus,31534,7,US-TX,Hidalgo,L21636963,Peculiar Nest Airbnb (restricted access),26.180693,-98.272806,2025-11-18,07:00 AM,eBird - Stationary Count,40,1,,,10
S285226044,House Sparrow,Passer domesticus,31534,10,US-TX,Hidalgo,L1850000,San Juan Wetlands,26.1606244,-98.157516,2025-11-19,12:00 PM,eBird - Traveling Count,22,1,.805,,9
S285226087,House Sparrow,Passer domesticus,31534,20,US-TX,Hidalgo,L129085,Santa Ana NWR (LTC 059),26.0813003,-98.1351399,2025-11-19,07:24 AM,eBird - Traveling Count,200,1,2.414,,9
S314045091,House Sparrow,Passer domesticus,31534,1,US-HI,Kauai,L469355,Kawai'ele State Waterbird Sanctuary,22.0099791,-159.7679526,2026-03-28,07:36 AM,eBird - Traveling Count,78,1,.732,,1
S313169342,House Sparrow,Passer domesticus,31534,6,US-HI,Kauai,L1186213,Poʻipū Beach Park,21.87229,-159.4540122,2026-03-25,03:49 PM,eBird - Traveling Count,90,1,3.655,,1
S313427151,House Sparrow,Passer domesticus,31534,10,US-HI,Kauai,L1186213,Poʻipū Beach Park,21.87229,-159.4540122,2026-03-26,11:24 AM,eBird - Traveling Count,17,1,.791,,1
S314850063,House Sparrow,Passer domesticus,31534,10,US-HI,Kauai,L1186213,Poʻipū Beach Park,21.87229,-159.4540122,2026-03-30,07:30 AM,eBird - Traveling Count,45,1,1.61,,1
S380318688,House Sparrow,Passer domesticus,31534,1,US-WA,King,L2608551,Charles Richey Sr. Viewpoint,47.5726544,-122.4140185,2026-08-05,02:46 PM,eBird - Traveling Count,22,1,.145,,1
S318992308,House Sparrow,Passer domesticus,31534,4,US-WA,King,L2692026,Fremont Canal Park,47.6514476,-122.3570377,2026-04-08,08:44 AM,eBird - Traveling Count,15,1,.634,,1
S326022728,House Sparrow,Passer domesticus,31534,1,US-WA,King,L2692026,Fremont Canal Park,47.6514476,-122.3570377,2026-04-23,08:45 AM,eBird - Traveling Count,19,1,.602,,1
S334650572,House Sparrow,Passer domesticus,31534,3,US-WA,King,L2692026,Fremont Canal Park,47.6514476,-122.3570377,2026-05-08,09:19 AM,eBird - Traveling Count,22,1,.739,,1
S343417861,House Sparrow,Passer domesticus,31534,3,US-WA,King,L2692026,Fremont Canal Park,47.6514476,-122.3570377,2026-05-21,08:52 AM,eBird - Traveling Count,20,1,.45,,1
S182799645,House Sparrow,Passer domesticus,31534,X,GB-WLS,Pembrokeshire,L14457627,Tenby Harbour,51.6725044,-4.698564,2024-06-21,06:44 AM,eBird - Traveling Count,25,1,1.287,,1
S176978136,House Sparrow,Passer domesticus,31534,X,US-RI,Providence,L804728,Blackstone Park,41.833327,-71.3792148,2024-05-25,09:31 AM,eBird - Traveling Count,43,1,1.931,,1
S327106784,House Sparrow,Passer domesticus,31534,1,US-WA,Snohomish,L9377619,"12th St NE, Everett",48.0077981,-122.1706841,2026-04-25,07:24 AM,eBird - Traveling Count,22,1,.324,,1
S319626376,House Sparrow,Passer domesticus,31534,7,US-WA,Snohomish,L20643235,Edmonds Public Fishing Pier,47.8110241,-122.3899493,2026-04-10,07:54 AM,eBird - Traveling Count,31,1,.49,,1
S297588705,House Sparrow,Passer domesticus,31534,1,US-WA,Snohomish,L374382,Edmonds Waterfront,47.8119268,-122.3854144,2026-02-01,12:36 PM,eBird - Traveling Count,124,1,1.416,,1
S216534367,House Sparrow,Passer domesticus,31534,X,AG-,,L3680262,Antigua and Barbuda,17.2705798,-61.7982655,2025-02-28,,Historical,,1
S216533729,House Sparrow,Passer domesticus,31534,X,BL-,,L3710693,Saint Barthélemy,17.9063433,-62.8337387,2025-02-22,,Historical,,1
S214854032,House Sparrow,Passer domesticus,31534,X,BL-,,L3710693,Saint Barthélemy,17.9063433,-62.8337387,2025-02-22,01:15 PM,eBird - Traveling Count,60,1,1.609,,1
S260171709,House Sparrow,Passer domesticus,31534,X,CH-ZH,,L4507511,Zürich Stadt (city of Zurich)* general (use more precise loc.),47.3768774,8.5413551,2025-06-29,,Historical,,1
S260172163,White-winged Snowfinch,Montifringilla nivalis,31641,X,CH-VS,,L6165984,Zermatt--Stadt (City of Zermatt),46.0214626,7.7472281,2025-06-30,,Historical,,0
S182684618,White Wagtail,Motacilla alba,31720,X,GB-WLS,Pembrokeshire,L1067540,Skomer Island,51.7374472,-5.2943802,2024-06-20,11:12 AM,eBird - Traveling Count,278,1,7.403,,1
S182799645,White Wagtail,Motacilla alba,31720,X,GB-WLS,Pembrokeshire,L14457627,Tenby Harbour,51.6725044,-4.698564,2024-06-21,06:44 AM,eBird - Traveling Count,25,1,1.287,,1
S260172163,White Wagtail,Motacilla alba,31720,X,CH-VS,,L6165984,Zermatt--Stadt (City of Zermatt),46.0214626,7.7472281,2025-06-30,,Historical,,0
S159176051,Common Chaffinch,Fringilla coelebs,31948,X,NZ-AUK,Auckland City,L15034121,Arch Hill Scenic Reserve,-36.8682519,174.7413516,2023-08-15,,Historical,,1
S260178353,Common Chaffinch,Fringilla coelebs,31948,X,CH-BE,,L8537225,Wengen (village),46.6056933,7.9200443,2025-07-10,,Historical,,0
S358739900,Evening Grosbeak,Hesperiphona vespertina,32085,1,US-OR,Deschutes,L564147,Smith Rock SP,44.3669375,-121.1371851,2026-06-17,07:36 AM,eBird - Traveling Count,51,1,1.188,,1
S312035095,House Finch,Haemorhous mexicanus,32310,2,US-WA,Adams,L60805356,"West Gillis Road, Othello, Washington, US (46.81, -119.347)",46.8100099,-119.347446,2026-03-22,08:19 AM,eBird - Traveling Count,57,1,.973,,1
S356765363,House Finch,Haemorhous mexicanus,32310,11,US-CA,Alameda,L8307665,Albany State Marine Reserve,37.8893242,-122.3151134,2026-06-13,07:48 AM,eBird - Traveling Count,99,1,2.71,,1,,,,659894574 659894575 659894576
S172492761,House Finch,Haemorhous mexicanus,32310,X,US-CA,Alameda,L285281,Cesar Chavez Park,37.8709227,-122.3150389,2024-05-06,02:03 PM,eBird - Traveling Count,52,1,2.945,,1
S356230112,House Finch,Haemorhous mexicanus,32310,10,US-CA,Alameda,L285281,Cesar Chavez Park,37.8709227,-122.3150389,2026-06-12,07:05 AM,eBird - Traveling Count,99,1,4.,,1,,,,659894404
S285814615,House Finch,Haemorhous mexicanus,32310,X,US-CA,Alameda,L2377313,McLaughlin Eastshore SP--Albany access,37.890326,-122.314765,2025-11-23,08:40 AM,eBird - Traveling Count,86,1,2.87,,1
S323667024,House Finch,Haemorhous mexicanus,32310,1,US-WA,Clallam,L190512,Ediz Hook,48.14035,-123.44711,2026-04-18,08:22 AM,eBird - Traveling Count,154,1,4.076,,1
S324402551,House Finch,Haemorhous mexicanus,32310,2,US-WA,Clallam,L265438,Three Crabs,48.151945,-123.1222855,2026-04-19,02:15 PM,eBird - Traveling Count,74,1,.389,,1,,,,655400046
S180573811,House Finch,Haemorhous mexicanus,32310,X,US-VA,Fairfax,L718525,**HUNTLEY MEADOWS PARK,38.7576451,-77.0984124,2024-06-10,07:09 AM,eBird - Traveling Count,148,1,3.203,,1
S311034367,House Finch,Haemorhous mexicanus,32310,1,US-WA,Grant,L265765,Potholes SP,46.9809077,-119.3508177,2026-03-20,08:17 AM,eBird - Traveling Count,76,1,2.739,,1
S311476924,House Finch,Haemorhous mexicanus,32310,1,US-WA,Grant,L265765,Potholes SP,46.9809077,-119.3508177,2026-03-21,07:59 AM,eBird - Traveling Count,60,1,1.61,,1,,,,653396842
S285225846,House Finch,Haemorhous mexicanus,32310,14,US-TX,Hidalgo,L246727,Anzalduas Park (LTC 068),26.1384105,-98.3327866,2025-11-18,11:32 AM,eBird - Traveling Count,65,1,1.609,,9
S174147151,House Finch,Haemorhous mexicanus,32310,X,US-WA,Jefferson,L249781,Fort Flagler SP,48.0960511,-122.7139785,2024-05-11,12:00 AM,Historical,,1,,,1
S349638499,House Finch,Haemorhous mexicanus,32310,3,US-WA,Jefferson,L249781,Fort Flagler SP,48.0960511,-122.7139785,2026-05-30,08:52 AM,eBird - Traveling Count,197,1,8.735,,1
S314045091,House Finch,Haemorhous mexicanus,32310,1,US-HI,Kauai,L469355,Kawai'ele State Waterbird Sanctuary,22.0099791,-159.7679526,2026-03-28,07:36 AM,eBird - Traveling Count,78,1,.732,,1
S313169342,House Finch,Haemorhous mexicanus,32310,1,US-HI,Kauai,L1186213,Poʻipū Beach Park,21.87229,-159.4540122,2026-03-25,03:49 PM,eBird - Traveling Count,90,1,3.655,,1
S297107675,House Finch,Haemorhous mexicanus,32310,1,US-WA,King,L57830459,"2520 Northeast 130th Street, Seattle, Washington, US (47.724, -122.301)",47.7237668,-122.3010431,2026-01-30,02:45 PM,eBird - Traveling Count,95,1,.849,,1
S300022459,House Finch,Haemorhous mexicanus,32310,4,US-WA,King,L56788131,900 Block NW 64th,47.6754497,-122.3698811,2026-02-13,07:37 AM,eBird - Traveling Count,37,1,1.74,,1
S345782350,House Finch,Haemorhous mexicanus,32310,7,US-WA,King,L128530,Discovery Park,47.663868,-122.4215317,2026-05-24,10:09 AM,eBird - Traveling Count,196,1,3.615,,1
S328030718,House Finch,Haemorhous mexicanus,32310,5,US-WA,King,L1924233,Discovery Park--South Meadow,47.655213,-122.4141312,2026-04-26,10:00 AM,eBird - Traveling Count,112,1,1.914,,15
S380906489,House Finch,Haemorhous mexicanus,32310,2,US-WA,King,L267071,Frager Rd. (north),47.418883,-122.2678757,2026-08-07,09:32 AM,eBird - Traveling Count,176,1,2.644,,1
S326022728,House Finch,Haemorhous mexicanus,32310,3,US-WA,King,L2692026,Fremont Canal Park,47.6514476,-122.3570377,2026-04-23,08:45 AM,eBird - Traveling Count,19,1,.602,,1
S334650572,House Finch,Haemorhous mexicanus,32310,4,US-WA,King,L2692026,Fremont Canal Park,47.6514476,-122.3570377,2026-05-08,09:19 AM,eBird - Traveling Count,22,1,.739,,1
S343417861,House Finch,Haemorhous mexicanus,32310,1,US-WA,King,L2692026,Fremont Canal Park,47.6514476,-122.3570377,2026-05-21,08:52 AM,eBird - Traveling Count,20,1,.45,,1
S351854090,House Finch,Haemorhous mexicanus,32310,2,US-WA,King,L2692026,Fremont Canal Park,47.6514476,-122.3570377,2026-06-03,08:30 AM,eBird - Traveling Count,21,1,.679,,1
S366226853,House Finch,Haemorhous mexicanus,32310,3,US-WA,King,L2692026,Fremont Canal Park,47.6514476,-122.3570377,2026-07-01,07:33 AM,eBird - Traveling Count,20,1,.634,,1
S342994543,House Finch,Haemorhous mexicanus,32310,5,US-WA,King,L163354,Green Lake,47.6783945,-122.3382464,2026-05-20,09:01 AM,eBird - Traveling Count,222,1,4.611,,1,,,,658004533
S296271926,House Finch,Haemorhous mexicanus,32310,1,US-WA,King,L232479,Juanita Bay Park,47.6981686,-122.2101878,2026-01-25,08:10 AM,eBird - Traveling Count,222,1,1.699,,1,,,,649620001
S175815092,House Finch,Haemorhous mexicanus,32310,X,US-WA,King,L162766,Union Bay Natural Area/Montlake Fill,47.65424,-122.29137,2024-05-19,08:00 AM,eBird - Traveling Count,150,1,3.219,,1
S183862008,House Finch,Haemorhous mexicanus,32310,X,US-WA,King,L162766,Union Bay Natural Area/Montlake Fill,47.65424,-122.29137,2024-06-26,06:10 AM,eBird - Traveling Count,109,1,4.812,,1
S286517370,House Finch,Haemorhous mexicanus,32310,X,US-WA,King,L162766,Union Bay Natural Area/Montlake Fill,47.65424,-122.29137,2025-11-28,09:23 AM,eBird - Traveling Count,132,1,2.605,,1
S295024890,House Finch,Haemorhous mexicanus,32310,2,US-WA,King,L162766,Union Bay Natural Area/Montlake Fill,47.65424,-122.29137,2026-01-18,08:05 AM,eBird - Traveling Count,287,1,2.302,,1
S298942557,House Finch,Haemorhous mexicanus,32310,3,US-WA,King,L162766,Union Bay Natural Area/Montlake Fill,47.65424,-122.29137,2026-02-08,07:30 AM,eBird - Traveling Count,133,1,3.101,,1,,,,650546288
S305068426,House Finch,Haemorhous mexicanus,32310,3,US-WA,King,L162766,Union Bay Natural Area/Montlake Fill,47.65424,-122.29137,2026-03-01,06:45 AM,eBird - Traveling Count,215,1,3.562,,1
S309534495,House Finch,Haemorhous mexicanus,32310,2,US-WA,King,L162766,Union Bay Natural Area/Montlake Fill,47.65424,-122.29137,2026-03-15,08:45 AM,eBird - Traveling Count,93,1,2.076,,1
S320771289,House Finch,Haemorhous mexicanus,32310,5,US-WA,King,L162766,Union Bay Natural Area/Montlake Fill,47.65424,-122.29137,2026-04-12,07:20 AM,eBird - Traveling Count,190,1,3.623,,1,,,,654861865
S334002351,House Finch,Haemorhous mexicanus,32310,1,US-WA,King,L162766,Union Bay Natural Area/Montlake Fill,47.65424,-122.29137,2026-05-07,06:22 AM,eBird - Traveling Count,64,1,.721,,1
S336459661,House Finch,Haemorhous mexicanus,32310,2,US-WA,King,L162766,Union Bay Natural Area/Montlake Fill,47.65424,-122.29137,2026-05-10,06:04 AM,eBird - Traveling Count,165,1,2.998,,1
S339377883,House Finch,Haemorhous mexicanus,32310,4,US-WA,King,L162766,Union Bay Natural Area/Montlake Fill,47.65424,-122.29137,2026-05-15,06:24 AM,eBird - Traveling Count,131,1,2.121,,1
S342868105,House Finch,Haemorhous mexicanus,32310,2,US-WA,King,L162766,Union Bay Natural Area/Montlake Fill,47.65424,-122.29137,2026-05-20,06:19 AM,eBird - Traveling Count,134,1,3.112,,1
S347722254,House Finch,Haemorhous mexicanus,32310,2,US-WA,King,L162766,Union Bay Natural Area/Montlake Fill,47.65424,-122.29137,2026-05-27,05:41 AM,eBird - Traveling Count,137,1,3.085,,1
S359192903,House Finch,Haemorhous mexicanus,32310,3,US-WA,King,L162766,Union Bay Natural Area/Montlake Fill,47.65424,-122.29137,2026-06-18,08:29 AM,eBird - Traveling Count,72,1,2.496,,1
S374368808,House Finch,Haemorhous mexicanus,32310,2,US-WA,King,L162766,Union Bay Natural Area/Montlake Fill,47.65424,-122.29137,2026-07-20,05:31 AM,eBird - Traveling Count,90,1,2.509,,1,,,,661662259 661662260
S379333332,House Finch,Haemorhous mexicanus,32310,5,US-WA,Snohomish,L950776,Big Four Ice Caves,48.0651548,-121.5151566,2026-08-02,07:25 AM,eBird - Traveling Count,329,1,2.7,,1,,,,662363343 662363344
S379365619,House Finch,Haemorhous mexicanus,32310,0,US-WA,Snohomish,L20643239,Edmonds Marina,47.8079405,-122.3924276,2026-08-02,02:58 PM,eBird - Traveling Count,44,1,1.181,,1
S319608405,House Finch,Haemorhous mexicanus,32310,5,US-WA,Snohomish,L374380,Edmonds Marsh,47.8085287,-122.3864508,2026-04-10,07:23 AM,eBird - Traveling Count,27,1,.117,,1,,,,654685173 654685174
S297588705,House Finch,Haemorhous mexicanus,32310,2,US-WA,Snohomish,L374382,Edmonds Waterfront,47.8119268,-122.3854144,2026-02-01,12:36 PM,eBird - Traveling Count,124,1,1.416,,1
S304355760,House Finch,Haemorhous mexicanus,32310,1,US-WA,Snohomish,L343338,Everett Sewage Lagoons,47.9988889,-122.17,2026-02-27,08:39 AM,eBird - Traveling Count,230,1,4.811,,1
S327075826,House Finch,Haemorhous mexicanus,32310,1,US-WA,Snohomish,L343338,Everett Sewage Lagoons,47.9988889,-122.17,2026-04-25,06:23 AM,eBird - Traveling Count,47,1,.919,,1
S346491426,House Finch,Haemorhous mexicanus,32310,5,US-WA,Snohomish,L4756268,Field's Riffle,47.9166297,-122.1268988,2026-05-25,07:11 AM,eBird - Traveling Count,177,1,1.517,,1
S371256974,House Finch,Haemorhous mexicanus,32310,2,US-WA,Snohomish,L4444849,Riverview Wildlife Refuge / Snohomish Wastewater Treatment Plant,47.9165434,-122.1100652,2026-07-12,07:30 AM,eBird - Traveling Count,139,1,1.581,,1
S375605391,House Finch,Haemorhous mexicanus,32310,8,US-WA,Snohomish,L343249,Stanwood Water Treatment Plant,48.2377017,-122.3611822,2026-07-23,02:41 PM,eBird - Traveling Count,163,1,.511,,1,,,,661835272
S171929461,Purple Finch,Haemorhous purpureus,32324,1,US-CA,Alameda,L298487,McLaughlin Eastshore SP--Berkeley Meadow,37.8670193,-122.3102331,2024-05-04,09:02 AM,eBird - Casual Observation,,0,,,1
S324301943,Purple Finch,Haemorhous purpureus,32324,1,US-WA,Clallam,L17270540,Dungeness River Dike Trail,48.1411863,-123.129295,2026-04-19,08:22 AM,eBird - Traveling Count,194,1,1.115,,1
S323667024,Purple Finch,Haemorhous purpureus,32324,1,US-WA,Clallam,L190512,Ediz Hook,48.14035,-123.44711,2026-04-18,08:22 AM,eBird - Traveling Count,154,1,4.076,,1
S331419171,Purple Finch,Haemorhous purpureus,32324,1,US-WA,Grays Harbor,L268372,Bottle Beach State Park,46.893277,-124.0468136,2026-05-02,03:04 PM,eBird - Traveling Count,112,1,1.449,,1
S330597903,Purple Finch,Haemorhous purpureus,32324,1,US-WA,Grays Harbor,L109535,Ocean Shores--Oyhut Wildlife Area,46.9444663,-124.1522412,2026-05-01,12:06 PM,eBird - Traveling Count,63,1,.63,,1
S328030718,Purple Finch,Haemorhous purpureus,32324,2,US-WA,King,L1924233,Discovery Park--South Meadow,47.655213,-122.4141312,2026-04-26,10:00 AM,eBird - Traveling Count,112,1,1.914,,15
S331219104,Purple Finch,Haemorhous purpureus,32324,1,US-WA,Pacific,L803299,Cedar River (Pacific Co.),46.7400371,-123.9751339,2026-05-02,09:45 AM,eBird - Traveling Count,60,1,.577,,1
S358523668,Cassin's Finch,Haemorhous cassinii,32329,X,US-OR,Klamath,L1149408,Crater Lake NP--Rim Village,42.9109122,-122.1476644,2026-06-16,09:00 AM,eBird - Traveling Count,60,1,1.61,,1
S323179015,Red Crossbill,Loxia curvirostra,32498,2,US-WA,Clallam,L284497,John Wayne Marina,48.0623184,-123.0416377,2026-04-17,02:38 PM,eBird - Traveling Count,99,1,.876,,1
S159176051,European Goldfinch,Carduelis carduelis,32552,X,NZ-AUK,Auckland City,L15034121,Arch Hill Scenic Reserve,-36.8682519,174.7413516,2023-08-15,,Historical,,1
S358739900,Pine Siskin,Spinus pinus,32595,1,US-OR,Deschutes,L564147,Smith Rock SP,44.3669375,-121.1371851,2026-06-17,07:36 AM,eBird - Traveling Count,51,1,1.188,,1
S230488049,Pine Siskin,Spinus pinus,32595,X,US-WA,Jefferson,L292851,Fort Worden SP,48.1408906,-122.7680969,2025-04-27,,Historical,,1
S167616265,Pine Siskin,Spinus pinus,32595,X,US-WA,King,L165740,Washington Park Arboretum,47.6370819,-122.29574,2024-04-07,08:30 AM,eBird - Traveling Count,180,1,3.219,,15
S376353077,Pine Siskin,Spinus pinus,32595,4,US-WA,Pierce,L461358,Mt. Rainier NP--Burroughs Mountain,46.9117249,-121.6639709,2026-07-25,09:32 AM,eBird - Traveling Count,163,1,6.916,,1
S355941191,Lesser Goldfinch,Spinus psaltria,32609,1,US-CA,Siskiyou,L2345957,I-5--Weed Airport Rest Area,41.4773161,-122.4547237,2026-06-11,01:59 PM,eBird - Traveling Count,7,1,.147,,1
S331419171,American Goldfinch,Spinus tristis,32617,2,US-WA,Grays Harbor,L268372,Bottle Beach State Park,46.893277,-124.0468136,2026-05-02,03:04 PM,eBird - Traveling Count,112,1,1.449,,1
S330084156,American Goldfinch,Spinus tristis,32617,6,US-WA,Grays Harbor,L276426,Grays Harbor NWR (Bowerman Basin),46.9731644,-123.9436064,2026-04-30,02:47 PM,eBird - Traveling Count,104,1,1.512,,1
S174147151,American Goldfinch,Spinus tristis,32617,X,US-WA,Jefferson,L249781,Fort Flagler SP,48.0960511,-122.7139785,2024-05-11,12:00 AM,Historical,,1,,,1
S349492168,American Goldfinch,Spinus tristis,32617,3,US-WA,Jefferson,L812287,Fort Flagler SP - Campground/Beach,48.0938751,-122.7226067,2026-05-30,05:59 AM,eBird - Traveling Count,160,1,1.696,,1
S297107675,American Goldfinch,Spinus tristis,32617,2,US-WA,King,L57830459,"2520 Northeast 130th Street, Seattle, Washington, US (47.724, -122.301)",47.7237668,-122.3010431,2026-01-30,02:45 PM,eBird - Traveling Count,95,1,.849,,1
S345782350,American Goldfinch,Spinus tristis,32617,2,US-WA,King,L128530,Discovery Park,47.663868,-122.4215317,2026-05-24,10:09 AM,eBird - Traveling Count,196,1,3.615,,1
S328030718,American Goldfinch,Spinus tristis,32617,3,US-WA,King,L1924233,Discovery Park--South Meadow,47.655213,-122.4141312,2026-04-26,10:00 AM,eBird - Traveling Count,112,1,1.914,,15
S333514456,American Goldfinch,Spinus tristis,32617,1,US-WA,King,L1924233,Discovery Park--South Meadow,47.655213,-122.4141312,2026-05-06,06:43 AM,eBird - Traveling Count,37,1,1.923,,1
S380906489,American Goldfinch,Spinus tristis,32617,15,US-WA,King,L267071,Frager Rd. (north),47.418883,-122.2678757,2026-08-07,09:32 AM,eBird - Traveling Count,176,1,2.644,,1,,,,662621237 662621238 662621239
S306300352,American Goldfinch,Spinus tristis,32617,2,US-WA,King,L232479,Juanita Bay Park,47.6981686,-122.2101878,2026-03-05,02:46 PM,eBird - Traveling Count,61,1,1.635,,1
S175815092,American Goldfinch,Spinus tristis,32617,X,US-WA,King,L162766,Union Bay Natural Area/Montlake Fill,47.65424,-122.29137,2024-05-19,08:00 AM,eBird - Traveling Count,150,1,3.219,,1
S320771289,American Goldfinch,Spinus tristis,32617,6,US-WA,King,L162766,Union Bay Natural Area/Montlake Fill,47.65424,-122.29137,2026-04-12,07:20 AM,eBird - Traveling Count,190,1,3.623,,1,,,,654861876
S326594442,American Goldfinch,Spinus tristis,32617,2,US-WA,King,L162766,Union Bay Natural Area/Montlake Fill,47.65424,-122.29137,2026-04-24,06:55 AM,eBird - Traveling Count,222,1,2.992,,1
S339377883,American Goldfinch,Spinus tristis,32617,1,US-WA,King,L162766,Union Bay Natural Area/Montlake Fill,47.65424,-122.29137,2026-05-15,06:24 AM,eBird - Traveling Count,131,1,2.121,,1
S347722254,American Goldfinch,Spinus tristis,32617,2,US-WA,King,L162766,Union Bay Natural Area/Montlake Fill,47.65424,-122.29137,2026-05-27,05:41 AM,eBird - Traveling Count,137,1,3.085,,1,,,,658541948
S331219104,American Goldfinch,Spinus tristis,32617,1,US-WA,Pacific,L803299,Cedar River (Pacific Co.),46.7400371,-123.9751339,2026-05-02,09:45 AM,eBird - Traveling Count,60,1,.577,,1
S176978136,American Goldfinch,Spinus tristis,32617,X,US-RI,Providence,L804728,Blackstone Park,41.833327,-71.3792148,2024-05-25,09:31 AM,eBird - Traveling Count,43,1,1.931,,1
S170170610,American Goldfinch,Spinus tristis,32617,X,US-WA,San Juan,L9267425,"Cascade Lake--south end campsites, Orcas Island",48.6458967,-122.8474903,2024-04-13,,Historical,,1
S346491426,American Goldfinch,Spinus tristis,32617,12,US-WA,Snohomish,L4756268,Field's Riffle,47.9166297,-122.1268988,2026-05-25,07:11 AM,eBird - Traveling Count,177,1,1.517,,1,,,,658391544
S371256974,American Goldfinch,Spinus tristis,32617,4,US-WA,Snohomish,L4444849,Riverview Wildlife Refuge / Snohomish Wastewater Treatment Plant,47.9165434,-122.1100652,2026-07-12,07:30 AM,eBird - Traveling Count,139,1,1.581,,1,,,,661254708 661254709
S375605391,American Goldfinch,Spinus tristis,32617,6,US-WA,Snohomish,L343249,Stanwood Water Treatment Plant,48.2377017,-122.3611822,2026-07-23,02:41 PM,eBird - Traveling Count,163,1,.511,,1,,,,661835274 661835275 661835276
S376877165,American Goldfinch,Spinus tristis,32617,1,US-WA,Snohomish,L343249,Stanwood Water Treatment Plant,48.2377017,-122.3611822,2026-07-26,07:23 PM,eBird - Traveling Count,88,1,.235,,1
S159176051,Yellowhammer,Emberiza citrinella,32733,X,NZ-AUK,Auckland City,L15034121,Arch Hill Scenic Reserve,-36.8682519,174.7413516,2023-08-15,,Historical,,1
S285225918,Olive Sparrow,Arremonops rufivirgatus,32966,2,US-TX,Hidalgo,L128890,Bentsen-Rio Grande Val. SP WBC (Mission) (LTC 069),26.1796748,-98.3842338,2025-11-18,08:27 AM,eBird - Traveling Count,140,1,1.609,,10
S285225745,Olive Sparrow,Arremonops rufivirgatus,32966,3,US-TX,Hidalgo,L336009,National Butterfly Center--General & area North of Levee,26.1796025,-98.3664483,2025-11-18,01:42 PM,eBird - Traveling Count,90,1,1.207,,9
S285226087,Olive Sparrow,Arremonops rufivirgatus,32966,1,US-TX,Hidalgo,L129085,Santa Ana NWR (LTC 059),26.0813003,-98.1351399,2025-11-19,07:24 AM,eBird - Traveling Count,200,1,2.414,,9
S376775661,Chipping Sparrow,Spizella passerina,32990,1,US-WA,King,L1057783,Government Meadows (King Co.),47.0895561,-121.3941622,2026-07-26,11:30 AM,eBird - Traveling Count,92,1,16.843,,1
S342994543,Chipping Sparrow,Spizella passerina,32990,1,US-WA,King,L163354,Green Lake,47.6783945,-122.3382464,2026-05-20,09:01 AM,eBird - Traveling Count,222,1,4.611,,1
S348567406,Chipping Sparrow,Spizella passerina,32990,1,US-WA,King,L163354,Green Lake,47.6783945,-122.3382464,2026-05-28,06:44 PM,eBird - Traveling Count,29,1,1.323,,1
S177520765,Chipping Sparrow,Spizella passerina,32990,X,US-MA,Middlesex,L850924,"East Boston Camps, Westford",42.5968182,-71.4438343,2024-05-27,08:10 AM,eBird - Traveling Count,120,0,1.609,,1
S159174918,Chipping Sparrow,Spizella passerina,32990,X,US-AZ,,L108915,Arizona,34.16973,-111.93299,2024-01-12,,Historical,,1
S159174918,Black-throated Sparrow,Amphispiza bilineata,33018,X,US-AZ,,L108915,Arizona,34.16973,-111.93299,2024-01-12,,Historical,,1,,,,,,,613666287
S285226044,Lark Sparrow,Chondestes grammacus,33029,2,US-TX,Hidalgo,L1850000,San Juan Wetlands,26.1606244,-98.157516,2025-11-19,12:00 PM,eBird - Traveling Count,22,1,.805,,9,,,,645920005
S307461833,Fox Sparrow,Passerella iliaca,33099,1,US-WA,King,L128530,Discovery Park,47.663868,-122.4215317,2026-03-08,03:06 PM,eBird - Traveling Count,152,1,4.489,,1
S303069344,Fox Sparrow,Passerella iliaca,33099,1,US-WA,King,L351484,Marymoor Park,47.6612642,-122.1184109,2026-02-22,06:42 AM,eBird - Traveling Count,176,1,4.108,,1
S193702100,Dark-eyed Junco,Junco hyemalis,33124,X,CA-AB,Banff,L3087622,Banff National Park--Whiskey Creek,51.1859553,-115.5622373,2024-09-02,08:22 AM,eBird - Stationary Count,6,1,,,1
S323789056,Dark-eyed Junco,Junco hyemalis,33124,1,US-WA,Clallam,L894831,Freshwater Bay,48.1461024,-123.6414242,2026-04-18,02:00 PM,eBird - Traveling Count,75,1,.617,,1
S206958982,Dark-eyed Junco,Junco hyemalis,33124,X,US-VA,Fairfax,L718525,**HUNTLEY MEADOWS PARK,38.7576451,-77.0984124,2024-12-22,,Historical,,1
S290526069,Dark-eyed Junco,Junco hyemalis,33124,X,US-VA,Fairfax,L5640834,Huntley Meadows Park--Cedar Trail Loop,38.7555851,-77.1024156,2025-12-27,08:42 AM,eBird - Traveling Count,80,1,1.967,,1
S159175317,Dark-eyed Junco,Junco hyemalis,33124,X,US-VA,Fairfax,L4138121,Washington & Old Dominion Trail--Vienna Town Green,38.9030318,-77.2646034,2023-12-27,,Historical,,1
S310816477,Dark-eyed Junco,Junco hyemalis,33124,4,US-WA,Grant,L265765,Potholes SP,46.9809077,-119.3508177,2026-03-19,05:47 PM,eBird - Traveling Count,24,1,.898,,1
S311034367,Dark-eyed Junco,Junco hyemalis,33124,1,US-WA,Grant,L265765,Potholes SP,46.9809077,-119.3508177,2026-03-20,08:17 AM,eBird - Traveling Count,76,1,2.739,,1
S311185088,Dark-eyed Junco,Junco hyemalis,33124,2,US-WA,Grant,L265765,Potholes SP,46.9809077,-119.3508177,2026-03-20,06:04 PM,eBird - Traveling Count,9,1,.146,,1
S311476924,Dark-eyed Junco,Junco hyemalis,33124,2,US-WA,Grant,L265765,Potholes SP,46.9809077,-119.3508177,2026-03-21,07:59 AM,eBird - Traveling Count,60,1,1.61,,1
S174147151,Dark-eyed Junco,Junco hyemalis,33124,X,US-WA,Jefferson,L249781,Fort Flagler SP,48.0960511,-122.7139785,2024-05-11,12:00 AM,Historical,,1,,,1
S230488049,Dark-eyed Junco,Junco hyemalis,33124,X,US-WA,Jefferson,L292851,Fort Worden SP,48.1408906,-122.7680969,2025-04-27,,Historical,,1
S297107675,Dark-eyed Junco,Junco hyemalis,33124,5,US-WA,King,L57830459,"2520 Northeast 130th Street, Seattle, Washington, US (47.724, -122.301)",47.7237668,-122.3010431,2026-01-30,02:45 PM,eBird - Traveling Count,95,1,.849,,1
S380834342,Dark-eyed Junco,Junco hyemalis,33124,2,US-WA,King,L75171900,"6712 7th Avenue Northwest, Seattle, Washington, US (47.678, -122.364)",47.6781886,-122.364423,2026-08-07,07:52 AM,eBird - Traveling Count,36,1,.767,,1
S297081957,Dark-eyed Junco,Junco hyemalis,33124,3,US-WA,King,L56788131,900 Block NW 64th,47.6754497,-122.3698811,2026-01-30,12:54 PM,eBird - Stationary Count,120,1,,,1
S297532133,Dark-eyed Junco,Junco hyemalis,33124,5,US-WA,King,L56788131,900 Block NW 64th,47.6754497,-122.3698811,2026-02-01,10:30 AM,eBird - Stationary Count,60,1,,,1
S300022459,Dark-eyed Junco,Junco hyemalis,33124,6,US-WA,King,L56788131,900 Block NW 64th,47.6754497,-122.3698811,2026-02-13,07:37 AM,eBird - Traveling Count,37,1,1.74,,1
S170824503,Dark-eyed Junco,Junco hyemalis,33124,X,US-WA,King,L298030,Carkeek Park,47.7126411,-122.377647,2024-04-28,09:45 AM,eBird - Traveling Count,120,1,4.828,,2
S299853433,Dark-eyed Junco,Junco hyemalis,33124,2,US-WA,King,L298030,Carkeek Park,47.7126411,-122.377647,2026-02-12,03:26 PM,eBird - Traveling Count,60,1,.608,,1
S302817888,Dark-eyed Junco,Junco hyemalis,33124,3,US-WA,King,L298030,Carkeek Park,47.7126411,-122.377647,2026-02-21,10:55 AM,eBird - Traveling Count,122,1,.648,,1
S309235427,Dark-eyed Junco,Junco hyemalis,33124,5,US-WA,King,L298030,Carkeek Park,47.7126411,-122.377647,2026-03-14,01:56 PM,eBird - Traveling Count,69,1,.697,,1
S335596208,Dark-eyed Junco,Junco hyemalis,33124,4,US-WA,King,L298030,Carkeek Park,47.7126411,-122.377647,2026-05-09,09:08 AM,eBird - Traveling Count,114,1,.82,,1
S307461833,Dark-eyed Junco,Junco hyemalis,33124,12,US-WA,King,L128530,Discovery Park,47.663868,-122.4215317,2026-03-08,03:06 PM,eBird - Traveling Count,152,1,4.489,,1
S345782350,Dark-eyed Junco,Junco hyemalis,33124,6,US-WA,King,L128530,Discovery Park,47.663868,-122.4215317,2026-05-24,10:09 AM,eBird - Traveling Count,196,1,3.615,,1
S328030718,Dark-eyed Junco,Junco hyemalis,33124,1,US-WA,King,L1924233,Discovery Park--South Meadow,47.655213,-122.4141312,2026-04-26,10:00 AM,eBird - Traveling Count,112,1,1.914,,15
S309580927,Dark-eyed Junco,Junco hyemalis,33124,1,US-WA,King,L280267,Foster Island & Marsh Island,47.646592,-122.2909732,2026-03-15,10:53 AM,eBird - Traveling Count,96,1,1.041,,1
S380906489,Dark-eyed Junco,Junco hyemalis,33124,2,US-WA,King,L267071,Frager Rd. (north),47.418883,-122.2678757,2026-08-07,09:32 AM,eBird - Traveling Count,176,1,2.644,,1,,,,662621240
S296590988,Dark-eyed Junco,Junco hyemalis,33124,3,US-WA,King,L2692026,Fremont Canal Park,47.6514476,-122.3570377,2026-01-27,11:39 AM,eBird - Stationary Count,180,1,,,1
S318992308,Dark-eyed Junco,Junco hyemalis,33124,2,US-WA,King,L2692026,Fremont Canal Park,47.6514476,-122.3570377,2026-04-08,08:44 AM,eBird - Traveling Count,15,1,.634,,1
S334650572,Dark-eyed Junco,Junco hyemalis,33124,1,US-WA,King,L2692026,Fremont Canal Park,47.6514476,-122.3570377,2026-05-08,09:19 AM,eBird - Traveling Count,22,1,.739,,1
S351854090,Dark-eyed Junco,Junco hyemalis,33124,1,US-WA,King,L2692026,Fremont Canal Park,47.6514476,-122.3570377,2026-06-03,08:30 AM,eBird - Traveling Count,21,1,.679,,1
S376775661,Dark-eyed Junco,Junco hyemalis,33124,2,US-WA,King,L1057783,Government Meadows (King Co.),47.0895561,-121.3941622,2026-07-26,11:30 AM,eBird - Traveling Count,92,1,16.843,,1
S305332784,Dark-eyed Junco,Junco hyemalis,33124,2,US-WA,King,L163354,Green Lake,47.6783945,-122.3382464,2026-03-02,06:43 AM,eBird - Traveling Count,67,1,1.847,,1
S308650663,Dark-eyed Junco,Junco hyemalis,33124,1,US-WA,King,L163354,Green Lake,47.6783945,-122.3382464,2026-03-12,06:43 PM,eBird - Traveling Count,36,1,4.652,,1
S342994543,Dark-eyed Junco,Junco hyemalis,33124,6,US-WA,King,L163354,Green Lake,47.6783945,-122.3382464,2026-05-20,09:01 AM,eBird - Traveling Count,222,1,4.611,,1
S348567406,Dark-eyed Junco,Junco hyemalis,33124,1,US-WA,King,L163354,Green Lake,47.6783945,-122.3382464,2026-05-28,06:44 PM,eBird - Traveling Count,29,1,1.323,,1
S245777966,Dark-eyed Junco,Junco hyemalis,33124,X,US-WA,King,L208659,Hiram M. Chittenden Ballard Locks,47.6653579,-122.3974647,2025-05-31,,Historical,,1
S305183920,Dark-eyed Junco,Junco hyemalis,33124,2,US-WA,King,L208659,Hiram M. Chittenden Ballard Locks,47.6653579,-122.3974647,2026-03-01,04:24 PM,eBird - Traveling Count,40,1,1.265,,1
S291712899,Dark-eyed Junco,Junco hyemalis,33124,X,US-WA,King,L232479,Juanita Bay Park,47.6981686,-122.2101878,2026-01-01,10:37 AM,eBird - Traveling Count,158,1,1.357,,1,,,,648016474
S296271926,Dark-eyed Junco,Junco hyemalis,33124,1,US-WA,King,L232479,Juanita Bay Park,47.6981686,-122.2101878,2026-01-25,08:10 AM,eBird - Traveling Count,222,1,1.699,,1
S306300352,Dark-eyed Junco,Junco hyemalis,33124,2,US-WA,King,L232479,Juanita Bay Park,47.6981686,-122.2101878,2026-03-05,02:46 PM,eBird - Traveling Count,61,1,1.635,,1
S297296203,Dark-eyed Junco,Junco hyemalis,33124,1,US-WA,King,L269461,Magnuson Park,47.6815336,-122.2505453,2026-01-31,11:00 AM,eBird - Traveling Count,99,1,1.046,,1
S301500561,Dark-eyed Junco,Junco hyemalis,33124,4,US-WA,King,L269461,Magnuson Park,47.6815336,-122.2505453,2026-02-16,10:02 AM,eBird - Traveling Count,133,1,2.13,,1
S303069344,Dark-eyed Junco,Junco hyemalis,33124,2,US-WA,King,L351484,Marymoor Park,47.6612642,-122.1184109,2026-02-22,06:42 AM,eBird - Traveling Count,176,1,4.108,,1
S345067581,Dark-eyed Junco,Junco hyemalis,33124,3,US-WA,King,L461493,Ravenna Park / Cowen Park,47.6721788,-122.3064566,2026-05-23,05:34 PM,eBird - Traveling Count,72,1,.992,,1
S291655613,Dark-eyed Junco,Junco hyemalis,33124,X,US-WA,King,L860816,Saint Edward SP,47.7329014,-122.2558057,2026-01-01,08:49 AM,eBird - Traveling Count,84,1,5.234,,1
S175815092,Dark-eyed Junco,Junco hyemalis,33124,X,US-WA,King,L162766,Union Bay Natural Area/Montlake Fill,47.65424,-122.29137,2024-05-19,08:00 AM,eBird - Traveling Count,150,1,3.219,,1
S286517370,Dark-eyed Junco,Junco hyemalis,33124,X,US-WA,King,L162766,Union Bay Natural Area/Montlake Fill,47.65424,-122.29137,2025-11-28,09:23 AM,eBird - Traveling Count,132,1,2.605,,1
S295024890,Dark-eyed Junco,Junco hyemalis,33124,5,US-WA,King,L162766,Union Bay Natural Area/Montlake Fill,47.65424,-122.29137,2026-01-18,08:05 AM,eBird - Traveling Count,287,1,2.302,,1,,,,649185938
S298942557,Dark-eyed Junco,Junco hyemalis,33124,1,US-WA,King,L162766,Union Bay Natural Area/Montlake Fill,47.65424,-122.29137,2026-02-08,07:30 AM,eBird - Traveling Count,133,1,3.101,,1
S305068426,Dark-eyed Junco,Junco hyemalis,33124,1,US-WA,King,L162766,Union Bay Natural Area/Montlake Fill,47.65424,-122.29137,2026-03-01,06:45 AM,eBird - Traveling Count,215,1,3.562,,1
S307285086,Dark-eyed Junco,Junco hyemalis,33124,7,US-WA,King,L162766,Union Bay Natural Area/Montlake Fill,47.65424,-122.29137,2026-03-08,07:52 AM,eBird - Traveling Count,130,1,3.898,,1
S309534495,Dark-eyed Junco,Junco hyemalis,33124,5,US-WA,King,L162766,Union Bay Natural Area/Montlake Fill,47.65424,-122.29137,2026-03-15,08:45 AM,eBird - Traveling Count,93,1,2.076,,1
S317515997,Dark-eyed Junco,Junco hyemalis,33124,1,US-WA,King,L162766,Union Bay Natural Area/Montlake Fill,47.65424,-122.29137,2026-04-05,10:27 AM,eBird - Traveling Count,191,1,2.366,,1
S320771289,Dark-eyed Junco,Junco hyemalis,33124,4,US-WA,King,L162766,Union Bay Natural Area/Montlake Fill,47.65424,-122.29137,2026-04-12,07:20 AM,eBird - Traveling Count,190,1,3.623,,1
S326594442,Dark-eyed Junco,Junco hyemalis,33124,2,US-WA,King,L162766,Union Bay Natural Area/Montlake Fill,47.65424,-122.29137,2026-04-24,06:55 AM,eBird - Traveling Count,222,1,2.992,,1
S336459661,Dark-eyed Junco,Junco hyemalis,33124,3,US-WA,King,L162766,Union Bay Natural Area/Montlake Fill,47.65424,-122.29137,2026-05-10,06:04 AM,eBird - Traveling Count,165,1,2.998,,1
S339377883,Dark-eyed Junco,Junco hyemalis,33124,1,US-WA,King,L162766,Union Bay Natural Area/Montlake Fill,47.65424,-122.29137,2026-05-15,06:24 AM,eBird - Traveling Count,131,1,2.121,,1
S342868105,Dark-eyed Junco,Junco hyemalis,33124,5,US-WA,King,L162766,Union Bay Natural Area/Montlake Fill,47.65424,-122.29137,2026-05-20,06:19 AM,eBird - Traveling Count,134,1,3.112,,1
S347722254,Dark-eyed Junco,Junco hyemalis,33124,2,US-WA,King,L162766,Union Bay Natural Area/Montlake Fill,47.65424,-122.29137,2026-05-27,05:41 AM,eBird - Traveling Count,137,1,3.085,,1
S374368808,Dark-eyed Junco,Junco hyemalis,33124,1,US-WA,King,L162766,Union Bay Natural Area/Montlake Fill,47.65424,-122.29137,2026-07-20,05:31 AM,eBird - Traveling Count,90,1,2.509,,1
S167616265,Dark-eyed Junco,Junco hyemalis,33124,X,US-WA,King,L165740,Washington Park Arboretum,47.6370819,-122.29574,2024-04-07,08:30 AM,eBird - Traveling Count,180,1,3.219,,15
S376353077,Dark-eyed Junco,Junco hyemalis,33124,3,US-WA,Pierce,L461358,Mt. Rainier NP--Burroughs Mountain,46.9117249,-121.6639709,2026-07-25,09:32 AM,eBird - Traveling Count,163,1,6.916,,1
S188153189,Dark-eyed Junco,Junco hyemalis,33124,X,US-WA,Pierce,L3302240,Mt. Rainier NP--Grand Park,46.9642783,-121.6792166,2024-07-21,,Historical,,1
S170170610,Dark-eyed Junco,Junco hyemalis,33124,X,US-WA,San Juan,L9267425,"Cascade Lake--south end campsites, Orcas Island",48.6458967,-122.8474903,2024-04-13,,Historical,,1
S295226157,Dark-eyed Junco,Junco hyemalis,33124,1,US-WA,Skagit,L476174,Skagit Wildlife Area--Wiley Slough,48.3246351,-122.3741287,2026-01-19,11:25 AM,eBird - Traveling Count,72,1,.891,,1
S379333332,Dark-eyed Junco,Junco hyemalis,33124,4,US-WA,Snohomish,L950776,Big Four Ice Caves,48.0651548,-121.5151566,2026-08-02,07:25 AM,eBird - Traveling Count,329,1,2.7,,1
S379365619,Dark-eyed Junco,Junco hyemalis,33124,1,US-WA,Snohomish,L20643239,Edmonds Marina,47.8079405,-122.3924276,2026-08-02,02:58 PM,eBird - Traveling Count,44,1,1.181,,1
S293525790,Dark-eyed Junco,Junco hyemalis,33124,X,US-WA,Snohomish,L374380,Edmonds Marsh,47.8085287,-122.3864508,2026-01-10,11:07 AM,eBird - Traveling Count,48,1,.092,,1
S319608405,Dark-eyed Junco,Junco hyemalis,33124,1,US-WA,Snohomish,L374380,Edmonds Marsh,47.8085287,-122.3864508,2026-04-10,07:23 AM,eBird - Traveling Count,27,1,.117,,1
S319626376,Dark-eyed Junco,Junco hyemalis,33124,2,US-WA,Snohomish,L20643235,Edmonds Public Fishing Pier,47.8110241,-122.3899493,2026-04-10,07:54 AM,eBird - Traveling Count,31,1,.49,,1
S297588705,Dark-eyed Junco,Junco hyemalis,33124,1,US-WA,Snohomish,L374382,Edmonds Waterfront,47.8119268,-122.3854144,2026-02-01,12:36 PM,eBird - Traveling Count,124,1,1.416,,1
S304355760,Dark-eyed Junco,Junco hyemalis,33124,2,US-WA,Snohomish,L343338,Everett Sewage Lagoons,47.9988889,-122.17,2026-02-27,08:39 AM,eBird - Traveling Count,230,1,4.811,,1
S346491426,Dark-eyed Junco,Junco hyemalis,33124,1,US-WA,Snohomish,L4756268,Field's Riffle,47.9166297,-122.1268988,2026-05-25,07:11 AM,eBird - Traveling Count,177,1,1.517,,1
S356765363,White-crowned Sparrow,Zonotrichia leucophrys,33187,2,US-CA,Alameda,L8307665,Albany State Marine Reserve,37.8893242,-122.3151134,2026-06-13,07:48 AM,eBird - Traveling Count,99,1,2.71,,1,,,,659894581
S356230112,White-crowned Sparrow,Zonotrichia leucophrys,33187,2,US-CA,Alameda,L285281,Cesar Chavez Park,37.8709227,-122.3150389,2026-06-12,07:05 AM,eBird - Traveling Count,99,1,4.,,1
S285814615,White-crowned Sparrow,Zonotrichia leucophrys,33187,X,US-CA,Alameda,L2377313,McLaughlin Eastshore SP--Albany access,37.890326,-122.314765,2025-11-23,08:40 AM,eBird - Traveling Count,86,1,2.87,,1
S322716667,White-crowned Sparrow,Zonotrichia leucophrys,33187,2,US-WA,Clallam,L29690471,Dungeness NWR,48.1463111,-123.1865094,2026-04-16,04:51 PM,eBird - Traveling Count,23,1,1.089,,1
S324167538,White-crowned Sparrow,Zonotrichia leucophrys,33187,2,US-WA,Clallam,L865285,Dungeness Recreation Area,48.1358788,-123.1915855,2026-04-18,07:00 PM,eBird - Traveling Count,20,1,.4,,1
S323667024,White-crowned Sparrow,Zonotrichia leucophrys,33187,3,US-WA,Clallam,L190512,Ediz Hook,48.14035,-123.44711,2026-04-18,08:22 AM,eBird - Traveling Count,154,1,4.076,,1,,,,655400565
S323134294,White-crowned Sparrow,Zonotrichia leucophrys,33187,2,US-WA,Clallam,L6125771,Jamestown S'Klallam Tribe Center,48.0252673,-122.9962617,2026-04-17,01:14 PM,eBird - Traveling Count,73,1,1.266,,1
S324402551,White-crowned Sparrow,Zonotrichia leucophrys,33187,1,US-WA,Clallam,L265438,Three Crabs,48.151945,-123.1222855,2026-04-19,02:15 PM,eBird - Traveling Count,74,1,.389,,1
S310993075,White-crowned Sparrow,Zonotrichia leucophrys,33187,2,US-WA,Grant,L265765,Potholes SP,46.9809077,-119.3508177,2026-03-20,08:05 AM,eBird - Stationary Count,20,1,,,1,,,,653396490
S311034367,White-crowned Sparrow,Zonotrichia leucophrys,33187,1,US-WA,Grant,L265765,Potholes SP,46.9809077,-119.3508177,2026-03-20,08:17 AM,eBird - Traveling Count,76,1,2.739,,1
S311476924,White-crowned Sparrow,Zonotrichia leucophrys,33187,5,US-WA,Grant,L265765,Potholes SP,46.9809077,-119.3508177,2026-03-21,07:59 AM,eBird - Traveling Count,60,1,1.61,,1
S330514755,White-crowned Sparrow,Zonotrichia leucophrys,33187,2,US-WA,Grays Harbor,L168688,Ocean Shores--Pt. Brown Jetty,46.92816,-124.17397,2026-05-01,09:47 AM,eBird - Traveling Count,48,1,.3,,1
S331882311,White-crowned Sparrow,Zonotrichia leucophrys,33187,3,US-WA,Grays Harbor,L1875831,Westhaven SP,46.9011251,-124.1268446,2026-05-03,07:27 AM,eBird - Traveling Count,99,1,1.733,,1,,,,656535026
S174147151,White-crowned Sparrow,Zonotrichia leucophrys,33187,X,US-WA,Jefferson,L249781,Fort Flagler SP,48.0960511,-122.7139785,2024-05-11,12:00 AM,Historical,,1,,,1
S349638499,White-crowned Sparrow,Zonotrichia leucophrys,33187,7,US-WA,Jefferson,L249781,Fort Flagler SP,48.0960511,-122.7139785,2026-05-30,08:52 AM,eBird - Traveling Count,197,1,8.735,,1,,,,658831882
S349492168,White-crowned Sparrow,Zonotrichia leucophrys,33187,13,US-WA,Jefferson,L812287,Fort Flagler SP - Campground/Beach,48.0938751,-122.7226067,2026-05-30,05:59 AM,eBird - Traveling Count,160,1,1.696,,1,,,,658831939 658831940 658831950
S230488049,White-crowned Sparrow,Zonotrichia leucophrys,33187,X,US-WA,Jefferson,L292851,Fort Worden SP,48.1408906,-122.7680969,2025-04-27,,Historical,,1
S297081957,White-crowned Sparrow,Zonotrichia leucophrys,33187,1,US-WA,King,L56788131,900 Block NW 64th,47.6754497,-122.3698811,2026-01-30,12:54 PM,eBird - Stationary Count,120,1,,,1
S297532133,White-crowned Sparrow,Zonotrichia leucophrys,33187,1,US-WA,King,L56788131,900 Block NW 64th,47.6754497,-122.3698811,2026-02-01,10:30 AM,eBird - Stationary Count,60,1,,,1
S300022459,White-crowned Sparrow,Zonotrichia leucophrys,33187,1,US-WA,King,L56788131,900 Block NW 64th,47.6754497,-122.3698811,2026-02-13,07:37 AM,eBird - Traveling Count,37,1,1.74,,1
S170824503,White-crowned Sparrow,Zonotrichia leucophrys,33187,X,US-WA,King,L298030,Carkeek Park,47.7126411,-122.377647,2024-04-28,09:45 AM,eBird - Traveling Count,120,1,4.828,,2
S345782350,White-crowned Sparrow,Zonotrichia leucophrys,33187,2,US-WA,King,L128530,Discovery Park,47.663868,-122.4215317,2026-05-24,10:09 AM,eBird - Traveling Count,196,1,3.615,,1
S328030718,White-crowned Sparrow,Zonotrichia leucophrys,33187,4,US-WA,King,L1924233,Discovery Park--South Meadow,47.655213,-122.4141312,2026-04-26,10:00 AM,eBird - Traveling Count,112,1,1.914,,15
S318059543,White-crowned Sparrow,Zonotrichia leucophrys,33187,1,US-WA,King,L2692026,Fremont Canal Park,47.6514476,-122.3570377,2026-04-06,07:30 AM,eBird - Stationary Count,7,1,,,1
S326022728,White-crowned Sparrow,Zonotrichia leucophrys,33187,1,US-WA,King,L2692026,Fremont Canal Park,47.6514476,-122.3570377,2026-04-23,08:45 AM,eBird - Traveling Count,19,1,.602,,1
S343417861,White-crowned Sparrow,Zonotrichia leucophrys,33187,1,US-WA,King,L2692026,Fremont Canal Park,47.6514476,-122.3570377,2026-05-21,08:52 AM,eBird - Traveling Count,20,1,.45,,1
S366226853,White-crowned Sparrow,Zonotrichia leucophrys,33187,3,US-WA,King,L2692026,Fremont Canal Park,47.6514476,-122.3570377,2026-07-01,07:33 AM,eBird - Traveling Count,20,1,.634,,1
S168269130,White-crowned Sparrow,Zonotrichia leucophrys,33187,3,US-WA,King,L285366,Golden Gardens Park,47.6928546,-122.4054806,2024-04-12,10:23 AM,eBird - Casual Observation,,0,,,1
S342994543,White-crowned Sparrow,Zonotrichia leucophrys,33187,1,US-WA,King,L163354,Green Lake,47.6783945,-122.3382464,2026-05-20,09:01 AM,eBird - Traveling Count,222,1,4.611,,1
S348567406,White-crowned Sparrow,Zonotrichia leucophrys,33187,1,US-WA,King,L163354,Green Lake,47.6783945,-122.3382464,2026-05-28,06:44 PM,eBird - Traveling Count,29,1,1.323,,1
S320771289,White-crowned Sparrow,Zonotrichia leucophrys,33187,2,US-WA,King,L162766,Union Bay Natural Area/Montlake Fill,47.65424,-122.29137,2026-04-12,07:20 AM,eBird - Traveling Count,190,1,3.623,,1
S326594442,White-crowned Sparrow,Zonotrichia leucophrys,33187,4,US-WA,King,L162766,Union Bay Natural Area/Montlake Fill,47.65424,-122.29137,2026-04-24,06:55 AM,eBird - Traveling Count,222,1,2.992,,1
S374368808,White-crowned Sparrow,Zonotrichia leucophrys,33187,1,US-WA,King,L162766,Union Bay Natural Area/Montlake Fill,47.65424,-122.29137,2026-07-20,05:31 AM,eBird - Traveling Count,90,1,2.509,,1,,,,661662244 661662245
S324448943,White-crowned Sparrow,Zonotrichia leucophrys,33187,1,US-WA,Kitsap,L2492616,Kingston Ferry Terminal,47.7958271,-122.496078,2026-04-19,05:07 PM,eBird - Traveling Count,32,1,.956,,1,,,,655399920
S331219104,White-crowned Sparrow,Zonotrichia leucophrys,33187,1,US-WA,Pacific,L803299,Cedar River (Pacific Co.),46.7400371,-123.9751339,2026-05-02,09:45 AM,eBird - Traveling Count,60,1,.577,,1
S331300190,White-crowned Sparrow,Zonotrichia leucophrys,33187,1,US-WA,Pacific,L787853,Tokeland--marina,46.7063518,-123.9671946,2026-05-02,11:23 AM,eBird - Traveling Count,81,1,.629,,1
S170170610,White-crowned Sparrow,Zonotrichia leucophrys,33187,X,US-WA,San Juan,L9267425,"Cascade Lake--south end campsites, Orcas Island",48.6458967,-122.8474903,2024-04-13,,Historical,,1
S319608405,White-crowned Sparrow,Zonotrichia leucophrys,33187,1,US-WA,Snohomish,L374380,Edmonds Marsh,47.8085287,-122.3864508,2026-04-10,07:23 AM,eBird - Traveling Count,27,1,.117,,1
S297588705,White-crowned Sparrow,Zonotrichia leucophrys,33187,3,US-WA,Snohomish,L374382,Edmonds Waterfront,47.8119268,-122.3854144,2026-02-01,12:36 PM,eBird - Traveling Count,124,1,1.416,,1
S346491426,White-crowned Sparrow,Zonotrichia leucophrys,33187,1,US-WA,Snohomish,L4756268,Field's Riffle,47.9166297,-122.1268988,2026-05-25,07:11 AM,eBird - Traveling Count,177,1,1.517,,1,,,,658391551 658391552
S324167538,Golden-crowned Sparrow,Zonotrichia atricapilla,33196,1,US-WA,Clallam,L865285,Dungeness Recreation Area,48.1358788,-123.1915855,2026-04-18,07:00 PM,eBird - Traveling Count,20,1,.4,,1
S331419171,Golden-crowned Sparrow,Zonotrichia atricapilla,33196,1,US-WA,Grays Harbor,L268372,Bottle Beach State Park,46.893277,-124.0468136,2026-05-02,03:04 PM,eBird - Traveling Count,112,1,1.449,,1
S331882311,Golden-crowned Sparrow,Zonotrichia atricapilla,33196,1,US-WA,Grays Harbor,L1875831,Westhaven SP,46.9011251,-124.1268446,2026-05-03,07:27 AM,eBird - Traveling Count,99,1,1.733,,1
S297081957,Golden-crowned Sparrow,Zonotrichia atricapilla,33196,3,US-WA,King,L56788131,900 Block NW 64th,47.6754497,-122.3698811,2026-01-30,12:54 PM,eBird - Stationary Count,120,1,,,1
S300022459,Golden-crowned Sparrow,Zonotrichia atricapilla,33196,2,US-WA,King,L56788131,900 Block NW 64th,47.6754497,-122.3698811,2026-02-13,07:37 AM,eBird - Traveling Count,37,1,1.74,,1
S291712899,Golden-crowned Sparrow,Zonotrichia atricapilla,33196,X,US-WA,King,L232479,Juanita Bay Park,47.6981686,-122.2101878,2026-01-01,10:37 AM,eBird - Traveling Count,158,1,1.357,,1
S303069344,Golden-crowned Sparrow,Zonotrichia atricapilla,33196,7,US-WA,King,L351484,Marymoor Park,47.6612642,-122.1184109,2026-02-22,06:42 AM,eBird - Traveling Count,176,1,4.108,,1
S295024890,Golden-crowned Sparrow,Zonotrichia atricapilla,33196,2,US-WA,King,L162766,Union Bay Natural Area/Montlake Fill,47.65424,-122.29137,2026-01-18,08:05 AM,eBird - Traveling Count,287,1,2.302,,1
S305068426,Golden-crowned Sparrow,Zonotrichia atricapilla,33196,2,US-WA,King,L162766,Union Bay Natural Area/Montlake Fill,47.65424,-122.29137,2026-03-01,06:45 AM,eBird - Traveling Count,215,1,3.562,,1
S307285086,Golden-crowned Sparrow,Zonotrichia atricapilla,33196,2,US-WA,King,L162766,Union Bay Natural Area/Montlake Fill,47.65424,-122.29137,2026-03-08,07:52 AM,eBird - Traveling Count,130,1,3.898,,1
S309534495,Golden-crowned Sparrow,Zonotrichia atricapilla,33196,2,US-WA,King,L162766,Union Bay Natural Area/Montlake Fill,47.65424,-122.29137,2026-03-15,08:45 AM,eBird - Traveling Count,93,1,2.076,,1
S317515997,Golden-crowned Sparrow,Zonotrichia atricapilla,33196,2,US-WA,King,L162766,Union Bay Natural Area/Montlake Fill,47.65424,-122.29137,2026-04-05,10:27 AM,eBird - Traveling Count,191,1,2.366,,1
S320771289,Golden-crowned Sparrow,Zonotrichia atricapilla,33196,6,US-WA,King,L162766,Union Bay Natural Area/Montlake Fill,47.65424,-122.29137,2026-04-12,07:20 AM,eBird - Traveling Count,190,1,3.623,,1
S295226157,Golden-crowned Sparrow,Zonotrichia atricapilla,33196,3,US-WA,Skagit,L476174,Skagit Wildlife Area--Wiley Slough,48.3246351,-122.3741287,2026-01-19,11:25 AM,eBird - Traveling Count,72,1,.891,,1
S319751834,Golden-crowned Sparrow,Zonotrichia atricapilla,33196,3,US-WA,Skagit,L476174,Skagit Wildlife Area--Wiley Slough,48.3246351,-122.3741287,2026-04-10,09:30 AM,eBird - Traveling Count,229,1,2.012,,3
S297588705,Golden-crowned Sparrow,Zonotrichia atricapilla,33196,2,US-WA,Snohomish,L374382,Edmonds Waterfront,47.8119268,-122.3854144,2026-02-01,12:36 PM,eBird - Traveling Count,124,1,1.416,,1
S291455322,Golden-crowned Sparrow,Zonotrichia atricapilla,33196,X,US-WA,Thurston,L282253,Billy Frank Jr. Nisqually NWR,47.0812514,-122.7180576,2025-12-31,08:11 AM,eBird - Traveling Count,256,1,3.231,,1,,,,648016662 648016717
S332089254,Golden-crowned Sparrow,Zonotrichia atricapilla,33196,2,US-WA,Thurston,L282253,Billy Frank Jr. Nisqually NWR,47.0812514,-122.7180576,2026-05-03,10:49 AM,eBird - Traveling Count,191,1,4.362,,1
S206958982,White-throated Sparrow,Zonotrichia albicollis,33201,X,US-VA,Fairfax,L718525,**HUNTLEY MEADOWS PARK,38.7576451,-77.0984124,2024-12-22,,Historical,,1
S356230112,Savannah Sparrow,Passerculus sandwichensis,33244,3,US-CA,Alameda,L285281,Cesar Chavez Park,37.8709227,-122.3150389,2026-06-12,07:05 AM,eBird - Traveling Count,99,1,4.,,1
S285814615,Savannah Sparrow,Passerculus sandwichensis,33244,X,US-CA,Alameda,L2377313,McLaughlin Eastshore SP--Albany access,37.890326,-122.314765,2025-11-23,08:40 AM,eBird - Traveling Count,86,1,2.87,,1
S324301943,Savannah Sparrow,Passerculus sandwichensis,33244,2,US-WA,Clallam,L17270540,Dungeness River Dike Trail,48.1411863,-123.129295,2026-04-19,08:22 AM,eBird - Traveling Count,194,1,1.115,,1
S323134294,Savannah Sparrow,Passerculus sandwichensis,33244,1,US-WA,Clallam,L6125771,Jamestown S'Klallam Tribe Center,48.0252673,-122.9962617,2026-04-17,01:14 PM,eBird - Traveling Count,73,1,1.266,,1,,,,655400729
S324402551,Savannah Sparrow,Passerculus sandwichensis,33244,1,US-WA,Clallam,L265438,Three Crabs,48.151945,-123.1222855,2026-04-19,02:15 PM,eBird - Traveling Count,74,1,.389,,1
S330084156,Savannah Sparrow,Passerculus sandwichensis,33244,1,US-WA,Grays Harbor,L276426,Grays Harbor NWR (Bowerman Basin),46.9731644,-123.9436064,2026-04-30,02:47 PM,eBird - Traveling Count,104,1,1.512,,1
S330540594,Savannah Sparrow,Passerculus sandwichensis,33244,1,US-WA,Grays Harbor,L43806903,Ocean Shores STP,46.931967,-124.1580575,2026-05-01,10:45 AM,eBird - Traveling Count,31,1,.413,,1
S330597903,Savannah Sparrow,Passerculus sandwichensis,33244,1,US-WA,Grays Harbor,L109535,Ocean Shores--Oyhut Wildlife Area,46.9444663,-124.1522412,2026-05-01,12:06 PM,eBird - Traveling Count,63,1,.63,,1
S331882311,Savannah Sparrow,Passerculus sandwichensis,33244,4,US-WA,Grays Harbor,L1875831,Westhaven SP,46.9011251,-124.1268446,2026-05-03,07:27 AM,eBird - Traveling Count,99,1,1.733,,1
S349638499,Savannah Sparrow,Passerculus sandwichensis,33244,2,US-WA,Jefferson,L249781,Fort Flagler SP,48.0960511,-122.7139785,2026-05-30,08:52 AM,eBird - Traveling Count,197,1,8.735,,1,,,,658831900
S349492168,Savannah Sparrow,Passerculus sandwichensis,33244,1,US-WA,Jefferson,L812287,Fort Flagler SP - Campground/Beach,48.0938751,-122.7226067,2026-05-30,05:59 AM,eBird - Traveling Count,160,1,1.696,,1
S327898050,Savannah Sparrow,Passerculus sandwichensis,33244,1,US-WA,King,L298030,Carkeek Park,47.7126411,-122.377647,2026-04-26,08:39 AM,eBird - Traveling Count,29,1,.224,,1
S345782350,Savannah Sparrow,Passerculus sandwichensis,33244,1,US-WA,King,L128530,Discovery Park,47.663868,-122.4215317,2026-05-24,10:09 AM,eBird - Traveling Count,196,1,3.615,,1
S328030718,Savannah Sparrow,Passerculus sandwichensis,33244,4,US-WA,King,L1924233,Discovery Park--South Meadow,47.655213,-122.4141312,2026-04-26,10:00 AM,eBird - Traveling Count,112,1,1.914,,15
S333514456,Savannah Sparrow,Passerculus sandwichensis,33244,2,US-WA,King,L1924233,Discovery Park--South Meadow,47.655213,-122.4141312,2026-05-06,06:43 AM,eBird - Traveling Count,37,1,1.923,,1
S175815092,Savannah Sparrow,Passerculus sandwichensis,33244,X,US-WA,King,L162766,Union Bay Natural Area/Montlake Fill,47.65424,-122.29137,2024-05-19,08:00 AM,eBird - Traveling Count,150,1,3.219,,1
S326594442,Savannah Sparrow,Passerculus sandwichensis,33244,1,US-WA,King,L162766,Union Bay Natural Area/Montlake Fill,47.65424,-122.29137,2026-04-24,06:55 AM,eBird - Traveling Count,222,1,2.992,,1
S331219104,Savannah Sparrow,Passerculus sandwichensis,33244,1,US-WA,Pacific,L803299,Cedar River (Pacific Co.),46.7400371,-123.9751339,2026-05-02,09:45 AM,eBird - Traveling Count,60,1,.577,,1
S331099224,Savannah Sparrow,Passerculus sandwichensis,33244,3,US-WA,Pacific,L682593,Grayland Beach State Park,46.7880721,-124.0941381,2026-05-02,06:57 AM,eBird - Traveling Count,87,1,2.2,,1
S170170746,Savannah Sparrow,Passerculus sandwichensis,33244,X,US-WA,Skagit,L1369427,Fir Island -- Browns Slough Road,48.35381,-122.42297,2024-04-14,,Historical,,0
S319751834,Savannah Sparrow,Passerculus sandwichensis,33244,1,US-WA,Skagit,L476174,Skagit Wildlife Area--Wiley Slough,48.3246351,-122.3741287,2026-04-10,09:30 AM,eBird - Traveling Count,229,1,2.012,,3,,,,654685550
S327106784,Savannah Sparrow,Passerculus sandwichensis,33244,1,US-WA,Snohomish,L9377619,"12th St NE, Everett",48.0077981,-122.1706841,2026-04-25,07:24 AM,eBird - Traveling Count,22,1,.324,,1
S327075826,Savannah Sparrow,Passerculus sandwichensis,33244,1,US-WA,Snohomish,L343338,Everett Sewage Lagoons,47.9988889,-122.17,2026-04-25,06:23 AM,eBird - Traveling Count,47,1,.919,,1
S356765363,Song Sparrow,Melospiza melodia,33277,1,US-CA,Alameda,L8307665,Albany State Marine Reserve,37.8893242,-122.3151134,2026-06-13,07:48 AM,eBird - Traveling Count,99,1,2.71,,1
S356230112,Song Sparrow,Melospiza melodia,33277,2,US-CA,Alameda,L285281,Cesar Chavez Park,37.8709227,-122.3150389,2026-06-12,07:05 AM,eBird - Traveling Count,99,1,4.,,1
S285814615,Song Sparrow,Melospiza melodia,33277,X,US-CA,Alameda,L2377313,McLaughlin Eastshore SP--Albany access,37.890326,-122.314765,2025-11-23,08:40 AM,eBird - Traveling Count,86,1,2.87,,1
S324167538,Song Sparrow,Melospiza melodia,33277,1,US-WA,Clallam,L865285,Dungeness Recreation Area,48.1358788,-123.1915855,2026-04-18,07:00 PM,eBird - Traveling Count,20,1,.4,,1,,,,655400407
S324301943,Song Sparrow,Melospiza melodia,33277,2,US-WA,Clallam,L17270540,Dungeness River Dike Trail,48.1411863,-123.129295,2026-04-19,08:22 AM,eBird - Traveling Count,194,1,1.115,,1
S323750410,Song Sparrow,Melospiza melodia,33277,3,US-WA,Clallam,L793855,Elwha River Mouth,48.1447892,-123.5671808,2026-04-18,11:32 AM,eBird - Traveling Count,130,1,.681,,1
S323134294,Song Sparrow,Melospiza melodia,33277,1,US-WA,Clallam,L6125771,Jamestown S'Klallam Tribe Center,48.0252673,-122.9962617,2026-04-17,01:14 PM,eBird - Traveling Count,73,1,1.266,,1
S290526069,Song Sparrow,Melospiza melodia,33277,X,US-VA,Fairfax,L5640834,Huntley Meadows Park--Cedar Trail Loop,38.7555851,-77.1024156,2025-12-27,08:42 AM,eBird - Traveling Count,80,1,1.967,,1
S331419171,Song Sparrow,Melospiza melodia,33277,4,US-WA,Grays Harbor,L268372,Bottle Beach State Park,46.893277,-124.0468136,2026-05-02,03:04 PM,eBird - Traveling Count,112,1,1.449,,1
S330412083,Song Sparrow,Melospiza melodia,33277,1,US-WA,Grays Harbor,L264861,Hoquiam STP,46.9732093,-123.9165354,2026-05-01,07:22 AM,eBird - Traveling Count,35,1,.098,,1
S331882311,Song Sparrow,Melospiza melodia,33277,1,US-WA,Grays Harbor,L1875831,Westhaven SP,46.9011251,-124.1268446,2026-05-03,07:27 AM,eBird - Traveling Count,99,1,1.733,,1
S174147151,Song Sparrow,Melospiza melodia,33277,X,US-WA,Jefferson,L249781,Fort Flagler SP,48.0960511,-122.7139785,2024-05-11,12:00 AM,Historical,,1,,,1
S349492168,Song Sparrow,Melospiza melodia,33277,2,US-WA,Jefferson,L812287,Fort Flagler SP - Campground/Beach,48.0938751,-122.7226067,2026-05-30,05:59 AM,eBird - Traveling Count,160,1,1.696,,1
S230488049,Song Sparrow,Melospiza melodia,33277,X,US-WA,Jefferson,L292851,Fort Worden SP,48.1408906,-122.7680969,2025-04-27,,Historical,,1
S170824503,Song Sparrow,Melospiza melodia,33277,X,US-WA,King,L298030,Carkeek Park,47.7126411,-122.377647,2024-04-28,09:45 AM,eBird - Traveling Count,120,1,4.828,,2
S286410137,Song Sparrow,Melospiza melodia,33277,X,US-WA,King,L298030,Carkeek Park,47.7126411,-122.377647,2025-11-27,02:04 PM,eBird - Traveling Count,45,1,1.36,,1
S294267769,Song Sparrow,Melospiza melodia,33277,X,US-WA,King,L298030,Carkeek Park,47.7126411,-122.377647,2026-01-14,02:40 PM,eBird - Traveling Count,106,1,.524,,1
S295072515,Song Sparrow,Melospiza melodia,33277,1,US-WA,King,L298030,Carkeek Park,47.7126411,-122.377647,2026-01-18,04:16 PM,eBird - Traveling Count,47,1,.351,,1
S302817888,Song Sparrow,Melospiza melodia,33277,5,US-WA,King,L298030,Carkeek Park,47.7126411,-122.377647,2026-02-21,10:55 AM,eBird - Traveling Count,122,1,.648,,1
S309235427,Song Sparrow,Melospiza melodia,33277,1,US-WA,King,L298030,Carkeek Park,47.7126411,-122.377647,2026-03-14,01:56 PM,eBird - Traveling Count,69,1,.697,,1
S335596208,Song Sparrow,Melospiza melodia,33277,7,US-WA,King,L298030,Carkeek Park,47.7126411,-122.377647,2026-05-09,09:08 AM,eBird - Traveling Count,114,1,.82,,1
S307461833,Song Sparrow,Melospiza melodia,33277,3,US-WA,King,L128530,Discovery Park,47.663868,-122.4215317,2026-03-08,03:06 PM,eBird - Traveling Count,152,1,4.489,,1
S345782350,Song Sparrow,Melospiza melodia,33277,4,US-WA,King,L128530,Discovery Park,47.663868,-122.4215317,2026-05-24,10:09 AM,eBird - Traveling Count,196,1,3.615,,1
S328030718,Song Sparrow,Melospiza melodia,33277,1,US-WA,King,L1924233,Discovery Park--South Meadow,47.655213,-122.4141312,2026-04-26,10:00 AM,eBird - Traveling Count,112,1,1.914,,15
S333514456,Song Sparrow,Melospiza melodia,33277,6,US-WA,King,L1924233,Discovery Park--South Meadow,47.655213,-122.4141312,2026-05-06,06:43 AM,eBird - Traveling Count,37,1,1.923,,1
S309580927,Song Sparrow,Melospiza melodia,33277,2,US-WA,King,L280267,Foster Island & Marsh Island,47.646592,-122.2909732,2026-03-15,10:53 AM,eBird - Traveling Count,96,1,1.041,,1
S380906489,Song Sparrow,Melospiza melodia,33277,3,US-WA,King,L267071,Frager Rd. (north),47.418883,-122.2678757,2026-08-07,09:32 AM,eBird - Traveling Count,176,1,2.644,,1
S297959820,Song Sparrow,Melospiza melodia,33277,1,US-WA,King,L2692026,Fremont Canal Park,47.6514476,-122.3570377,2026-02-03,04:21 PM,eBird - Traveling Count,10,1,.434,,1
S318992308,Song Sparrow,Melospiza melodia,33277,1,US-WA,King,L2692026,Fremont Canal Park,47.6514476,-122.3570377,2026-04-08,08:44 AM,eBird - Traveling Count,15,1,.634,,1
S326022728,Song Sparrow,Melospiza melodia,33277,4,US-WA,King,L2692026,Fremont Canal Park,47.6514476,-122.3570377,2026-04-23,08:45 AM,eBird - Traveling Count,19,1,.602,,1
S334650572,Song Sparrow,Melospiza melodia,33277,3,US-WA,King,L2692026,Fremont Canal Park,47.6514476,-122.3570377,2026-05-08,09:19 AM,eBird - Traveling Count,22,1,.739,,1
S343417861,Song Sparrow,Melospiza melodia,33277,1,US-WA,King,L2692026,Fremont Canal Park,47.6514476,-122.3570377,2026-05-21,08:52 AM,eBird - Traveling Count,20,1,.45,,1
S351854090,Song Sparrow,Melospiza melodia,33277,3,US-WA,King,L2692026,Fremont Canal Park,47.6514476,-122.3570377,2026-06-03,08:30 AM,eBird - Traveling Count,21,1,.679,,1
S366226853,Song Sparrow,Melospiza melodia,33277,3,US-WA,King,L2692026,Fremont Canal Park,47.6514476,-122.3570377,2026-07-01,07:33 AM,eBird - Traveling Count,20,1,.634,,1
S294568450,Song Sparrow,Melospiza melodia,33277,X,US-WA,King,L285366,Golden Gardens Park,47.6928546,-122.4054806,2026-01-16,02:43 PM,eBird - Traveling Count,34,1,1.256,,1
S305332784,Song Sparrow,Melospiza melodia,33277,3,US-WA,King,L163354,Green Lake,47.6783945,-122.3382464,2026-03-02,06:43 AM,eBird - Traveling Count,67,1,1.847,,1
S342994543,Song Sparrow,Melospiza melodia,33277,4,US-WA,King,L163354,Green Lake,47.6783945,-122.3382464,2026-05-20,09:01 AM,eBird - Traveling Count,222,1,4.611,,1
S291712899,Song Sparrow,Melospiza melodia,33277,X,US-WA,King,L232479,Juanita Bay Park,47.6981686,-122.2101878,2026-01-01,10:37 AM,eBird - Traveling Count,158,1,1.357,,1
S296271926,Song Sparrow,Melospiza melodia,33277,5,US-WA,King,L232479,Juanita Bay Park,47.6981686,-122.2101878,2026-01-25,08:10 AM,eBird - Traveling Count,222,1,1.699,,1
S306300352,Song Sparrow,Melospiza melodia,33277,3,US-WA,King,L232479,Juanita Bay Park,47.6981686,-122.2101878,2026-03-05,02:46 PM,eBird - Traveling Count,61,1,1.635,,1
S194059681,Song Sparrow,Melospiza melodia,33277,X,US-WA,King,L269461,Magnuson Park,47.6815336,-122.2505453,2024-09-05,08:58 AM,eBird - Traveling Count,43,1,2.124,,1
S297296203,Song Sparrow,Melospiza melodia,33277,2,US-WA,King,L269461,Magnuson Park,47.6815336,-122.2505453,2026-01-31,11:00 AM,eBird - Traveling Count,99,1,1.046,,1
S301500561,Song Sparrow,Melospiza melodia,33277,1,US-WA,King,L269461,Magnuson Park,47.6815336,-122.2505453,2026-02-16,10:02 AM,eBird - Traveling Count,133,1,2.13,,1
S303069344,Song Sparrow,Melospiza melodia,33277,5,US-WA,King,L351484,Marymoor Park,47.6612642,-122.1184109,2026-02-22,06:42 AM,eBird - Traveling Count,176,1,4.108,,1
S203904796,Song Sparrow,Melospiza melodia,33277,X,US-WA,King,L472642,Meadowbrook Pond,47.7058052,-122.2889256,2024-11-28,01:20 PM,eBird - Traveling Count,31,1,.283,,1
S345067581,Song Sparrow,Melospiza melodia,33277,2,US-WA,King,L461493,Ravenna Park / Cowen Park,47.6721788,-122.3064566,2026-05-23,05:34 PM,eBird - Traveling Count,72,1,.992,,1
S291655613,Song Sparrow,Melospiza melodia,33277,X,US-WA,King,L860816,Saint Edward SP,47.7329014,-122.2558057,2026-01-01,08:49 AM,eBird - Traveling Count,84,1,5.234,,1
S160044564,Song Sparrow,Melospiza melodia,33277,1,US-WA,King,L162766,Union Bay Natural Area/Montlake Fill,47.65424,-122.29137,2024-01-28,09:15 AM,eBird - Traveling Count,130,0,7.001,,1
S175815092,Song Sparrow,Melospiza melodia,33277,X,US-WA,King,L162766,Union Bay Natural Area/Montlake Fill,47.65424,-122.29137,2024-05-19,08:00 AM,eBird - Traveling Count,150,1,3.219,,1
S177789951,Song Sparrow,Melospiza melodia,33277,X,US-WA,King,L162766,Union Bay Natural Area/Montlake Fill,47.65424,-122.29137,2024-05-28,05:50 AM,eBird - Traveling Count,68,1,2.704,,1
S179154810,Song Sparrow,Melospiza melodia,33277,X,US-WA,King,L162766,Union Bay Natural Area/Montlake Fill,47.65424,-122.29137,2024-06-03,05:47 AM,eBird - Traveling Count,116,1,5.053,,1
S183862008,Song Sparrow,Melospiza melodia,33277,X,US-WA,King,L162766,Union Bay Natural Area/Montlake Fill,47.65424,-122.29137,2024-06-26,06:10 AM,eBird - Traveling Count,109,1,4.812,,1
S191250464,Song Sparrow,Melospiza melodia,33277,X,US-WA,King,L162766,Union Bay Natural Area/Montlake Fill,47.65424,-122.29137,2024-08-12,05:40 PM,eBird - Traveling Count,53,1,2.639,,1
S286517370,Song Sparrow,Melospiza melodia,33277,X,US-WA,King,L162766,Union Bay Natural Area/Montlake Fill,47.65424,-122.29137,2025-11-28,09:23 AM,eBird - Traveling Count,132,1,2.605,,1
S295024890,Song Sparrow,Melospiza melodia,33277,8,US-WA,King,L162766,Union Bay Natural Area/Montlake Fill,47.65424,-122.29137,2026-01-18,08:05 AM,eBird - Traveling Count,287,1,2.302,,1,,,,649185951
S298942557,Song Sparrow,Melospiza melodia,33277,2,US-WA,King,L162766,Union Bay Natural Area/Montlake Fill,47.65424,-122.29137,2026-02-08,07:30 AM,eBird - Traveling Count,133,1,3.101,,1
S305068426,Song Sparrow,Melospiza melodia,33277,2,US-WA,King,L162766,Union Bay Natural Area/Montlake Fill,47.65424,-122.29137,2026-03-01,06:45 AM,eBird - Traveling Count,215,1,3.562,,1
S307285086,Song Sparrow,Melospiza melodia,33277,5,US-WA,King,L162766,Union Bay Natural Area/Montlake Fill,47.65424,-122.29137,2026-03-08,07:52 AM,eBird - Traveling Count,130,1,3.898,,1
S309534495,Song Sparrow,Melospiza melodia,33277,4,US-WA,King,L162766,Union Bay Natural Area/Montlake Fill,47.65424,-122.29137,2026-03-15,08:45 AM,eBird - Traveling Count,93,1,2.076,,1
S317515997,Song Sparrow,Melospiza melodia,33277,4,US-WA,King,L162766,Union Bay Natural Area/Montlake Fill,47.65424,-122.29137,2026-04-05,10:27 AM,eBird - Traveling Count,191,1,2.366,,1
S320771289,Song Sparrow,Melospiza melodia,33277,7,US-WA,King,L162766,Union Bay Natural Area/Montlake Fill,47.65424,-122.29137,2026-04-12,07:20 AM,eBird - Traveling Count,190,1,3.623,,1
S326594442,Song Sparrow,Melospiza melodia,33277,6,US-WA,King,L162766,Union Bay Natural Area/Montlake Fill,47.65424,-122.29137,2026-04-24,06:55 AM,eBird - Traveling Count,222,1,2.992,,1
S333055230,Song Sparrow,Melospiza melodia,33277,2,US-WA,King,L162766,Union Bay Natural Area/Montlake Fill,47.65424,-122.29137,2026-05-05,05:54 AM,eBird - Traveling Count,113,1,2.301,,1
S334002351,Song Sparrow,Melospiza melodia,33277,4,US-WA,King,L162766,Union Bay Natural Area/Montlake Fill,47.65424,-122.29137,2026-05-07,06:22 AM,eBird - Traveling Count,64,1,.721,,1
S336459661,Song Sparrow,Melospiza melodia,33277,5,US-WA,King,L162766,Union Bay Natural Area/Montlake Fill,47.65424,-122.29137,2026-05-10,06:04 AM,eBird - Traveling Count,165,1,2.998,,1,,,,657099694
S339377883,Song Sparrow,Melospiza melodia,33277,2,US-WA,King,L162766,Union Bay Natural Area/Montlake Fill,47.65424,-122.29137,2026-05-15,06:24 AM,eBird - Traveling Count,131,1,2.121,,1
S342868105,Song Sparrow,Melospiza melodia,33277,8,US-WA,King,L162766,Union Bay Natural Area/Montlake Fill,47.65424,-122.29137,2026-05-20,06:19 AM,eBird - Traveling Count,134,1,3.112,,1,,,,658002478
S347722254,Song Sparrow,Melospiza melodia,33277,7,US-WA,King,L162766,Union Bay Natural Area/Montlake Fill,47.65424,-122.29137,2026-05-27,05:41 AM,eBird - Traveling Count,137,1,3.085,,1,,,,658541951
S359192903,Song Sparrow,Melospiza melodia,33277,5,US-WA,King,L162766,Union Bay Natural Area/Montlake Fill,47.65424,-122.29137,2026-06-18,08:29 AM,eBird - Traveling Count,72,1,2.496,,1
S374368808,Song Sparrow,Melospiza melodia,33277,4,US-WA,King,L162766,Union Bay Natural Area/Montlake Fill,47.65424,-122.29137,2026-07-20,05:31 AM,eBird - Traveling Count,90,1,2.509,,1
S167616265,Song Sparrow,Melospiza melodia,33277,X,US-WA,King,L165740,Washington Park Arboretum,47.6370819,-122.29574,2024-04-07,08:30 AM,eBird - Traveling Count,180,1,3.219,,15
S350375761,Song Sparrow,Melospiza melodia,33277,2,US-WA,Kitsap,L109542,Point No Point,47.9118696,-122.5283182,2026-05-31,10:28 AM,eBird - Traveling Count,63,1,1.052,,1
S331219104,Song Sparrow,Melospiza melodia,33277,3,US-WA,Pacific,L803299,Cedar River (Pacific Co.),46.7400371,-123.9751339,2026-05-02,09:45 AM,eBird - Traveling Count,60,1,.577,,1
S331099224,Song Sparrow,Melospiza melodia,33277,1,US-WA,Pacific,L682593,Grayland Beach State Park,46.7880721,-124.0941381,2026-05-02,06:57 AM,eBird - Traveling Count,87,1,2.2,,1
S331300190,Song Sparrow,Melospiza melodia,33277,3,US-WA,Pacific,L787853,Tokeland--marina,46.7063518,-123.9671946,2026-05-02,11:23 AM,eBird - Traveling Count,81,1,.629,,1
S176978136,Song Sparrow,Melospiza melodia,33277,X,US-RI,Providence,L804728,Blackstone Park,41.833327,-71.3792148,2024-05-25,09:31 AM,eBird - Traveling Count,43,1,1.931,,1
S170170610,Song Sparrow,Melospiza melodia,33277,X,US-WA,San Juan,L9267425,"Cascade Lake--south end campsites, Orcas Island",48.6458967,-122.8474903,2024-04-13,,Historical,,1
S295176122,Song Sparrow,Melospiza melodia,33277,4,US-WA,Skagit,L1068173,Samish Flats--East 90,48.5485465,-122.4661446,2026-01-19,07:24 AM,eBird - Stationary Count,74,1,,,1
S295207120,Song Sparrow,Melospiza melodia,33277,2,US-WA,Skagit,L469546,Skagit Wildlife Area--Fir Island Farm Reserve (Hayton Reserve),48.3356338,-122.4131659,2026-01-19,10:32 AM,eBird - Traveling Count,32,1,.439,,1
S295226157,Song Sparrow,Melospiza melodia,33277,2,US-WA,Skagit,L476174,Skagit Wildlife Area--Wiley Slough,48.3246351,-122.3741287,2026-01-19,11:25 AM,eBird - Traveling Count,72,1,.891,,1
S319751834,Song Sparrow,Melospiza melodia,33277,6,US-WA,Skagit,L476174,Skagit Wildlife Area--Wiley Slough,48.3246351,-122.3741287,2026-04-10,09:30 AM,eBird - Traveling Count,229,1,2.012,,3
S379333332,Song Sparrow,Melospiza melodia,33277,3,US-WA,Snohomish,L950776,Big Four Ice Caves,48.0651548,-121.5151566,2026-08-02,07:25 AM,eBird - Traveling Count,329,1,2.7,,1
S293525790,Song Sparrow,Melospiza melodia,33277,X,US-WA,Snohomish,L374380,Edmonds Marsh,47.8085287,-122.3864508,2026-01-10,11:07 AM,eBird - Traveling Count,48,1,.092,,1
S319608405,Song Sparrow,Melospiza melodia,33277,3,US-WA,Snohomish,L374380,Edmonds Marsh,47.8085287,-122.3864508,2026-04-10,07:23 AM,eBird - Traveling Count,27,1,.117,,1
S297588705,Song Sparrow,Melospiza melodia,33277,1,US-WA,Snohomish,L374382,Edmonds Waterfront,47.8119268,-122.3854144,2026-02-01,12:36 PM,eBird - Traveling Count,124,1,1.416,,1
S304355760,Song Sparrow,Melospiza melodia,33277,3,US-WA,Snohomish,L343338,Everett Sewage Lagoons,47.9988889,-122.17,2026-02-27,08:39 AM,eBird - Traveling Count,230,1,4.811,,1,,,,651822608
S327075826,Song Sparrow,Melospiza melodia,33277,2,US-WA,Snohomish,L343338,Everett Sewage Lagoons,47.9988889,-122.17,2026-04-25,06:23 AM,eBird - Traveling Count,47,1,.919,,1
S346491426,Song Sparrow,Melospiza melodia,33277,2,US-WA,Snohomish,L4756268,Field's Riffle,47.9166297,-122.1268988,2026-05-25,07:11 AM,eBird - Traveling Count,177,1,1.517,,1
S304371242,Song Sparrow,Melospiza melodia,33277,2,US-WA,Snohomish,L1052763,Lowell Riverfront Trail,47.9560191,-122.1890402,2026-02-27,01:10 PM,eBird - Traveling Count,26,1,.58,,1
S371256974,Song Sparrow,Melospiza melodia,33277,7,US-WA,Snohomish,L4444849,Riverview Wildlife Refuge / Snohomish Wastewater Treatment Plant,47.9165434,-122.1100652,2026-07-12,07:30 AM,eBird - Traveling Count,139,1,1.581,,1,,,,661254716
S375605391,Song Sparrow,Melospiza melodia,33277,1,US-WA,Snohomish,L343249,Stanwood Water Treatment Plant,48.2377017,-122.3611822,2026-07-23,02:41 PM,eBird - Traveling Count,163,1,.511,,1
S376877165,Song Sparrow,Melospiza melodia,33277,1,US-WA,Snohomish,L343249,Stanwood Water Treatment Plant,48.2377017,-122.3611822,2026-07-26,07:23 PM,eBird - Traveling Count,88,1,.235,,1
S291455322,Song Sparrow,Melospiza melodia,33277,X,US-WA,Thurston,L282253,Billy Frank Jr. Nisqually NWR,47.0812514,-122.7180576,2025-12-31,08:11 AM,eBird - Traveling Count,256,1,3.231,,1
S332089254,Song Sparrow,Melospiza melodia,33277,2,US-WA,Thurston,L282253,Billy Frank Jr. Nisqually NWR,47.0812514,-122.7180576,2026-05-03,10:49 AM,eBird - Traveling Count,191,1,4.362,,1
S285226087,Lincoln's Sparrow,Melospiza lincolnii,33310,2,US-TX,Hidalgo,L129085,Santa Ana NWR (LTC 059),26.0813003,-98.1351399,2025-11-19,07:24 AM,eBird - Traveling Count,200,1,2.414,,9
S319751834,Lincoln's Sparrow,Melospiza lincolnii,33310,1,US-WA,Skagit,L476174,Skagit Wildlife Area--Wiley Slough,48.3246351,-122.3741287,2026-04-10,09:30 AM,eBird - Traveling Count,229,1,2.012,,3,,,,654685560
S159174918,Abert's Towhee,Melozone aberti,33344,X,US-AZ,,L108915,Arizona,34.16973,-111.93299,2024-01-12,,Historical,,1
S356765363,California Towhee,Melozone crissalis,33350,4,US-CA,Alameda,L8307665,Albany State Marine Reserve,37.8893242,-122.3151134,2026-06-13,07:48 AM,eBird - Traveling Count,99,1,2.71,,1,,,,659894578 659894579
S356230112,California Towhee,Melozone crissalis,33350,1,US-CA,Alameda,L285281,Cesar Chavez Park,37.8709227,-122.3150389,2026-06-12,07:05 AM,eBird - Traveling Count,99,1,4.,,1
S285814615,California Towhee,Melozone crissalis,33350,X,US-CA,Alameda,L2377313,McLaughlin Eastshore SP--Albany access,37.890326,-122.314765,2025-11-23,08:40 AM,eBird - Traveling Count,86,1,2.87,,1
S159174918,Green-tailed Towhee,Pipilo chlorurus,33385,X,US-AZ,,L108915,Arizona,34.16973,-111.93299,2024-01-12,,Historical,,1
S356765363,Spotted Towhee,Pipilo maculatus,33386,1,US-CA,Alameda,L8307665,Albany State Marine Reserve,37.8893242,-122.3151134,2026-06-13,07:48 AM,eBird - Traveling Count,99,1,2.71,,1
S285814615,Spotted Towhee,Pipilo maculatus,33386,X,US-CA,Alameda,L2377313,McLaughlin Eastshore SP--Albany access,37.890326,-122.314765,2025-11-23,08:40 AM,eBird - Traveling Count,86,1,2.87,,1
S324167538,Spotted Towhee,Pipilo maculatus,33386,2,US-WA,Clallam,L865285,Dungeness Recreation Area,48.1358788,-123.1915855,2026-04-18,07:00 PM,eBird - Traveling Count,20,1,.4,,1
S174147151,Spotted Towhee,Pipilo maculatus,33386,X,US-WA,Jefferson,L249781,Fort Flagler SP,48.0960511,-122.7139785,2024-05-11,12:00 AM,Historical,,1,,,1
S349492168,Spotted Towhee,Pipilo maculatus,33386,1,US-WA,Jefferson,L812287,Fort Flagler SP - Campground/Beach,48.0938751,-122.7226067,2026-05-30,05:59 AM,eBird - Traveling Count,160,1,1.696,,1
S230488049,Spotted Towhee,Pipilo maculatus,33386,X,US-WA,Jefferson,L292851,Fort Worden SP,48.1408906,-122.7680969,2025-04-27,,Historical,,1
S302817888,Spotted Towhee,Pipilo maculatus,33386,1,US-WA,King,L298030,Carkeek Park,47.7126411,-122.377647,2026-02-21,10:55 AM,eBird - Traveling Count,122,1,.648,,1
S309235427,Spotted Towhee,Pipilo maculatus,33386,1,US-WA,King,L298030,Carkeek Park,47.7126411,-122.377647,2026-03-14,01:56 PM,eBird - Traveling Count,69,1,.697,,1
S294797995,Spotted Towhee,Pipilo maculatus,33386,X,US-WA,King,L128530,Discovery Park,47.663868,-122.4215317,2026-01-17,11:29 AM,eBird - Traveling Count,165,1,5.954,,1
S307461833,Spotted Towhee,Pipilo maculatus,33386,3,US-WA,King,L128530,Discovery Park,47.663868,-122.4215317,2026-03-08,03:06 PM,eBird - Traveling Count,152,1,4.489,,1
S345782350,Spotted Towhee,Pipilo maculatus,33386,1,US-WA,King,L128530,Discovery Park,47.663868,-122.4215317,2026-05-24,10:09 AM,eBird - Traveling Count,196,1,3.615,,1
S278673753,Spotted Towhee,Pipilo maculatus,33386,X,US-WA,King,L232479,Juanita Bay Park,47.6981686,-122.2101878,2025-10-11,08:44 AM,eBird - Traveling Count,160,1,1.308,,1
S296271926,Spotted Towhee,Pipilo maculatus,33386,5,US-WA,King,L232479,Juanita Bay Park,47.6981686,-122.2101878,2026-01-25,08:10 AM,eBird - Traveling Count,222,1,1.699,,1,,,,649620013
S306300352,Spotted Towhee,Pipilo maculatus,33386,2,US-WA,King,L232479,Juanita Bay Park,47.6981686,-122.2101878,2026-03-05,02:46 PM,eBird - Traveling Count,61,1,1.635,,1
S297296203,Spotted Towhee,Pipilo maculatus,33386,2,US-WA,King,L269461,Magnuson Park,47.6815336,-122.2505453,2026-01-31,11:00 AM,eBird - Traveling Count,99,1,1.046,,1
S301500561,Spotted Towhee,Pipilo maculatus,33386,1,US-WA,King,L269461,Magnuson Park,47.6815336,-122.2505453,2026-02-16,10:02 AM,eBird - Traveling Count,133,1,2.13,,1
S303069344,Spotted Towhee,Pipilo maculatus,33386,6,US-WA,King,L351484,Marymoor Park,47.6612642,-122.1184109,2026-02-22,06:42 AM,eBird - Traveling Count,176,1,4.108,,1
S345067581,Spotted Towhee,Pipilo maculatus,33386,3,US-WA,King,L461493,Ravenna Park / Cowen Park,47.6721788,-122.3064566,2026-05-23,05:34 PM,eBird - Traveling Count,72,1,.992,,1
S175815092,Spotted Towhee,Pipilo maculatus,33386,X,US-WA,King,L162766,Union Bay Natural Area/Montlake Fill,47.65424,-122.29137,2024-05-19,08:00 AM,eBird - Traveling Count,150,1,3.219,,1
S177789951,Spotted Towhee,Pipilo maculatus,33386,X,US-WA,King,L162766,Union Bay Natural Area/Montlake Fill,47.65424,-122.29137,2024-05-28,05:50 AM,eBird - Traveling Count,68,1,2.704,,1
S183862008,Spotted Towhee,Pipilo maculatus,33386,X,US-WA,King,L162766,Union Bay Natural Area/Montlake Fill,47.65424,-122.29137,2024-06-26,06:10 AM,eBird - Traveling Count,109,1,4.812,,1
S286517370,Spotted Towhee,Pipilo maculatus,33386,X,US-WA,King,L162766,Union Bay Natural Area/Montlake Fill,47.65424,-122.29137,2025-11-28,09:23 AM,eBird - Traveling Count,132,1,2.605,,1
S295024890,Spotted Towhee,Pipilo maculatus,33386,3,US-WA,King,L162766,Union Bay Natural Area/Montlake Fill,47.65424,-122.29137,2026-01-18,08:05 AM,eBird - Traveling Count,287,1,2.302,,1
S298942557,Spotted Towhee,Pipilo maculatus,33386,6,US-WA,King,L162766,Union Bay Natural Area/Montlake Fill,47.65424,-122.29137,2026-02-08,07:30 AM,eBird - Traveling Count,133,1,3.101,,1
S305068426,Spotted Towhee,Pipilo maculatus,33386,1,US-WA,King,L162766,Union Bay Natural Area/Montlake Fill,47.65424,-122.29137,2026-03-01,06:45 AM,eBird - Traveling Count,215,1,3.562,,1
S307285086,Spotted Towhee,Pipilo maculatus,33386,7,US-WA,King,L162766,Union Bay Natural Area/Montlake Fill,47.65424,-122.29137,2026-03-08,07:52 AM,eBird - Traveling Count,130,1,3.898,,1
S309534495,Spotted Towhee,Pipilo maculatus,33386,2,US-WA,King,L162766,Union Bay Natural Area/Montlake Fill,47.65424,-122.29137,2026-03-15,08:45 AM,eBird - Traveling Count,93,1,2.076,,1
S317515997,Spotted Towhee,Pipilo maculatus,33386,2,US-WA,King,L162766,Union Bay Natural Area/Montlake Fill,47.65424,-122.29137,2026-04-05,10:27 AM,eBird - Traveling Count,191,1,2.366,,1
S320771289,Spotted Towhee,Pipilo maculatus,33386,5,US-WA,King,L162766,Union Bay Natural Area/Montlake Fill,47.65424,-122.29137,2026-04-12,07:20 AM,eBird - Traveling Count,190,1,3.623,,1,,,,654861885
S326594442,Spotted Towhee,Pipilo maculatus,33386,4,US-WA,King,L162766,Union Bay Natural Area/Montlake Fill,47.65424,-122.29137,2026-04-24,06:55 AM,eBird - Traveling Count,222,1,2.992,,1,,,,655747612
S336459661,Spotted Towhee,Pipilo maculatus,33386,5,US-WA,King,L162766,Union Bay Natural Area/Montlake Fill,47.65424,-122.29137,2026-05-10,06:04 AM,eBird - Traveling Count,165,1,2.998,,1,,,,657099704
S339377883,Spotted Towhee,Pipilo maculatus,33386,2,US-WA,King,L162766,Union Bay Natural Area/Montlake Fill,47.65424,-122.29137,2026-05-15,06:24 AM,eBird - Traveling Count,131,1,2.121,,1,,,,657542549
S342868105,Spotted Towhee,Pipilo maculatus,33386,3,US-WA,King,L162766,Union Bay Natural Area/Montlake Fill,47.65424,-122.29137,2026-05-20,06:19 AM,eBird - Traveling Count,134,1,3.112,,1
S347722254,Spotted Towhee,Pipilo maculatus,33386,4,US-WA,King,L162766,Union Bay Natural Area/Montlake Fill,47.65424,-122.29137,2026-05-27,05:41 AM,eBird - Traveling Count,137,1,3.085,,1
S359192903,Spotted Towhee,Pipilo maculatus,33386,1,US-WA,King,L162766,Union Bay Natural Area/Montlake Fill,47.65424,-122.29137,2026-06-18,08:29 AM,eBird - Traveling Count,72,1,2.496,,1
S374368808,Spotted Towhee,Pipilo maculatus,33386,1,US-WA,King,L162766,Union Bay Natural Area/Montlake Fill,47.65424,-122.29137,2026-07-20,05:31 AM,eBird - Traveling Count,90,1,2.509,,1
S167616265,Spotted Towhee,Pipilo maculatus,33386,X,US-WA,King,L165740,Washington Park Arboretum,47.6370819,-122.29574,2024-04-07,08:30 AM,eBird - Traveling Count,180,1,3.219,,15
S350375761,Spotted Towhee,Pipilo maculatus,33386,1,US-WA,Kitsap,L109542,Point No Point,47.9118696,-122.5283182,2026-05-31,10:28 AM,eBird - Traveling Count,63,1,1.052,,1
S331313814,Spotted Towhee,Pipilo maculatus,33386,1,US-WA,Pacific,L257976,Tokeland -- Graveyard Spit/Fisher Ave,46.7079709,-123.9877832,2026-05-02,12:55 PM,eBird - Traveling Count,14,1,.066,,1
S295226157,Spotted Towhee,Pipilo maculatus,33386,1,US-WA,Skagit,L476174,Skagit Wildlife Area--Wiley Slough,48.3246351,-122.3741287,2026-01-19,11:25 AM,eBird - Traveling Count,72,1,.891,,1
S319751834,Spotted Towhee,Pipilo maculatus,33386,2,US-WA,Skagit,L476174,Skagit Wildlife Area--Wiley Slough,48.3246351,-122.3741287,2026-04-10,09:30 AM,eBird - Traveling Count,229,1,2.012,,3
S293525790,Spotted Towhee,Pipilo maculatus,33386,X,US-WA,Snohomish,L374380,Edmonds Marsh,47.8085287,-122.3864508,2026-01-10,11:07 AM,eBird - Traveling Count,48,1,.092,,1,,,,648642194
S304355760,Spotted Towhee,Pipilo maculatus,33386,1,US-WA,Snohomish,L343338,Everett Sewage Lagoons,47.9988889,-122.17,2026-02-27,08:39 AM,eBird - Traveling Count,230,1,4.811,,1
S206958982,Eastern Towhee,Pipilo erythrophthalmus,33415,X,US-VA,Fairfax,L718525,**HUNTLEY MEADOWS PARK,38.7576451,-77.0984124,2024-12-22,,Historical,,1
S159175317,Eastern Towhee,Pipilo erythrophthalmus,33415,X,US-VA,Fairfax,L4138121,Washington & Old Dominion Trail--Vienna Town Green,38.9030318,-77.2646034,2023-12-27,,Historical,,1
S206959197,Eastern Towhee,Pipilo erythrophthalmus,33415,X,US-VA,Fairfax,L4138121,Washington & Old Dominion Trail--Vienna Town Green,38.9030318,-77.2646034,2024-12-27,,Historical,,0
S159175691,Western Spindalis,Spindalis zena,33540,X,MX-ROO,Cozumel,L52344353,Playa Embarcadero Cozumel,20.5122933,-86.9489744,2023-11-23,,Historical,,1
S311556119,Yellow-headed Blackbird,Xanthocephalus xanthocephalus,33563,1,US-WA,Adams,L455722,Para/McCain's Ponds,46.8574296,-119.1854596,2026-03-21,10:39 AM,eBird - Traveling Count,30,1,.301,,1
S312099507,Yellow-headed Blackbird,Xanthocephalus xanthocephalus,33563,1,US-WA,Grant,L60819284,"15927 Road D Southeast, Othello, Washington, US (46.854, -119.409)",46.85401,-119.4093612,2026-03-22,10:57 AM,eBird - Stationary Count,10,1,,,1
S346491426,Yellow-headed Blackbird,Xanthocephalus xanthocephalus,33563,2,US-WA,Snohomish,L4756268,Field's Riffle,47.9166297,-122.1268988,2026-05-25,07:11 AM,eBird - Traveling Count,177,1,1.517,,1,,,,658391561
S312570475,Western Meadowlark,Sturnella neglecta,33565,X,US-WA,Adams,L1071738,Columbia NWR--Royal Lake,46.8716342,-119.3433344,2026-03-22,11:00 AM,eBird - Stationary Count,20,1,,,20
S311613054,Western Meadowlark,Sturnella neglecta,33565,3,US-WA,Franklin,L1518478,Wahluke Wildlife Area-White Bluffs Viewpoint,46.6314315,-119.3975395,2026-03-21,12:43 PM,eBird - Traveling Count,46,1,2.26,,1
S310788595,Western Meadowlark,Sturnella neglecta,33565,1,US-WA,Grant,L60558524,"6008 Road 6 Northwest, Ephrata, Washington, US (47.177, -119.619)",47.1771287,-119.6186638,2026-03-19,04:02 PM,eBird - Stationary Count,15,1,,,1,,,,653396383
S312055951,Western Meadowlark,Sturnella neglecta,33565,2,US-WA,Grant,L60809693,"Lower Crab Creek Road Southeast, Othello, Washington, US (46.807, -119.393)",46.8070377,-119.3928763,2026-03-22,09:42 AM,eBird - Stationary Count,7,1,,,1
S164380841,Western Meadowlark,Sturnella neglecta,33565,X,US-WA,Skagit,L1369427,Fir Island -- Browns Slough Road,48.35381,-122.42297,2024-03-10,09:00 AM,eBird - Traveling Count,180,0,1.609,,6
S285225918,Hooded Oriole,Icterus cucullatus,33682,1,US-TX,Hidalgo,L128890,Bentsen-Rio Grande Val. SP WBC (Mission) (LTC 069),26.1796748,-98.3842338,2025-11-18,08:27 AM,eBird - Traveling Count,140,1,1.609,,10
S358739900,Bullock's Oriole,Icterus bullockii,33736,1,US-OR,Deschutes,L564147,Smith Rock SP,44.3669375,-121.1371851,2026-06-17,07:36 AM,eBird - Traveling Count,51,1,1.188,,1
S346491426,Bullock's Oriole,Icterus bullockii,33736,3,US-WA,Snohomish,L4756268,Field's Riffle,47.9166297,-122.1268988,2026-05-25,07:11 AM,eBird - Traveling Count,177,1,1.517,,1,,,,658391574 658391575
S285225846,Altamira Oriole,Icterus gularis,33755,2,US-TX,Hidalgo,L246727,Anzalduas Park (LTC 068),26.1384105,-98.3327866,2025-11-18,11:32 AM,eBird - Traveling Count,65,1,1.609,,9
S285225918,Altamira Oriole,Icterus gularis,33755,3,US-TX,Hidalgo,L128890,Bentsen-Rio Grande Val. SP WBC (Mission) (LTC 069),26.1796748,-98.3842338,2025-11-18,08:27 AM,eBird - Traveling Count,140,1,1.609,,10
S285225745,Altamira Oriole,Icterus gularis,33755,1,US-TX,Hidalgo,L336009,National Butterfly Center--General & area North of Levee,26.1796025,-98.3664483,2025-11-18,01:42 PM,eBird - Traveling Count,90,1,1.207,,9
S285225465,Altamira Oriole,Icterus gularis,33755,1,US-TX,Hidalgo,L21636963,Peculiar Nest Airbnb (restricted access),26.180693,-98.272806,2025-11-18,07:00 AM,eBird - Stationary Count,40,1,,,10
S285226087,Altamira Oriole,Icterus gularis,33755,4,US-TX,Hidalgo,L129085,Santa Ana NWR (LTC 059),26.0813003,-98.1351399,2025-11-19,07:24 AM,eBird - Traveling Count,200,1,2.414,,9,,,,645919737
S285225745,Audubon's Oriole,Icterus graduacauda,33762,1,US-TX,Hidalgo,L336009,National Butterfly Center--General & area North of Levee,26.1796025,-98.3664483,2025-11-18,01:42 PM,eBird - Traveling Count,90,1,1.207,,9
S285225745,Altamira x Audubon's Oriole (hybrid),Icterus gularis x graduacauda,33769,1,US-TX,Hidalgo,L336009,National Butterfly Center--General & area North of Levee,26.1796025,-98.3664483,2025-11-18,01:42 PM,eBird - Traveling Count,90,1,1.207,,9,,Continuing at bird feeding station,,645919607
S176978136,Baltimore Oriole,Icterus galbula,33770,X,US-RI,Providence,L804728,Blackstone Park,41.833327,-71.3792148,2024-05-25,09:31 AM,eBird - Traveling Count,43,1,1.931,,1
S311556119,Red-winged Blackbird,Agelaius phoeniceus,33779,4,US-WA,Adams,L455722,Para/McCain's Ponds,46.8574296,-119.1854596,2026-03-21,10:39 AM,eBird - Traveling Count,30,1,.301,,1,,,,653396996
S312035095,Red-winged Blackbird,Agelaius phoeniceus,33779,5,US-WA,Adams,L60805356,"West Gillis Road, Othello, Washington, US (46.81, -119.347)",46.8100099,-119.347446,2026-03-22,08:19 AM,eBird - Traveling Count,57,1,.973,,1
S172492761,Red-winged Blackbird,Agelaius phoeniceus,33779,X,US-CA,Alameda,L285281,Cesar Chavez Park,37.8709227,-122.3150389,2024-05-06,02:03 PM,eBird - Traveling Count,52,1,2.945,,1
S356230112,Red-winged Blackbird,Agelaius phoeniceus,33779,5,US-CA,Alameda,L285281,Cesar Chavez Park,37.8709227,-122.3150389,2026-06-12,07:05 AM,eBird - Traveling Count,99,1,4.,,1
S285380811,Red-winged Blackbird,Agelaius phoeniceus,33779,6,US-TX,Cameron,L283726,South Padre Is.--WBC/Conv. Center/Laguna Madre Trail (LTC 035),26.1400912,-97.1748233,2025-11-20,12:53 PM,eBird - Traveling Count,120,1,1.609,,9
S324301943,Red-winged Blackbird,Agelaius phoeniceus,33779,7,US-WA,Clallam,L17270540,Dungeness River Dike Trail,48.1411863,-123.129295,2026-04-19,08:22 AM,eBird - Traveling Count,194,1,1.115,,1,,,,655400346
S323750410,Red-winged Blackbird,Agelaius phoeniceus,33779,1,US-WA,Clallam,L793855,Elwha River Mouth,48.1447892,-123.5671808,2026-04-18,11:32 AM,eBird - Traveling Count,130,1,.681,,1
S323134294,Red-winged Blackbird,Agelaius phoeniceus,33779,3,US-WA,Clallam,L6125771,Jamestown S'Klallam Tribe Center,48.0252673,-122.9962617,2026-04-17,01:14 PM,eBird - Traveling Count,73,1,1.266,,1
S180573811,Red-winged Blackbird,Agelaius phoeniceus,33779,X,US-VA,Fairfax,L718525,**HUNTLEY MEADOWS PARK,38.7576451,-77.0984124,2024-06-10,07:09 AM,eBird - Traveling Count,148,1,3.203,,1
S290526069,Red-winged Blackbird,Agelaius phoeniceus,33779,X,US-VA,Fairfax,L5640834,Huntley Meadows Park--Cedar Trail Loop,38.7555851,-77.1024156,2025-12-27,08:42 AM,eBird - Traveling Count,80,1,1.967,,1
S312099507,Red-winged Blackbird,Agelaius phoeniceus,33779,X,US-WA,Grant,L60819284,"15927 Road D Southeast, Othello, Washington, US (46.854, -119.409)",46.85401,-119.4093612,2026-03-22,10:57 AM,eBird - Stationary Count,10,1,,,1
S311386024,Red-winged Blackbird,Agelaius phoeniceus,33779,10,US-WA,Grant,L1459988,Columbia NWR--Marsh Loop Trail,46.9313233,-119.2373057,2026-03-20,04:00 PM,eBird - Traveling Count,90,1,3.22,,1
S312066452,Red-winged Blackbird,Agelaius phoeniceus,33779,2,US-WA,Grant,L60811904,"Lower Crab Creek Road Southeast, Othello, Washington, US (46.81, -119.416)",46.8103875,-119.4164898,2026-03-22,10:02 AM,eBird - Stationary Count,3,1,,,1
S311113230,Red-winged Blackbird,Agelaius phoeniceus,33779,30,US-WA,Grant,L1678863,Potholes Reservoir--south half,46.991357,-119.3181243,2026-03-20,10:58 AM,eBird - Traveling Count,156,1,20.014,,1
S310816477,Red-winged Blackbird,Agelaius phoeniceus,33779,10,US-WA,Grant,L265765,Potholes SP,46.9809077,-119.3508177,2026-03-19,05:47 PM,eBird - Traveling Count,24,1,.898,,1
S311185088,Red-winged Blackbird,Agelaius phoeniceus,33779,10,US-WA,Grant,L265765,Potholes SP,46.9809077,-119.3508177,2026-03-20,06:04 PM,eBird - Traveling Count,9,1,.146,,1
S311476924,Red-winged Blackbird,Agelaius phoeniceus,33779,3,US-WA,Grant,L265765,Potholes SP,46.9809077,-119.3508177,2026-03-21,07:59 AM,eBird - Traveling Count,60,1,1.61,,1
S330084156,Red-winged Blackbird,Agelaius phoeniceus,33779,4,US-WA,Grays Harbor,L276426,Grays Harbor NWR (Bowerman Basin),46.9731644,-123.9436064,2026-04-30,02:47 PM,eBird - Traveling Count,104,1,1.512,,1
S330412083,Red-winged Blackbird,Agelaius phoeniceus,33779,1,US-WA,Grays Harbor,L264861,Hoquiam STP,46.9732093,-123.9165354,2026-05-01,07:22 AM,eBird - Traveling Count,35,1,.098,,1
S285225846,Red-winged Blackbird,Agelaius phoeniceus,33779,70,US-TX,Hidalgo,L246727,Anzalduas Park (LTC 068),26.1384105,-98.3327866,2025-11-18,11:32 AM,eBird - Traveling Count,65,1,1.609,,9
S285225918,Red-winged Blackbird,Agelaius phoeniceus,33779,7,US-TX,Hidalgo,L128890,Bentsen-Rio Grande Val. SP WBC (Mission) (LTC 069),26.1796748,-98.3842338,2025-11-18,08:27 AM,eBird - Traveling Count,140,1,1.609,,10
S285225977,Red-winged Blackbird,Agelaius phoeniceus,33779,20,US-TX,Hidalgo,L249889,Edinburg Scenic Wetlands WBC (LTC 061),26.2905822,-98.1351909,2025-11-19,12:54 PM,eBird - Traveling Count,90,1,1.609,,9
S285225745,Red-winged Blackbird,Agelaius phoeniceus,33779,13,US-TX,Hidalgo,L336009,National Butterfly Center--General & area North of Levee,26.1796025,-98.3664483,2025-11-18,01:42 PM,eBird - Traveling Count,90,1,1.207,,9
S285225465,Red-winged Blackbird,Agelaius phoeniceus,33779,300,US-TX,Hidalgo,L21636963,Peculiar Nest Airbnb (restricted access),26.180693,-98.272806,2025-11-18,07:00 AM,eBird - Stationary Count,40,1,,,10
S285226044,Red-winged Blackbird,Agelaius phoeniceus,33779,8,US-TX,Hidalgo,L1850000,San Juan Wetlands,26.1606244,-98.157516,2025-11-19,12:00 PM,eBird - Traveling Count,22,1,.805,,9
S285226087,Red-winged Blackbird,Agelaius phoeniceus,33779,600,US-TX,Hidalgo,L129085,Santa Ana NWR (LTC 059),26.0813003,-98.1351399,2025-11-19,07:24 AM,eBird - Traveling Count,200,1,2.414,,9,,,,645919747 645919748
S174147151,Red-winged Blackbird,Agelaius phoeniceus,33779,X,US-WA,Jefferson,L249781,Fort Flagler SP,48.0960511,-122.7139785,2024-05-11,12:00 AM,Historical,,1,,,1
S230488049,Red-winged Blackbird,Agelaius phoeniceus,33779,X,US-WA,Jefferson,L292851,Fort Worden SP,48.1408906,-122.7680969,2025-04-27,,Historical,,1
S380906489,Red-winged Blackbird,Agelaius phoeniceus,33779,4,US-WA,King,L267071,Frager Rd. (north),47.418883,-122.2678757,2026-08-07,09:32 AM,eBird - Traveling Count,176,1,2.644,,1
S305332784,Red-winged Blackbird,Agelaius phoeniceus,33779,1,US-WA,King,L163354,Green Lake,47.6783945,-122.3382464,2026-03-02,06:43 AM,eBird - Traveling Count,67,1,1.847,,1
S342994543,Red-winged Blackbird,Agelaius phoeniceus,33779,2,US-WA,King,L163354,Green Lake,47.6783945,-122.3382464,2026-05-20,09:01 AM,eBird - Traveling Count,222,1,4.611,,1
S348567406,Red-winged Blackbird,Agelaius phoeniceus,33779,3,US-WA,King,L163354,Green Lake,47.6783945,-122.3382464,2026-05-28,06:44 PM,eBird - Traveling Count,29,1,1.323,,1
S278673753,Red-winged Blackbird,Agelaius phoeniceus,33779,X,US-WA,King,L232479,Juanita Bay Park,47.6981686,-122.2101878,2025-10-11,08:44 AM,eBird - Traveling Count,160,1,1.308,,1
S291712899,Red-winged Blackbird,Agelaius phoeniceus,33779,X,US-WA,King,L232479,Juanita Bay Park,47.6981686,-122.2101878,2026-01-01,10:37 AM,eBird - Traveling Count,158,1,1.357,,1
S296271926,Red-winged Blackbird,Agelaius phoeniceus,33779,6,US-WA,King,L232479,Juanita Bay Park,47.6981686,-122.2101878,2026-01-25,08:10 AM,eBird - Traveling Count,222,1,1.699,,1,,,,649620018 649620033
S306300352,Red-winged Blackbird,Agelaius phoeniceus,33779,2,US-WA,King,L232479,Juanita Bay Park,47.6981686,-122.2101878,2026-03-05,02:46 PM,eBird - Traveling Count,61,1,1.635,,1
S301500561,Red-winged Blackbird,Agelaius phoeniceus,33779,10,US-WA,King,L269461,Magnuson Park,47.6815336,-122.2505453,2026-02-16,10:02 AM,eBird - Traveling Count,133,1,2.13,,1
S303069344,Red-winged Blackbird,Agelaius phoeniceus,33779,3,US-WA,King,L351484,Marymoor Park,47.6612642,-122.1184109,2026-02-22,06:42 AM,eBird - Traveling Count,176,1,4.108,,1
S160044564,Red-winged Blackbird,Agelaius phoeniceus,33779,1,US-WA,King,L162766,Union Bay Natural Area/Montlake Fill,47.65424,-122.29137,2024-01-28,09:15 AM,eBird - Traveling Count,130,0,7.001,,1
S175815092,Red-winged Blackbird,Agelaius phoeniceus,33779,X,US-WA,King,L162766,Union Bay Natural Area/Montlake Fill,47.65424,-122.29137,2024-05-19,08:00 AM,eBird - Traveling Count,150,1,3.219,,1
S177789951,Red-winged Blackbird,Agelaius phoeniceus,33779,X,US-WA,King,L162766,Union Bay Natural Area/Montlake Fill,47.65424,-122.29137,2024-05-28,05:50 AM,eBird - Traveling Count,68,1,2.704,,1
S179154810,Red-winged Blackbird,Agelaius phoeniceus,33779,X,US-WA,King,L162766,Union Bay Natural Area/Montlake Fill,47.65424,-122.29137,2024-06-03,05:47 AM,eBird - Traveling Count,116,1,5.053,,1
S183862008,Red-winged Blackbird,Agelaius phoeniceus,33779,X,US-WA,King,L162766,Union Bay Natural Area/Montlake Fill,47.65424,-122.29137,2024-06-26,06:10 AM,eBird - Traveling Count,109,1,4.812,,1
S295024890,Red-winged Blackbird,Agelaius phoeniceus,33779,10,US-WA,King,L162766,Union Bay Natural Area/Montlake Fill,47.65424,-122.29137,2026-01-18,08:05 AM,eBird - Traveling Count,287,1,2.302,,1,,,,649185966
S298942557,Red-winged Blackbird,Agelaius phoeniceus,33779,6,US-WA,King,L162766,Union Bay Natural Area/Montlake Fill,47.65424,-122.29137,2026-02-08,07:30 AM,eBird - Traveling Count,133,1,3.101,,1,,,,650546298
S305068426,Red-winged Blackbird,Agelaius phoeniceus,33779,7,US-WA,King,L162766,Union Bay Natural Area/Montlake Fill,47.65424,-122.29137,2026-03-01,06:45 AM,eBird - Traveling Count,215,1,3.562,,1,,,,651953781
S307285086,Red-winged Blackbird,Agelaius phoeniceus,33779,6,US-WA,King,L162766,Union Bay Natural Area/Montlake Fill,47.65424,-122.29137,2026-03-08,07:52 AM,eBird - Traveling Count,130,1,3.898,,1
S309534495,Red-winged Blackbird,Agelaius phoeniceus,33779,4,US-WA,King,L162766,Union Bay Natural Area/Montlake Fill,47.65424,-122.29137,2026-03-15,08:45 AM,eBird - Traveling Count,93,1,2.076,,1
S317515997,Red-winged Blackbird,Agelaius phoeniceus,33779,11,US-WA,King,L162766,Union Bay Natural Area/Montlake Fill,47.65424,-122.29137,2026-04-05,10:27 AM,eBird - Traveling Count,191,1,2.366,,1
S320771289,Red-winged Blackbird,Agelaius phoeniceus,33779,6,US-WA,King,L162766,Union Bay Natural Area/Montlake Fill,47.65424,-122.29137,2026-04-12,07:20 AM,eBird - Traveling Count,190,1,3.623,,1,,,,654861897
S326594442,Red-winged Blackbird,Agelaius phoeniceus,33779,5,US-WA,King,L162766,Union Bay Natural Area/Montlake Fill,47.65424,-122.29137,2026-04-24,06:55 AM,eBird - Traveling Count,222,1,2.992,,1
S333055230,Red-winged Blackbird,Agelaius phoeniceus,33779,10,US-WA,King,L162766,Union Bay Natural Area/Montlake Fill,47.65424,-122.29137,2026-05-05,05:54 AM,eBird - Traveling Count,113,1,2.301,,1
S334002351,Red-winged Blackbird,Agelaius phoeniceus,33779,7,US-WA,King,L162766,Union Bay Natural Area/Montlake Fill,47.65424,-122.29137,2026-05-07,06:22 AM,eBird - Traveling Count,64,1,.721,,1
S336459661,Red-winged Blackbird,Agelaius phoeniceus,33779,14,US-WA,King,L162766,Union Bay Natural Area/Montlake Fill,47.65424,-122.29137,2026-05-10,06:04 AM,eBird - Traveling Count,165,1,2.998,,1,,,,657099717
S339377883,Red-winged Blackbird,Agelaius phoeniceus,33779,5,US-WA,King,L162766,Union Bay Natural Area/Montlake Fill,47.65424,-122.29137,2026-05-15,06:24 AM,eBird - Traveling Count,131,1,2.121,,1
S342868105,Red-winged Blackbird,Agelaius phoeniceus,33779,7,US-WA,King,L162766,Union Bay Natural Area/Montlake Fill,47.65424,-122.29137,2026-05-20,06:19 AM,eBird - Traveling Count,134,1,3.112,,1,,,,658002639
S347722254,Red-winged Blackbird,Agelaius phoeniceus,33779,7,US-WA,King,L162766,Union Bay Natural Area/Montlake Fill,47.65424,-122.29137,2026-05-27,05:41 AM,eBird - Traveling Count,137,1,3.085,,1,,,,658541985
S359192903,Red-winged Blackbird,Agelaius phoeniceus,33779,8,US-WA,King,L162766,Union Bay Natural Area/Montlake Fill,47.65424,-122.29137,2026-06-18,08:29 AM,eBird - Traveling Count,72,1,2.496,,1
S167616265,Red-winged Blackbird,Agelaius phoeniceus,33779,X,US-WA,King,L165740,Washington Park Arboretum,47.6370819,-122.29574,2024-04-07,08:30 AM,eBird - Traveling Count,180,1,3.219,,15
S350375761,Red-winged Blackbird,Agelaius phoeniceus,33779,4,US-WA,Kitsap,L109542,Point No Point,47.9118696,-122.5283182,2026-05-31,10:28 AM,eBird - Traveling Count,63,1,1.052,,1
S331099224,Red-winged Blackbird,Agelaius phoeniceus,33779,1,US-WA,Pacific,L682593,Grayland Beach State Park,46.7880721,-124.0941381,2026-05-02,06:57 AM,eBird - Traveling Count,87,1,2.2,,1
S176978136,Red-winged Blackbird,Agelaius phoeniceus,33779,X,US-RI,Providence,L804728,Blackstone Park,41.833327,-71.3792148,2024-05-25,09:31 AM,eBird - Traveling Count,43,1,1.931,,1
S170170746,Red-winged Blackbird,Agelaius phoeniceus,33779,X,US-WA,Skagit,L1369427,Fir Island -- Browns Slough Road,48.35381,-122.42297,2024-04-14,,Historical,,0
S295176122,Red-winged Blackbird,Agelaius phoeniceus,33779,1,US-WA,Skagit,L1068173,Samish Flats--East 90,48.5485465,-122.4661446,2026-01-19,07:24 AM,eBird - Stationary Count,74,1,,,1
S319751834,Red-winged Blackbird,Agelaius phoeniceus,33779,9,US-WA,Skagit,L476174,Skagit Wildlife Area--Wiley Slough,48.3246351,-122.3741287,2026-04-10,09:30 AM,eBird - Traveling Count,229,1,2.012,,3,,,,654685570
S379333332,Red-winged Blackbird,Agelaius phoeniceus,33779,3,US-WA,Snohomish,L950776,Big Four Ice Caves,48.0651548,-121.5151566,2026-08-02,07:25 AM,eBird - Traveling Count,329,1,2.7,,1,,,,662363351
S297588705,Red-winged Blackbird,Agelaius phoeniceus,33779,3,US-WA,Snohomish,L374382,Edmonds Waterfront,47.8119268,-122.3854144,2026-02-01,12:36 PM,eBird - Traveling Count,124,1,1.416,,1
S304355760,Red-winged Blackbird,Agelaius phoeniceus,33779,2,US-WA,Snohomish,L343338,Everett Sewage Lagoons,47.9988889,-122.17,2026-02-27,08:39 AM,eBird - Traveling Count,230,1,4.811,,1,,,,651822610
S327075826,Red-winged Blackbird,Agelaius phoeniceus,33779,20,US-WA,Snohomish,L343338,Everett Sewage Lagoons,47.9988889,-122.17,2026-04-25,06:23 AM,eBird - Traveling Count,47,1,.919,,1
S346491426,Red-winged Blackbird,Agelaius phoeniceus,33779,2,US-WA,Snohomish,L4756268,Field's Riffle,47.9166297,-122.1268988,2026-05-25,07:11 AM,eBird - Traveling Count,177,1,1.517,,1,,,,658391583
S327403524,Red-winged Blackbird,Agelaius phoeniceus,33779,2,US-WA,Snohomish,L2410089,"Home Acres Rd, Everett",47.9581889,-122.1737838,2026-04-25,03:16 PM,eBird - Stationary Count,20,1,,,1
S371256974,Red-winged Blackbird,Agelaius phoeniceus,33779,25,US-WA,Snohomish,L4444849,Riverview Wildlife Refuge / Snohomish Wastewater Treatment Plant,47.9165434,-122.1100652,2026-07-12,07:30 AM,eBird - Traveling Count,139,1,1.581,,1
S375605391,Red-winged Blackbird,Agelaius phoeniceus,33779,1,US-WA,Snohomish,L343249,Stanwood Water Treatment Plant,48.2377017,-122.3611822,2026-07-23,02:41 PM,eBird - Traveling Count,163,1,.511,,1,,,,661835303
S291455322,Red-winged Blackbird,Agelaius phoeniceus,33779,X,US-WA,Thurston,L282253,Billy Frank Jr. Nisqually NWR,47.0812514,-122.7180576,2025-12-31,08:11 AM,eBird - Traveling Count,256,1,3.231,,1
S332089254,Red-winged Blackbird,Agelaius phoeniceus,33779,7,US-WA,Thurston,L282253,Billy Frank Jr. Nisqually NWR,47.0812514,-122.7180576,2026-05-03,10:49 AM,eBird - Traveling Count,191,1,4.362,,1
S311556119,Tricolored Blackbird,Agelaius tricolor,33807,1,US-WA,Adams,L455722,Para/McCain's Ponds,46.8574296,-119.1854596,2026-03-21,10:39 AM,eBird - Traveling Count,30,1,.301,,1
S285225918,Bronzed Cowbird,Molothrus aeneus,33826,4,US-TX,Hidalgo,L128890,Bentsen-Rio Grande Val. SP WBC (Mission) (LTC 069),26.1796748,-98.3842338,2025-11-18,08:27 AM,eBird - Traveling Count,140,1,1.609,,10,,,,645919120
S312035095,Brown-headed Cowbird,Molothrus ater,33833,3,US-WA,Adams,L60805356,"West Gillis Road, Othello, Washington, US (46.81, -119.347)",46.8100099,-119.347446,2026-03-22,08:19 AM,eBird - Traveling Count,57,1,.973,,1,,,,653396962
S356765363,Brown-headed Cowbird,Molothrus ater,33833,1,US-CA,Alameda,L8307665,Albany State Marine Reserve,37.8893242,-122.3151134,2026-06-13,07:48 AM,eBird - Traveling Count,99,1,2.71,,1
S172492761,Brown-headed Cowbird,Molothrus ater,33833,X,US-CA,Alameda,L285281,Cesar Chavez Park,37.8709227,-122.3150389,2024-05-06,02:03 PM,eBird - Traveling Count,52,1,2.945,,1
S324301943,Brown-headed Cowbird,Molothrus ater,33833,2,US-WA,Clallam,L17270540,Dungeness River Dike Trail,48.1411863,-123.129295,2026-04-19,08:22 AM,eBird - Traveling Count,194,1,1.115,,1
S324402551,Brown-headed Cowbird,Molothrus ater,33833,1,US-WA,Clallam,L265438,Three Crabs,48.151945,-123.1222855,2026-04-19,02:15 PM,eBird - Traveling Count,74,1,.389,,1
S311476924,Brown-headed Cowbird,Molothrus ater,33833,1,US-WA,Grant,L265765,Potholes SP,46.9809077,-119.3508177,2026-03-21,07:59 AM,eBird - Traveling Count,60,1,1.61,,1
S330689398,Brown-headed Cowbird,Molothrus ater,33833,1,US-WA,Grays Harbor,L268372,Bottle Beach State Park,46.893277,-124.0468136,2026-05-01,03:55 PM,eBird - Traveling Count,74,1,.788,,1
S331419171,Brown-headed Cowbird,Molothrus ater,33833,2,US-WA,Grays Harbor,L268372,Bottle Beach State Park,46.893277,-124.0468136,2026-05-02,03:04 PM,eBird - Traveling Count,112,1,1.449,,1
S330084156,Brown-headed Cowbird,Molothrus ater,33833,2,US-WA,Grays Harbor,L276426,Grays Harbor NWR (Bowerman Basin),46.9731644,-123.9436064,2026-04-30,02:47 PM,eBird - Traveling Count,104,1,1.512,,1,,,,656534487
S330540594,Brown-headed Cowbird,Molothrus ater,33833,X,US-WA,Grays Harbor,L43806903,Ocean Shores STP,46.931967,-124.1580575,2026-05-01,10:45 AM,eBird - Traveling Count,31,1,.413,,1
S330624973,Brown-headed Cowbird,Molothrus ater,33833,3,US-WA,Grays Harbor,L269804,Ocean Shores--Bill's Spit,46.9648907,-124.1339435,2026-05-01,01:44 PM,eBird - Traveling Count,36,1,.234,,1
S331882311,Brown-headed Cowbird,Molothrus ater,33833,4,US-WA,Grays Harbor,L1875831,Westhaven SP,46.9011251,-124.1268446,2026-05-03,07:27 AM,eBird - Traveling Count,99,1,1.733,,1
S174147151,Brown-headed Cowbird,Molothrus ater,33833,X,US-WA,Jefferson,L249781,Fort Flagler SP,48.0960511,-122.7139785,2024-05-11,12:00 AM,Historical,,1,,,1
S335596208,Brown-headed Cowbird,Molothrus ater,33833,4,US-WA,King,L298030,Carkeek Park,47.7126411,-122.377647,2026-05-09,09:08 AM,eBird - Traveling Count,114,1,.82,,1
S345782350,Brown-headed Cowbird,Molothrus ater,33833,1,US-WA,King,L128530,Discovery Park,47.663868,-122.4215317,2026-05-24,10:09 AM,eBird - Traveling Count,196,1,3.615,,1
S380906489,Brown-headed Cowbird,Molothrus ater,33833,3,US-WA,King,L267071,Frager Rd. (north),47.418883,-122.2678757,2026-08-07,09:32 AM,eBird - Traveling Count,176,1,2.644,,1
S326594442,Brown-headed Cowbird,Molothrus ater,33833,3,US-WA,King,L162766,Union Bay Natural Area/Montlake Fill,47.65424,-122.29137,2026-04-24,06:55 AM,eBird - Traveling Count,222,1,2.992,,1
S334002351,Brown-headed Cowbird,Molothrus ater,33833,1,US-WA,King,L162766,Union Bay Natural Area/Montlake Fill,47.65424,-122.29137,2026-05-07,06:22 AM,eBird - Traveling Count,64,1,.721,,1
S336459661,Brown-headed Cowbird,Molothrus ater,33833,1,US-WA,King,L162766,Union Bay Natural Area/Montlake Fill,47.65424,-122.29137,2026-05-10,06:04 AM,eBird - Traveling Count,165,1,2.998,,1
S342868105,Brown-headed Cowbird,Molothrus ater,33833,2,US-WA,King,L162766,Union Bay Natural Area/Montlake Fill,47.65424,-122.29137,2026-05-20,06:19 AM,eBird - Traveling Count,134,1,3.112,,1
S347722254,Brown-headed Cowbird,Molothrus ater,33833,1,US-WA,King,L162766,Union Bay Natural Area/Montlake Fill,47.65424,-122.29137,2026-05-27,05:41 AM,eBird - Traveling Count,137,1,3.085,,1
S359192903,Brown-headed Cowbird,Molothrus ater,33833,2,US-WA,King,L162766,Union Bay Natural Area/Montlake Fill,47.65424,-122.29137,2026-06-18,08:29 AM,eBird - Traveling Count,72,1,2.496,,1
S177520765,Brown-headed Cowbird,Molothrus ater,33833,X,US-MA,Middlesex,L850924,"East Boston Camps, Westford",42.5968182,-71.4438343,2024-05-27,08:10 AM,eBird - Traveling Count,120,0,1.609,,1
S331219104,Brown-headed Cowbird,Molothrus ater,33833,1,US-WA,Pacific,L803299,Cedar River (Pacific Co.),46.7400371,-123.9751339,2026-05-02,09:45 AM,eBird - Traveling Count,60,1,.577,,1
S379365619,Brown-headed Cowbird,Molothrus ater,33833,3,US-WA,Snohomish,L20643239,Edmonds Marina,47.8079405,-122.3924276,2026-08-02,02:58 PM,eBird - Traveling Count,44,1,1.181,,1,,,,662359436
S346491426,Brown-headed Cowbird,Molothrus ater,33833,2,US-WA,Snohomish,L4756268,Field's Riffle,47.9166297,-122.1268988,2026-05-25,07:11 AM,eBird - Traveling Count,177,1,1.517,,1
S371256974,Brown-headed Cowbird,Molothrus ater,33833,5,US-WA,Snohomish,L4444849,Riverview Wildlife Refuge / Snohomish Wastewater Treatment Plant,47.9165434,-122.1100652,2026-07-12,07:30 AM,eBird - Traveling Count,139,1,1.581,,1,,,,661254723
S375605391,Brown-headed Cowbird,Molothrus ater,33833,4,US-WA,Snohomish,L343249,Stanwood Water Treatment Plant,48.2377017,-122.3611822,2026-07-23,02:41 PM,eBird - Traveling Count,163,1,.511,,1
S332089254,Brown-headed Cowbird,Molothrus ater,33833,2,US-WA,Thurston,L282253,Billy Frank Jr. Nisqually NWR,47.0812514,-122.7180576,2026-05-03,10:49 AM,eBird - Traveling Count,191,1,4.362,,1,,,,656515995
S311962514,Brewer's Blackbird,Euphagus cyanocephalus,33851,1,US-WA,Adams,L60790658,"798 South Reynolds Road, Othello, Washington, US (46.804, -119.155)",46.8040469,-119.155016,2026-03-22,07:28 AM,eBird - Stationary Count,9,1,,,1
S324301943,Brewer's Blackbird,Euphagus cyanocephalus,33851,4,US-WA,Clallam,L17270540,Dungeness River Dike Trail,48.1411863,-123.129295,2026-04-19,08:22 AM,eBird - Traveling Count,194,1,1.115,,1
S312099507,Brewer's Blackbird,Euphagus cyanocephalus,33851,X,US-WA,Grant,L60819284,"15927 Road D Southeast, Othello, Washington, US (46.854, -119.409)",46.85401,-119.4093612,2026-03-22,10:57 AM,eBird - Stationary Count,10,1,,,1
S355941191,Brewer's Blackbird,Euphagus cyanocephalus,33851,1,US-CA,Siskiyou,L2345957,I-5--Weed Airport Rest Area,41.4773161,-122.4547237,2026-06-11,01:59 PM,eBird - Traveling Count,7,1,.147,,1
S170170746,Brewer's Blackbird,Euphagus cyanocephalus,33851,X,US-WA,Skagit,L1369427,Fir Island -- Browns Slough Road,48.35381,-122.42297,2024-04-14,,Historical,,0
S375605391,Brewer's Blackbird,Euphagus cyanocephalus,33851,1,US-WA,Snohomish,L343249,Stanwood Water Treatment Plant,48.2377017,-122.3611822,2026-07-23,02:41 PM,eBird - Traveling Count,163,1,.511,,1,,,,661835278
S180573811,Common Grackle,Quiscalus quiscula,33853,X,US-VA,Fairfax,L718525,**HUNTLEY MEADOWS PARK,38.7576451,-77.0984124,2024-06-10,07:09 AM,eBird - Traveling Count,148,1,3.203,,1
S179913804,Common Grackle,Quiscalus quiscula,33853,X,US-VA,Fairfax,L2914236,Northside Park,38.9119187,-77.2731543,2024-06-07,10:48 AM,eBird - Traveling Count,29,1,1.577,,1
S177520765,Common Grackle,Quiscalus quiscula,33853,X,US-MA,Middlesex,L850924,"East Boston Camps, Westford",42.5968182,-71.4438343,2024-05-27,08:10 AM,eBird - Traveling Count,120,0,1.609,,1
S176759208,Common Grackle,Quiscalus quiscula,33853,X,US-MA,Middlesex,L7397935,Rocky Hill Wildlife Sanctuary (Mass Audubon),42.5818528,-71.5328836,2024-05-24,10:16 AM,eBird - Traveling Count,93,1,4.538,,1
S176978136,Common Grackle,Quiscalus quiscula,33853,X,US-RI,Providence,L804728,Blackstone Park,41.833327,-71.3792148,2024-05-25,09:31 AM,eBird - Traveling Count,43,1,1.931,,1
S285380811,Great-tailed Grackle,Quiscalus mexicanus,33864,11,US-TX,Cameron,L283726,South Padre Is.--WBC/Conv. Center/Laguna Madre Trail (LTC 035),26.1400912,-97.1748233,2025-11-20,12:53 PM,eBird - Traveling Count,120,1,1.609,,9
S285380853,Great-tailed Grackle,Quiscalus mexicanus,33864,30,US-TX,Cameron,L1050482,TX48--Shrimp Basin Bridge / Zapata Memorial Boat Ramp/ San Martin Lake outlet,26.0023329,-97.2999001,2025-11-20,11:26 AM,eBird - Stationary Count,20,1,,,9
S159175691,Great-tailed Grackle,Quiscalus mexicanus,33864,X,MX-ROO,Cozumel,L52344353,Playa Embarcadero Cozumel,20.5122933,-86.9489744,2023-11-23,,Historical,,1
S285225846,Great-tailed Grackle,Quiscalus mexicanus,33864,40,US-TX,Hidalgo,L246727,Anzalduas Park (LTC 068),26.1384105,-98.3327866,2025-11-18,11:32 AM,eBird - Traveling Count,65,1,1.609,,9
S285225679,Great-tailed Grackle,Quiscalus mexicanus,33864,6,US-TX,Hidalgo,L38314359,Bentsen Rd,26.192193,-98.272556,2025-11-18,07:52 AM,eBird - Stationary Count,15,1,,,10
S285225918,Great-tailed Grackle,Quiscalus mexicanus,33864,30,US-TX,Hidalgo,L128890,Bentsen-Rio Grande Val. SP WBC (Mission) (LTC 069),26.1796748,-98.3842338,2025-11-18,08:27 AM,eBird - Traveling Count,140,1,1.609,,10
S285225977,Great-tailed Grackle,Quiscalus mexicanus,33864,30,US-TX,Hidalgo,L249889,Edinburg Scenic Wetlands WBC (LTC 061),26.2905822,-98.1351909,2025-11-19,12:54 PM,eBird - Traveling Count,90,1,1.609,,9
S285225626,Great-tailed Grackle,Quiscalus mexicanus,33864,3,US-TX,Hidalgo,L1048491,Mission Nature Park,26.1922196,-98.3378935,2025-11-18,03:24 PM,eBird - Traveling Count,10,1,.08,,9
S285225745,Great-tailed Grackle,Quiscalus mexicanus,33864,30,US-TX,Hidalgo,L336009,National Butterfly Center--General & area North of Levee,26.1796025,-98.3664483,2025-11-18,01:42 PM,eBird - Traveling Count,90,1,1.207,,9
S285225465,Great-tailed Grackle,Quiscalus mexicanus,33864,25,US-TX,Hidalgo,L21636963,Peculiar Nest Airbnb (restricted access),26.180693,-98.272806,2025-11-18,07:00 AM,eBird - Stationary Count,40,1,,,10
S285226044,Great-tailed Grackle,Quiscalus mexicanus,33864,15,US-TX,Hidalgo,L1850000,San Juan Wetlands,26.1606244,-98.157516,2025-11-19,12:00 PM,eBird - Traveling Count,22,1,.805,,9
S285226087,Great-tailed Grackle,Quiscalus mexicanus,33864,70,US-TX,Hidalgo,L129085,Santa Ana NWR (LTC 059),26.0813003,-98.1351399,2025-11-19,07:24 AM,eBird - Traveling Count,200,1,2.414,,9
S159174918,Great-tailed Grackle,Quiscalus mexicanus,33864,X,US-AZ,,L108915,Arizona,34.16973,-111.93299,2024-01-12,,Historical,,1
S216534367,Carib Grackle,Quiscalus lugubris,33889,X,AG-,,L3680262,Antigua and Barbuda,17.2705798,-61.7982655,2025-02-28,,Historical,,1
S216533993,Carib Grackle,Quiscalus lugubris,33889,X,BB-,,L3785507,Barbados,13.1722446,-59.5563823,2025-02-25,,Historical,,1
S216534184,Carib Grackle,Quiscalus lugubris,33889,X,DM-,,L3821759,Dominica,15.4345023,-61.3499744,2025-02-27,,Historical,,1
S216533729,Carib Grackle,Quiscalus lugubris,33889,X,BL-,,L3710693,Saint Barthélemy,17.9063433,-62.8337387,2025-02-22,,Historical,,1
S214854032,Carib Grackle,Quiscalus lugubris,33889,X,BL-,,L3710693,Saint Barthélemy,17.9063433,-62.8337387,2025-02-22,01:15 PM,eBird - Traveling Count,60,1,1.609,,1
S180573811,Prothonotary Warbler,Protonotaria citrea,33963,X,US-VA,Fairfax,L718525,**HUNTLEY MEADOWS PARK,38.7576451,-77.0984124,2024-06-10,07:09 AM,eBird - Traveling Count,148,1,3.203,,1
S356230112,Orange-crowned Warbler,Leiothlypis celata,33973,1,US-CA,Alameda,L285281,Cesar Chavez Park,37.8709227,-122.3150389,2026-06-12,07:05 AM,eBird - Traveling Count,99,1,4.,,1
S285380811,Orange-crowned Warbler,Leiothlypis celata,33973,1,US-TX,Cameron,L283726,South Padre Is.--WBC/Conv. Center/Laguna Madre Trail (LTC 035),26.1400912,-97.1748233,2025-11-20,12:53 PM,eBird - Traveling Count,120,1,1.609,,9
S322716667,Orange-crowned Warbler,Leiothlypis celata,33973,4,US-WA,Clallam,L29690471,Dungeness NWR,48.1463111,-123.1865094,2026-04-16,04:51 PM,eBird - Traveling Count,23,1,1.089,,1
S323750410,Orange-crowned Warbler,Leiothlypis celata,33973,1,US-WA,Clallam,L793855,Elwha River Mouth,48.1447892,-123.5671808,2026-04-18,11:32 AM,eBird - Traveling Count,130,1,.681,,1
S323789056,Orange-crowned Warbler,Leiothlypis celata,33973,1,US-WA,Clallam,L894831,Freshwater Bay,48.1461024,-123.6414242,2026-04-18,02:00 PM,eBird - Traveling Count,75,1,.617,,1,,,,655400437
S331419171,Orange-crowned Warbler,Leiothlypis celata,33973,1,US-WA,Grays Harbor,L268372,Bottle Beach State Park,46.893277,-124.0468136,2026-05-02,03:04 PM,eBird - Traveling Count,112,1,1.449,,1
S285225918,Orange-crowned Warbler,Leiothlypis celata,33973,2,US-TX,Hidalgo,L128890,Bentsen-Rio Grande Val. SP WBC (Mission) (LTC 069),26.1796748,-98.3842338,2025-11-18,08:27 AM,eBird - Traveling Count,140,1,1.609,,10,,,,645918914
S285225977,Orange-crowned Warbler,Leiothlypis celata,33973,5,US-TX,Hidalgo,L249889,Edinburg Scenic Wetlands WBC (LTC 061),26.2905822,-98.1351909,2025-11-19,12:54 PM,eBird - Traveling Count,90,1,1.609,,9
S285226044,Orange-crowned Warbler,Leiothlypis celata,33973,1,US-TX,Hidalgo,L1850000,San Juan Wetlands,26.1606244,-98.157516,2025-11-19,12:00 PM,eBird - Traveling Count,22,1,.805,,9
S285226087,Orange-crowned Warbler,Leiothlypis celata,33973,2,US-TX,Hidalgo,L129085,Santa Ana NWR (LTC 059),26.0813003,-98.1351399,2025-11-19,07:24 AM,eBird - Traveling Count,200,1,2.414,,9
S345782350,Orange-crowned Warbler,Leiothlypis celata,33973,3,US-WA,King,L128530,Discovery Park,47.663868,-122.4215317,2026-05-24,10:09 AM,eBird - Traveling Count,196,1,3.615,,1
S328030718,Orange-crowned Warbler,Leiothlypis celata,33973,2,US-WA,King,L1924233,Discovery Park--South Meadow,47.655213,-122.4141312,2026-04-26,10:00 AM,eBird - Traveling Count,112,1,1.914,,15
S333514456,Orange-crowned Warbler,Leiothlypis celata,33973,1,US-WA,King,L1924233,Discovery Park--South Meadow,47.655213,-122.4141312,2026-05-06,06:43 AM,eBird - Traveling Count,37,1,1.923,,1
S347722254,Orange-crowned Warbler,Leiothlypis celata,33973,1,US-WA,King,L162766,Union Bay Natural Area/Montlake Fill,47.65424,-122.29137,2026-05-27,05:41 AM,eBird - Traveling Count,137,1,3.085,,1
S374368808,Orange-crowned Warbler,Leiothlypis celata,33973,1,US-WA,King,L162766,Union Bay Natural Area/Montlake Fill,47.65424,-122.29137,2026-07-20,05:31 AM,eBird - Traveling Count,90,1,2.509,,1
S379333332,Orange-crowned Warbler,Leiothlypis celata,33973,2,US-WA,Snohomish,L950776,Big Four Ice Caves,48.0651548,-121.5151566,2026-08-02,07:25 AM,eBird - Traveling Count,329,1,2.7,,1,,,,662363419
S379333332,MacGillivray's Warbler,Geothlypis tolmiei,34005,1,US-WA,Snohomish,L950776,Big Four Ice Caves,48.0651548,-121.5151566,2026-08-02,07:25 AM,eBird - Traveling Count,329,1,2.7,,1
S324301943,Common Yellowthroat,Geothlypis trichas,34028,1,US-WA,Clallam,L17270540,Dungeness River Dike Trail,48.1411863,-123.129295,2026-04-19,08:22 AM,eBird - Traveling Count,194,1,1.115,,1
S380906489,Common Yellowthroat,Geothlypis trichas,34028,1,US-WA,King,L267071,Frager Rd. (north),47.418883,-122.2678757,2026-08-07,09:32 AM,eBird - Traveling Count,176,1,2.644,,1
S326594442,Common Yellowthroat,Geothlypis trichas,34028,2,US-WA,King,L162766,Union Bay Natural Area/Montlake Fill,47.65424,-122.29137,2026-04-24,06:55 AM,eBird - Traveling Count,222,1,2.992,,1
S333055230,Common Yellowthroat,Geothlypis trichas,34028,1,US-WA,King,L162766,Union Bay Natural Area/Montlake Fill,47.65424,-122.29137,2026-05-05,05:54 AM,eBird - Traveling Count,113,1,2.301,,1
S339377883,Common Yellowthroat,Geothlypis trichas,34028,1,US-WA,King,L162766,Union Bay Natural Area/Montlake Fill,47.65424,-122.29137,2026-05-15,06:24 AM,eBird - Traveling Count,131,1,2.121,,1
S331219104,Common Yellowthroat,Geothlypis trichas,34028,2,US-WA,Pacific,L803299,Cedar River (Pacific Co.),46.7400371,-123.9751339,2026-05-02,09:45 AM,eBird - Traveling Count,60,1,.577,,1
S379333332,Common Yellowthroat,Geothlypis trichas,34028,3,US-WA,Snohomish,L950776,Big Four Ice Caves,48.0651548,-121.5151566,2026-08-02,07:25 AM,eBird - Traveling Count,329,1,2.7,,1,,,,662363358
S346491426,Common Yellowthroat,Geothlypis trichas,34028,1,US-WA,Snohomish,L4756268,Field's Riffle,47.9166297,-122.1268988,2026-05-25,07:11 AM,eBird - Traveling Count,177,1,1.517,,1
S371256974,Common Yellowthroat,Geothlypis trichas,34028,3,US-WA,Snohomish,L4444849,Riverview Wildlife Refuge / Snohomish Wastewater Treatment Plant,47.9165434,-122.1100652,2026-07-12,07:30 AM,eBird - Traveling Count,139,1,1.581,,1,,,,661254727 661254728
S375605391,Common Yellowthroat,Geothlypis trichas,34028,2,US-WA,Snohomish,L343249,Stanwood Water Treatment Plant,48.2377017,-122.3611822,2026-07-23,02:41 PM,eBird - Traveling Count,163,1,.511,,1
S376877165,Common Yellowthroat,Geothlypis trichas,34028,1,US-WA,Snohomish,L343249,Stanwood Water Treatment Plant,48.2377017,-122.3611822,2026-07-26,07:23 PM,eBird - Traveling Count,88,1,.235,,1,,,,662145476
S159175691,American Redstart,Setophaga ruticilla,34058,X,MX-ROO,Cozumel,L52344353,Playa Embarcadero Cozumel,20.5122933,-86.9489744,2023-11-23,,Historical,,1
S343417861,Northern Yellow Warbler,Setophaga aestiva,34087,1,US-WA,King,L2692026,Fremont Canal Park,47.6514476,-122.3570377,2026-05-21,08:52 AM,eBird - Traveling Count,20,1,.45,,1
S342994543,Northern Yellow Warbler,Setophaga aestiva,34087,1,US-WA,King,L163354,Green Lake,47.6783945,-122.3382464,2026-05-20,09:01 AM,eBird - Traveling Count,222,1,4.611,,1
S334002351,Northern Yellow Warbler,Setophaga aestiva,34087,1,US-WA,King,L162766,Union Bay Natural Area/Montlake Fill,47.65424,-122.29137,2026-05-07,06:22 AM,eBird - Traveling Count,64,1,.721,,1
S339377883,Northern Yellow Warbler,Setophaga aestiva,34087,1,US-WA,King,L162766,Union Bay Natural Area/Montlake Fill,47.65424,-122.29137,2026-05-15,06:24 AM,eBird - Traveling Count,131,1,2.121,,1,,,,657542585
S374368808,Northern Yellow Warbler,Setophaga aestiva,34087,1,US-WA,King,L162766,Union Bay Natural Area/Montlake Fill,47.65424,-122.29137,2026-07-20,05:31 AM,eBird - Traveling Count,90,1,2.509,,1
S379333332,Northern Yellow Warbler,Setophaga aestiva,34087,3,US-WA,Snohomish,L950776,Big Four Ice Caves,48.0651548,-121.5151566,2026-08-02,07:25 AM,eBird - Traveling Count,329,1,2.7,,1
S346491426,Northern Yellow Warbler,Setophaga aestiva,34087,2,US-WA,Snohomish,L4756268,Field's Riffle,47.9166297,-122.1268988,2026-05-25,07:11 AM,eBird - Traveling Count,177,1,1.517,,1
S371256974,Northern Yellow Warbler,Setophaga aestiva,34087,1,US-WA,Snohomish,L4444849,Riverview Wildlife Refuge / Snohomish Wastewater Treatment Plant,47.9165434,-122.1100652,2026-07-12,07:30 AM,eBird - Traveling Count,139,1,1.581,,1
S216534367,Mangrove Yellow Warbler,Setophaga petechia,34097,X,AG-,,L3680262,Antigua and Barbuda,17.2705798,-61.7982655,2025-02-28,,Historical,,1
S159175691,Northern/Mangrove Yellow Warbler,Setophaga aestiva/petechia,34132,X,MX-ROO,Cozumel,L52344353,Playa Embarcadero Cozumel,20.5122933,-86.9489744,2023-11-23,,Historical,,1
S159175691,Palm Warbler,Setophaga palmarum,34148,X,MX-ROO,Cozumel,L52344353,Playa Embarcadero Cozumel,20.5122933,-86.9489744,2023-11-23,,Historical,,1
S285380811,Yellow-rumped Warbler,Setophaga coronata,34159,1,US-TX,Cameron,L283726,South Padre Is.--WBC/Conv. Center/Laguna Madre Trail (LTC 035),26.1400912,-97.1748233,2025-11-20,12:53 PM,eBird - Traveling Count,120,1,1.609,,9
S324301943,Yellow-rumped Warbler,Setophaga coronata,34159,3,US-WA,Clallam,L17270540,Dungeness River Dike Trail,48.1411863,-123.129295,2026-04-19,08:22 AM,eBird - Traveling Count,194,1,1.115,,1
S323789056,Yellow-rumped Warbler,Setophaga coronata,34159,3,US-WA,Clallam,L894831,Freshwater Bay,48.1461024,-123.6414242,2026-04-18,02:00 PM,eBird - Traveling Count,75,1,.617,,1,,,,655400440
S285225977,Yellow-rumped Warbler,Setophaga coronata,34159,8,US-TX,Hidalgo,L249889,Edinburg Scenic Wetlands WBC (LTC 061),26.2905822,-98.1351909,2025-11-19,12:54 PM,eBird - Traveling Count,90,1,1.609,,9
S297107675,Yellow-rumped Warbler,Setophaga coronata,34159,2,US-WA,King,L57830459,"2520 Northeast 130th Street, Seattle, Washington, US (47.724, -122.301)",47.7237668,-122.3010431,2026-01-30,02:45 PM,eBird - Traveling Count,95,1,.849,,1
S302817888,Yellow-rumped Warbler,Setophaga coronata,34159,2,US-WA,King,L298030,Carkeek Park,47.7126411,-122.377647,2026-02-21,10:55 AM,eBird - Traveling Count,122,1,.648,,1
S309235427,Yellow-rumped Warbler,Setophaga coronata,34159,2,US-WA,King,L298030,Carkeek Park,47.7126411,-122.377647,2026-03-14,01:56 PM,eBird - Traveling Count,69,1,.697,,1
S296590988,Yellow-rumped Warbler,Setophaga coronata,34159,1,US-WA,King,L2692026,Fremont Canal Park,47.6514476,-122.3570377,2026-01-27,11:39 AM,eBird - Stationary Count,180,1,,,1
S305332784,Yellow-rumped Warbler,Setophaga coronata,34159,2,US-WA,King,L163354,Green Lake,47.6783945,-122.3382464,2026-03-02,06:43 AM,eBird - Traveling Count,67,1,1.847,,1
S342994543,Yellow-rumped Warbler,Setophaga coronata,34159,1,US-WA,King,L163354,Green Lake,47.6783945,-122.3382464,2026-05-20,09:01 AM,eBird - Traveling Count,222,1,4.611,,1
S305068426,Yellow-rumped Warbler,Setophaga coronata,34159,1,US-WA,King,L162766,Union Bay Natural Area/Montlake Fill,47.65424,-122.29137,2026-03-01,06:45 AM,eBird - Traveling Count,215,1,3.562,,1,,,,651953829
S307285086,Yellow-rumped Warbler,Setophaga coronata,34159,1,US-WA,King,L162766,Union Bay Natural Area/Montlake Fill,47.65424,-122.29137,2026-03-08,07:52 AM,eBird - Traveling Count,130,1,3.898,,1
S309534495,Yellow-rumped Warbler,Setophaga coronata,34159,3,US-WA,King,L162766,Union Bay Natural Area/Montlake Fill,47.65424,-122.29137,2026-03-15,08:45 AM,eBird - Traveling Count,93,1,2.076,,1
S317515997,Yellow-rumped Warbler,Setophaga coronata,34159,4,US-WA,King,L162766,Union Bay Natural Area/Montlake Fill,47.65424,-122.29137,2026-04-05,10:27 AM,eBird - Traveling Count,191,1,2.366,,1
S320771289,Yellow-rumped Warbler,Setophaga coronata,34159,7,US-WA,King,L162766,Union Bay Natural Area/Montlake Fill,47.65424,-122.29137,2026-04-12,07:20 AM,eBird - Traveling Count,190,1,3.623,,1,,,,654861916
S326594442,Yellow-rumped Warbler,Setophaga coronata,34159,10,US-WA,King,L162766,Union Bay Natural Area/Montlake Fill,47.65424,-122.29137,2026-04-24,06:55 AM,eBird - Traveling Count,222,1,2.992,,1,,,,655747619
S310774319,Yellow-rumped Warbler,Setophaga coronata,34159,1,US-WA,Kittitas,L461167,Wanapum SP,46.9005541,-119.9892426,2026-03-19,02:47 PM,eBird - Traveling Count,26,1,1.33,,1
S376353077,Yellow-rumped Warbler,Setophaga coronata,34159,1,US-WA,Pierce,L461358,Mt. Rainier NP--Burroughs Mountain,46.9117249,-121.6639709,2026-07-25,09:32 AM,eBird - Traveling Count,163,1,6.916,,1
S287543523,Yellow-rumped Warbler,Setophaga coronata,34159,X,US-CA,Sacramento,L383934,American River Parkway--Bushy Lake,38.5882961,-121.4330864,2025-12-06,11:21 AM,eBird - Traveling Count,6,1,.224,,1
S170170610,Yellow-rumped Warbler,Setophaga coronata,34159,X,US-WA,San Juan,L9267425,"Cascade Lake--south end campsites, Orcas Island",48.6458967,-122.8474903,2024-04-13,,Historical,,1
S379333332,Yellow-rumped Warbler,Setophaga coronata,34159,2,US-WA,Snohomish,L950776,Big Four Ice Caves,48.0651548,-121.5151566,2026-08-02,07:25 AM,eBird - Traveling Count,329,1,2.7,,1
S319626376,Yellow-rumped Warbler,Setophaga coronata,34159,1,US-WA,Snohomish,L20643235,Edmonds Public Fishing Pier,47.8110241,-122.3899493,2026-04-10,07:54 AM,eBird - Traveling Count,31,1,.49,,1
S304355760,Yellow-rumped Warbler,Setophaga coronata,34159,1,US-WA,Snohomish,L343338,Everett Sewage Lagoons,47.9988889,-122.17,2026-02-27,08:39 AM,eBird - Traveling Count,230,1,4.811,,1
S327075826,Yellow-rumped Warbler,Setophaga coronata,34159,5,US-WA,Snohomish,L343338,Everett Sewage Lagoons,47.9988889,-122.17,2026-04-25,06:23 AM,eBird - Traveling Count,47,1,.919,,1
S371256974,Yellow-rumped Warbler,Setophaga coronata,34159,1,US-WA,Snohomish,L4444849,Riverview Wildlife Refuge / Snohomish Wastewater Treatment Plant,47.9165434,-122.1100652,2026-07-12,07:30 AM,eBird - Traveling Count,139,1,1.581,,1,,,,661254730
S159175691,Yellow-throated Warbler,Setophaga dominica,34171,X,MX-ROO,Cozumel,L52344353,Playa Embarcadero Cozumel,20.5122933,-86.9489744,2023-11-23,,Historical,,1
S302817888,Townsend's Warbler,Setophaga townsendi,34206,1,US-WA,King,L298030,Carkeek Park,47.7126411,-122.377647,2026-02-21,10:55 AM,eBird - Traveling Count,122,1,.648,,1
S167616265,Townsend's Warbler,Setophaga townsendi,34206,X,US-WA,King,L165740,Washington Park Arboretum,47.6370819,-122.29574,2024-04-07,08:30 AM,eBird - Traveling Count,180,1,3.219,,15
S379333332,Townsend's Warbler,Setophaga townsendi,34206,5,US-WA,Snohomish,L950776,Big Four Ice Caves,48.0651548,-121.5151566,2026-08-02,07:25 AM,eBird - Traveling Count,329,1,2.7,,1,,,,662363377 662363378 662363380 662363381
S285380811,Black-throated Green Warbler,Setophaga virens,34218,1,US-TX,Cameron,L283726,South Padre Is.--WBC/Conv. Center/Laguna Madre Trail (LTC 035),26.1400912,-97.1748233,2025-11-20,12:53 PM,eBird - Traveling Count,120,1,1.609,,9,,,,645920428
S331882311,Wilson's Warbler,Cardellina pusilla,34346,1,US-WA,Grays Harbor,L1875831,Westhaven SP,46.9011251,-124.1268446,2026-05-03,07:27 AM,eBird - Traveling Count,99,1,1.733,,1,,,,656535032
S349638499,Wilson's Warbler,Cardellina pusilla,34346,1,US-WA,Jefferson,L249781,Fort Flagler SP,48.0960511,-122.7139785,2026-05-30,08:52 AM,eBird - Traveling Count,197,1,8.735,,1
S335596208,Wilson's Warbler,Cardellina pusilla,34346,2,US-WA,King,L298030,Carkeek Park,47.7126411,-122.377647,2026-05-09,09:08 AM,eBird - Traveling Count,114,1,.82,,1
S345782350,Wilson's Warbler,Cardellina pusilla,34346,1,US-WA,King,L128530,Discovery Park,47.663868,-122.4215317,2026-05-24,10:09 AM,eBird - Traveling Count,196,1,3.615,,1
S349638499,Western Tanager,Piranga ludoviciana,34439,1,US-WA,Jefferson,L249781,Fort Flagler SP,48.0960511,-122.7139785,2026-05-30,08:52 AM,eBird - Traveling Count,197,1,8.735,,1
S245777966,Western Tanager,Piranga ludoviciana,34439,X,US-WA,King,L208659,Hiram M. Chittenden Ballard Locks,47.6653579,-122.3974647,2025-05-31,,Historical,,1
S358523668,Western Tanager,Piranga ludoviciana,34439,X,US-OR,Klamath,L1149408,Crater Lake NP--Rim Village,42.9109122,-122.1476644,2026-06-16,09:00 AM,eBird - Traveling Count,60,1,1.61,,1
S180573811,Northern Cardinal,Cardinalis cardinalis,34515,X,US-VA,Fairfax,L718525,**HUNTLEY MEADOWS PARK,38.7576451,-77.0984124,2024-06-10,07:09 AM,eBird - Traveling Count,148,1,3.203,,1
S206958982,Northern Cardinal,Cardinalis cardinalis,34515,X,US-VA,Fairfax,L718525,**HUNTLEY MEADOWS PARK,38.7576451,-77.0984124,2024-12-22,,Historical,,1
S290526069,Northern Cardinal,Cardinalis cardinalis,34515,X,US-VA,Fairfax,L5640834,Huntley Meadows Park--Cedar Trail Loop,38.7555851,-77.1024156,2025-12-27,08:42 AM,eBird - Traveling Count,80,1,1.967,,1
S179913804,Northern Cardinal,Cardinalis cardinalis,34515,X,US-VA,Fairfax,L2914236,Northside Park,38.9119187,-77.2731543,2024-06-07,10:48 AM,eBird - Traveling Count,29,1,1.577,,1
S159175317,Northern Cardinal,Cardinalis cardinalis,34515,X,US-VA,Fairfax,L4138121,Washington & Old Dominion Trail--Vienna Town Green,38.9030318,-77.2646034,2023-12-27,,Historical,,1
S290623958,Northern Cardinal,Cardinalis cardinalis,34515,X,US-VA,Fairfax,L4138121,Washington & Old Dominion Trail--Vienna Town Green,38.9030318,-77.2646034,2025-12-27,03:21 PM,eBird - Traveling Count,56,1,3.692,,1
S285225846,Northern Cardinal,Cardinalis cardinalis,34515,1,US-TX,Hidalgo,L246727,Anzalduas Park (LTC 068),26.1384105,-98.3327866,2025-11-18,11:32 AM,eBird - Traveling Count,65,1,1.609,,9
S285225918,Northern Cardinal,Cardinalis cardinalis,34515,8,US-TX,Hidalgo,L128890,Bentsen-Rio Grande Val. SP WBC (Mission) (LTC 069),26.1796748,-98.3842338,2025-11-18,08:27 AM,eBird - Traveling Count,140,1,1.609,,10,,,,645919100 645919102
S285225977,Northern Cardinal,Cardinalis cardinalis,34515,6,US-TX,Hidalgo,L249889,Edinburg Scenic Wetlands WBC (LTC 061),26.2905822,-98.1351909,2025-11-19,12:54 PM,eBird - Traveling Count,90,1,1.609,,9
S285225745,Northern Cardinal,Cardinalis cardinalis,34515,3,US-TX,Hidalgo,L336009,National Butterfly Center--General & area North of Levee,26.1796025,-98.3664483,2025-11-18,01:42 PM,eBird - Traveling Count,90,1,1.207,,9
S285225465,Northern Cardinal,Cardinalis cardinalis,34515,1,US-TX,Hidalgo,L21636963,Peculiar Nest Airbnb (restricted access),26.180693,-98.272806,2025-11-18,07:00 AM,eBird - Stationary Count,40,1,,,10
S285226044,Northern Cardinal,Cardinalis cardinalis,34515,5,US-TX,Hidalgo,L1850000,San Juan Wetlands,26.1606244,-98.157516,2025-11-19,12:00 PM,eBird - Traveling Count,22,1,.805,,9
S285226087,Northern Cardinal,Cardinalis cardinalis,34515,8,US-TX,Hidalgo,L129085,Santa Ana NWR (LTC 059),26.0813003,-98.1351399,2025-11-19,07:24 AM,eBird - Traveling Count,200,1,2.414,,9
S314045091,Northern Cardinal,Cardinalis cardinalis,34515,3,US-HI,Kauai,L469355,Kawai'ele State Waterbird Sanctuary,22.0099791,-159.7679526,2026-03-28,07:36 AM,eBird - Traveling Count,78,1,.732,,1
S313780052,Northern Cardinal,Cardinalis cardinalis,34515,X,US-HI,Kauai,L266182,Kilauea Point NWR,22.2316072,-159.4019778,2026-03-27,02:47 PM,eBird - Traveling Count,29,1,.836,,1
S313169342,Northern Cardinal,Cardinalis cardinalis,34515,1,US-HI,Kauai,L1186213,Poʻipū Beach Park,21.87229,-159.4540122,2026-03-25,03:49 PM,eBird - Traveling Count,90,1,3.655,,1
S177520765,Northern Cardinal,Cardinalis cardinalis,34515,X,US-MA,Middlesex,L850924,"East Boston Camps, Westford",42.5968182,-71.4438343,2024-05-27,08:10 AM,eBird - Traveling Count,120,0,1.609,,1
S159174918,Pyrrhuloxia,Cardinalis sinuatus,34535,X,US-AZ,,L108915,Arizona,34.16973,-111.93299,2024-01-12,,Historical,,1,,,,,,,613666294
S371256974,Black-headed Grosbeak,Pheucticus melanocephalus,34559,1,US-WA,Snohomish,L4444849,Riverview Wildlife Refuge / Snohomish Wastewater Treatment Plant,47.9165434,-122.1100652,2026-07-12,07:30 AM,eBird - Traveling Count,139,1,1.581,,1
S358739900,Lazuli Bunting,Passerina amoena,34606,1,US-OR,Deschutes,L564147,Smith Rock SP,44.3669375,-121.1371851,2026-06-17,07:36 AM,eBird - Traveling Count,51,1,1.188,,1
S346491426,Lazuli Bunting,Passerina amoena,34606,6,US-WA,Snohomish,L4756268,Field's Riffle,47.9166297,-122.1268988,2026-05-25,07:11 AM,eBird - Traveling Count,177,1,1.517,,1,,,,658391617 658391618 658391619
S285225977,Indigo Bunting,Passerina cyanea,34607,2,US-TX,Hidalgo,L249889,Edinburg Scenic Wetlands WBC (LTC 061),26.2905822,-98.1351909,2025-11-19,12:54 PM,eBird - Traveling Count,90,1,1.609,,9
S314045091,Red-crested Cardinal,Paroaria coronata,34630,3,US-HI,Kauai,L469355,Kawai'ele State Waterbird Sanctuary,22.0099791,-159.7679526,2026-03-28,07:36 AM,eBird - Traveling Count,78,1,.732,,1
S313780052,Red-crested Cardinal,Paroaria coronata,34630,X,US-HI,Kauai,L266182,Kilauea Point NWR,22.2316072,-159.4019778,2026-03-27,02:47 PM,eBird - Traveling Count,29,1,.836,,1
S313169342,Red-crested Cardinal,Paroaria coronata,34630,3,US-HI,Kauai,L1186213,Poʻipū Beach Park,21.87229,-159.4540122,2026-03-25,03:49 PM,eBird - Traveling Count,90,1,3.655,,1
S313427151,Red-crested Cardinal,Paroaria coronata,34630,1,US-HI,Kauai,L1186213,Poʻipū Beach Park,21.87229,-159.4540122,2026-03-26,11:24 AM,eBird - Traveling Count,17,1,.791,,1
S314850063,Saffron Finch,Sicalis flaveola,35477,2,US-HI,Kauai,L1186213,Poʻipū Beach Park,21.87229,-159.4540122,2026-03-30,07:30 AM,eBird - Traveling Count,45,1,1.61,,1
S159175691,Bananaquit,Coereba flaveola,35644,X,MX-ROO,Cozumel,L52344353,Playa Embarcadero Cozumel,20.5122933,-86.9489744,2023-11-23,,Historical,,1
S216534367,Bananaquit,Coereba flaveola,35644,X,AG-,,L3680262,Antigua and Barbuda,17.2705798,-61.7982655,2025-02-28,,Historical,,1
S216534184,Bananaquit,Coereba flaveola,35644,X,DM-,,L3821759,Dominica,15.4345023,-61.3499744,2025-02-27,,Historical,,1
S216533729,Bananaquit,Coereba flaveola,35644,X,BL-,,L3710693,Saint Barthélemy,17.9063433,-62.8337387,2025-02-22,,Historical,,1
S214854032,Bananaquit,Coereba flaveola,35644,X,BL-,,L3710693,Saint Barthélemy,17.9063433,-62.8337387,2025-02-22,01:15 PM,eBird - Traveling Count,60,1,1.609,,1
S216533845,Bananaquit,Coereba flaveola,35644,X,LC-,,L3758725,Saint Lucia,13.8983327,-60.9667625,2025-02-23,,Historical,,1
S216533924,Bananaquit (St. Vincent and Grenada),Coereba flaveola aterrima/atrata,35664,X,GD-,,L3914441,Grenada,12.153302,-61.6586826,2025-02-24,,Historical,,1
S159175691,Yellow-faced Grassquit,Tiaris olivaceus,35692,X,MX-ROO,Cozumel,L52344353,Playa Embarcadero Cozumel,20.5122933,-86.9489744,2023-11-23,,Historical,,1
S216534184,Lesser Antillean Bullfinch,Loxigilla noctis,35711,X,DM-,,L3821759,Dominica,15.4345023,-61.3499744,2025-02-27,,Historical,,1
S216533729,Lesser Antillean Bullfinch,Loxigilla noctis,35711,X,BL-,,L3710693,Saint Barthélemy,17.9063433,-62.8337387,2025-02-22,,Historical,,1
S214854032,Lesser Antillean Bullfinch,Loxigilla noctis,35711,X,BL-,,L3710693,Saint Barthélemy,17.9063433,-62.8337387,2025-02-22,01:15 PM,eBird - Traveling Count,60,1,1.609,,1
S216533845,Lesser Antillean Bullfinch,Loxigilla noctis,35711,X,LC-,,L3758725,Saint Lucia,13.8983327,-60.9667625,2025-02-23,,Historical,,1
S216534367,Black-faced Grassquit,Melanospiza bicolor,35722,X,AG-,,L3680262,Antigua and Barbuda,17.2705798,-61.7982655,2025-02-28,,Historical,,1
