ML Catalog Number,Format,Common Name,Scientific Name,Background Species,Caption,Recordist,Date,Year,Month,Day,Time,Country,Country-State-County,State,County,Locality,Latitude,Longitude,Age/Sex,Behaviors,Playback,Captive,Collected,Specimen ID,Home Archive Catalog Number,Recorder,Microphone,Accessory,Partner Institution,eBird Checklist ID,Unconfirmed,Air Temp(°C),Water Temp(°C),Media notes,Observation Details,Parent Species,eBird Species Code,Taxon Category,Taxonomic Sort,Recordist 2,Average Community Rating,Number of Ratings,Asset Tags,Original Image Height,Original Image Width
662621240,Photo,Dark-eyed Junco,Junco hyemalis,,,Alison Gale,2026-08-07,2026,8,7,932,United States,US-WA-033,Washington,King,Frager Rd. (north),47.4188830,-122.2678757,"",,Unspecified,false,false,,,,,,,S380906489,"",,,,,Junco hyemalis,daejun,Species,33124,,.00,0,,2523,3784
662621237,Photo,American Goldfinch,Spinus tristis,,,Alison Gale,2026-08-07,2026,8,7,932,United States,US-WA-033,Washington,King,Frager Rd. (north),47.4188830,-122.2678757,"",,Unspecified,false,false,,,,,,,S380906489,"",,,,,Spinus tristis,amegfi,Species,32617,,.00,0,,1911,2867
662621238,Photo,American Goldfinch,Spinus tristis,,,Alison Gale,2026-08-07,2026,8,7,932,United States,US-WA-033,Washington,King,Frager Rd. (north),47.4188830,-122.2678757,"",,Unspecified,false,false,,,,,,,S380906489,"",,,,,Spinus tristis,amegfi,Species,32617,,.00,0,,1875,2813
662621239,Photo,American Goldfinch,Spinus tristis,,,Alison Gale,2026-08-07,2026,8,7,932,United States,US-WA-033,Washington,King,Frager Rd. (north),47.4188830,-122.2678757,"",,Unspecified,false,false,,,,,,,S380906489,"",,,,,Spinus tristis,amegfi,Species,32617,,.00,0,,1941,2912
662621227,Photo,American Kestrel,Falco sparverius,,,Alison Gale,2026-08-07,2026,8,7,932,United States,US-WA-033,Washington,King,Frager Rd. (north),47.4188830,-122.2678757,"",,Unspecified,false,false,,,,,,,S380906489,"",,,,,Falco sparverius,amekes,Species,12028,,.00,0,,1937,2906
662621228,Photo,American Kestrel,Falco sparverius,,,Alison Gale,2026-08-07,2026,8,7,932,United States,US-WA-033,Washington,King,Frager Rd. (north),47.4188830,-122.2678757,"",,Unspecified,false,false,,,,,,,S380906489,"",,,,,Falco sparverius,amekes,Species,12028,,.00,0,,1757,2636
662621216,Photo,"Anna's Hummingbird",Calypte anna,,,Alison Gale,2026-08-07,2026,8,7,932,United States,US-WA-033,Washington,King,Frager Rd. (north),47.4188830,-122.2678757,"",,Unspecified,false,false,,,,,,,S380906489,"",,,,,Calypte anna,annhum,Species,4814,,.00,0,,1965,2947
662621212,Photo,Pied-billed Grebe,Podilymbus podiceps,,,Alison Gale,2026-08-07,2026,8,7,932,United States,US-WA-033,Washington,King,Frager Rd. (north),47.4188830,-122.2678757,"",,Unspecified,false,false,,,,,,,S380906489,"",,,,,Podilymbus podiceps,pibgre,Species,6855,,.00,0,,1947,2921
662621211,Photo,Pied-billed Grebe,Podilymbus podiceps,,,Alison Gale,2026-08-07,2026,8,7,932,United States,US-WA-033,Washington,King,Frager Rd. (north),47.4188830,-122.2678757,"",,Unspecified,false,false,,,,,,,S380906489,"",,,,,Podilymbus podiceps,pibgre,Species,6855,,.00,0,,1496,2244
662621207,Photo,Mallard,Anas platyrhynchos,,,Alison Gale,2026-08-07,2026,8,7,932,United States,US-WA-033,Washington,King,Frager Rd. (north),47.4188830,-122.2678757,"",,Unspecified,false,false,,,,,,,S380906489,"",,,,,Anas platyrhynchos,mallar3,Species,545,,.00,0,,2422,3633
662621204,Photo,Wood Duck,Aix sponsa,,,Alison Gale,2026-08-07,2026,8,7,932,United States,US-WA-033,Washington,King,Frager Rd. (north),47.4188830,-122.2678757,"",,Unspecified,false,false,,,,,,,S380906489,"",,,,,Aix sponsa,wooduc,Species,455,,.00,0,,2713,4069
662526261,Photo,Glaucous-winged Gull,Larus glaucescens,,,Alison Gale,2026-08-05,2026,8,5,1446,United States,US-WA-033,Washington,King,Charles Richey Sr. Viewpoint,47.5726544,-122.4140185,"",,Unspecified,false,false,,,,,,,S380318688,"",,,,,Larus glaucescens,glwgul,Species,6596,,.00,0,,2927,4390
662526259,Photo,Wandering Tattler,Tringa incana,,,Alison Gale,2026-08-05,2026,8,5,1446,United States,US-WA-033,Washington,King,Charles Richey Sr. Viewpoint,47.5726544,-122.4140185,"",,Unspecified,false,false,,,,,,,S380318688,"",,,,Large gray shorebird by the jetty. Will add photos,Tringa incana,wantat1,Species,6134,,.00,0,,2232,3348
662526255,Photo,Least Sandpiper,Calidris minutilla,,,Alison Gale,2026-08-05,2026,8,5,1446,United States,US-WA-033,Washington,King,Charles Richey Sr. Viewpoint,47.5726544,-122.4140185,"",,Unspecified,false,false,,,,,,,S380318688,"",,,,,Calidris minutilla,leasan,Species,6226,,.00,0,,2349,3523
662526254,Photo,Least Sandpiper,Calidris minutilla,,,Alison Gale,2026-08-05,2026,8,5,1446,United States,US-WA-033,Washington,King,Charles Richey Sr. Viewpoint,47.5726544,-122.4140185,"",,Unspecified,false,false,,,,,,,S380318688,"",,,,,Calidris minutilla,leasan,Species,6226,,.00,0,,2142,3213
662526250,Photo,Killdeer,Charadrius vociferus,,,Alison Gale,2026-08-05,2026,8,5,1446,United States,US-WA-033,Washington,King,Charles Richey Sr. Viewpoint,47.5726544,-122.4140185,"",,Unspecified,false,false,,,,,,,S380318688,"",,,,,Charadrius vociferus,killde,Species,5827,,.00,0,,2279,3419
662363419,Photo,Orange-crowned Warbler,Leiothlypis celata,,,Alison Gale,2026-08-02,2026,8,2,725,United States,US-WA-061,Washington,Snohomish,Big Four Ice Caves,48.0651548,-121.5151566,"",,Unspecified,false,false,,,,,,,S379333332,"",,,,,Leiothlypis celata,orcwar,Species,33973,,5.00,1,,1896,2844
662363381,Photo,"Townsend's Warbler",Setophaga townsendi,,,Alison Gale,2026-08-02,2026,8,2,725,United States,US-WA-061,Washington,Snohomish,Big Four Ice Caves,48.0651548,-121.5151566,"",,Unspecified,false,false,,,,,,,S379333332,"",,,,,Setophaga townsendi,towwar,Species,34206,,5.00,5,,2201,3301
662363380,Photo,"Townsend's Warbler",Setophaga townsendi,,,Alison Gale,2026-08-02,2026,8,2,725,United States,US-WA-061,Washington,Snohomish,Big Four Ice Caves,48.0651548,-121.5151566,"",,Unspecified,false,false,,,,,,,S379333332,"",,,,,Setophaga townsendi,towwar,Species,34206,,5.00,2,,2223,3335
662363377,Photo,"Townsend's Warbler",Setophaga townsendi,,,Alison Gale,2026-08-02,2026,8,2,725,United States,US-WA-061,Washington,Snohomish,Big Four Ice Caves,48.0651548,-121.5151566,"",,Unspecified,false,false,,,,,,,S379333332,"",,,,,Setophaga townsendi,towwar,Species,34206,,4.00,1,,2423,1615
662363378,Photo,"Townsend's Warbler",Setophaga townsendi,,,Alison Gale,2026-08-02,2026,8,2,725,United States,US-WA-061,Washington,Snohomish,Big Four Ice Caves,48.0651548,-121.5151566,"",,Unspecified,false,false,,,,,,,S379333332,"",,,,,Setophaga townsendi,towwar,Species,34206,,4.50,2,,1985,2977
662363358,Photo,Common Yellowthroat,Geothlypis trichas,,,Alison Gale,2026-08-02,2026,8,2,725,United States,US-WA-061,Washington,Snohomish,Big Four Ice Caves,48.0651548,-121.5151566,"",,Unspecified,false,false,,,,,,,S379333332,"",,,,,Geothlypis trichas,comyel,Species,34028,,5.00,1,,1717,2575
662363351,Photo,Red-winged Blackbird,Agelaius phoeniceus,,,Alison Gale,2026-08-02,2026,8,2,725,United States,US-WA-061,Washington,Snohomish,Big Four Ice Caves,48.0651548,-121.5151566,"",,Unspecified,false,false,,,,,,,S379333332,"",,,,,Agelaius phoeniceus,rewbla,Species,33779,,4.00,1,,2879,4318
662363344,Photo,House Finch,Haemorhous mexicanus,,,Alison Gale,2026-08-02,2026,8,2,725,United States,US-WA-061,Washington,Snohomish,Big Four Ice Caves,48.0651548,-121.5151566,"",,Unspecified,false,false,,,,,,,S379333332,"",,,,,Haemorhous mexicanus,houfin,Species,32310,,4.50,2,,2258,3387
662363343,Photo,House Finch,Haemorhous mexicanus,,,Alison Gale,2026-08-02,2026,8,2,725,United States,US-WA-061,Washington,Snohomish,Big Four Ice Caves,48.0651548,-121.5151566,"",,Unspecified,false,false,,,,,,,S379333332,"",,,,,Haemorhous mexicanus,houfin,Species,32310,,4.00,1,,2050,3075
662363337,Photo,Cedar Waxwing,Bombycilla cedrorum,,,Alison Gale,2026-08-02,2026,8,2,725,United States,US-WA-061,Washington,Snohomish,Big Four Ice Caves,48.0651548,-121.5151566,"",,Unspecified,false,false,,,,,,,S379333332,"",,,,,Bombycilla cedrorum,cedwax,Species,29888,,4.00,1,,1797,2695
662363331,Photo,American Robin,Turdus migratorius,,,Alison Gale,2026-08-02,2026,8,2,725,United States,US-WA-061,Washington,Snohomish,Big Four Ice Caves,48.0651548,-121.5151566,"",,Unspecified,false,false,,,,,,,S379333332,"",,,,,Turdus migratorius,amerob,Species,28633,,4.00,1,,2559,3839
662363332,Photo,American Robin,Turdus migratorius,,,Alison Gale,2026-08-02,2026,8,2,725,United States,US-WA-061,Washington,Snohomish,Big Four Ice Caves,48.0651548,-121.5151566,"",,Unspecified,false,false,,,,,,,S379333332,"",,,,,Turdus migratorius,amerob,Species,28633,,4.00,1,,2765,4147
662363326,Photo,Tree Swallow,Tachycineta bicolor,,,Alison Gale,2026-08-02,2026,8,2,725,United States,US-WA-061,Washington,Snohomish,Big Four Ice Caves,48.0651548,-121.5151566,"",,Unspecified,false,false,,,,,,,S379333332,"",,,,,Tachycineta bicolor,treswa,Species,24064,,5.00,1,,2747,4121
662363325,Photo,Tree Swallow,Tachycineta bicolor,,,Alison Gale,2026-08-02,2026,8,2,725,United States,US-WA-061,Washington,Snohomish,Big Four Ice Caves,48.0651548,-121.5151566,"",,Unspecified,false,false,,,,,,,S379333332,"",,,,,Tachycineta bicolor,treswa,Species,24064,,5.00,1,,2001,3002
662363324,Photo,Tree Swallow,Tachycineta bicolor,,,Alison Gale,2026-08-02,2026,8,2,725,United States,US-WA-061,Washington,Snohomish,Big Four Ice Caves,48.0651548,-121.5151566,"",,Unspecified,false,false,,,,,,,S379333332,"",,,,,Tachycineta bicolor,treswa,Species,24064,,4.00,1,,1865,2797
662363313,Photo,Western Wood-Pewee,Contopus sordidulus,,,Alison Gale,2026-08-02,2026,8,2,725,United States,US-WA-061,Washington,Snohomish,Big Four Ice Caves,48.0651548,-121.5151566,"",,Unspecified,false,false,,,,,,,S379333332,"",,,,,Contopus sordidulus,wewpew,Species,16912,,3.00,1,,1643,2464
662363311,Photo,Hairy Woodpecker,Leuconotopicus villosus,,,Alison Gale,2026-08-02,2026,8,2,725,United States,US-WA-061,Washington,Snohomish,Big Four Ice Caves,48.0651548,-121.5151566,"",,Unspecified,false,false,,,,,,,S379333332,"",,,,,Leuconotopicus villosus,haiwoo,Species,11427,,4.00,1,,2144,3216
662363307,Photo,Rufous Hummingbird,Selasphorus rufus,,,Alison Gale,2026-08-02,2026,8,2,725,United States,US-WA-061,Washington,Snohomish,Big Four Ice Caves,48.0651548,-121.5151566,"",,Unspecified,false,false,,,,,,,S379333332,"",,,,,Selasphorus rufus,rufhum,Species,4826,,5.00,2,,2221,3331
662363306,Photo,Rufous Hummingbird,Selasphorus rufus,,,Alison Gale,2026-08-02,2026,8,2,725,United States,US-WA-061,Washington,Snohomish,Big Four Ice Caves,48.0651548,-121.5151566,"",,Unspecified,false,false,,,,,,,S379333332,"",,,,,Selasphorus rufus,rufhum,Species,4826,,5.00,1,,2349,3523
662363299,Photo,Band-tailed Pigeon,Patagioenas fasciata,,,Alison Gale,2026-08-02,2026,8,2,725,United States,US-WA-061,Washington,Snohomish,Big Four Ice Caves,48.0651548,-121.5151566,"",,Unspecified,false,false,,,,,,,S379333332,"",,,,,Patagioenas fasciata,batpig1,Species,1966,,3.00,1,,1779,2669
662359436,Photo,Brown-headed Cowbird,Molothrus ater,,,Alison Gale,2026-08-02,2026,8,2,1458,United States,US-WA-061,Washington,Snohomish,Edmonds Marina,47.8079405,-122.3924276,"",,Unspecified,false,false,,,,,,,S379365619,"",,,,,Molothrus ater,bnhcow,Species,33833,,4.00,1,,3545,5317
662359430,Photo,"Heermann's Gull",Larus heermanni,,,Alison Gale,2026-08-02,2026,8,2,1458,United States,US-WA-061,Washington,Snohomish,Edmonds Marina,47.8079405,-122.3924276,"",,Unspecified,false,false,,,,,,,S379365619,"",,,,,Larus heermanni,heegul,Species,6512,,5.00,1,,1691,2537
662359429,Photo,"Heermann's Gull",Larus heermanni,,,Alison Gale,2026-08-02,2026,8,2,1458,United States,US-WA-061,Washington,Snohomish,Edmonds Marina,47.8079405,-122.3924276,"",,Unspecified,false,false,,,,,,,S379365619,"",,,,,Larus heermanni,heegul,Species,6512,,4.00,1,,1743,2614
662359427,Photo,Rock Pigeon (Feral Pigeon),Columba livia (Feral Pigeon),,,Alison Gale,2026-08-02,2026,8,2,1458,United States,US-WA-061,Washington,Snohomish,Edmonds Marina,47.8079405,-122.3924276,"",,Unspecified,false,false,,,,,,,S379365619,"",,,,,Columba livia,rocpig1,Domestic,1868,,5.00,1,,3408,5112
662145476,Photo,Common Yellowthroat,Geothlypis trichas,,,Alison Gale,2026-07-26,2026,7,26,1923,United States,US-WA-061,Washington,Snohomish,Stanwood Water Treatment Plant,48.2377017,-122.3611822,"",,Unspecified,false,false,,,,,,,S376877165,"",,,,,Geothlypis trichas,comyel,Species,34028,,4.00,1,,2059,3089
662145463,Photo,Long-billed Dowitcher,Limnodromus scolopaceus,,,Alison Gale,2026-07-26,2026,7,26,1923,United States,US-WA-061,Washington,Snohomish,Stanwood Water Treatment Plant,48.2377017,-122.3611822,"",,Unspecified,false,false,,,,,,,S376877165,"",,,,,Limnodromus scolopaceus,lobdow,Species,6061,,5.00,1,,2435,3653
662145464,Photo,Long-billed Dowitcher,Limnodromus scolopaceus,,,Alison Gale,2026-07-26,2026,7,26,1923,United States,US-WA-061,Washington,Snohomish,Stanwood Water Treatment Plant,48.2377017,-122.3611822,"",,Unspecified,false,false,,,,,,,S376877165,"",,,,,Limnodromus scolopaceus,lobdow,Species,6061,,4.00,1,,2690,4035
661835303,Photo,Red-winged Blackbird,Agelaius phoeniceus,,,Alison Gale,2026-07-23,2026,7,23,1441,United States,US-WA-061,Washington,Snohomish,Stanwood Water Treatment Plant,48.2377017,-122.3611822,"",,Unspecified,false,false,,,,,,,S375605391,"",,,,,Agelaius phoeniceus,rewbla,Species,33779,,3.50,2,,3545,5317
661835278,Photo,"Brewer's Blackbird",Euphagus cyanocephalus,,,Alison Gale,2026-07-23,2026,7,23,1441,United States,US-WA-061,Washington,Snohomish,Stanwood Water Treatment Plant,48.2377017,-122.3611822,"",,Unspecified,false,false,,,,,,,S375605391,"",,,,,Euphagus cyanocephalus,brebla,Species,33851,,5.00,2,,3693,5539
661835274,Photo,American Goldfinch,Spinus tristis,,,Alison Gale,2026-07-23,2026,7,23,1441,United States,US-WA-061,Washington,Snohomish,Stanwood Water Treatment Plant,48.2377017,-122.3611822,"",,Unspecified,false,false,,,,,,,S375605391,"",,,,,Spinus tristis,amegfi,Species,32617,,5.00,2,,1768,2652
661835275,Photo,American Goldfinch,Spinus tristis,,,Alison Gale,2026-07-23,2026,7,23,1441,United States,US-WA-061,Washington,Snohomish,Stanwood Water Treatment Plant,48.2377017,-122.3611822,"",,Unspecified,false,false,,,,,,,S375605391,"",,,,,Spinus tristis,amegfi,Species,32617,,5.00,1,,1837,2755
661835276,Photo,American Goldfinch,Spinus tristis,,,Alison Gale,2026-07-23,2026,7,23,1441,United States,US-WA-061,Washington,Snohomish,Stanwood Water Treatment Plant,48.2377017,-122.3611822,"",,Unspecified,false,false,,,,,,,S375605391,"",,,,,Spinus tristis,amegfi,Species,32617,,5.00,1,,1774,2661
661835272,Photo,House Finch,Haemorhous mexicanus,,,Alison Gale,2026-07-23,2026,7,23,1441,United States,US-WA-061,Washington,Snohomish,Stanwood Water Treatment Plant,48.2377017,-122.3611822,"",,Unspecified,false,false,,,,,,,S375605391,"",,,,,Haemorhous mexicanus,houfin,Species,32310,,5.00,2,,2093,3139
661835260,Photo,Cedar Waxwing,Bombycilla cedrorum,,,Alison Gale,2026-07-23,2026,7,23,1441,United States,US-WA-061,Washington,Snohomish,Stanwood Water Treatment Plant,48.2377017,-122.3611822,"",,Unspecified,false,false,,,,,,,S375605391,"",,,,,Bombycilla cedrorum,cedwax,Species,29888,,5.00,1,,1945,2917
661835261,Photo,Cedar Waxwing,Bombycilla cedrorum,,,Alison Gale,2026-07-23,2026,7,23,1441,United States,US-WA-061,Washington,Snohomish,Stanwood Water Treatment Plant,48.2377017,-122.3611822,"",,Unspecified,false,false,,,,,,,S375605391,"",,,,,Bombycilla cedrorum,cedwax,Species,29888,,5.00,1,,1862,2793
661835253,Photo,Tree Swallow,Tachycineta bicolor,,,Alison Gale,2026-07-23,2026,7,23,1441,United States,US-WA-061,Washington,Snohomish,Stanwood Water Treatment Plant,48.2377017,-122.3611822,"",,Unspecified,false,false,,,,,,,S375605391,"",,,,,Tachycineta bicolor,treswa,Species,24064,,4.50,2,,1779,2669
661835252,Photo,Northern Harrier,Circus hudsonius,,,Alison Gale,2026-07-23,2026,7,23,1441,United States,US-WA-061,Washington,Snohomish,Stanwood Water Treatment Plant,48.2377017,-122.3611822,"",,Unspecified,false,false,,,,,,,S375605391,"",,,,,Circus hudsonius,norhar2,Species,8324,,4.00,1,,1882,2823
661835236,Photo,Spotted Sandpiper,Actitis macularius,,,Alison Gale,2026-07-23,2026,7,23,1441,United States,US-WA-061,Washington,Snohomish,Stanwood Water Treatment Plant,48.2377017,-122.3611822,"",,Unspecified,false,false,,,,,,,S375605391,"",,,,,Actitis macularius,sposan,Species,6126,,4.50,2,,1654,2481
661835235,Photo,Spotted Sandpiper,Actitis macularius,,,Alison Gale,2026-07-23,2026,7,23,1441,United States,US-WA-061,Washington,Snohomish,Stanwood Water Treatment Plant,48.2377017,-122.3611822,"",,Unspecified,false,false,,,,,,,S375605391,"",,,,,Actitis macularius,sposan,Species,6126,,5.00,1,,1882,2823
661835230,Photo,Virginia Rail,Rallus limicola,,,Alison Gale,2026-07-23,2026,7,23,1441,United States,US-WA-061,Washington,Snohomish,Stanwood Water Treatment Plant,48.2377017,-122.3611822,"",,Unspecified,false,false,,,,,,,S375605391,"",,,,,Rallus limicola,virrai,Species,5297,,5.00,1,,1700,2550
661835233,Photo,Virginia Rail,Rallus limicola,,,Alison Gale,2026-07-23,2026,7,23,1441,United States,US-WA-061,Washington,Snohomish,Stanwood Water Treatment Plant,48.2377017,-122.3611822,"",,Unspecified,false,false,,,,,,,S375605391,"",,,,,Rallus limicola,virrai,Species,5297,,5.00,1,,2007,3011
661835231,Photo,Virginia Rail,Rallus limicola,,,Alison Gale,2026-07-23,2026,7,23,1441,United States,US-WA-061,Washington,Snohomish,Stanwood Water Treatment Plant,48.2377017,-122.3611822,"",,Unspecified,false,false,,,,,,,S375605391,"",,,,,Rallus limicola,virrai,Species,5297,,5.00,1,,1768,2652
661835232,Photo,Virginia Rail,Rallus limicola,,,Alison Gale,2026-07-23,2026,7,23,1441,United States,US-WA-061,Washington,Snohomish,Stanwood Water Treatment Plant,48.2377017,-122.3611822,"",,Unspecified,false,false,,,,,,,S375605391,"",,,,,Rallus limicola,virrai,Species,5297,,5.00,1,,1683,2524
661835229,Photo,Mallard,Anas platyrhynchos,,,Alison Gale,2026-07-23,2026,7,23,1441,United States,US-WA-061,Washington,Snohomish,Stanwood Water Treatment Plant,48.2377017,-122.3611822,"",,Unspecified,false,false,,,,,,,S375605391,"",,,,,Anas platyrhynchos,mallar3,Species,545,,4.00,1,,2884,4326
661662259,Photo,House Finch,Haemorhous mexicanus,,,Alison Gale,2026-07-20,2026,7,20,531,United States,US-WA-033,Washington,King,Union Bay Natural Area/Montlake Fill,47.6542400,-122.2913700,"",,Unspecified,false,false,,,,,,,S374368808,"",,,,,Haemorhous mexicanus,houfin,Species,32310,,3.00,1,,1698,2547
661662260,Photo,House Finch,Haemorhous mexicanus,,,Alison Gale,2026-07-20,2026,7,20,531,United States,US-WA-033,Washington,King,Union Bay Natural Area/Montlake Fill,47.6542400,-122.2913700,"",,Unspecified,false,false,,,,,,,S374368808,"",,,,,Haemorhous mexicanus,houfin,Species,32310,,4.00,1,,1523,2284
661662244,Photo,White-crowned Sparrow,Zonotrichia leucophrys,,,Alison Gale,2026-07-20,2026,7,20,531,United States,US-WA-033,Washington,King,Union Bay Natural Area/Montlake Fill,47.6542400,-122.2913700,"",,Unspecified,false,false,,,,,,,S374368808,"",,,,,Zonotrichia leucophrys,whcspa,Species,33187,,5.00,1,,2033,3049
661662245,Photo,White-crowned Sparrow,Zonotrichia leucophrys,,,Alison Gale,2026-07-20,2026,7,20,531,United States,US-WA-033,Washington,King,Union Bay Natural Area/Montlake Fill,47.6542400,-122.2913700,"",,Unspecified,false,false,,,,,,,S374368808,"",,,,,Zonotrichia leucophrys,whcspa,Species,33187,,5.00,1,,1939,2908
661662243,Photo,American Robin,Turdus migratorius,,,Alison Gale,2026-07-20,2026,7,20,531,United States,US-WA-033,Washington,King,Union Bay Natural Area/Montlake Fill,47.6542400,-122.2913700,"",,Unspecified,false,false,,,,,,,S374368808,"",,,,,Turdus migratorius,amerob,Species,28633,,3.50,2,,2032,3048
661662240,Photo,Tree Swallow,Tachycineta bicolor,,,Alison Gale,2026-07-20,2026,7,20,531,United States,US-WA-033,Washington,King,Union Bay Natural Area/Montlake Fill,47.6542400,-122.2913700,"",,Unspecified,false,false,,,,,,,S374368808,"",,,,,Tachycineta bicolor,treswa,Species,24064,,5.00,1,,1956,2934
661662238,Photo,Tree Swallow,Tachycineta bicolor,,,Alison Gale,2026-07-20,2026,7,20,531,United States,US-WA-033,Washington,King,Union Bay Natural Area/Montlake Fill,47.6542400,-122.2913700,"",,Unspecified,false,false,,,,,,,S374368808,"",,,,,Tachycineta bicolor,treswa,Species,24064,,4.00,1,,1618,2427
661662239,Photo,Tree Swallow,Tachycineta bicolor,,,Alison Gale,2026-07-20,2026,7,20,531,United States,US-WA-033,Washington,King,Union Bay Natural Area/Montlake Fill,47.6542400,-122.2913700,"",,Unspecified,false,false,,,,,,,S374368808,"",,,,,Tachycineta bicolor,treswa,Species,24064,,5.00,1,,1666,2499
661662237,Photo,Tree Swallow,Tachycineta bicolor,,,Alison Gale,2026-07-20,2026,7,20,531,United States,US-WA-033,Washington,King,Union Bay Natural Area/Montlake Fill,47.6542400,-122.2913700,"",,Unspecified,false,false,,,,,,,S374368808,"",,,,,Tachycineta bicolor,treswa,Species,24064,,4.00,1,,1598,2397
661662228,Photo,Northern Flicker,Colaptes auratus,,,Alison Gale,2026-07-20,2026,7,20,531,United States,US-WA-033,Washington,King,Union Bay Natural Area/Montlake Fill,47.6542400,-122.2913700,"",,Unspecified,false,false,,,,,,,S374368808,"",,,,,Colaptes auratus,norfli,Species,11900,,4.50,2,,1666,2499
661662225,Photo,Downy Woodpecker,Dryobates pubescens,,,Alison Gale,2026-07-20,2026,7,20,531,United States,US-WA-033,Washington,King,Union Bay Natural Area/Montlake Fill,47.6542400,-122.2913700,"",,Unspecified,false,false,,,,,,,S374368808,"",,,,,Dryobates pubescens,dowwoo,Species,11400,,5.00,2,,1651,2476
661662223,Photo,Bald Eagle,Haliaeetus leucocephalus,,,Alison Gale,2026-07-20,2026,7,20,531,United States,US-WA-033,Washington,King,Union Bay Natural Area/Montlake Fill,47.6542400,-122.2913700,"",,Unspecified,false,false,,,,,,,S374368808,"",,,,,Haliaeetus leucocephalus,baleag,Species,8367,,4.00,1,,4069,6103
661662221,Photo,Osprey,Pandion haliaetus,,,Alison Gale,2026-07-20,2026,7,20,531,United States,US-WA-033,Washington,King,Union Bay Natural Area/Montlake Fill,47.6542400,-122.2913700,"",,Unspecified,false,false,,,,,,,S374368808,"",,,,,Pandion haliaetus,osprey,Species,7832,,4.00,2,,2035,3052
661662222,Photo,Osprey,Pandion haliaetus,,,Alison Gale,2026-07-20,2026,7,20,531,United States,US-WA-033,Washington,King,Union Bay Natural Area/Montlake Fill,47.6542400,-122.2913700,"",,Unspecified,false,false,,,,,,,S374368808,"",,,,,Pandion haliaetus,osprey,Species,7832,,5.00,1,,2549,3823
661254730,Photo,Yellow-rumped Warbler,Setophaga coronata,,,Alison Gale,2026-07-12,2026,7,12,730,United States,US-WA-061,Washington,Snohomish,Riverview Wildlife Refuge / Snohomish Wastewater Treatment Plant,47.9165434,-122.1100652,"",,Unspecified,false,false,,,,,,,S371256974,"",,,,,Setophaga coronata,yerwar,Species,34159,,3.00,2,,1960,2940
661254728,Photo,Common Yellowthroat,Geothlypis trichas,,,Alison Gale,2026-07-12,2026,7,12,730,United States,US-WA-061,Washington,Snohomish,Riverview Wildlife Refuge / Snohomish Wastewater Treatment Plant,47.9165434,-122.1100652,"",,Unspecified,false,false,,,,,,,S371256974,"",,,,,Geothlypis trichas,comyel,Species,34028,,2.50,2,,1704,2556
661254727,Photo,Common Yellowthroat,Geothlypis trichas,,,Alison Gale,2026-07-12,2026,7,12,730,United States,US-WA-061,Washington,Snohomish,Riverview Wildlife Refuge / Snohomish Wastewater Treatment Plant,47.9165434,-122.1100652,"",,Unspecified,false,false,,,,,,,S371256974,"",,,,,Geothlypis trichas,comyel,Species,34028,,5.00,1,,1745,2618
661254723,Photo,Brown-headed Cowbird,Molothrus ater,,,Alison Gale,2026-07-12,2026,7,12,730,United States,US-WA-061,Washington,Snohomish,Riverview Wildlife Refuge / Snohomish Wastewater Treatment Plant,47.9165434,-122.1100652,"",,Unspecified,false,false,,,,,,,S371256974,"",,,,,Molothrus ater,bnhcow,Species,33833,,5.00,1,,1753,2630
661254716,Photo,Song Sparrow,Melospiza melodia,,,Alison Gale,2026-07-12,2026,7,12,730,United States,US-WA-061,Washington,Snohomish,Riverview Wildlife Refuge / Snohomish Wastewater Treatment Plant,47.9165434,-122.1100652,"",,Unspecified,false,false,,,,,,,S371256974,"",,,,,Melospiza melodia,sonspa,Species,33277,,5.00,1,,2087,3131
661254709,Photo,American Goldfinch,Spinus tristis,,,Alison Gale,2026-07-12,2026,7,12,730,United States,US-WA-061,Washington,Snohomish,Riverview Wildlife Refuge / Snohomish Wastewater Treatment Plant,47.9165434,-122.1100652,"",,Unspecified,false,false,,,,,,,S371256974,"",,,,,Spinus tristis,amegfi,Species,32617,,3.00,2,,1984,2976
661254708,Photo,American Goldfinch,Spinus tristis,,,Alison Gale,2026-07-12,2026,7,12,730,United States,US-WA-061,Washington,Snohomish,Riverview Wildlife Refuge / Snohomish Wastewater Treatment Plant,47.9165434,-122.1100652,"",,Unspecified,false,false,,,,,,,S371256974,"",,,,,Spinus tristis,amegfi,Species,32617,,5.00,1,,1937,2905
661254704,Photo,Cedar Waxwing,Bombycilla cedrorum,,,Alison Gale,2026-07-12,2026,7,12,730,United States,US-WA-061,Washington,Snohomish,Riverview Wildlife Refuge / Snohomish Wastewater Treatment Plant,47.9165434,-122.1100652,"",,Unspecified,false,false,,,,,,,S371256974,"",,,,,Bombycilla cedrorum,cedwax,Species,29888,,5.00,1,,2928,4392
661254703,Photo,Cedar Waxwing,Bombycilla cedrorum,,,Alison Gale,2026-07-12,2026,7,12,730,United States,US-WA-061,Washington,Snohomish,Riverview Wildlife Refuge / Snohomish Wastewater Treatment Plant,47.9165434,-122.1100652,"",,Unspecified,false,false,,,,,,,S371256974,"",,,,,Bombycilla cedrorum,cedwax,Species,29888,,5.00,1,,2310,3465
661254698,Photo,Red-breasted Sapsucker,Sphyrapicus ruber,,,Alison Gale,2026-07-12,2026,7,12,730,United States,US-WA-061,Washington,Snohomish,Riverview Wildlife Refuge / Snohomish Wastewater Treatment Plant,47.9165434,-122.1100652,"",,Unspecified,false,false,,,,,,,S371256974,"",,,,,Sphyrapicus ruber,rebsap,Species,11130,,5.00,1,,1473,2210
661254688,Photo,Great Blue Heron,Ardea herodias,,,Alison Gale,2026-07-12,2026,7,12,730,United States,US-WA-061,Washington,Snohomish,Riverview Wildlife Refuge / Snohomish Wastewater Treatment Plant,47.9165434,-122.1100652,"",,Unspecified,false,false,,,,,,,S371256974,"",,,,,Ardea herodias,grbher3,Species,7753,,5.00,1,,3631,2421
659894591,Photo,Black-bellied Plover,Pluvialis squatarola,,,Alison Gale,2026-06-13,2026,6,13,748,United States,US-CA-001,California,Alameda,Albany State Marine Reserve,37.8893242,-122.3151134,"",,Unspecified,false,false,,,,,,,S356765363,"",,,,,Pluvialis squatarola,bkbplo,Species,5811,,4.00,2,,1698,2547
659894589,Photo,Brown Pelican,Pelecanus occidentalis,,,Alison Gale,2026-06-13,2026,6,13,748,United States,US-CA-001,California,Alameda,Albany State Marine Reserve,37.8893242,-122.3151134,"",,Unspecified,false,false,,,,,,,S356765363,"",,,,,Pelecanus occidentalis,brnpel,Species,7792,,5.00,1,,2679,4019
659894588,Photo,Bushtit,Psaltriparus minimus,,,Alison Gale,2026-06-13,2026,6,13,748,United States,US-CA-001,California,Alameda,Albany State Marine Reserve,37.8893242,-122.3151134,"",,Unspecified,false,false,,,,,,,S356765363,"",,,,,Psaltriparus minimus,bushti,Species,25253,,4.00,3,,2549,3823
659894581,Photo,White-crowned Sparrow,Zonotrichia leucophrys,,,Alison Gale,2026-06-13,2026,6,13,748,United States,US-CA-001,California,Alameda,Albany State Marine Reserve,37.8893242,-122.3151134,"",,Unspecified,false,false,,,,,,,S356765363,"",,,,,Zonotrichia leucophrys,whcspa,Species,33187,,4.00,2,,3467,5200
659894579,Photo,California Towhee,Melozone crissalis,,,Alison Gale,2026-06-13,2026,6,13,748,United States,US-CA-001,California,Alameda,Albany State Marine Reserve,37.8893242,-122.3151134,"",,Unspecified,false,false,,,,,,,S356765363,"",,,,,Melozone crissalis,caltow,Species,33350,,4.00,3,,2393,3589
659894578,Photo,California Towhee,Melozone crissalis,,,Alison Gale,2026-06-13,2026,6,13,748,United States,US-CA-001,California,Alameda,Albany State Marine Reserve,37.8893242,-122.3151134,"",,Unspecified,false,false,,,,,,,S356765363,"",,,,,Melozone crissalis,caltow,Species,33350,,4.00,2,,2175,3262
659894576,Photo,House Finch,Haemorhous mexicanus,,,Alison Gale,2026-06-13,2026,6,13,748,United States,US-CA-001,California,Alameda,Albany State Marine Reserve,37.8893242,-122.3151134,"",,Unspecified,false,false,,,,,,,S356765363,"",,,,,Haemorhous mexicanus,houfin,Species,32310,,3.67,3,,2485,3728
659894575,Photo,House Finch,Haemorhous mexicanus,,,Alison Gale,2026-06-13,2026,6,13,748,United States,US-CA-001,California,Alameda,Albany State Marine Reserve,37.8893242,-122.3151134,"",,Unspecified,false,false,,,,,,,S356765363,"",,,,,Haemorhous mexicanus,houfin,Species,32310,,5.00,1,,2207,3311
659894574,Photo,House Finch,Haemorhous mexicanus,,,Alison Gale,2026-06-13,2026,6,13,748,United States,US-CA-001,California,Alameda,Albany State Marine Reserve,37.8893242,-122.3151134,"",,Unspecified,false,false,,,,,,,S356765363,"",,,,,Haemorhous mexicanus,houfin,Species,32310,,4.33,3,,1929,2893
659894437,Photo,Long-billed Curlew,Numenius americanus,,,Alison Gale,2026-06-13,2026,6,13,748,United States,US-CA-001,California,Alameda,Albany State Marine Reserve,37.8893242,-122.3151134,"",,Unspecified,false,false,,,,,,,S356765363,"",,,,,Numenius americanus,lobcur,Species,6021,,3.67,3,,1579,2368
659894434,Photo,American Avocet,Recurvirostra americana,,,Alison Gale,2026-06-13,2026,6,13,748,United States,US-CA-001,California,Alameda,Albany State Marine Reserve,37.8893242,-122.3151134,"",,Unspecified,false,false,,,,,,,S356765363,"",,,,,Recurvirostra americana,ameavo,Species,5780,,3.67,3,,1817,2726
659894433,Photo,American Avocet,Recurvirostra americana,,,Alison Gale,2026-06-13,2026,6,13,748,United States,US-CA-001,California,Alameda,Albany State Marine Reserve,37.8893242,-122.3151134,"",,Unspecified,false,false,,,,,,,S356765363,"",,,,,Recurvirostra americana,ameavo,Species,5780,,4.00,3,,1658,2487
659894403,Photo,Black-crowned Night Heron,Nycticorax nycticorax,,,Alison Gale,2026-06-12,2026,6,12,705,United States,US-CA-001,California,Alameda,Cesar Chavez Park,37.8709227,-122.3150389,"",,Unspecified,false,false,,,,,,,S356230112,"",,,,,Nycticorax nycticorax,bcnher,Species,7600,,4.00,2,,3145,4718
659894404,Photo,House Finch,Haemorhous mexicanus,,,Alison Gale,2026-06-12,2026,6,12,705,United States,US-CA-001,California,Alameda,Cesar Chavez Park,37.8709227,-122.3150389,"",,Unspecified,false,false,,,,,,,S356230112,"",,,,,Haemorhous mexicanus,houfin,Species,32310,,5.00,1,,2032,3048
659894402,Photo,Black-crowned Night Heron,Nycticorax nycticorax,,,Alison Gale,2026-06-12,2026,6,12,705,United States,US-CA-001,California,Alameda,Cesar Chavez Park,37.8709227,-122.3150389,"",,Unspecified,false,false,,,,,,,S356230112,"",,,,,Nycticorax nycticorax,bcnher,Species,7600,,5.00,1,,3845,2563
659894397,Photo,Black Phoebe,Sayornis nigricans,,,Alison Gale,2026-06-12,2026,6,12,705,United States,US-CA-001,California,Alameda,Cesar Chavez Park,37.8709227,-122.3150389,"",,Unspecified,false,false,,,,,,,S356230112,"",,,,,Sayornis nigricans,blkpho,Species,16998,,4.50,2,,2239,3358
659894398,Photo,European Starling,Sturnus vulgaris,,,Alison Gale,2026-06-12,2026,6,12,705,United States,US-CA-001,California,Alameda,Cesar Chavez Park,37.8709227,-122.3150389,"",,Unspecified,false,false,,,,,,,S356230112,"",,,,,Sturnus vulgaris,eursta,Species,27813,,4.00,2,,2059,3089
659894387,Photo,"Anna's Hummingbird",Calypte anna,,,Alison Gale,2026-06-12,2026,6,12,705,United States,US-CA-001,California,Alameda,Cesar Chavez Park,37.8709227,-122.3150389,"",,Unspecified,false,false,,,,,,,S356230112,"",,,,,Calypte anna,annhum,Species,4814,,4.50,2,,2579,3868
659894396,Photo,Black Phoebe,Sayornis nigricans,,,Alison Gale,2026-06-12,2026,6,12,705,United States,US-CA-001,California,Alameda,Cesar Chavez Park,37.8709227,-122.3150389,"",,Unspecified,false,false,,,,,,,S356230112,"",,,,,Sayornis nigricans,blkpho,Species,16998,,5.00,1,,2006,3009
659365756,Photo,Belted Kingfisher,Megaceryle alcyon,,,Alison Gale,2026-05-30,2026,5,30,1500,United States,US-WA-031,Washington,Jefferson,Point Hudson,48.1178610,-122.7494931,"",,Unspecified,false,false,,,,,,,S354811374,"",,,,,Megaceryle alcyon,belkin1,Species,10306,,5.00,2,,2302,3453
659365755,Photo,Belted Kingfisher,Megaceryle alcyon,,,Alison Gale,2026-05-30,2026,5,30,1500,United States,US-WA-031,Washington,Jefferson,Point Hudson,48.1178610,-122.7494931,"",,Unspecified,false,false,,,,,,,S354811374,"",,,,,Megaceryle alcyon,belkin1,Species,10306,,4.50,2,,1805,2707
659365752,Photo,Belted Kingfisher,Megaceryle alcyon,,,Alison Gale,2026-05-30,2026,5,30,1500,United States,US-WA-031,Washington,Jefferson,Point Hudson,48.1178610,-122.7494931,"",,Unspecified,false,false,,,,,,,S354811374,"",,,,,Megaceryle alcyon,belkin1,Species,10306,,4.00,2,,1699,2548
659365754,Photo,Belted Kingfisher,Megaceryle alcyon,,,Alison Gale,2026-05-30,2026,5,30,1500,United States,US-WA-031,Washington,Jefferson,Point Hudson,48.1178610,-122.7494931,"",,Unspecified,false,false,,,,,,,S354811374,"",,,,,Megaceryle alcyon,belkin1,Species,10306,,5.00,2,,2374,1583
659365753,Photo,Belted Kingfisher,Megaceryle alcyon,,,Alison Gale,2026-05-30,2026,5,30,1500,United States,US-WA-031,Washington,Jefferson,Point Hudson,48.1178610,-122.7494931,"",,Unspecified,false,false,,,,,,,S354811374,"",,,,,Megaceryle alcyon,belkin1,Species,10306,,5.00,2,,1571,2356
659365607,Photo,Pacific Loon,Gavia pacifica,,,Alison Gale,2026-05-30,2026,5,30,1600,United States,US-WA-029,Washington,Island,Smith Island,48.3182330,-122.8410187,"",,Unspecified,false,false,,,,,,,S354810704,"",,,,,Gavia pacifica,pacloo,Species,6931,,4.00,1,,1937,2905
659365603,Photo,Brown Pelican,Pelecanus occidentalis,,,Alison Gale,2026-05-30,2026,5,30,1600,United States,US-WA-029,Washington,Island,Smith Island,48.3182330,-122.8410187,"",,Unspecified,false,false,,,,,,,S354810704,"",,,,See photos,Pelecanus occidentalis,brnpel,Species,7792,,5.00,1,,2087,3131
659365588,Photo,Pacific Loon,Gavia pacifica,,,Alison Gale,2026-05-30,2026,5,30,1600,United States,US-WA-029,Washington,Island,Smith Island,48.3182330,-122.8410187,"",,Unspecified,false,false,,,,,,,S354810704,"",,,,,Gavia pacifica,pacloo,Species,6931,,5.00,1,,1753,2630
659365573,Photo,Common Murre,Uria aalge,,,Alison Gale,2026-05-30,2026,5,30,1600,United States,US-WA-029,Washington,Island,Smith Island,48.3182330,-122.8410187,"",,Unspecified,false,false,,,,,,,S354810704,"",,,,,Uria aalge,commur,Species,6424,,4.00,1,,2255,3382
659365556,Photo,Marbled Murrelet,Brachyramphus marmoratus,,,Alison Gale,2026-05-30,2026,5,30,1600,United States,US-WA-029,Washington,Island,Smith Island,48.3182330,-122.8410187,"",,Unspecified,false,false,,,,,,,S354810704,"",,,,,Brachyramphus marmoratus,marmur,Species,6395,,3.50,2,,1897,2845
659365552,Photo,Horned Puffin,Fratercula corniculata,,,Alison Gale,2026-05-30,2026,5,30,1600,United States,US-WA-029,Washington,Island,Smith Island,48.3182330,-122.8410187,"",,Unspecified,false,false,,,,,,,S354810704,"",,,,See photos,Fratercula corniculata,horpuf,Species,6383,,4.00,1,,1833,2750
659365551,Photo,Horned Puffin,Fratercula corniculata,,,Alison Gale,2026-05-30,2026,5,30,1600,United States,US-WA-029,Washington,Island,Smith Island,48.3182330,-122.8410187,"",,Unspecified,false,false,,,,,,,S354810704,"",,,,See photos,Fratercula corniculata,horpuf,Species,6383,,5.00,1,,1841,2761
659365540,Photo,Tufted Puffin,Fratercula cirrhata,,,Alison Gale,2026-05-30,2026,5,30,1600,United States,US-WA-029,Washington,Island,Smith Island,48.3182330,-122.8410187,"",,Unspecified,false,false,,,,,,,S354810704,"",,,,See photos,Fratercula cirrhata,tufpuf,Species,6378,,4.00,2,,1801,2702
659365539,Photo,Tufted Puffin,Fratercula cirrhata,,,Alison Gale,2026-05-30,2026,5,30,1600,United States,US-WA-029,Washington,Island,Smith Island,48.3182330,-122.8410187,"",,Unspecified,false,false,,,,,,,S354810704,"",,,,See photos,Fratercula cirrhata,tufpuf,Species,6378,,5.00,3,,1801,2702
658831950,Photo,White-crowned Sparrow,Zonotrichia leucophrys,,,Alison Gale,2026-05-30,2026,5,30,559,United States,US-WA-031,Washington,Jefferson,Fort Flagler SP - Campground/Beach,48.0938751,-122.7226067,"",,Unspecified,false,false,,,,,,,S349492168,"",,,,,Zonotrichia leucophrys,whcspa,Species,33187,,5.00,1,,3757,5636
658831947,Photo,Northern Rough-winged Swallow,Stelgidopteryx serripennis,,,Alison Gale,2026-05-30,2026,5,30,559,United States,US-WA-031,Washington,Jefferson,Fort Flagler SP - Campground/Beach,48.0938751,-122.7226067,"",,Unspecified,false,false,,,,,,,S349492168,"",,,,,Stelgidopteryx serripennis,nrwswa,Species,24106,,5.00,1,,1825,2738
658831940,Photo,White-crowned Sparrow,Zonotrichia leucophrys,,,Alison Gale,2026-05-30,2026,5,30,559,United States,US-WA-031,Washington,Jefferson,Fort Flagler SP - Campground/Beach,48.0938751,-122.7226067,"",,Unspecified,false,false,,,,,,,S349492168,"",,,,,Zonotrichia leucophrys,whcspa,Species,33187,,5.00,1,,2151,3227
658831939,Photo,White-crowned Sparrow,Zonotrichia leucophrys,,,Alison Gale,2026-05-30,2026,5,30,559,United States,US-WA-031,Washington,Jefferson,Fort Flagler SP - Campground/Beach,48.0938751,-122.7226067,"",,Unspecified,false,false,,,,,,,S349492168,"",,,,,Zonotrichia leucophrys,whcspa,Species,33187,,5.00,1,,1825,2738
658831927,Photo,Violet-green Swallow,Tachycineta thalassina,,,Alison Gale,2026-05-30,2026,5,30,559,United States,US-WA-031,Washington,Jefferson,Fort Flagler SP - Campground/Beach,48.0938751,-122.7226067,"",,Unspecified,false,false,,,,,,,S349492168,"",,,,,Tachycineta thalassina,vigswa,Species,24074,,5.00,2,,2716,4074
658831931,Photo,Great Blue Heron,Ardea herodias,,,Alison Gale,2026-05-30,2026,5,30,559,United States,US-WA-031,Washington,Jefferson,Fort Flagler SP - Campground/Beach,48.0938751,-122.7226067,"",,Unspecified,false,false,,,,,,,S349492168,"",,,,,Ardea herodias,grbher3,Species,7753,,5.00,1,,2533,3799
658831925,Photo,Violet-green Swallow,Tachycineta thalassina,,,Alison Gale,2026-05-30,2026,5,30,559,United States,US-WA-031,Washington,Jefferson,Fort Flagler SP - Campground/Beach,48.0938751,-122.7226067,"",,Unspecified,false,false,,,,,,,S349492168,"",,,,,Tachycineta thalassina,vigswa,Species,24074,,5.00,1,,2263,3394
658831924,Photo,Violet-green Swallow,Tachycineta thalassina,,,Alison Gale,2026-05-30,2026,5,30,559,United States,US-WA-031,Washington,Jefferson,Fort Flagler SP - Campground/Beach,48.0938751,-122.7226067,"",,Unspecified,false,false,,,,,,,S349492168,"",,,,,Tachycineta thalassina,vigswa,Species,24074,,5.00,1,,1984,2976
658831900,Photo,Savannah Sparrow,Passerculus sandwichensis,,,Alison Gale,2026-05-30,2026,5,30,852,United States,US-WA-031,Washington,Jefferson,Fort Flagler SP,48.0960511,-122.7139785,"",,Unspecified,false,false,,,,,,,S349638499,"",,,,,Passerculus sandwichensis,savspa,Species,33244,,5.00,1,,2016,3024
658831882,Photo,White-crowned Sparrow,Zonotrichia leucophrys,,,Alison Gale,2026-05-30,2026,5,30,852,United States,US-WA-031,Washington,Jefferson,Fort Flagler SP,48.0960511,-122.7139785,"",,Unspecified,false,false,,,,,,,S349638499,"",,,,,Zonotrichia leucophrys,whcspa,Species,33187,,5.00,1,,2279,3418
658831867,Photo,Barn Swallow,Hirundo rustica,,,Alison Gale,2026-05-30,2026,5,30,852,United States,US-WA-031,Washington,Jefferson,Fort Flagler SP,48.0960511,-122.7139785,"",,Unspecified,false,false,,,,,,,S349638499,"",,,,,Hirundo rustica,barswa,Species,24187,,4.00,1,,2489,3733
658831863,Photo,Northern Rough-winged Swallow,Stelgidopteryx serripennis,,,Alison Gale,2026-05-30,2026,5,30,852,United States,US-WA-031,Washington,Jefferson,Fort Flagler SP,48.0960511,-122.7139785,"",,Unspecified,false,false,,,,,,,S349638499,"",,,,,Stelgidopteryx serripennis,nrwswa,Species,24106,,5.00,1,,2199,3298
658831831,Photo,Bald Eagle,Haliaeetus leucocephalus,,,Alison Gale,2026-05-30,2026,5,30,852,United States,US-WA-031,Washington,Jefferson,Fort Flagler SP,48.0960511,-122.7139785,"",,Unspecified,false,false,,,,,,,S349638499,"",,,,,Haliaeetus leucocephalus,baleag,Species,8367,,5.00,1,,2637,3955
658831832,Photo,Bald Eagle,Haliaeetus leucocephalus,,,Alison Gale,2026-05-30,2026,5,30,852,United States,US-WA-031,Washington,Jefferson,Fort Flagler SP,48.0960511,-122.7139785,"",,Unspecified,false,false,,,,,,,S349638499,"",,,,,Haliaeetus leucocephalus,baleag,Species,8367,,5.00,1,,2425,3637
658831827,Photo,Glaucous-winged Gull,Larus glaucescens,,,Alison Gale,2026-05-30,2026,5,30,852,United States,US-WA-031,Washington,Jefferson,Fort Flagler SP,48.0960511,-122.7139785,"",,Unspecified,false,false,,,,,,,S349638499,"",,,,,Larus glaucescens,glwgul,Species,6596,,5.00,2,,2907,4360
658831824,Photo,Pigeon Guillemot,Cepphus columba,,,Alison Gale,2026-05-30,2026,5,30,852,United States,US-WA-031,Washington,Jefferson,Fort Flagler SP,48.0960511,-122.7139785,"",,Unspecified,false,false,,,,,,,S349638499,"",,,,,Cepphus columba,piggui,Species,6404,,5.00,1,,2334,3501
658831823,Photo,Pigeon Guillemot,Cepphus columba,,,Alison Gale,2026-05-30,2026,5,30,852,United States,US-WA-031,Washington,Jefferson,Fort Flagler SP,48.0960511,-122.7139785,"",,Unspecified,false,false,,,,,,,S349638499,"",,,,,Cepphus columba,piggui,Species,6404,,5.00,2,,1969,2953
658831812,Photo,Killdeer,Charadrius vociferus,,,Alison Gale,2026-05-30,2026,5,30,852,United States,US-WA-031,Washington,Jefferson,Fort Flagler SP,48.0960511,-122.7139785,"",,Unspecified,false,false,,,,,,,S349638499,"",,,,,Charadrius vociferus,killde,Species,5827,,5.00,1,,1889,2833
658831813,Photo,Killdeer,Charadrius vociferus,,,Alison Gale,2026-05-30,2026,5,30,852,United States,US-WA-031,Washington,Jefferson,Fort Flagler SP,48.0960511,-122.7139785,"",,Unspecified,false,false,,,,,,,S349638499,"",,,,,Charadrius vociferus,killde,Species,5827,,5.00,1,,2171,3256
658831499,Photo,Rock Wren,Salpinctes obsoletus,,,Alison Gale,2026-05-31,2026,5,31,1028,United States,US-WA-035,Washington,Kitsap,Point No Point,47.9118696,-122.5283182,"",,Unspecified,false,false,,,,,,,S350375761,"",,,,"Continuing, south of lighthouse on driftwood",Salpinctes obsoletus,rocwre,Species,27150,,.00,0,,2350,3525
658831497,Photo,Rock Wren,Salpinctes obsoletus,,,Alison Gale,2026-05-31,2026,5,31,1028,United States,US-WA-035,Washington,Kitsap,Point No Point,47.9118696,-122.5283182,"",,Unspecified,false,false,,,,,,,S350375761,"",,,,"Continuing, south of lighthouse on driftwood",Salpinctes obsoletus,rocwre,Species,27150,,4.50,2,,2255,3382
658831496,Photo,Rock Wren,Salpinctes obsoletus,,,Alison Gale,2026-05-31,2026,5,31,1028,United States,US-WA-035,Washington,Kitsap,Point No Point,47.9118696,-122.5283182,"",,Unspecified,false,false,,,,,,,S350375761,"",,,,"Continuing, south of lighthouse on driftwood",Salpinctes obsoletus,rocwre,Species,27150,,.00,0,,2048,3072
658831495,Photo,Rock Wren,Salpinctes obsoletus,,,Alison Gale,2026-05-31,2026,5,31,1028,United States,US-WA-035,Washington,Kitsap,Point No Point,47.9118696,-122.5283182,"",,Unspecified,false,false,,,,,,,S350375761,"",,,,"Continuing, south of lighthouse on driftwood",Salpinctes obsoletus,rocwre,Species,27150,,5.00,1,,1873,2809
658831489,Photo,Osprey,Pandion haliaetus,,,Alison Gale,2026-05-31,2026,5,31,1028,United States,US-WA-035,Washington,Kitsap,Point No Point,47.9118696,-122.5283182,"",,Unspecified,false,false,,,,,,,S350375761,"",,,,,Pandion haliaetus,osprey,Species,7832,,5.00,1,,2446,3669
658831488,Photo,Osprey,Pandion haliaetus,,,Alison Gale,2026-05-31,2026,5,31,1028,United States,US-WA-035,Washington,Kitsap,Point No Point,47.9118696,-122.5283182,"",,Unspecified,false,false,,,,,,,S350375761,"",,,,,Pandion haliaetus,osprey,Species,7832,,5.00,1,,2175,3262
658831478,Photo,Marbled Murrelet,Brachyramphus marmoratus,,,Alison Gale,2026-05-31,2026,5,31,1028,United States,US-WA-035,Washington,Kitsap,Point No Point,47.9118696,-122.5283182,"",,Unspecified,false,false,,,,,,,S350375761,"",,,,,Brachyramphus marmoratus,marmur,Species,6395,,5.00,1,,1897,2845
658541985,Photo,Red-winged Blackbird,Agelaius phoeniceus,,,Alison Gale,2026-05-27,2026,5,27,541,United States,US-WA-033,Washington,King,Union Bay Natural Area/Montlake Fill,47.6542400,-122.2913700,"",,Unspecified,false,false,,,,,,,S347722254,"",,,,,Agelaius phoeniceus,rewbla,Species,33779,,4.25,4,,2724,4086
658541951,Photo,Song Sparrow,Melospiza melodia,,,Alison Gale,2026-05-27,2026,5,27,541,United States,US-WA-033,Washington,King,Union Bay Natural Area/Montlake Fill,47.6542400,-122.2913700,"",,Unspecified,false,false,,,,,,,S347722254,"",,,,,Melospiza melodia,sonspa,Species,33277,,4.00,1,,3288,4932
658541948,Photo,American Goldfinch,Spinus tristis,,,Alison Gale,2026-05-27,2026,5,27,541,United States,US-WA-033,Washington,King,Union Bay Natural Area/Montlake Fill,47.6542400,-122.2913700,"",,Unspecified,false,false,,,,,,,S347722254,"",,,,,Spinus tristis,amegfi,Species,32617,,4.50,2,,2048,3072
658541943,Photo,Cedar Waxwing,Bombycilla cedrorum,,,Alison Gale,2026-05-27,2026,5,27,541,United States,US-WA-033,Washington,King,Union Bay Natural Area/Montlake Fill,47.6542400,-122.2913700,"",,Unspecified,false,false,,,,,,,S347722254,"",,,,,Bombycilla cedrorum,cedwax,Species,29888,,5.00,1,,2493,3740
658541942,Photo,Cedar Waxwing,Bombycilla cedrorum,,,Alison Gale,2026-05-27,2026,5,27,541,United States,US-WA-033,Washington,King,Union Bay Natural Area/Montlake Fill,47.6542400,-122.2913700,"",,Unspecified,false,false,,,,,,,S347722254,"",,,,,Bombycilla cedrorum,cedwax,Species,29888,,5.00,3,,1960,2940
658541932,Photo,European Starling,Sturnus vulgaris,,,Alison Gale,2026-05-27,2026,5,27,541,United States,US-WA-033,Washington,King,Union Bay Natural Area/Montlake Fill,47.6542400,-122.2913700,"",,Unspecified,false,false,,,,,,,S347722254,"",,,,,Sturnus vulgaris,eursta,Species,27813,,4.50,2,,1467,2201
658541928,Photo,"Bewick's Wren",Thryomanes bewickii,,,Alison Gale,2026-05-27,2026,5,27,541,United States,US-WA-033,Washington,King,Union Bay Natural Area/Montlake Fill,47.6542400,-122.2913700,"",,Unspecified,false,false,,,,,,,S347722254,"",,,,,Thryomanes bewickii,bewwre,Species,27362,,4.50,2,,2167,3251
658541902,Photo,Barn Swallow,Hirundo rustica,,,Alison Gale,2026-05-27,2026,5,27,541,United States,US-WA-033,Washington,King,Union Bay Natural Area/Montlake Fill,47.6542400,-122.2913700,"",,Unspecified,false,false,,,,,,,S347722254,"",,,,,Hirundo rustica,barswa,Species,24187,,4.00,1,,2605,3907
658541899,Photo,Purple Martin,Progne subis,,,Alison Gale,2026-05-27,2026,5,27,541,United States,US-WA-033,Washington,King,Union Bay Natural Area/Montlake Fill,47.6542400,-122.2913700,"",,Unspecified,false,false,,,,,,,S347722254,"",,,,,Progne subis,purmar,Species,24081,,4.50,2,,1571,2356
658541900,Photo,Purple Martin,Progne subis,,,Alison Gale,2026-05-27,2026,5,27,541,United States,US-WA-033,Washington,King,Union Bay Natural Area/Montlake Fill,47.6542400,-122.2913700,"",,Unspecified,false,false,,,,,,,S347722254,"",,,,,Progne subis,purmar,Species,24081,,4.00,1,,2736,1824
658541887,Photo,Tree Swallow,Tachycineta bicolor,,,Alison Gale,2026-05-27,2026,5,27,541,United States,US-WA-033,Washington,King,Union Bay Natural Area/Montlake Fill,47.6542400,-122.2913700,"",,Unspecified,false,false,,,,,,,S347722254,"",,,,,Tachycineta bicolor,treswa,Species,24064,,4.00,1,,1745,2618
658541885,Photo,Black-capped Chickadee,Poecile atricapillus,,,Alison Gale,2026-05-27,2026,5,27,541,United States,US-WA-033,Washington,King,Union Bay Natural Area/Montlake Fill,47.6542400,-122.2913700,"",,Unspecified,false,false,,,,,,,S347722254,"",,,,,Poecile atricapillus,bkcchi,Species,22065,,4.00,1,,1769,2654
658541877,Photo,Willow Flycatcher,Empidonax traillii,,,Alison Gale,2026-05-27,2026,5,27,541,United States,US-WA-033,Washington,King,Union Bay Natural Area/Montlake Fill,47.6542400,-122.2913700,"",,Unspecified,false,false,,,,,,,S347722254,"",,,,,Empidonax traillii,wilfly,Species,16952,,5.00,2,,2207,3310
658541876,Photo,Willow Flycatcher,Empidonax traillii,,,Alison Gale,2026-05-27,2026,5,27,541,United States,US-WA-033,Washington,King,Union Bay Natural Area/Montlake Fill,47.6542400,-122.2913700,"",,Unspecified,false,false,,,,,,,S347722254,"",,,,,Empidonax traillii,wilfly,Species,16952,,4.00,1,,2247,3370
658541866,Photo,Bald Eagle,Haliaeetus leucocephalus,,,Alison Gale,2026-05-27,2026,5,27,541,United States,US-WA-033,Washington,King,Union Bay Natural Area/Montlake Fill,47.6542400,-122.2913700,"",,Unspecified,false,false,,,,,,,S347722254,"",,,,,Haliaeetus leucocephalus,baleag,Species,8367,,4.00,1,,3193,4789
658541874,Photo,Northern Flicker,Colaptes auratus,,,Alison Gale,2026-05-27,2026,5,27,541,United States,US-WA-033,Washington,King,Union Bay Natural Area/Montlake Fill,47.6542400,-122.2913700,"",,Unspecified,false,false,,,,,,,S347722254,"",,,,,Colaptes auratus,norfli,Species,11900,,4.00,1,,1614,2421
658541859,Photo,Great Blue Heron,Ardea herodias,,,Alison Gale,2026-05-27,2026,5,27,541,United States,US-WA-033,Washington,King,Union Bay Natural Area/Montlake Fill,47.6542400,-122.2913700,"",,Unspecified,false,false,,,,,,,S347722254,"",,,,,Ardea herodias,grbher3,Species,7753,,4.67,3,,3909,2606
658541853,Photo,Virginia Rail,Rallus limicola,,,Alison Gale,2026-05-27,2026,5,27,541,United States,US-WA-033,Washington,King,Union Bay Natural Area/Montlake Fill,47.6542400,-122.2913700,"",,Unspecified,false,false,,,,,,,S347722254,"",,,,,Rallus limicola,virrai,Species,5297,,5.00,2,,2367,3550
658541854,Photo,Virginia Rail,Rallus limicola,,,Alison Gale,2026-05-27,2026,5,27,541,United States,US-WA-033,Washington,King,Union Bay Natural Area/Montlake Fill,47.6542400,-122.2913700,"",,Unspecified,false,false,,,,,,,S347722254,"",,,,,Rallus limicola,virrai,Species,5297,,4.50,4,,2557,3836
658541856,Photo,Virginia Rail,Rallus limicola,,,Alison Gale,2026-05-27,2026,5,27,541,United States,US-WA-033,Washington,King,Union Bay Natural Area/Montlake Fill,47.6542400,-122.2913700,"",,Unspecified,false,false,,,,,,,S347722254,"",,,,,Rallus limicola,virrai,Species,5297,,4.00,1,,2676,4014
658541857,Photo,Virginia Rail,Rallus limicola,,,Alison Gale,2026-05-27,2026,5,27,541,United States,US-WA-033,Washington,King,Union Bay Natural Area/Montlake Fill,47.6542400,-122.2913700,"",,Unspecified,false,false,,,,,,,S347722254,"",,,,,Rallus limicola,virrai,Species,5297,,5.00,2,,2827,4241
658541855,Photo,Virginia Rail,Rallus limicola,,,Alison Gale,2026-05-27,2026,5,27,541,United States,US-WA-033,Washington,King,Union Bay Natural Area/Montlake Fill,47.6542400,-122.2913700,"",,Unspecified,false,false,,,,,,,S347722254,"",,,,,Rallus limicola,virrai,Species,5297,,5.00,1,,2223,3334
658541841,Photo,Canada Goose,Branta canadensis,,,Alison Gale,2026-05-27,2026,5,27,541,United States,US-WA-033,Washington,King,Union Bay Natural Area/Montlake Fill,47.6542400,-122.2913700,"",,Unspecified,false,false,,,,,,,S347722254,"",,,,,Branta canadensis,cangoo,Species,342,,3.00,1,,3511,5267
658541848,Photo,Mallard,Anas platyrhynchos,,,Alison Gale,2026-05-27,2026,5,27,541,United States,US-WA-033,Washington,King,Union Bay Natural Area/Montlake Fill,47.6542400,-122.2913700,"",,Unspecified,false,false,,,,,,,S347722254,"",,,,,Anas platyrhynchos,mallar3,Species,545,,4.00,1,,3471,5207
658391619,Photo,Lazuli Bunting,Passerina amoena,,,Alison Gale,2026-05-25,2026,5,25,711,United States,US-WA-061,Washington,Snohomish,"Field's Riffle",47.9166297,-122.1268988,"",,Unspecified,false,false,,,,,,,S346491426,"",,,,,Passerina amoena,lazbun,Species,34606,,5.00,1,,1841,2761
658391617,Photo,Lazuli Bunting,Passerina amoena,,,Alison Gale,2026-05-25,2026,5,25,711,United States,US-WA-061,Washington,Snohomish,"Field's Riffle",47.9166297,-122.1268988,"",,Unspecified,false,false,,,,,,,S346491426,"",,,,,Passerina amoena,lazbun,Species,34606,,5.00,1,,1419,2129
658391618,Photo,Lazuli Bunting,Passerina amoena,,,Alison Gale,2026-05-25,2026,5,25,711,United States,US-WA-061,Washington,Snohomish,"Field's Riffle",47.9166297,-122.1268988,"",,Unspecified,false,false,,,,,,,S346491426,"",,,,,Passerina amoena,lazbun,Species,34606,,5.00,1,,1577,2365
658391583,Photo,Red-winged Blackbird,Agelaius phoeniceus,,,Alison Gale,2026-05-25,2026,5,25,711,United States,US-WA-061,Washington,Snohomish,"Field's Riffle",47.9166297,-122.1268988,"",,Unspecified,false,false,,,,,,,S346491426,"",,,,,Agelaius phoeniceus,rewbla,Species,33779,,4.00,1,,1571,2357
658391574,Photo,"Bullock's Oriole",Icterus bullockii,,,Alison Gale,2026-05-25,2026,5,25,711,United States,US-WA-061,Washington,Snohomish,"Field's Riffle",47.9166297,-122.1268988,"",,Unspecified,false,false,,,,,,,S346491426,"",,,,,Icterus bullockii,bulori,Species,33736,,4.00,1,,1857,2785
658391575,Photo,"Bullock's Oriole",Icterus bullockii,,,Alison Gale,2026-05-25,2026,5,25,711,United States,US-WA-061,Washington,Snohomish,"Field's Riffle",47.9166297,-122.1268988,"",,Unspecified,false,false,,,,,,,S346491426,"",,,,,Icterus bullockii,bulori,Species,33736,,4.00,1,,1948,2922
658391561,Photo,Yellow-headed Blackbird,Xanthocephalus xanthocephalus,,,Alison Gale,2026-05-25,2026,5,25,711,United States,US-WA-061,Washington,Snohomish,"Field's Riffle",47.9166297,-122.1268988,"",,Unspecified,false,false,,,,,,,S346491426,"",,,,,Xanthocephalus xanthocephalus,yehbla,Species,33563,,4.50,2,,1889,2833
658391552,Photo,White-crowned Sparrow,Zonotrichia leucophrys,,,Alison Gale,2026-05-25,2026,5,25,711,United States,US-WA-061,Washington,Snohomish,"Field's Riffle",47.9166297,-122.1268988,"",,Unspecified,false,false,,,,,,,S346491426,"",,,,,Zonotrichia leucophrys,whcspa,Species,33187,,5.00,1,,2008,3012
658391551,Photo,White-crowned Sparrow,Zonotrichia leucophrys,,,Alison Gale,2026-05-25,2026,5,25,711,United States,US-WA-061,Washington,Snohomish,"Field's Riffle",47.9166297,-122.1268988,"",,Unspecified,false,false,,,,,,,S346491426,"",,,,,Zonotrichia leucophrys,whcspa,Species,33187,,5.00,1,,1849,2773
658391544,Photo,American Goldfinch,Spinus tristis,,,Alison Gale,2026-05-25,2026,5,25,711,United States,US-WA-061,Washington,Snohomish,"Field's Riffle",47.9166297,-122.1268988,"",,Unspecified,false,false,,,,,,,S346491426,"",,,,,Spinus tristis,amegfi,Species,32617,,5.00,2,,1833,2750
658391536,Photo,American Robin,Turdus migratorius,,,Alison Gale,2026-05-25,2026,5,25,711,United States,US-WA-061,Washington,Snohomish,"Field's Riffle",47.9166297,-122.1268988,"",,Unspecified,false,false,,,,,,,S346491426,"",,,,,Turdus migratorius,amerob,Species,28633,,5.00,1,,2045,3067
658391512,Photo,Hairy Woodpecker,Leuconotopicus villosus,,,Alison Gale,2026-05-25,2026,5,25,711,United States,US-WA-061,Washington,Snohomish,"Field's Riffle",47.9166297,-122.1268988,"",,Unspecified,false,false,,,,,,,S346491426,"",,,,,Leuconotopicus villosus,haiwoo,Species,11427,,4.00,1,,2350,3525
658391487,Photo,Red-tailed Hawk,Buteo jamaicensis,,,Alison Gale,2026-05-25,2026,5,25,711,United States,US-WA-061,Washington,Snohomish,"Field's Riffle",47.9166297,-122.1268988,"",,Unspecified,false,false,,,,,,,S346491426,"",,,,,Buteo jamaicensis,rethaw,Species,8506,,5.00,1,,1531,2296
658391486,Photo,Red-tailed Hawk,Buteo jamaicensis,,,Alison Gale,2026-05-25,2026,5,25,711,United States,US-WA-061,Washington,Snohomish,"Field's Riffle",47.9166297,-122.1268988,"",,Unspecified,false,false,,,,,,,S346491426,"",,,,,Buteo jamaicensis,rethaw,Species,8506,,4.00,1,,1706,2559
658391485,Photo,Red-tailed Hawk,Buteo jamaicensis,,,Alison Gale,2026-05-25,2026,5,25,711,United States,US-WA-061,Washington,Snohomish,"Field's Riffle",47.9166297,-122.1268988,"",,Unspecified,false,false,,,,,,,S346491426,"",,,,,Buteo jamaicensis,rethaw,Species,8506,,4.00,1,,1571,2357
658391472,Photo,Bald Eagle,Haliaeetus leucocephalus,,,Alison Gale,2026-05-25,2026,5,25,711,United States,US-WA-061,Washington,Snohomish,"Field's Riffle",47.9166297,-122.1268988,"",,Unspecified,false,false,,,,,,,S346491426,"",,,,,Haliaeetus leucocephalus,baleag,Species,8367,,4.00,1,,1642,2463
658391460,Photo,Mourning Dove,Zenaida macroura,,,Alison Gale,2026-05-25,2026,5,25,711,United States,US-WA-061,Washington,Snohomish,"Field's Riffle",47.9166297,-122.1268988,"",,Unspecified,false,false,,,,,,,S346491426,"",,,,,Zenaida macroura,moudov,Species,2412,,4.00,1,,2056,3084
658248512,Photo,Barred Owl,Strix varia,,,Alison Gale,2026-05-23,2026,5,23,1734,United States,US-WA-033,Washington,King,Ravenna Park / Cowen Park,47.6721788,-122.3064566,"",,Unspecified,false,false,,,,,,,S345067581,"",,,,,Strix varia,brdowl,Species,9219,,5.00,1,,2785,4177
658248510,Photo,Barred Owl,Strix varia,,,Alison Gale,2026-05-23,2026,5,23,1734,United States,US-WA-033,Washington,King,Ravenna Park / Cowen Park,47.6721788,-122.3064566,"",,Unspecified,false,false,,,,,,,S345067581,"",,,,,Strix varia,brdowl,Species,9219,,4.00,1,,2897,4345
658248513,Photo,Barred Owl,Strix varia,,,Alison Gale,2026-05-23,2026,5,23,1734,United States,US-WA-033,Washington,King,Ravenna Park / Cowen Park,47.6721788,-122.3064566,"",,Unspecified,false,false,,,,,,,S345067581,"",,,,,Strix varia,brdowl,Species,9219,,5.00,1,,3241,4861
658248507,Photo,Barred Owl,Strix varia,,,Alison Gale,2026-05-23,2026,5,23,1734,United States,US-WA-033,Washington,King,Ravenna Park / Cowen Park,47.6721788,-122.3064566,"",,Unspecified,false,false,,,,,,,S345067581,"",,,,,Strix varia,brdowl,Species,9219,,4.00,1,,3789,2526
658004539,Photo,Osprey,Pandion haliaetus,,,Alison Gale,2026-05-20,2026,5,20,901,United States,US-WA-033,Washington,King,Green Lake,47.6783945,-122.3382464,"",,Unspecified,false,false,,,,,,,S342994543,"",,,,,Pandion haliaetus,osprey,Species,7832,,4.00,1,,1809,2714
658004533,Photo,House Finch,Haemorhous mexicanus,,,Alison Gale,2026-05-20,2026,5,20,901,United States,US-WA-033,Washington,King,Green Lake,47.6783945,-122.3382464,"",,Unspecified,false,false,,,,,,,S342994543,"",,,,,Haemorhous mexicanus,houfin,Species,32310,,4.00,1,,2071,3107
658004521,Photo,Tree Swallow,Tachycineta bicolor,,,Alison Gale,2026-05-20,2026,5,20,901,United States,US-WA-033,Washington,King,Green Lake,47.6783945,-122.3382464,"",,Unspecified,false,false,,,,,,,S342994543,"",,,,,Tachycineta bicolor,treswa,Species,24064,,5.00,1,,1690,2535
658004508,Photo,Cliff Swallow,Petrochelidon pyrrhonota,,,Alison Gale,2026-05-20,2026,5,20,901,United States,US-WA-033,Washington,King,Green Lake,47.6783945,-122.3382464,"",,Unspecified,false,false,,,,,,,S342994543,"",,,,,Petrochelidon pyrrhonota,cliswa,Species,24281,,4.00,2,,2976,4464
658004505,Photo,Cliff Swallow,Petrochelidon pyrrhonota,,,Alison Gale,2026-05-20,2026,5,20,901,United States,US-WA-033,Washington,King,Green Lake,47.6783945,-122.3382464,"",,Unspecified,false,false,,,,,,,S342994543,"",,,,,Petrochelidon pyrrhonota,cliswa,Species,24281,,4.50,2,,1769,2654
658004495,Photo,Black-capped Chickadee,Poecile atricapillus,,,Alison Gale,2026-05-20,2026,5,20,901,United States,US-WA-033,Washington,King,Green Lake,47.6783945,-122.3382464,"",,Unspecified,false,false,,,,,,,S342994543,"",,,,,Poecile atricapillus,bkcchi,Species,22065,,5.00,1,,2732,4098
658004488,Photo,"Steller's Jay",Cyanocitta stelleri,,,Alison Gale,2026-05-20,2026,5,20,901,United States,US-WA-033,Washington,King,Green Lake,47.6783945,-122.3382464,"",,Unspecified,false,false,,,,,,,S342994543,"",,,,,Cyanocitta stelleri,stejay,Species,21274,,5.00,2,,2207,3310
658004481,Photo,Western Wood-Pewee,Contopus sordidulus,,,Alison Gale,2026-05-20,2026,5,20,901,United States,US-WA-033,Washington,King,Green Lake,47.6783945,-122.3382464,"",,Unspecified,false,false,,,,,,,S342994543,"",,,,,Contopus sordidulus,wewpew,Species,16912,,4.00,1,,1375,2063
658004463,Photo,Mallard (Domestic type),Anas platyrhynchos (Domestic type),,,Alison Gale,2026-05-20,2026,5,20,901,United States,US-WA-033,Washington,King,Green Lake,47.6783945,-122.3382464,"",,Unspecified,false,false,,,,,,,S342994543,"",,,,,Anas platyrhynchos,mallar2,Domestic,548,,4.00,1,,3400,5100
658004474,Photo,Pied-billed Grebe,Podilymbus podiceps,,,Alison Gale,2026-05-20,2026,5,20,901,United States,US-WA-033,Washington,King,Green Lake,47.6783945,-122.3382464,"",,Unspecified,false,false,,,,,,,S342994543,"",,,,,Podilymbus podiceps,pibgre,Species,6855,,5.00,1,,1960,2940
658004457,Photo,Gadwall,Mareca strepera,,,Alison Gale,2026-05-20,2026,5,20,901,United States,US-WA-033,Washington,King,Green Lake,47.6783945,-122.3382464,"",,Unspecified,false,false,,,,,,,S342994543,"",,,,,Mareca strepera,gadwal,Species,505,,3.50,2,,2151,3227
658004448,Photo,Mallard,Anas platyrhynchos,,,Alison Gale,2026-05-20,2026,5,20,901,United States,US-WA-033,Washington,King,Green Lake,47.6783945,-122.3382464,"",,Unspecified,false,false,,,,,,,S342994543,"",,,,,Anas platyrhynchos,mallar3,Species,545,,5.00,1,,2843,4265
658004449,Photo,Mallard,Anas platyrhynchos,,,Alison Gale,2026-05-20,2026,5,20,901,United States,US-WA-033,Washington,King,Green Lake,47.6783945,-122.3382464,"",,Unspecified,false,false,,,,,,,S342994543,"",,,,,Anas platyrhynchos,mallar3,Species,545,,5.00,1,,2533,3799
658004450,Photo,Mallard,Anas platyrhynchos,,,Alison Gale,2026-05-20,2026,5,20,901,United States,US-WA-033,Washington,King,Green Lake,47.6783945,-122.3382464,"",,Unspecified,false,false,,,,,,,S342994543,"",,,,,Anas platyrhynchos,mallar3,Species,545,,5.00,1,,2999,4499
658004447,Photo,Mallard,Anas platyrhynchos,,,Alison Gale,2026-05-20,2026,5,20,901,United States,US-WA-033,Washington,King,Green Lake,47.6783945,-122.3382464,"",,Unspecified,false,false,,,,,,,S342994543,"",,,,,Anas platyrhynchos,mallar3,Species,545,,5.00,1,,2525,3787
658002650,Photo,Bald Eagle,Haliaeetus leucocephalus,,,Alison Gale,2026-05-20,2026,5,20,619,United States,US-WA-033,Washington,King,Union Bay Natural Area/Montlake Fill,47.6542400,-122.2913700,"",,Unspecified,false,false,,,,,,,S342868105,"",,,,,Haliaeetus leucocephalus,baleag,Species,8367,,4.00,1,,2103,3155
658002639,Photo,Red-winged Blackbird,Agelaius phoeniceus,,,Alison Gale,2026-05-20,2026,5,20,619,United States,US-WA-033,Washington,King,Union Bay Natural Area/Montlake Fill,47.6542400,-122.2913700,"",,Unspecified,false,false,,,,,,,S342868105,"",,,,,Agelaius phoeniceus,rewbla,Species,33779,,5.00,1,,3167,4750
658002478,Photo,Song Sparrow,Melospiza melodia,,,Alison Gale,2026-05-20,2026,5,20,619,United States,US-WA-033,Washington,King,Union Bay Natural Area/Montlake Fill,47.6542400,-122.2913700,"",,Unspecified,false,false,,,,,,,S342868105,"",,,,,Melospiza melodia,sonspa,Species,33277,,5.00,1,,2787,4181
658002469,Photo,Marsh Wren,Cistothorus palustris,,,Alison Gale,2026-05-20,2026,5,20,619,United States,US-WA-033,Washington,King,Union Bay Natural Area/Montlake Fill,47.6542400,-122.2913700,"",,Unspecified,false,false,,,,,,,S342868105,"",,,,,Cistothorus palustris,marwre,Species,27329,,5.00,1,,2040,3060
658002466,Photo,Brown Creeper,Certhia americana,,,Alison Gale,2026-05-20,2026,5,20,619,United States,US-WA-033,Washington,King,Union Bay Natural Area/Montlake Fill,47.6542400,-122.2913700,"",,Unspecified,false,false,,,,,,,S342868105,"",,,,,Certhia americana,brncre,Species,27026,,5.00,1,,2112,3168
658002456,Photo,Barn Swallow,Hirundo rustica,,,Alison Gale,2026-05-20,2026,5,20,619,United States,US-WA-033,Washington,King,Union Bay Natural Area/Montlake Fill,47.6542400,-122.2913700,"",,Unspecified,false,false,,,,,,,S342868105,"",,,,,Hirundo rustica,barswa,Species,24187,,5.00,1,,1905,2857
658002446,Photo,Barn Swallow,Hirundo rustica,,,Alison Gale,2026-05-20,2026,5,20,619,United States,US-WA-033,Washington,King,Union Bay Natural Area/Montlake Fill,47.6542400,-122.2913700,"",,Unspecified,false,false,,,,,,,S342868105,"",,,,,Hirundo rustica,barswa,Species,24187,,5.00,1,,3956,5934
658002443,Photo,Barn Swallow,Hirundo rustica,,,Alison Gale,2026-05-20,2026,5,20,619,United States,US-WA-033,Washington,King,Union Bay Natural Area/Montlake Fill,47.6542400,-122.2913700,"",,Unspecified,false,false,,,,,,,S342868105,"",,,,,Hirundo rustica,barswa,Species,24187,,5.00,1,,1793,2690
658002428,Photo,Purple Martin,Progne subis,,,Alison Gale,2026-05-20,2026,5,20,619,United States,US-WA-033,Washington,King,Union Bay Natural Area/Montlake Fill,47.6542400,-122.2913700,"",,Unspecified,false,false,,,,,,,S342868105,"",,,,,Progne subis,purmar,Species,24081,,4.00,1,,2065,3097
658002423,Photo,Tree Swallow,Tachycineta bicolor,,,Alison Gale,2026-05-20,2026,5,20,619,United States,US-WA-033,Washington,King,Union Bay Natural Area/Montlake Fill,47.6542400,-122.2913700,"",,Unspecified,false,false,,,,,,,S342868105,"",,,,,Tachycineta bicolor,treswa,Species,24064,,5.00,1,,2367,3550
658002424,Photo,Tree Swallow,Tachycineta bicolor,,,Alison Gale,2026-05-20,2026,5,20,619,United States,US-WA-033,Washington,King,Union Bay Natural Area/Montlake Fill,47.6542400,-122.2913700,"",,Unspecified,false,false,,,,,,,S342868105,"",,,,,Tachycineta bicolor,treswa,Species,24064,,5.00,1,,2520,3780
658002409,Photo,American Crow,Corvus brachyrhynchos,,,Alison Gale,2026-05-20,2026,5,20,619,United States,US-WA-033,Washington,King,Union Bay Natural Area/Montlake Fill,47.6542400,-122.2913700,"",,Unspecified,false,false,,,,,,,S342868105,"",,,,,Corvus brachyrhynchos,amecro,Species,21557,,4.00,1,,3130,4695
658002386,Photo,Bald Eagle,Haliaeetus leucocephalus,,,Alison Gale,2026-05-20,2026,5,20,619,United States,US-WA-033,Washington,King,Union Bay Natural Area/Montlake Fill,47.6542400,-122.2913700,"",,Unspecified,false,false,,,,,,,S342868105,"",,,,,Haliaeetus leucocephalus,baleag,Species,8367,,5.00,1,,2313,3470
658002374,Photo,Great Blue Heron,Ardea herodias,,,Alison Gale,2026-05-20,2026,5,20,619,United States,US-WA-033,Washington,King,Union Bay Natural Area/Montlake Fill,47.6542400,-122.2913700,"",,Unspecified,false,false,,,,,,,S342868105,"",,,,,Ardea herodias,grbher3,Species,7753,,5.00,1,,3768,2512
658002373,Photo,Great Blue Heron,Ardea herodias,,,Alison Gale,2026-05-20,2026,5,20,619,United States,US-WA-033,Washington,King,Union Bay Natural Area/Montlake Fill,47.6542400,-122.2913700,"",,Unspecified,false,false,,,,,,,S342868105,"",,,,,Ardea herodias,grbher3,Species,7753,,5.00,1,,2732,4098
658002328,Photo,Mallard,Anas platyrhynchos,,,Alison Gale,2026-05-20,2026,5,20,619,United States,US-WA-033,Washington,King,Union Bay Natural Area/Montlake Fill,47.6542400,-122.2913700,"",,Unspecified,false,false,,,,,,,S342868105,"",,,,,Anas platyrhynchos,mallar3,Species,545,,5.00,2,,3519,5278
658002353,Photo,"Anna's Hummingbird",Calypte anna,,,Alison Gale,2026-05-20,2026,5,20,619,United States,US-WA-033,Washington,King,Union Bay Natural Area/Montlake Fill,47.6542400,-122.2913700,"",,Unspecified,false,false,,,,,,,S342868105,"",,,,,Calypte anna,annhum,Species,4814,,5.00,1,,2103,3155
658002309,Photo,Gadwall,Mareca strepera,,,Alison Gale,2026-05-20,2026,5,20,619,United States,US-WA-033,Washington,King,Union Bay Natural Area/Montlake Fill,47.6542400,-122.2913700,"",,Unspecified,false,false,,,,,,,S342868105,"",,,,,Mareca strepera,gadwal,Species,505,,5.00,2,,3479,5219
658002294,Photo,Canada Goose,Branta canadensis,,,Alison Gale,2026-05-20,2026,5,20,619,United States,US-WA-033,Washington,King,Union Bay Natural Area/Montlake Fill,47.6542400,-122.2913700,"",,Unspecified,false,false,,,,,,,S342868105,"",,,,,Branta canadensis,cangoo,Species,342,,5.00,1,,4338,2892
658002293,Photo,Canada Goose,Branta canadensis,,,Alison Gale,2026-05-20,2026,5,20,619,United States,US-WA-033,Washington,King,Union Bay Natural Area/Montlake Fill,47.6542400,-122.2913700,"",,Unspecified,false,false,,,,,,,S342868105,"",,,,,Branta canadensis,cangoo,Species,342,,5.00,1,,2292,3438
657542585,Photo,Northern Yellow Warbler,Setophaga aestiva,,,Alison Gale,2026-05-15,2026,5,15,624,United States,US-WA-033,Washington,King,Union Bay Natural Area/Montlake Fill,47.6542400,-122.2913700,"",,Unspecified,false,false,,,,,,,S339377883,"",,,,,Setophaga aestiva,yelwar1,Species,34087,,5.00,1,,1683,2524
657542549,Photo,Spotted Towhee,Pipilo maculatus,,,Alison Gale,2026-05-15,2026,5,15,624,United States,US-WA-033,Washington,King,Union Bay Natural Area/Montlake Fill,47.6542400,-122.2913700,"",,Unspecified,false,false,,,,,,,S339377883,"",,,,,Pipilo maculatus,spotow,Species,33386,,5.00,1,,3142,4713
657542557,Photo,Osprey,Pandion haliaetus,,,Alison Gale,2026-05-15,2026,5,15,624,United States,US-WA-033,Washington,King,Union Bay Natural Area/Montlake Fill,47.6542400,-122.2913700,"",,Unspecified,false,false,,,,,,,S339377883,"",,,,,Pandion haliaetus,osprey,Species,7832,,4.00,1,,1778,2667
657542536,Photo,Cedar Waxwing,Bombycilla cedrorum,,,Alison Gale,2026-05-15,2026,5,15,624,United States,US-WA-033,Washington,King,Union Bay Natural Area/Montlake Fill,47.6542400,-122.2913700,"",,Unspecified,false,false,,,,,,,S339377883,"",,,,,Bombycilla cedrorum,cedwax,Species,29888,,5.00,2,,3352,5028
657542535,Photo,Cedar Waxwing,Bombycilla cedrorum,,,Alison Gale,2026-05-15,2026,5,15,624,United States,US-WA-033,Washington,King,Union Bay Natural Area/Montlake Fill,47.6542400,-122.2913700,"",,Unspecified,false,false,,,,,,,S339377883,"",,,,,Bombycilla cedrorum,cedwax,Species,29888,,5.00,2,,2186,3279
657542534,Photo,Cedar Waxwing,Bombycilla cedrorum,,,Alison Gale,2026-05-15,2026,5,15,624,United States,US-WA-033,Washington,King,Union Bay Natural Area/Montlake Fill,47.6542400,-122.2913700,"",,Unspecified,false,false,,,,,,,S339377883,"",,,,,Bombycilla cedrorum,cedwax,Species,29888,,5.00,3,,1884,2826
657542504,Photo,Marsh Wren,Cistothorus palustris,,,Alison Gale,2026-05-15,2026,5,15,624,United States,US-WA-033,Washington,King,Union Bay Natural Area/Montlake Fill,47.6542400,-122.2913700,"",,Unspecified,false,false,,,,,,,S339377883,"",,,,,Cistothorus palustris,marwre,Species,27329,,5.00,1,,3137,4706
657542503,Photo,Marsh Wren,Cistothorus palustris,,,Alison Gale,2026-05-15,2026,5,15,624,United States,US-WA-033,Washington,King,Union Bay Natural Area/Montlake Fill,47.6542400,-122.2913700,"",,Unspecified,false,false,,,,,,,S339377883,"",,,,,Cistothorus palustris,marwre,Species,27329,,5.00,1,,2915,4373
657542519,Photo,American Robin,Turdus migratorius,,,Alison Gale,2026-05-15,2026,5,15,624,United States,US-WA-033,Washington,King,Union Bay Natural Area/Montlake Fill,47.6542400,-122.2913700,"",,Unspecified,false,false,,,,,,,S339377883,"",,,,,Turdus migratorius,amerob,Species,28633,,5.00,1,,2430,3645
657542498,Photo,Bushtit,Psaltriparus minimus,,,Alison Gale,2026-05-15,2026,5,15,624,United States,US-WA-033,Washington,King,Union Bay Natural Area/Montlake Fill,47.6542400,-122.2913700,"",,Unspecified,false,false,,,,,,,S339377883,"",,,,,Psaltriparus minimus,bushti,Species,25253,,5.00,1,,1916,2874
657542493,Photo,Barn Swallow,Hirundo rustica,,,Alison Gale,2026-05-15,2026,5,15,624,United States,US-WA-033,Washington,King,Union Bay Natural Area/Montlake Fill,47.6542400,-122.2913700,"",,Unspecified,false,false,,,,,,,S339377883,"",,,,,Hirundo rustica,barswa,Species,24187,,5.00,1,,2706,4059
657542479,Photo,Osprey,Pandion haliaetus,,,Alison Gale,2026-05-15,2026,5,15,624,United States,US-WA-033,Washington,King,Union Bay Natural Area/Montlake Fill,47.6542400,-122.2913700,"",,Unspecified,false,false,,,,,,,S339377883,"",,,,,Pandion haliaetus,osprey,Species,7832,,5.00,1,,3188,4782
657542449,Photo,Mallard,Anas platyrhynchos,,,Alison Gale,2026-05-15,2026,5,15,624,United States,US-WA-033,Washington,King,Union Bay Natural Area/Montlake Fill,47.6542400,-122.2913700,"",,Unspecified,false,false,,,,,,,S339377883,"",,,,,Anas platyrhynchos,mallar3,Species,545,,5.00,1,,3867,5800
657542470,Photo,Virginia Rail,Rallus limicola,,,Alison Gale,2026-05-15,2026,5,15,624,United States,US-WA-033,Washington,King,Union Bay Natural Area/Montlake Fill,47.6542400,-122.2913700,"",,Unspecified,false,false,,,,,,,S339377883,"",,,,,Rallus limicola,virrai,Species,5297,,5.00,1,,2775,4162
657542468,Photo,Virginia Rail,Rallus limicola,,,Alison Gale,2026-05-15,2026,5,15,624,United States,US-WA-033,Washington,King,Union Bay Natural Area/Montlake Fill,47.6542400,-122.2913700,"",,Unspecified,false,false,,,,,,,S339377883,"",,,,,Rallus limicola,virrai,Species,5297,,5.00,2,,2199,3298
657542469,Photo,Virginia Rail,Rallus limicola,,,Alison Gale,2026-05-15,2026,5,15,624,United States,US-WA-033,Washington,King,Union Bay Natural Area/Montlake Fill,47.6542400,-122.2913700,"",,Unspecified,false,false,,,,,,,S339377883,"",,,,,Rallus limicola,virrai,Species,5297,,5.00,4,,3559,2373
657542448,Photo,Mallard,Anas platyrhynchos,,,Alison Gale,2026-05-15,2026,5,15,624,United States,US-WA-033,Washington,King,Union Bay Natural Area/Montlake Fill,47.6542400,-122.2913700,"",,Unspecified,false,false,,,,,,,S339377883,"",,,,,Anas platyrhynchos,mallar3,Species,545,,5.00,1,,2581,3871
657542474,Photo,Great Blue Heron,Ardea herodias,,,Alison Gale,2026-05-15,2026,5,15,624,United States,US-WA-033,Washington,King,Union Bay Natural Area/Montlake Fill,47.6542400,-122.2913700,"",,Unspecified,false,false,,,,,,,S339377883,"",,,,,Ardea herodias,grbher3,Species,7753,,4.00,1,,2207,3311
657542456,Photo,"Anna's Hummingbird",Calypte anna,,,Alison Gale,2026-05-15,2026,5,15,624,United States,US-WA-033,Washington,King,Union Bay Natural Area/Montlake Fill,47.6542400,-122.2913700,"",,Unspecified,false,false,,,,,,,S339377883,"",,,,,Calypte anna,annhum,Species,4814,,4.67,3,,1783,2675
657542438,Photo,Gadwall,Mareca strepera,,,Alison Gale,2026-05-15,2026,5,15,624,United States,US-WA-033,Washington,King,Union Bay Natural Area/Montlake Fill,47.6542400,-122.2913700,"",,Unspecified,false,false,,,,,,,S339377883,"",,,,,Mareca strepera,gadwal,Species,505,,5.00,1,,2573,3859
657542432,Photo,Blue-winged Teal,Spatula discors,,,Alison Gale,2026-05-15,2026,5,15,624,United States,US-WA-033,Washington,King,Union Bay Natural Area/Montlake Fill,47.6542400,-122.2913700,"",,Unspecified,false,false,,,,,,,S339377883,"",,,,,Spatula discors,buwtea,Species,485,,5.00,2,,2409,3613
657542413,Photo,Canada Goose,Branta canadensis,,,Alison Gale,2026-05-15,2026,5,15,624,United States,US-WA-033,Washington,King,Union Bay Natural Area/Montlake Fill,47.6542400,-122.2913700,"",,Unspecified,false,false,,,,,,,S339377883,"",,,,,Branta canadensis,cangoo,Species,342,,5.00,1,,2499,3748
657542425,Photo,Wood Duck,Aix sponsa,,,Alison Gale,2026-05-15,2026,5,15,624,United States,US-WA-033,Washington,King,Union Bay Natural Area/Montlake Fill,47.6542400,-122.2913700,"",,Unspecified,false,false,,,,,,,S339377883,"",,,,,Aix sponsa,wooduc,Species,455,,5.00,1,,2171,3256
657099717,Photo,Red-winged Blackbird,Agelaius phoeniceus,,,Alison Gale,2026-05-10,2026,5,10,604,United States,US-WA-033,Washington,King,Union Bay Natural Area/Montlake Fill,47.6542400,-122.2913700,"",,Unspecified,false,false,,,,,,,S336459661,"",,,,,Agelaius phoeniceus,rewbla,Species,33779,,5.00,1,,3411,5116
657099694,Photo,Song Sparrow,Melospiza melodia,,,Alison Gale,2026-05-10,2026,5,10,604,United States,US-WA-033,Washington,King,Union Bay Natural Area/Montlake Fill,47.6542400,-122.2913700,"",,Unspecified,false,false,,,,,,,S336459661,"",,,,,Melospiza melodia,sonspa,Species,33277,,5.00,1,,2579,3868
657099664,Photo,American Robin,Turdus migratorius,,,Alison Gale,2026-05-10,2026,5,10,604,United States,US-WA-033,Washington,King,Union Bay Natural Area/Montlake Fill,47.6542400,-122.2913700,"",,Unspecified,false,false,,,,,,,S336459661,"",,,,,Turdus migratorius,amerob,Species,28633,,5.00,1,,3601,5402
657099704,Photo,Spotted Towhee,Pipilo maculatus,,,Alison Gale,2026-05-10,2026,5,10,604,United States,US-WA-033,Washington,King,Union Bay Natural Area/Montlake Fill,47.6542400,-122.2913700,"",,Unspecified,false,false,,,,,,,S336459661,"",,,,,Pipilo maculatus,spotow,Species,33386,,5.00,1,,2393,3589
657099652,Photo,Marsh Wren,Cistothorus palustris,,,Alison Gale,2026-05-10,2026,5,10,604,United States,US-WA-033,Washington,King,Union Bay Natural Area/Montlake Fill,47.6542400,-122.2913700,"",,Unspecified,false,false,,,,,,,S336459661,"",,,,,Cistothorus palustris,marwre,Species,27329,,5.00,1,,2033,3049
657099634,Photo,Purple Martin,Progne subis,,,Alison Gale,2026-05-10,2026,5,10,604,United States,US-WA-033,Washington,King,Union Bay Natural Area/Montlake Fill,47.6542400,-122.2913700,"",,Unspecified,false,false,,,,,,,S336459661,"",,,,,Progne subis,purmar,Species,24081,,5.00,1,,3416,5124
657099651,Photo,Marsh Wren,Cistothorus palustris,,,Alison Gale,2026-05-10,2026,5,10,604,United States,US-WA-033,Washington,King,Union Bay Natural Area/Montlake Fill,47.6542400,-122.2913700,"",,Unspecified,false,false,,,,,,,S336459661,"",,,,,Cistothorus palustris,marwre,Species,27329,,5.00,1,,1905,2857
657099631,Photo,Tree Swallow,Tachycineta bicolor,,,Alison Gale,2026-05-10,2026,5,10,604,United States,US-WA-033,Washington,King,Union Bay Natural Area/Montlake Fill,47.6542400,-122.2913700,"",,Unspecified,false,false,,,,,,,S336459661,"",,,,,Tachycineta bicolor,treswa,Species,24064,,5.00,1,,1833,2750
657099617,Photo,American Crow,Corvus brachyrhynchos,,,Alison Gale,2026-05-10,2026,5,10,604,United States,US-WA-033,Washington,King,Union Bay Natural Area/Montlake Fill,47.6542400,-122.2913700,"",,Unspecified,false,false,,,,,,,S336459661,"",,,,,Corvus brachyrhynchos,amecro,Species,21557,,5.00,1,,2764,4146
657099630,Photo,Tree Swallow,Tachycineta bicolor,,,Alison Gale,2026-05-10,2026,5,10,604,United States,US-WA-033,Washington,King,Union Bay Natural Area/Montlake Fill,47.6542400,-122.2913700,"",,Unspecified,false,false,,,,,,,S336459661,"",,,,,Tachycineta bicolor,treswa,Species,24064,,5.00,1,,1757,2635
657099599,Photo,Downy Woodpecker,Dryobates pubescens,,,Alison Gale,2026-05-10,2026,5,10,604,United States,US-WA-033,Washington,King,Union Bay Natural Area/Montlake Fill,47.6542400,-122.2913700,"",,Unspecified,false,false,,,,,,,S336459661,"",,,,,Dryobates pubescens,dowwoo,Species,11400,,5.00,1,,2049,3073
657099581,Photo,Pied-billed Grebe,Podilymbus podiceps,,,Alison Gale,2026-05-10,2026,5,10,604,United States,US-WA-033,Washington,King,Union Bay Natural Area/Montlake Fill,47.6542400,-122.2913700,"",,Unspecified,false,false,,,,,,,S336459661,"",,,,,Podilymbus podiceps,pibgre,Species,6855,,5.00,1,,2059,3089
657099548,Photo,Virginia Rail,Rallus limicola,,,Alison Gale,2026-05-10,2026,5,10,604,United States,US-WA-033,Washington,King,Union Bay Natural Area/Montlake Fill,47.6542400,-122.2913700,"",,Unspecified,false,false,,,,,,,S336459661,"",,,,,Rallus limicola,virrai,Species,5297,,5.00,1,,1971,2956
657099549,Photo,Virginia Rail,Rallus limicola,,,Alison Gale,2026-05-10,2026,5,10,604,United States,US-WA-033,Washington,King,Union Bay Natural Area/Montlake Fill,47.6542400,-122.2913700,"",,Unspecified,false,false,,,,,,,S336459661,"",,,,,Rallus limicola,virrai,Species,5297,,5.00,1,,2547,3820
657099512,Photo,Canada Goose,Branta canadensis,,,Alison Gale,2026-05-10,2026,5,10,604,United States,US-WA-033,Washington,King,Union Bay Natural Area/Montlake Fill,47.6542400,-122.2913700,"",,Unspecified,false,false,,,,,,,S336459661,"",,,,,Branta canadensis,cangoo,Species,342,,5.00,1,,3267,4901
657099517,Photo,Gadwall,Mareca strepera,,,Alison Gale,2026-05-10,2026,5,10,604,United States,US-WA-033,Washington,King,Union Bay Natural Area/Montlake Fill,47.6542400,-122.2913700,"",,Unspecified,false,false,,,,,,,S336459661,"",,,,,Mareca strepera,gadwal,Species,505,,5.00,1,,2127,3191
656678561,Photo,Virginia Rail,Rallus limicola,,,Alison Gale,2026-05-05,2026,5,5,554,United States,US-WA-033,Washington,King,Union Bay Natural Area/Montlake Fill,47.6542400,-122.2913700,"",,Unspecified,false,false,,,,,,,S333055230,"",,,,Adult and two chicks,Rallus limicola,virrai,Species,5297,,3.00,1,,2429,3644
656678560,Photo,Virginia Rail,Rallus limicola,,,Alison Gale,2026-05-05,2026,5,5,554,United States,US-WA-033,Washington,King,Union Bay Natural Area/Montlake Fill,47.6542400,-122.2913700,"",,Unspecified,false,false,,,,,,,S333055230,"",,,,Adult and two chicks,Rallus limicola,virrai,Species,5297,,3.00,1,,1801,2702
656535032,Photo,"Wilson's Warbler",Cardellina pusilla,,,Alison Gale,2026-05-03,2026,5,3,727,United States,US-WA-027,Washington,Grays Harbor,Westhaven SP,46.9011251,-124.1268446,"",,Unspecified,false,false,,,,,,,S331882311,"",,,,,Cardellina pusilla,wlswar,Species,34346,,4.00,1,,1706,2559
656535026,Photo,White-crowned Sparrow,Zonotrichia leucophrys,,,Alison Gale,2026-05-03,2026,5,3,727,United States,US-WA-027,Washington,Grays Harbor,Westhaven SP,46.9011251,-124.1268446,"",,Unspecified,false,false,,,,,,,S331882311,"",,,,,Zonotrichia leucophrys,whcspa,Species,33187,,5.00,1,,1753,2630
656535025,Photo,Black Turnstone,Arenaria melanocephala,,,Alison Gale,2026-05-03,2026,5,3,727,United States,US-WA-027,Washington,Grays Harbor,Westhaven SP,46.9011251,-124.1268446,"",,Unspecified,false,false,,,,,,,S331882311,"",,,,,Arenaria melanocephala,blktur,Species,6164,,4.50,2,,1471,2206
656535019,Photo,Black Oystercatcher,Haematopus bachmani,,,Alison Gale,2026-05-03,2026,5,3,727,United States,US-WA-027,Washington,Grays Harbor,Westhaven SP,46.9011251,-124.1268446,"",,Unspecified,false,false,,,,,,,S331882311,"",,,,,Haematopus bachmani,blkoys,Species,5806,,5.00,1,,2303,3454
656535011,Photo,Western Sandpiper,Calidris mauri,,,Alison Gale,2026-05-02,2026,5,2,1504,United States,US-WA-027,Washington,Grays Harbor,Bottle Beach State Park,46.8932770,-124.0468136,"",,Unspecified,false,false,,,,,,,S331419171,"",,,,,Calidris mauri,wessan,Species,6231,,5.00,1,,1884,2826
656535005,Photo,Western Sandpiper,Calidris mauri,,,Alison Gale,2026-05-02,2026,5,2,1504,United States,US-WA-027,Washington,Grays Harbor,Bottle Beach State Park,46.8932770,-124.0468136,"",,Unspecified,false,false,,,,,,,S331419171,"",,,,,Calidris mauri,wessan,Species,6231,,5.00,1,,3217,4825
656535002,Photo,Semipalmated Plover,Charadrius semipalmatus,,,Alison Gale,2026-05-02,2026,5,2,1504,United States,US-WA-027,Washington,Grays Harbor,Bottle Beach State Park,46.8932770,-124.0468136,"",,Unspecified,false,false,,,,,,,S331419171,"",,,,,Charadrius semipalmatus,semplo,Species,5834,,5.00,1,,2127,3191
656534979,Photo,Bald Eagle,Haliaeetus leucocephalus,,,Alison Gale,2026-05-02,2026,5,2,1255,United States,US-WA-049,Washington,Pacific,Tokeland -- Graveyard Spit/Fisher Ave,46.7079709,-123.9877832,"",,Unspecified,false,false,,,,,,,S331313814,"",,,,,Haliaeetus leucocephalus,baleag,Species,8367,,5.00,1,,2059,3089
656534944,Photo,Dunlin,Calidris alpina,,,Alison Gale,2026-05-02,2026,5,2,1123,United States,US-WA-049,Washington,Pacific,Tokeland--marina,46.7063518,-123.9671946,"",,Unspecified,false,false,,,,,,,S331300190,"",,,,,Calidris alpina,dunlin,Species,6192,,5.00,1,,1503,2254
656534941,Photo,Least Sandpiper,Calidris minutilla,,,Alison Gale,2026-05-02,2026,5,2,1123,United States,US-WA-049,Washington,Pacific,Tokeland--marina,46.7063518,-123.9671946,"",,Unspecified,false,false,,,,,,,S331300190,"",,,,,Calidris minutilla,leasan,Species,6226,,5.00,1,,2149,3224
656534930,Photo,Short-billed Dowitcher,Limnodromus griseus,,,Alison Gale,2026-05-02,2026,5,2,1123,United States,US-WA-049,Washington,Pacific,Tokeland--marina,46.7063518,-123.9671946,"",,Unspecified,false,false,,,,,,,S331300190,"",,,,,Limnodromus griseus,shbdow,Species,6057,,5.00,1,,2043,3065
656534924,Photo,Barn Swallow,Hirundo rustica,,,Alison Gale,2026-05-02,2026,5,2,1123,United States,US-WA-049,Washington,Pacific,Tokeland--marina,46.7063518,-123.9671946,"",,Unspecified,false,false,,,,,,,S331300190,"",,,,,Hirundo rustica,barswa,Species,24187,,4.00,1,,2091,3136
656534913,Photo,Marbled Godwit,Limosa fedoa,,,Alison Gale,2026-05-02,2026,5,2,1123,United States,US-WA-049,Washington,Pacific,Tokeland--marina,46.7063518,-123.9671946,"",,Unspecified,false,false,,,,,,,S331300190,"",,,,,Limosa fedoa,margod,Species,6051,,5.00,1,,1953,2930
656534914,Photo,Marbled Godwit,Limosa fedoa,,,Alison Gale,2026-05-02,2026,5,2,1123,United States,US-WA-049,Washington,Pacific,Tokeland--marina,46.7063518,-123.9671946,"",,Unspecified,false,false,,,,,,,S331300190,"",,,,,Limosa fedoa,margod,Species,6051,,5.00,1,,2043,3065
656534904,Photo,Hudsonian Whimbrel,Numenius hudsonicus,,,Alison Gale,2026-05-02,2026,5,2,1123,United States,US-WA-049,Washington,Pacific,Tokeland--marina,46.7063518,-123.9671946,"",,Unspecified,false,false,,,,,,,S331300190,"",,,,,Numenius hudsonicus,whimbr3,Species,6011,,5.00,1,,1656,2484
656534889,Photo,Snowy Plover,Anarhynchus nivosus,,,Alison Gale,2026-05-02,2026,5,2,657,United States,US-WA-049,Washington,Pacific,Grayland Beach State Park,46.7880721,-124.0941381,"",,Unspecified,false,false,,,,,,,S331099224,"",,,,,Anarhynchus nivosus,snoplo5,Species,5941,,5.00,1,,1587,2380
656534887,Photo,Snowy Plover,Anarhynchus nivosus,,,Alison Gale,2026-05-02,2026,5,2,657,United States,US-WA-049,Washington,Pacific,Grayland Beach State Park,46.7880721,-124.0941381,"",,Unspecified,false,false,,,,,,,S331099224,"",,,,,Anarhynchus nivosus,snoplo5,Species,5941,,5.00,1,,1491,2237
656534861,Photo,Semipalmated Plover,Charadrius semipalmatus,,,Alison Gale,2026-05-01,2026,5,1,1555,United States,US-WA-027,Washington,Grays Harbor,Bottle Beach State Park,46.8932770,-124.0468136,"",,Unspecified,false,false,,,,,,,S330689398,"",,,,,Charadrius semipalmatus,semplo,Species,5834,,5.00,1,,1799,2699
656534820,Photo,Western Sandpiper,Calidris mauri,,,Alison Gale,2026-05-01,2026,5,1,1344,United States,US-WA-027,Washington,Grays Harbor,"Ocean Shores--Bill's Spit",46.9648907,-124.1339435,"",,Unspecified,false,false,,,,,,,S330624973,"",,,,,Calidris mauri,wessan,Species,6231,,5.00,1,,2891,4337
656534818,Photo,Western Sandpiper,Calidris mauri,,,Alison Gale,2026-05-01,2026,5,1,1344,United States,US-WA-027,Washington,Grays Harbor,"Ocean Shores--Bill's Spit",46.9648907,-124.1339435,"",,Unspecified,false,false,,,,,,,S330624973,"",,,,,Calidris mauri,wessan,Species,6231,,5.00,1,,2679,4019
656534817,Photo,Western Sandpiper,Calidris mauri,,,Alison Gale,2026-05-01,2026,5,1,1344,United States,US-WA-027,Washington,Grays Harbor,"Ocean Shores--Bill's Spit",46.9648907,-124.1339435,"",,Unspecified,false,false,,,,,,,S330624973,"",,,,,Calidris mauri,wessan,Species,6231,,5.00,1,,1992,2988
656534790,Photo,Killdeer,Charadrius vociferus,,,Alison Gale,2026-05-01,2026,5,1,1206,United States,US-WA-027,Washington,Grays Harbor,Ocean Shores--Oyhut Wildlife Area,46.9444663,-124.1522412,"",,Unspecified,false,false,,,,,,,S330597903,"",,,,,Charadrius vociferus,killde,Species,5827,,4.75,4,,1863,2794
656534783,Photo,Rufous Hummingbird,Selasphorus rufus,,,Alison Gale,2026-05-01,2026,5,1,1206,United States,US-WA-027,Washington,Grays Harbor,Ocean Shores--Oyhut Wildlife Area,46.9444663,-124.1522412,"",,Unspecified,false,false,,,,,,,S330597903,"",,,,,Selasphorus rufus,rufhum,Species,4826,,4.00,2,,1598,2397
656534746,Photo,Sanderling,Calidris alba,,,Alison Gale,2026-05-01,2026,5,1,947,United States,US-WA-027,Washington,Grays Harbor,Ocean Shores--Pt. Brown Jetty,46.9281600,-124.1739700,"",,Unspecified,false,false,,,,,,,S330514755,"",,,,,Calidris alba,sander,Species,6189,,5.00,1,,2266,3399
656534739,Photo,Semipalmated Plover,Charadrius semipalmatus,,,Alison Gale,2026-05-01,2026,5,1,947,United States,US-WA-027,Washington,Grays Harbor,Ocean Shores--Pt. Brown Jetty,46.9281600,-124.1739700,"",,Unspecified,false,false,,,,,,,S330514755,"",,,,,Charadrius semipalmatus,semplo,Species,5834,,5.00,1,,1837,2755
656534675,Photo,Semipalmated Plover,Charadrius semipalmatus,,,Alison Gale,2026-05-01,2026,5,1,947,United States,US-WA-027,Washington,Grays Harbor,Ocean Shores--Pt. Brown Jetty,46.9281600,-124.1739700,"",,Unspecified,false,false,,,,,,,S330514755,"",,,,,Charadrius semipalmatus,semplo,Species,5834,,5.00,1,,2239,3359
656534659,Photo,Marbled Godwit,Limosa fedoa,,,Alison Gale,2026-05-01,2026,5,1,947,United States,US-WA-027,Washington,Grays Harbor,Ocean Shores--Pt. Brown Jetty,46.9281600,-124.1739700,"",,Unspecified,false,false,,,,,,,S330514755,"",,,,,Limosa fedoa,margod,Species,6051,,5.00,1,,2324,3486
656534583,Photo,Western Gull,Larus occidentalis,,,Alison Gale,2026-05-01,2026,5,1,947,United States,US-WA-027,Washington,Grays Harbor,Ocean Shores--Pt. Brown Jetty,46.9281600,-124.1739700,"",,Unspecified,false,false,,,,,,,S330514755,"",,,,,Larus occidentalis,wesgul,Species,6528,,5.00,1,,1793,2690
656534579,Photo,Sanderling,Calidris alba,,,Alison Gale,2026-05-01,2026,5,1,947,United States,US-WA-027,Washington,Grays Harbor,Ocean Shores--Pt. Brown Jetty,46.9281600,-124.1739700,"",,Unspecified,false,false,,,,,,,S330514755,"",,,,,Calidris alba,sander,Species,6189,,5.00,1,,2255,3383
656534562,Photo,Least Sandpiper,Calidris minutilla,,,Alison Gale,2026-05-01,2026,5,1,836,United States,US-WA-027,Washington,Grays Harbor,Chance A La Mer SP,47.0127422,-124.1698837,"",,Unspecified,false,false,,,,,,,S330467906,"",,,,,Calidris minutilla,leasan,Species,6226,,5.00,1,,1916,2874
656534529,Photo,California Gull,Larus californicus,,,Alison Gale,2026-05-01,2026,5,1,836,United States,US-WA-027,Washington,Grays Harbor,Chance A La Mer SP,47.0127422,-124.1698837,"",,Unspecified,false,false,,,,,,,S330467906,"",,,,,Larus californicus,calgul,Species,6591,,5.00,1,,2175,3262
656534496,Photo,Barn Swallow,Hirundo rustica,,,Alison Gale,2026-04-30,2026,4,30,1447,United States,US-WA-027,Washington,Grays Harbor,Grays Harbor NWR (Bowerman Basin),46.9731644,-123.9436064,"",,Unspecified,false,false,,,,,,,S330084156,"",,,,,Hirundo rustica,barswa,Species,24187,,5.00,1,,1943,2914
656534493,Photo,Northern Harrier,Circus hudsonius,,,Alison Gale,2026-04-30,2026,4,30,1447,United States,US-WA-027,Washington,Grays Harbor,Grays Harbor NWR (Bowerman Basin),46.9731644,-123.9436064,"",,Unspecified,false,false,,,,,,,S330084156,"",,,,,Circus hudsonius,norhar2,Species,8324,,5.00,1,,1990,2985
656534487,Photo,Brown-headed Cowbird,Molothrus ater,,,Alison Gale,2026-04-30,2026,4,30,1447,United States,US-WA-027,Washington,Grays Harbor,Grays Harbor NWR (Bowerman Basin),46.9731644,-123.9436064,"",,Unspecified,false,false,,,,,,,S330084156,"",,,,,Molothrus ater,bnhcow,Species,33833,,5.00,1,,1714,2571
656534485,Photo,Violet-green Swallow,Tachycineta thalassina,,,Alison Gale,2026-04-30,2026,4,30,1447,United States,US-WA-027,Washington,Grays Harbor,Grays Harbor NWR (Bowerman Basin),46.9731644,-123.9436064,"",,Unspecified,false,false,,,,,,,S330084156,"",,,,,Tachycineta thalassina,vigswa,Species,24074,,4.00,2,,1767,2651
656515988,Photo,Cliff Swallow,Petrochelidon pyrrhonota,,,Alison Gale,2026-05-03,2026,5,3,1049,United States,US-WA-067,Washington,Thurston,Billy Frank Jr. Nisqually NWR,47.0812514,-122.7180576,"",,Unspecified,false,false,,,,,,,S332089254,"",,,,,Petrochelidon pyrrhonota,cliswa,Species,24281,,4.00,2,,2780,4170
656515987,Photo,Cliff Swallow,Petrochelidon pyrrhonota,,,Alison Gale,2026-05-03,2026,5,3,1049,United States,US-WA-067,Washington,Thurston,Billy Frank Jr. Nisqually NWR,47.0812514,-122.7180576,"",,Unspecified,false,false,,,,,,,S332089254,"",,,,,Petrochelidon pyrrhonota,cliswa,Species,24281,,5.00,1,,2849,4273
656515995,Photo,Brown-headed Cowbird,Molothrus ater,,,Alison Gale,2026-05-03,2026,5,3,1049,United States,US-WA-067,Washington,Thurston,Billy Frank Jr. Nisqually NWR,47.0812514,-122.7180576,"",,Unspecified,false,false,,,,,,,S332089254,"",,,,,Molothrus ater,bnhcow,Species,33833,,5.00,1,,2144,3216
656515984,Photo,Cliff Swallow,Petrochelidon pyrrhonota,,,Alison Gale,2026-05-03,2026,5,3,1049,United States,US-WA-067,Washington,Thurston,Billy Frank Jr. Nisqually NWR,47.0812514,-122.7180576,"",,Unspecified,false,false,,,,,,,S332089254,"",,,,,Petrochelidon pyrrhonota,cliswa,Species,24281,,5.00,1,,2038,3057
656515974,Photo,Barn Swallow,Hirundo rustica,,,Alison Gale,2026-05-03,2026,5,3,1049,United States,US-WA-067,Washington,Thurston,Billy Frank Jr. Nisqually NWR,47.0812514,-122.7180576,"",,Unspecified,false,false,,,,,,,S332089254,"",,,,,Hirundo rustica,barswa,Species,24187,,5.00,1,,2033,3049
656515959,Photo,American Bittern,Botaurus lentiginosus,,,Alison Gale,2026-05-03,2026,5,3,1049,United States,US-WA-067,Washington,Thurston,Billy Frank Jr. Nisqually NWR,47.0812514,-122.7180576,"",,Unspecified,false,false,,,,,,,S332089254,"",,,,,Botaurus lentiginosus,amebit,Species,7560,,4.00,1,,2054,3081
656515966,Photo,Bald Eagle,Haliaeetus leucocephalus,,,Alison Gale,2026-05-03,2026,5,3,1049,United States,US-WA-067,Washington,Thurston,Billy Frank Jr. Nisqually NWR,47.0812514,-122.7180576,"",,Unspecified,false,false,,,,,,,S332089254,"",,,,"Must have been a party I wasn't invited to in the nisqually reach. Counted 32 panning across",Haliaeetus leucocephalus,baleag,Species,8367,,5.00,1,,1857,2785
656515948,Photo,Greater Yellowlegs,Tringa melanoleuca,,,Alison Gale,2026-05-03,2026,5,3,1049,United States,US-WA-067,Washington,Thurston,Billy Frank Jr. Nisqually NWR,47.0812514,-122.7180576,"",,Unspecified,false,false,,,,,,,S332089254,"",,,,,Tringa melanoleuca,greyel,Species,6154,,4.00,1,,1921,2881
656515943,Photo,Hudsonian Whimbrel,Numenius hudsonicus,,,Alison Gale,2026-05-03,2026,5,3,1049,United States,US-WA-067,Washington,Thurston,Billy Frank Jr. Nisqually NWR,47.0812514,-122.7180576,"",,Unspecified,false,false,,,,,,,S332089254,"",,,,,Numenius hudsonicus,whimbr3,Species,6011,,4.00,1,,1747,2620
655836110,Photo,Killdeer,Charadrius vociferus,,,Alison Gale,2026-04-25,2026,4,25,724,United States,US-WA-061,Washington,Snohomish,"12th St NE, Everett",48.0077981,-122.1706841,"",,Unspecified,false,false,,,,,,,S327106784,"",,,,Including a baby,Charadrius vociferus,killde,Species,5827,,3.00,1,,3472,4624
655747612,Photo,Spotted Towhee,Pipilo maculatus,,,Alison Gale,2026-04-24,2026,4,24,655,United States,US-WA-033,Washington,King,Union Bay Natural Area/Montlake Fill,47.6542400,-122.2913700,"",,Unspecified,false,false,,,,,,,S326594442,"",,,,,Pipilo maculatus,spotow,Species,33386,,4.50,4,,4029,6043
655747619,Photo,Yellow-rumped Warbler,Setophaga coronata,,,Alison Gale,2026-04-24,2026,4,24,655,United States,US-WA-033,Washington,King,Union Bay Natural Area/Montlake Fill,47.6542400,-122.2913700,"",,Unspecified,false,false,,,,,,,S326594442,"",,,,,Setophaga coronata,yerwar,Species,34159,,5.00,1,,2029,3044
655747595,Photo,Marsh Wren,Cistothorus palustris,,,Alison Gale,2026-04-24,2026,4,24,655,United States,US-WA-033,Washington,King,Union Bay Natural Area/Montlake Fill,47.6542400,-122.2913700,"",,Unspecified,false,false,,,,,,,S326594442,"",,,,,Cistothorus palustris,marwre,Species,27329,,5.00,2,,2403,3604
655747586,Photo,Purple Martin,Progne subis,,,Alison Gale,2026-04-24,2026,4,24,655,United States,US-WA-033,Washington,King,Union Bay Natural Area/Montlake Fill,47.6542400,-122.2913700,"",,Unspecified,false,false,,,,,,,S326594442,"",,,,,Progne subis,purmar,Species,24081,,5.00,2,,1863,2794
655747548,Photo,Northern Flicker,Colaptes auratus,,,Alison Gale,2026-04-24,2026,4,24,655,United States,US-WA-033,Washington,King,Union Bay Natural Area/Montlake Fill,47.6542400,-122.2913700,"",,Unspecified,false,false,,,,,,,S326594442,"",,,,,Colaptes auratus,norfli,Species,11900,,5.00,1,,3347,5020
655747577,Photo,Tree Swallow,Tachycineta bicolor,,,Alison Gale,2026-04-24,2026,4,24,655,United States,US-WA-033,Washington,King,Union Bay Natural Area/Montlake Fill,47.6542400,-122.2913700,"",,Unspecified,false,false,,,,,,,S326594442,"",,,,,Tachycineta bicolor,treswa,Species,24064,,5.00,1,,2054,3081
655747529,Photo,Downy Woodpecker,Dryobates pubescens,,,Alison Gale,2026-04-24,2026,4,24,655,United States,US-WA-033,Washington,King,Union Bay Natural Area/Montlake Fill,47.6542400,-122.2913700,"",,Unspecified,false,false,,,,,,,S326594442,"",,,,,Dryobates pubescens,dowwoo,Species,11400,,5.00,2,,2553,3829
655747520,Photo,Bald Eagle,Haliaeetus leucocephalus,,,Alison Gale,2026-04-24,2026,4,24,655,United States,US-WA-033,Washington,King,Union Bay Natural Area/Montlake Fill,47.6542400,-122.2913700,"",,Unspecified,false,false,,,,,,,S326594442,"",,,,,Haliaeetus leucocephalus,baleag,Species,8367,,5.00,2,,2037,3056
655747516,Photo,Osprey,Pandion haliaetus,,,Alison Gale,2026-04-24,2026,4,24,655,United States,US-WA-033,Washington,King,Union Bay Natural Area/Montlake Fill,47.6542400,-122.2913700,"",,Unspecified,false,false,,,,,,,S326594442,"",,,,,Pandion haliaetus,osprey,Species,7832,,4.00,1,,2283,3424
655747515,Photo,Osprey,Pandion haliaetus,,,Alison Gale,2026-04-24,2026,4,24,655,United States,US-WA-033,Washington,King,Union Bay Natural Area/Montlake Fill,47.6542400,-122.2913700,"",,Unspecified,false,false,,,,,,,S326594442,"",,,,,Pandion haliaetus,osprey,Species,7832,,5.00,1,,2520,3780
655747507,Photo,Double-crested Cormorant,Nannopterum auritum,,,Alison Gale,2026-04-24,2026,4,24,655,United States,US-WA-033,Washington,King,Union Bay Natural Area/Montlake Fill,47.6542400,-122.2913700,"",,Unspecified,false,false,,,,,,,S326594442,"",,,,,Nannopterum auritum,doccor,Species,7424,,5.00,2,,4219,6329
655747487,Photo,"Anna's Hummingbird",Calypte anna,,,Alison Gale,2026-04-24,2026,4,24,655,United States,US-WA-033,Washington,King,Union Bay Natural Area/Montlake Fill,47.6542400,-122.2913700,"",,Unspecified,false,false,,,,,,,S326594442,"",,,,,Calypte anna,annhum,Species,4814,,4.00,1,,1934,2901
655747467,Photo,Mallard,Anas platyrhynchos,,,Alison Gale,2026-04-24,2026,4,24,655,United States,US-WA-033,Washington,King,Union Bay Natural Area/Montlake Fill,47.6542400,-122.2913700,"",,Unspecified,false,false,,,,,,,S326594442,"",,,,,Anas platyrhynchos,mallar3,Species,545,,5.00,1,,3483,5224
655747473,Photo,Green-winged Teal,Anas crecca,,,Alison Gale,2026-04-24,2026,4,24,655,United States,US-WA-033,Washington,King,Union Bay Natural Area/Montlake Fill,47.6542400,-122.2913700,"",,Unspecified,false,false,,,,,,,S326594442,"",,,,,Anas crecca,gnwtea,Species,612,,4.00,2,,2201,3301
655747451,Photo,Canada Goose,Branta canadensis,,,Alison Gale,2026-04-24,2026,4,24,655,United States,US-WA-033,Washington,King,Union Bay Natural Area/Montlake Fill,47.6542400,-122.2913700,"",,Unspecified,false,false,,,,,,,S326594442,"",,,,,Branta canadensis,cangoo,Species,342,,5.00,1,,3805,5707
655747460,Photo,Gadwall,Mareca strepera,,,Alison Gale,2026-04-24,2026,4,24,655,United States,US-WA-033,Washington,King,Union Bay Natural Area/Montlake Fill,47.6542400,-122.2913700,"",,Unspecified,false,false,,,,,,,S326594442,"",,,,,Mareca strepera,gadwal,Species,505,,4.67,3,,3292,4938
655747452,Photo,Canada Goose,Branta canadensis,,,Alison Gale,2026-04-24,2026,4,24,655,United States,US-WA-033,Washington,King,Union Bay Natural Area/Montlake Fill,47.6542400,-122.2913700,"",,Unspecified,false,false,,,,,,,S326594442,"",,,,,Branta canadensis,cangoo,Species,342,,5.00,2,,4154,6231
655747456,Photo,Northern Shoveler,Spatula clypeata,,,Alison Gale,2026-04-24,2026,4,24,655,United States,US-WA-033,Washington,King,Union Bay Natural Area/Montlake Fill,47.6542400,-122.2913700,"",,Unspecified,false,false,,,,,,,S326594442,"",,,,,Spatula clypeata,norsho,Species,501,,5.00,2,,2397,3596
655400729,Photo,Savannah Sparrow,Passerculus sandwichensis,,,Alison Gale,2026-04-17,2026,4,17,1314,United States,US-WA-009,Washington,Clallam,"Jamestown S'Klallam Tribe Center",48.0252673,-122.9962617,"",,Unspecified,false,false,,,,,,,S323134294,"",,,,,Passerculus sandwichensis,savspa,Species,33244,,5.00,2,,1675,2512
655400699,Photo,Rhinoceros Auklet,Cerorhinca monocerata,,,Alison Gale,2026-04-17,2026,4,17,1438,United States,US-WA-009,Washington,Clallam,John Wayne Marina,48.0623184,-123.0416377,"",,Unspecified,false,false,,,,,,,S323179015,"",,,,,Cerorhinca monocerata,rhiauk,Species,6377,,5.00,1,,1579,2369
655400664,Photo,Western x Glaucous-winged Gull (hybrid),Larus occidentalis x glaucescens,,,Alison Gale,2026-04-17,2026,4,17,1438,United States,US-WA-009,Washington,Clallam,John Wayne Marina,48.0623184,-123.0416377,"",,Unspecified,false,false,,,,,,,S323179015,"",,,,,Larus occidentalis x glaucescens,x00051,Hybrid,6597,,5.00,2,,3221,4832
655400643,Photo,Red-necked Grebe,Podiceps grisegena,,,Alison Gale,2026-04-17,2026,4,17,1438,United States,US-WA-009,Washington,Clallam,John Wayne Marina,48.0623184,-123.0416377,"",,Unspecified,false,false,,,,,,,S323179015,"",,,,,Podiceps grisegena,rengre,Species,6869,,4.00,1,,1770,2655
655400634,Photo,Short-billed Gull,Larus brachyrhynchus,,,Alison Gale,2026-04-17,2026,4,17,1438,United States,US-WA-009,Washington,Clallam,John Wayne Marina,48.0623184,-123.0416377,"",,Unspecified,false,false,,,,,,,S323179015,"",,,,,Larus brachyrhynchus,mewgul2,Species,6519,,4.00,1,,1372,2058
655400596,Photo,Horned Grebe,Podiceps auritus,,,Alison Gale,2026-04-18,2026,4,18,822,United States,US-WA-009,Washington,Clallam,Ediz Hook,48.1403500,-123.4471100,"",,Unspecified,false,false,,,,,,,S323667024,"",,,,,Podiceps auritus,horgre,Species,6866,,4.00,1,,1808,2712
655400590,Photo,Common Loon,Gavia immer,,,Alison Gale,2026-04-18,2026,4,18,822,United States,US-WA-009,Washington,Clallam,Ediz Hook,48.1403500,-123.4471100,"",,Unspecified,false,false,,,,,,,S323667024,"",,,,,Gavia immer,comloo,Species,6933,,4.00,1,,1688,2532
655400565,Photo,White-crowned Sparrow,Zonotrichia leucophrys,,,Alison Gale,2026-04-18,2026,4,18,822,United States,US-WA-009,Washington,Clallam,Ediz Hook,48.1403500,-123.4471100,"",,Unspecified,false,false,,,,,,,S323667024,"",,,,,Zonotrichia leucophrys,whcspa,Species,33187,,5.00,2,,3259,4889
655400560,Photo,Black Oystercatcher,Haematopus bachmani,,,Alison Gale,2026-04-18,2026,4,18,822,United States,US-WA-009,Washington,Clallam,Ediz Hook,48.1403500,-123.4471100,"",,Unspecified,false,false,,,,,,,S323667024,"",,,,,Haematopus bachmani,blkoys,Species,5806,,5.00,2,,2561,3842
655400553,Photo,Rock Pigeon (Feral Pigeon),Columba livia (Feral Pigeon),,,Alison Gale,2026-04-18,2026,4,18,822,United States,US-WA-009,Washington,Clallam,Ediz Hook,48.1403500,-123.4471100,"",,Unspecified,false,false,,,,,,,S323667024,"",,,,,Columba livia,rocpig1,Domestic,1868,,4.50,2,,3821,5732
655400549,Photo,Marbled Murrelet,Brachyramphus marmoratus,,,Alison Gale,2026-04-18,2026,4,18,822,United States,US-WA-009,Washington,Clallam,Ediz Hook,48.1403500,-123.4471100,"",,Unspecified,false,false,,,,,,,S323667024,"",,,,,Brachyramphus marmoratus,marmur,Species,6395,,4.00,2,,1808,2712
655400533,Photo,Long-tailed Duck,Clangula hyemalis,,,Alison Gale,2026-04-18,2026,4,18,822,United States,US-WA-009,Washington,Clallam,Ediz Hook,48.1403500,-123.4471100,"",,Unspecified,false,false,,,,,,,S323667024,"",,,,,Clangula hyemalis,lotduc,Species,741,,4.00,1,,1721,2581
655400500,Photo,Belted Kingfisher,Megaceryle alcyon,,,Alison Gale,2026-04-18,2026,4,18,1132,United States,US-WA-009,Washington,Clallam,Elwha River Mouth,48.1447892,-123.5671808,"",,Unspecified,false,false,,,,,,,S323750410,"",,,,,Megaceryle alcyon,belkin1,Species,10306,,4.00,1,,1574,2361
655400492,Photo,Rufous Hummingbird,Selasphorus rufus,,,Alison Gale,2026-04-18,2026,4,18,1132,United States,US-WA-009,Washington,Clallam,Elwha River Mouth,48.1447892,-123.5671808,"",,Unspecified,false,false,,,,,,,S323750410,"",,,,,Selasphorus rufus,rufhum,Species,4826,,5.00,2,,1917,2876
655400479,Photo,Red-throated Loon,Gavia stellata,,,Alison Gale,2026-04-18,2026,4,18,1132,United States,US-WA-009,Washington,Clallam,Elwha River Mouth,48.1447892,-123.5671808,"",,Unspecified,false,false,,,,,,,S323750410,"",,,,,Gavia stellata,retloo,Species,6927,,4.00,1,,2070,3105
655400474,Photo,Killdeer,Charadrius vociferus,,,Alison Gale,2026-04-18,2026,4,18,1132,United States,US-WA-009,Washington,Clallam,Elwha River Mouth,48.1447892,-123.5671808,"",,Unspecified,false,false,,,,,,,S323750410,"",,,,,Charadrius vociferus,killde,Species,5827,,5.00,1,,1874,2811
655400440,Photo,Yellow-rumped Warbler,Setophaga coronata,,,Alison Gale,2026-04-18,2026,4,18,1400,United States,US-WA-009,Washington,Clallam,Freshwater Bay,48.1461024,-123.6414242,"",,Unspecified,false,false,,,,,,,S323789056,"",,,,,Setophaga coronata,yerwar,Species,34159,,4.00,1,,1748,2622
655400437,Photo,Orange-crowned Warbler,Leiothlypis celata,,,Alison Gale,2026-04-18,2026,4,18,1400,United States,US-WA-009,Washington,Clallam,Freshwater Bay,48.1461024,-123.6414242,"",,Unspecified,false,false,,,,,,,S323789056,"",,,,,Leiothlypis celata,orcwar,Species,33973,,4.50,2,,1781,2671
655400432,Photo,Northern Rough-winged Swallow,Stelgidopteryx serripennis,,,Alison Gale,2026-04-18,2026,4,18,1400,United States,US-WA-009,Washington,Clallam,Freshwater Bay,48.1461024,-123.6414242,"",,Unspecified,false,false,,,,,,,S323789056,"",,,,,Stelgidopteryx serripennis,nrwswa,Species,24106,,4.00,1,,1715,2573
655400407,Photo,Song Sparrow,Melospiza melodia,,,Alison Gale,2026-04-18,2026,4,18,1900,United States,US-WA-009,Washington,Clallam,Dungeness Recreation Area,48.1358788,-123.1915855,"",,Unspecified,false,false,,,,,,,S324167538,"",,,,,Melospiza melodia,sonspa,Species,33277,,4.50,2,,2741,4112
655400363,Photo,Bald Eagle,Haliaeetus leucocephalus,,,Alison Gale,2026-04-19,2026,4,19,822,United States,US-WA-009,Washington,Clallam,Dungeness River Dike Trail,48.1411863,-123.1292950,"",,Unspecified,false,false,,,,,,,S324301943,"",,,,,Haliaeetus leucocephalus,baleag,Species,8367,,4.00,1,,1955,2933
655400356,Photo,Black-capped Chickadee,Poecile atricapillus,,,Alison Gale,2026-04-19,2026,4,19,822,United States,US-WA-009,Washington,Clallam,Dungeness River Dike Trail,48.1411863,-123.1292950,"",,Unspecified,false,false,,,,,,,S324301943,"",,,,,Poecile atricapillus,bkcchi,Species,22065,,5.00,1,,1667,2500
655400351,Photo,Marsh Wren,Cistothorus palustris,,,Alison Gale,2026-04-19,2026,4,19,822,United States,US-WA-009,Washington,Clallam,Dungeness River Dike Trail,48.1411863,-123.1292950,"",,Unspecified,false,false,,,,,,,S324301943,"",,,,,Cistothorus palustris,marwre,Species,27329,,5.00,2,,1890,2835
655400346,Photo,Red-winged Blackbird,Agelaius phoeniceus,,,Alison Gale,2026-04-19,2026,4,19,822,United States,US-WA-009,Washington,Clallam,Dungeness River Dike Trail,48.1411863,-123.1292950,"",,Unspecified,false,false,,,,,,,S324301943,"",,,,,Agelaius phoeniceus,rewbla,Species,33779,,4.00,1,,1994,2991
655400335,Photo,Violet-green Swallow,Tachycineta thalassina,,,Alison Gale,2026-04-19,2026,4,19,822,United States,US-WA-009,Washington,Clallam,Dungeness River Dike Trail,48.1411863,-123.1292950,"",,Unspecified,false,false,,,,,,,S324301943,"",,,,,Tachycineta thalassina,vigswa,Species,24074,,4.50,2,,1923,2884
655400102,Photo,Sanderling,Calidris alba,,,Alison Gale,2026-04-19,2026,4,19,1415,United States,US-WA-009,Washington,Clallam,Three Crabs,48.1519450,-123.1222855,"",,Unspecified,false,false,,,,,,,S324402551,"",,,,,Calidris alba,sander,Species,6189,,4.00,1,,1645,2467
655400091,Photo,Least Sandpiper,Calidris minutilla,,,Alison Gale,2026-04-19,2026,4,19,1415,United States,US-WA-009,Washington,Clallam,Three Crabs,48.1519450,-123.1222855,"",,Unspecified,false,false,,,,,,,S324402551,"",,,,,Calidris minutilla,leasan,Species,6226,,5.00,1,,1345,2017
655400070,Photo,Long-billed Dowitcher,Limnodromus scolopaceus,,,Alison Gale,2026-04-19,2026,4,19,1415,United States,US-WA-009,Washington,Clallam,Three Crabs,48.1519450,-123.1222855,"",,Unspecified,false,false,,,,,,,S324402551,"",,,,,Limnodromus scolopaceus,lobdow,Species,6061,,5.00,1,,2010,3015
655400063,Photo,Tree Swallow,Tachycineta bicolor,,,Alison Gale,2026-04-19,2026,4,19,1415,United States,US-WA-009,Washington,Clallam,Three Crabs,48.1519450,-123.1222855,"",,Unspecified,false,false,,,,,,,S324402551,"",,,,,Tachycineta bicolor,treswa,Species,24064,,4.00,1,,1819,2729
655400059,Photo,Barn Swallow,Hirundo rustica,,,Alison Gale,2026-04-19,2026,4,19,1415,United States,US-WA-009,Washington,Clallam,Three Crabs,48.1519450,-123.1222855,"",,Unspecified,false,false,,,,,,,S324402551,"",,,,,Hirundo rustica,barswa,Species,24187,,4.00,2,,2048,3072
655400046,Photo,House Finch,Haemorhous mexicanus,,,Alison Gale,2026-04-19,2026,4,19,1415,United States,US-WA-009,Washington,Clallam,Three Crabs,48.1519450,-123.1222855,"",,Unspecified,false,false,,,,,,,S324402551,"",,,,,Haemorhous mexicanus,houfin,Species,32310,,4.00,1,,1727,2590
655399956,Photo,"Barrow's Goldeneye",Bucephala islandica,,,Alison Gale,2026-04-19,2026,4,19,1707,United States,US-WA-035,Washington,Kitsap,Kingston Ferry Terminal,47.7958271,-122.4960780,"",,Unspecified,false,false,,,,,,,S324448943,"",,,,,Bucephala islandica,bargol,Species,748,,5.00,2,,2185,3277
655399920,Photo,White-crowned Sparrow,Zonotrichia leucophrys,,,Alison Gale,2026-04-19,2026,4,19,1707,United States,US-WA-035,Washington,Kitsap,Kingston Ferry Terminal,47.7958271,-122.4960780,"",,Unspecified,false,false,,,,,,,S324448943,"",,,,,Zonotrichia leucophrys,whcspa,Species,33187,,4.00,1,,3875,5813
655399892,Photo,Pelagic Cormorant,Urile pelagicus,,,Alison Gale,2026-04-19,2026,4,19,1707,United States,US-WA-035,Washington,Kitsap,Kingston Ferry Terminal,47.7958271,-122.4960780,"",,Unspecified,false,false,,,,,,,S324448943,"",,,,,Urile pelagicus,pelcor,Species,7391,,3.50,2,,3155,4733
655399906,Photo,Double-crested Cormorant,Nannopterum auritum,,,Alison Gale,2026-04-19,2026,4,19,1707,United States,US-WA-035,Washington,Kitsap,Kingston Ferry Terminal,47.7958271,-122.4960780,"",,Unspecified,false,false,,,,,,,S324448943,"",,,,,Nannopterum auritum,doccor,Species,7424,,4.00,1,,2561,3842
655399882,Photo,"Brandt's Cormorant",Urile penicillatus,,,Alison Gale,2026-04-19,2026,4,19,1707,United States,US-WA-035,Washington,Kitsap,Kingston Ferry Terminal,47.7958271,-122.4960780,"",,Unspecified,false,false,,,,,,,S324448943,"",,,,,Urile penicillatus,bracor,Species,7389,,5.00,2,,3805,2537
655399877,Photo,Pigeon Guillemot,Cepphus columba,,,Alison Gale,2026-04-19,2026,4,19,1707,United States,US-WA-035,Washington,Kitsap,Kingston Ferry Terminal,47.7958271,-122.4960780,"",,Unspecified,false,false,,,,,,,S324448943,"",,,,,Cepphus columba,piggui,Species,6404,,4.50,2,,1827,2741
655225169,Photo,Barred Owl,Strix varia,,,Alison Gale,2026-04-18,2026,4,18,609,United States,US-WA-009,Washington,Clallam,Dungeness Recreation Area,48.1358788,-123.1915855,"",,Unspecified,false,false,,,,,,,S323453125,"",,,,,Strix varia,brdowl,Species,9219,,5.00,1,,4624,3472
654861916,Photo,Yellow-rumped Warbler,Setophaga coronata,,,Alison Gale,2026-04-12,2026,4,12,720,United States,US-WA-033,Washington,King,Union Bay Natural Area/Montlake Fill,47.6542400,-122.2913700,"",,Unspecified,false,false,,,,,,,S320771289,"",,,,,Setophaga coronata,yerwar,Species,34159,,4.00,1,,2095,3143
654861897,Photo,Red-winged Blackbird,Agelaius phoeniceus,,,Alison Gale,2026-04-12,2026,4,12,720,United States,US-WA-033,Washington,King,Union Bay Natural Area/Montlake Fill,47.6542400,-122.2913700,"",,Unspecified,false,false,,,,,,,S320771289,"",,,,,Agelaius phoeniceus,rewbla,Species,33779,,5.00,2,,2182,3273
654861885,Photo,Spotted Towhee,Pipilo maculatus,,,Alison Gale,2026-04-12,2026,4,12,720,United States,US-WA-033,Washington,King,Union Bay Natural Area/Montlake Fill,47.6542400,-122.2913700,"",,Unspecified,false,false,,,,,,,S320771289,"",,,,,Pipilo maculatus,spotow,Species,33386,,5.00,1,,3429,5144
654861876,Photo,American Goldfinch,Spinus tristis,,,Alison Gale,2026-04-12,2026,4,12,720,United States,US-WA-033,Washington,King,Union Bay Natural Area/Montlake Fill,47.6542400,-122.2913700,"",,Unspecified,false,false,,,,,,,S320771289,"",,,,,Spinus tristis,amegfi,Species,32617,,5.00,1,,1871,2807
654861865,Photo,House Finch,Haemorhous mexicanus,,,Alison Gale,2026-04-12,2026,4,12,720,United States,US-WA-033,Washington,King,Union Bay Natural Area/Montlake Fill,47.6542400,-122.2913700,"",,Unspecified,false,false,,,,,,,S320771289,"",,,,,Haemorhous mexicanus,houfin,Species,32310,,4.50,2,,2569,3853
654861860,Photo,Marsh Wren,Cistothorus palustris,,,Alison Gale,2026-04-12,2026,4,12,720,United States,US-WA-033,Washington,King,Union Bay Natural Area/Montlake Fill,47.6542400,-122.2913700,"",,Unspecified,false,false,,,,,,,S320771289,"",,,,,Cistothorus palustris,marwre,Species,27329,,5.00,2,,2279,3418
654861859,Photo,Marsh Wren,Cistothorus palustris,,,Alison Gale,2026-04-12,2026,4,12,720,United States,US-WA-033,Washington,King,Union Bay Natural Area/Montlake Fill,47.6542400,-122.2913700,"",,Unspecified,false,false,,,,,,,S320771289,"",,,,,Cistothorus palustris,marwre,Species,27329,,5.00,2,,2227,3341
654861837,Photo,Bushtit,Psaltriparus minimus,,,Alison Gale,2026-04-12,2026,4,12,720,United States,US-WA-033,Washington,King,Union Bay Natural Area/Montlake Fill,47.6542400,-122.2913700,"",,Unspecified,false,false,,,,,,,S320771289,"",,,,,Psaltriparus minimus,bushti,Species,25253,,5.00,5,,1775,2662
654861838,Photo,Bushtit,Psaltriparus minimus,,,Alison Gale,2026-04-12,2026,4,12,720,United States,US-WA-033,Washington,King,Union Bay Natural Area/Montlake Fill,47.6542400,-122.2913700,"",,Unspecified,false,false,,,,,,,S320771289,"",,,,,Psaltriparus minimus,bushti,Species,25253,,5.00,10,,1917,2876
654861820,Photo,Pileated Woodpecker,Dryocopus pileatus,,,Alison Gale,2026-04-12,2026,4,12,720,United States,US-WA-033,Washington,King,Union Bay Natural Area/Montlake Fill,47.6542400,-122.2913700,"",,Unspecified,false,false,,,,,,,S320771289,"",,,,,Dryocopus pileatus,pilwoo,Species,11762,,5.00,2,,3595,2397
654861819,Photo,Pileated Woodpecker,Dryocopus pileatus,,,Alison Gale,2026-04-12,2026,4,12,720,United States,US-WA-033,Washington,King,Union Bay Natural Area/Montlake Fill,47.6542400,-122.2913700,"",,Unspecified,false,false,,,,,,,S320771289,"",,,,,Dryocopus pileatus,pilwoo,Species,11762,,5.00,1,,2060,3090
654861802,Photo,Osprey,Pandion haliaetus,,,Alison Gale,2026-04-12,2026,4,12,720,United States,US-WA-033,Washington,King,Union Bay Natural Area/Montlake Fill,47.6542400,-122.2913700,"",,Unspecified,false,false,,,,,,,S320771289,"",,,,,Pandion haliaetus,osprey,Species,7832,,5.00,1,,3376,2251
654861798,Photo,Osprey,Pandion haliaetus,,,Alison Gale,2026-04-12,2026,4,12,720,United States,US-WA-033,Washington,King,Union Bay Natural Area/Montlake Fill,47.6542400,-122.2913700,"",,Unspecified,false,false,,,,,,,S320771289,"",,,,,Pandion haliaetus,osprey,Species,7832,,5.00,2,,2652,1768
654861800,Photo,Osprey,Pandion haliaetus,,,Alison Gale,2026-04-12,2026,4,12,720,United States,US-WA-033,Washington,King,Union Bay Natural Area/Montlake Fill,47.6542400,-122.2913700,"",,Unspecified,false,false,,,,,,,S320771289,"",,,,,Pandion haliaetus,osprey,Species,7832,,5.00,2,,2197,3296
654861786,Photo,Double-crested Cormorant,Nannopterum auritum,,,Alison Gale,2026-04-12,2026,4,12,720,United States,US-WA-033,Washington,King,Union Bay Natural Area/Montlake Fill,47.6542400,-122.2913700,"",,Unspecified,false,false,,,,,,,S320771289,"",,,,,Nannopterum auritum,doccor,Species,7424,,5.00,2,,3317,4976
654861772,Photo,Killdeer,Charadrius vociferus,,,Alison Gale,2026-04-12,2026,4,12,720,United States,US-WA-033,Washington,King,Union Bay Natural Area/Montlake Fill,47.6542400,-122.2913700,"",,Unspecified,false,false,,,,,,,S320771289,"",,,,,Charadrius vociferus,killde,Species,5827,,4.50,2,,2059,3089
654861752,Photo,Wood Duck,Aix sponsa,,,Alison Gale,2026-04-12,2026,4,12,720,United States,US-WA-033,Washington,King,Union Bay Natural Area/Montlake Fill,47.6542400,-122.2913700,"",,Unspecified,false,false,,,,,,,S320771289,"",,,,,Aix sponsa,wooduc,Species,455,,5.00,2,,2177,3265
654685577,Photo,Barn Swallow,Hirundo rustica,,,Alison Gale,2026-04-10,2026,4,10,930,United States,US-WA-057,Washington,Skagit,Skagit Wildlife Area--Wiley Slough,48.3246351,-122.3741287,"",,Unspecified,false,false,,,,,,,S319751834,"",,,,,Hirundo rustica,barswa,Species,24187,,4.50,2,,1485,2227
654685570,Photo,Red-winged Blackbird,Agelaius phoeniceus,,,Alison Gale,2026-04-10,2026,4,10,930,United States,US-WA-057,Washington,Skagit,Skagit Wildlife Area--Wiley Slough,48.3246351,-122.3741287,"",,Unspecified,false,false,,,,,,,S319751834,"",,,,,Agelaius phoeniceus,rewbla,Species,33779,,5.00,3,,2187,3281
654685560,Photo,"Lincoln's Sparrow",Melospiza lincolnii,,,Alison Gale,2026-04-10,2026,4,10,930,United States,US-WA-057,Washington,Skagit,Skagit Wildlife Area--Wiley Slough,48.3246351,-122.3741287,"",,Unspecified,false,false,,,,,,,S319751834,"",,,,,Melospiza lincolnii,linspa,Species,33310,,5.00,3,,1831,2746
654685550,Photo,Savannah Sparrow,Passerculus sandwichensis,,,Alison Gale,2026-04-10,2026,4,10,930,United States,US-WA-057,Washington,Skagit,Skagit Wildlife Area--Wiley Slough,48.3246351,-122.3741287,"",,Unspecified,false,false,,,,,,,S319751834,"",,,,,Passerculus sandwichensis,savspa,Species,33244,,4.00,2,,1683,2524
654685523,Photo,Tree Swallow,Tachycineta bicolor,,,Alison Gale,2026-04-10,2026,4,10,930,United States,US-WA-057,Washington,Skagit,Skagit Wildlife Area--Wiley Slough,48.3246351,-122.3741287,"",,Unspecified,false,false,,,,,,,S319751834,"",,,,,Tachycineta bicolor,treswa,Species,24064,,5.00,4,,1815,2722
654685522,Photo,Tree Swallow,Tachycineta bicolor,,,Alison Gale,2026-04-10,2026,4,10,930,United States,US-WA-057,Washington,Skagit,Skagit Wildlife Area--Wiley Slough,48.3246351,-122.3741287,"",,Unspecified,false,false,,,,,,,S319751834,"",,,,,Tachycineta bicolor,treswa,Species,24064,,5.00,3,,1795,2692
654685521,Photo,Tree Swallow,Tachycineta bicolor,,,Alison Gale,2026-04-10,2026,4,10,930,United States,US-WA-057,Washington,Skagit,Skagit Wildlife Area--Wiley Slough,48.3246351,-122.3741287,"",,Unspecified,false,false,,,,,,,S319751834,"",,,,,Tachycineta bicolor,treswa,Species,24064,,5.00,3,,1474,2211
654685503,Photo,Black Phoebe,Sayornis nigricans,,,Alison Gale,2026-04-10,2026,4,10,930,United States,US-WA-057,Washington,Skagit,Skagit Wildlife Area--Wiley Slough,48.3246351,-122.3741287,"",,Unspecified,false,false,,,,,,,S319751834,"",,,,Small bird with black head and white chest,Sayornis nigricans,blkpho,Species,16998,,5.00,4,,1611,2417
654685493,Photo,Bald Eagle,Haliaeetus leucocephalus,,,Alison Gale,2026-04-10,2026,4,10,930,United States,US-WA-057,Washington,Skagit,Skagit Wildlife Area--Wiley Slough,48.3246351,-122.3741287,"",,Unspecified,false,false,,,,,,,S319751834,"",,,,,Haliaeetus leucocephalus,baleag,Species,8367,,5.00,3,,2869,4304
654685497,Photo,Downy Woodpecker,Dryobates pubescens,,,Alison Gale,2026-04-10,2026,4,10,930,United States,US-WA-057,Washington,Skagit,Skagit Wildlife Area--Wiley Slough,48.3246351,-122.3741287,"",,Unspecified,false,false,,,,,,,S319751834,"",,,,,Dryobates pubescens,dowwoo,Species,11400,,4.50,2,,1945,2917
654685492,Photo,Bald Eagle,Haliaeetus leucocephalus,,,Alison Gale,2026-04-10,2026,4,10,930,United States,US-WA-057,Washington,Skagit,Skagit Wildlife Area--Wiley Slough,48.3246351,-122.3741287,"",,Unspecified,false,false,,,,,,,S319751834,"",,,,,Haliaeetus leucocephalus,baleag,Species,8367,,5.00,1,,1978,2967
654685479,Photo,Great Blue Heron,Ardea herodias,,,Alison Gale,2026-04-10,2026,4,10,930,United States,US-WA-057,Washington,Skagit,Skagit Wildlife Area--Wiley Slough,48.3246351,-122.3741287,"",,Unspecified,false,false,,,,,,,S319751834,"",,,,,Ardea herodias,grbher3,Species,7753,,5.00,3,,3180,4770
654685473,Photo,Greater Yellowlegs,Tringa melanoleuca,,,Alison Gale,2026-04-10,2026,4,10,930,United States,US-WA-057,Washington,Skagit,Skagit Wildlife Area--Wiley Slough,48.3246351,-122.3741287,"",,Unspecified,false,false,,,,,,,S319751834,"",,,,,Tringa melanoleuca,greyel,Species,6154,,5.00,2,,1775,2662
654685218,Photo,Horned Grebe,Podiceps auritus,,,Alison Gale,2026-04-10,2026,4,10,754,United States,US-WA-061,Washington,Snohomish,Edmonds Public Fishing Pier,47.8110241,-122.3899493,"",,Unspecified,false,false,,,,,,,S319626376,"",,,,,Podiceps auritus,horgre,Species,6866,,5.00,2,,3755,5633
654685217,Photo,Horned Grebe,Podiceps auritus,,,Alison Gale,2026-04-10,2026,4,10,754,United States,US-WA-061,Washington,Snohomish,Edmonds Public Fishing Pier,47.8110241,-122.3899493,"",,Unspecified,false,false,,,,,,,S319626376,"",,,,,Podiceps auritus,horgre,Species,6866,,5.00,2,,2131,3197
654685209,Photo,Pigeon Guillemot,Cepphus columba,,,Alison Gale,2026-04-10,2026,4,10,754,United States,US-WA-061,Washington,Snohomish,Edmonds Public Fishing Pier,47.8110241,-122.3899493,"",,Unspecified,false,false,,,,,,,S319626376,"",,,,,Cepphus columba,piggui,Species,6404,,5.00,2,,1993,2990
654685173,Photo,House Finch,Haemorhous mexicanus,,,Alison Gale,2026-04-10,2026,4,10,723,United States,US-WA-061,Washington,Snohomish,Edmonds Marsh,47.8085287,-122.3864508,"",,Unspecified,false,false,,,,,,,S319608405,"",,,,,Haemorhous mexicanus,houfin,Species,32310,,4.50,2,,1907,2860
654685174,Photo,House Finch,Haemorhous mexicanus,,,Alison Gale,2026-04-10,2026,4,10,723,United States,US-WA-061,Washington,Snohomish,Edmonds Marsh,47.8085287,-122.3864508,"",,Unspecified,false,false,,,,,,,S319608405,"",,,,,Haemorhous mexicanus,houfin,Species,32310,,5.00,2,,2189,3283
654685167,Photo,Violet-green Swallow,Tachycineta thalassina,,,Alison Gale,2026-04-10,2026,4,10,723,United States,US-WA-061,Washington,Snohomish,Edmonds Marsh,47.8085287,-122.3864508,"",,Unspecified,false,false,,,,,,,S319608405,"",,,,,Tachycineta thalassina,vigswa,Species,24074,,3.50,2,,2350,3525
654685160,Photo,Tree Swallow,Tachycineta bicolor,,,Alison Gale,2026-04-10,2026,4,10,723,United States,US-WA-061,Washington,Snohomish,Edmonds Marsh,47.8085287,-122.3864508,"",,Unspecified,false,false,,,,,,,S319608405,"",,,,,Tachycineta bicolor,treswa,Species,24064,,4.50,2,,1591,2387
654685152,Photo,"Anna's Hummingbird",Calypte anna,,,Alison Gale,2026-04-10,2026,4,10,723,United States,US-WA-061,Washington,Snohomish,Edmonds Marsh,47.8085287,-122.3864508,"",,Unspecified,false,false,,,,,,,S319608405,"",,,,,Calypte anna,annhum,Species,4814,,4.50,2,,2173,3260
654685138,Photo,Gadwall,Mareca strepera,,,Alison Gale,2026-04-10,2026,4,10,723,United States,US-WA-061,Washington,Snohomish,Edmonds Marsh,47.8085287,-122.3864508,"",,Unspecified,false,false,,,,,,,S319608405,"",,,,,Mareca strepera,gadwal,Species,505,,4.50,2,,2151,3226
653700922,Photo,Dunlin,Calidris alpina,,,Alison Gale,2026-03-28,2026,3,28,736,United States,US-HI-007,Hawaii,Kauai,"Kawai'ele State Waterbird Sanctuary",22.0099791,-159.7679526,"",,Unspecified,false,false,,,,,,,S314045091,"",,,,Small shorebird with light belly and long slightly curved bill. Will upload photo later,Calidris alpina,dunlin,Species,6192,,3.50,2,,1080,1616
653397345,Photo,Red-tailed Hawk,Buteo jamaicensis,,,Alison Gale,2026-03-22,2026,3,22,1100,United States,US-WA-001,Washington,Adams,Columbia NWR--Royal Lake,46.8716342,-119.3433344,"",,Unspecified,false,false,,,,,,,S312570475,"",,,,,Buteo jamaicensis,rethaw,Species,8506,,4.50,2,,1723,2584
653397333,Photo,American Kestrel,Falco sparverius,,,Alison Gale,2026-03-22,2026,3,22,1100,United States,US-WA-001,Washington,Adams,Columbia NWR--Royal Lake,46.8716342,-119.3433344,"",,Unspecified,false,false,,,,,,,S312570475,"",,,,,Falco sparverius,amekes,Species,12028,,.00,0,,1688,2532
653396996,Photo,Red-winged Blackbird,Agelaius phoeniceus,,,Alison Gale,2026-03-21,2026,3,21,1039,United States,US-WA-001,Washington,Adams,"Para/McCain's Ponds",46.8574296,-119.1854596,"",,Unspecified,false,false,,,,,,,S311556119,"",,,,,Agelaius phoeniceus,rewbla,Species,33779,,4.00,1,,2663,3994
653396962,Photo,Brown-headed Cowbird,Molothrus ater,,,Alison Gale,2026-03-22,2026,3,22,819,United States,US-WA-001,Washington,Adams,"West Gillis Road, Othello, Washington, US (46.81, -119.347)",46.8100099,-119.3474460,"",,Unspecified,false,false,,,,,,,S312035095,"",,,,,Molothrus ater,bnhcow,Species,33833,,.00,0,,1881,2822
653396937,Photo,Loggerhead Shrike,Lanius ludovicianus,,,Alison Gale,2026-03-22,2026,3,22,1002,United States,US-WA-025,Washington,Grant,"Lower Crab Creek Road Southeast, Othello, Washington, US (46.81, -119.416)",46.8103875,-119.4164898,"",,Unspecified,false,false,,,,,,,S312066452,"",,,,,Lanius ludovicianus,logshr,Species,21091,,.00,0,,1324,1986
653396899,Photo,European Starling,Sturnus vulgaris,,,Alison Gale,2026-03-21,2026,3,21,759,United States,US-WA-025,Washington,Grant,Potholes SP,46.9809077,-119.3508177,"",,Unspecified,false,false,,,,,,,S311476924,"",,,,,Sturnus vulgaris,eursta,Species,27813,,5.00,1,,2701,4052
653396878,Photo,Great Horned Owl,Bubo virginianus,,,Alison Gale,2026-03-21,2026,3,21,759,United States,US-WA-025,Washington,Grant,Potholes SP,46.9809077,-119.3508177,"",,Unspecified,false,false,,,,,,,S311476924,"",,,,,Bubo virginianus,grhowl,Species,8910,,3.00,1,,4343,2895
653396864,Photo,Tree Swallow,Tachycineta bicolor,,,Alison Gale,2026-03-21,2026,3,21,759,United States,US-WA-025,Washington,Grant,Potholes SP,46.9809077,-119.3508177,"",,Unspecified,false,false,,,,,,,S311476924,"",,,,,Tachycineta bicolor,treswa,Species,24064,,3.00,1,,2767,4151
653396863,Photo,Tree Swallow,Tachycineta bicolor,,,Alison Gale,2026-03-21,2026,3,21,759,United States,US-WA-025,Washington,Grant,Potholes SP,46.9809077,-119.3508177,"",,Unspecified,false,false,,,,,,,S311476924,"",,,,,Tachycineta bicolor,treswa,Species,24064,,3.00,1,,1795,2692
653396842,Photo,House Finch,Haemorhous mexicanus,,,Alison Gale,2026-03-21,2026,3,21,759,United States,US-WA-025,Washington,Grant,Potholes SP,46.9809077,-119.3508177,"",,Unspecified,false,false,,,,,,,S311476924,"",,,,,Haemorhous mexicanus,houfin,Species,32310,,4.00,1,,1647,2471
653396829,Photo,Varied Thrush,Ixoreus naevius,,,Alison Gale,2026-03-21,2026,3,21,759,United States,US-WA-025,Washington,Grant,Potholes SP,46.9809077,-119.3508177,"",,Unspecified,false,false,,,,,,,S311476924,"",,,,,Ixoreus naevius,varthr,Species,28249,,4.00,1,,2406,3609
653396808,Photo,California Quail,Callipepla californica,,,Alison Gale,2026-03-21,2026,3,21,759,United States,US-WA-025,Washington,Grant,Potholes SP,46.9809077,-119.3508177,"",,Unspecified,false,false,,,,,,,S311476924,"",,,,,Callipepla californica,calqua,Species,1094,,4.50,2,,1993,2990
653396768,Photo,Great Horned Owl,Bubo virginianus,,,Alison Gale,2026-03-20,2026,3,20,1804,United States,US-WA-025,Washington,Grant,Potholes SP,46.9809077,-119.3508177,"",,Unspecified,false,false,,,,,,,S311185088,"",,,,,Bubo virginianus,grhowl,Species,8910,,.00,0,,3007,4510
653396767,Photo,Great Horned Owl,Bubo virginianus,,,Alison Gale,2026-03-20,2026,3,20,1804,United States,US-WA-025,Washington,Grant,Potholes SP,46.9809077,-119.3508177,"",,Unspecified,false,false,,,,,,,S311185088,"",,,,,Bubo virginianus,grhowl,Species,8910,,.00,0,,2671,4006
653396766,Photo,Great Horned Owl,Bubo virginianus,,,Alison Gale,2026-03-20,2026,3,20,1804,United States,US-WA-025,Washington,Grant,Potholes SP,46.9809077,-119.3508177,"",,Unspecified,false,false,,,,,,,S311185088,"",,,,,Bubo virginianus,grhowl,Species,8910,,5.00,1,,3221,2147
653396616,Photo,Tree Swallow,Tachycineta bicolor,,,Alison Gale,2026-03-20,2026,3,20,1058,United States,US-WA-025,Washington,Grant,Potholes Reservoir--south half,46.9913570,-119.3181243,"",,Unspecified,false,false,,,,,,,S311113230,"",,,,,Tachycineta bicolor,treswa,Species,24064,,4.50,2,,4619,3079
653396591,Photo,Bald Eagle,Haliaeetus leucocephalus,,,Alison Gale,2026-03-20,2026,3,20,1058,United States,US-WA-025,Washington,Grant,Potholes Reservoir--south half,46.9913570,-119.3181243,"",,Unspecified,false,false,,,,,,,S311113230,"",,,,,Haliaeetus leucocephalus,baleag,Species,8367,,.00,0,,2161,3242
653396490,Photo,White-crowned Sparrow,Zonotrichia leucophrys,,,Alison Gale,2026-03-20,2026,3,20,805,United States,US-WA-025,Washington,Grant,Potholes SP,46.9809077,-119.3508177,"",,Unspecified,false,false,,,,,,,S310993075,"",,,,,Zonotrichia leucophrys,whcspa,Species,33187,,4.50,2,,1887,2830
653396467,Photo,Tree Swallow,Tachycineta bicolor,,,Alison Gale,2026-03-19,2026,3,19,1747,United States,US-WA-025,Washington,Grant,Potholes SP,46.9809077,-119.3508177,"",,Unspecified,false,false,,,,,,,S310816477,"",,,,,Tachycineta bicolor,treswa,Species,24064,,4.50,2,,1830,2745
653396449,Photo,American Coot,Fulica americana,,,Alison Gale,2026-03-19,2026,3,19,1747,United States,US-WA-025,Washington,Grant,Potholes SP,46.9809077,-119.3508177,"",,Unspecified,false,false,,,,,,,S310816477,"",,,,,Fulica americana,y00475,Species,5500,,3.00,1,,2651,3976
653396428,Photo,American Robin,Turdus migratorius,,,Alison Gale,2026-03-19,2026,3,19,1747,United States,US-WA-025,Washington,Grant,Potholes SP,46.9809077,-119.3508177,"",,Unspecified,false,false,,,,,,,S310816477,"",,,,,Turdus migratorius,amerob,Species,28633,,.00,0,,2961,4442
653396374,Photo,Burrowing Owl,Athene cunicularia,,,Alison Gale,2026-03-19,2026,3,19,1602,United States,US-WA-025,Washington,Grant,"6008 Road 6 Northwest, Ephrata, Washington, US (47.177, -119.619)",47.1771287,-119.6186638,"",,Unspecified,false,false,,,,,,,S310788595,"",,,,,Athene cunicularia,burowl,Species,9133,,5.00,3,,2034,3051
653396383,Photo,Western Meadowlark,Sturnella neglecta,,,Alison Gale,2026-03-19,2026,3,19,1602,United States,US-WA-025,Washington,Grant,"6008 Road 6 Northwest, Ephrata, Washington, US (47.177, -119.619)",47.1771287,-119.6186638,"",,Unspecified,false,false,,,,,,,S310788595,"",,,,,Sturnella neglecta,wesmea,Species,33565,,4.00,1,,1586,2379
653396373,Photo,Burrowing Owl,Athene cunicularia,,,Alison Gale,2026-03-19,2026,3,19,1602,United States,US-WA-025,Washington,Grant,"6008 Road 6 Northwest, Ephrata, Washington, US (47.177, -119.619)",47.1771287,-119.6186638,"",,Unspecified,false,false,,,,,,,S310788595,"",,,,,Athene cunicularia,burowl,Species,9133,,.00,0,,1861,2792
653396323,Photo,Killdeer,Charadrius vociferus,,,Alison Gale,2026-03-19,2026,3,19,1447,United States,US-WA-037,Washington,Kittitas,Wanapum SP,46.9005541,-119.9892426,"",,Unspecified,false,false,,,,,,,S310774319,"",,,,,Charadrius vociferus,killde,Species,5827,,4.50,2,,1642,2463
653396262,Photo,Mountain Bluebird,Sialia currucoides,,,Alison Gale,2026-03-19,2026,3,19,1331,United States,US-WA-037,Washington,Kittitas,Quilomene Wildlife Area--East Entrance,46.9592845,-120.1404279,"",,Unspecified,false,false,,,,,,,S310759735,"",,,,,Sialia currucoides,moublu,Species,28144,,3.50,2,,1777,2665
653396261,Photo,Mountain Bluebird,Sialia currucoides,,,Alison Gale,2026-03-19,2026,3,19,1331,United States,US-WA-037,Washington,Kittitas,Quilomene Wildlife Area--East Entrance,46.9592845,-120.1404279,"",,Unspecified,false,false,,,,,,,S310759735,"",,,,,Sialia currucoides,moublu,Species,28144,,3.00,1,,1780,2670
653396263,Photo,Mountain Bluebird,Sialia currucoides,,,Alison Gale,2026-03-19,2026,3,19,1331,United States,US-WA-037,Washington,Kittitas,Quilomene Wildlife Area--East Entrance,46.9592845,-120.1404279,"",,Unspecified,false,false,,,,,,,S310759735,"",,,,,Sialia currucoides,moublu,Species,28144,,4.50,2,,2166,3249
653396251,Photo,Horned Lark,Eremophila alpestris,,,Alison Gale,2026-03-19,2026,3,19,1331,United States,US-WA-037,Washington,Kittitas,Quilomene Wildlife Area--East Entrance,46.9592845,-120.1404279,"",,Unspecified,false,false,,,,,,,S310759735,"",,,,,Eremophila alpestris,horlar,Species,22710,,4.50,2,,1861,2792
653396252,Photo,Horned Lark,Eremophila alpestris,,,Alison Gale,2026-03-19,2026,3,19,1331,United States,US-WA-037,Washington,Kittitas,Quilomene Wildlife Area--East Entrance,46.9592845,-120.1404279,"",,Unspecified,false,false,,,,,,,S310759735,"",,,,,Eremophila alpestris,horlar,Species,22710,,5.00,1,,1830,2745
652394630,Photo,Belted Kingfisher,Megaceryle alcyon,,,Alison Gale,2026-03-08,2026,3,8,752,United States,US-WA-033,Washington,King,Union Bay Natural Area/Montlake Fill,47.6542400,-122.2913700,"",,Unspecified,false,false,,,,,,,S307285086,"",,,,,Megaceryle alcyon,belkin1,Species,10306,,.00,0,,1927,2891
652394615,Photo,Double-crested Cormorant,Nannopterum auritum,,,Alison Gale,2026-03-08,2026,3,8,752,United States,US-WA-033,Washington,King,Union Bay Natural Area/Montlake Fill,47.6542400,-122.2913700,"",,Unspecified,false,false,,,,,,,S307285086,"",,,,,Nannopterum auritum,doccor,Species,7424,,.00,0,,3073,4610
652394606,Photo,Ring-necked Duck,Aythya collaris,,,Alison Gale,2026-03-08,2026,3,8,752,United States,US-WA-033,Washington,King,Union Bay Natural Area/Montlake Fill,47.6542400,-122.2913700,"",,Unspecified,false,false,,,,,,,S307285086,"",,,,,Aythya collaris,rinduc,Species,673,,5.00,1,,2223,3334
652394610,Photo,Pied-billed Grebe,Podilymbus podiceps,,,Alison Gale,2026-03-08,2026,3,8,752,United States,US-WA-033,Washington,King,Union Bay Natural Area/Montlake Fill,47.6542400,-122.2913700,"",,Unspecified,false,false,,,,,,,S307285086,"",,,,,Podilymbus podiceps,pibgre,Species,6855,,4.00,1,,1989,2983
651959166,Photo,Belted Kingfisher,Megaceryle alcyon,,,Alison Gale,2026-03-01,2026,3,1,645,United States,US-WA-033,Washington,King,Union Bay Natural Area/Montlake Fill,47.6542400,-122.2913700,"",,Unspecified,false,false,,,,,,,S305068426,"",,,,,Megaceryle alcyon,belkin1,Species,10306,,.00,0,,1576,2364
651953829,Photo,Yellow-rumped Warbler,Setophaga coronata,,,Alison Gale,2026-03-01,2026,3,1,645,United States,US-WA-033,Washington,King,Union Bay Natural Area/Montlake Fill,47.6542400,-122.2913700,"",,Unspecified,false,false,,,,,,,S305068426,"",,,,,Setophaga coronata,yerwar,Species,34159,,4.80,5,,2065,3097
651953781,Photo,Red-winged Blackbird,Agelaius phoeniceus,,,Alison Gale,2026-03-01,2026,3,1,645,United States,US-WA-033,Washington,King,Union Bay Natural Area/Montlake Fill,47.6542400,-122.2913700,"",,Unspecified,false,false,,,,,,,S305068426,"",,,,,Agelaius phoeniceus,rewbla,Species,33779,,4.50,2,,2273,3410
651953767,Photo,Tree Swallow,Tachycineta bicolor,,,Alison Gale,2026-03-01,2026,3,1,645,United States,US-WA-033,Washington,King,Union Bay Natural Area/Montlake Fill,47.6542400,-122.2913700,"",,Unspecified,false,false,,,,,,,S305068426,"",,,,,Tachycineta bicolor,treswa,Species,24064,,4.50,2,,1698,2547
651953748,Photo,Black-capped Chickadee,Poecile atricapillus,,,Alison Gale,2026-03-01,2026,3,1,645,United States,US-WA-033,Washington,King,Union Bay Natural Area/Montlake Fill,47.6542400,-122.2913700,"",,Unspecified,false,false,,,,,,,S305068426,"",,,,,Poecile atricapillus,bkcchi,Species,22065,,5.00,2,,3313,4969
651953738,Photo,Northern Flicker,Colaptes auratus,,,Alison Gale,2026-03-01,2026,3,1,645,United States,US-WA-033,Washington,King,Union Bay Natural Area/Montlake Fill,47.6542400,-122.2913700,"",,Unspecified,false,false,,,,,,,S305068426,"",,,,,Colaptes auratus,norfli,Species,11900,,4.50,2,,3679,5518
651953737,Photo,Northern Flicker,Colaptes auratus,,,Alison Gale,2026-03-01,2026,3,1,645,United States,US-WA-033,Washington,King,Union Bay Natural Area/Montlake Fill,47.6542400,-122.2913700,"",,Unspecified,false,false,,,,,,,S305068426,"",,,,,Colaptes auratus,norfli,Species,11900,,.00,0,,1856,2784
651953736,Photo,Northern Flicker,Colaptes auratus,,,Alison Gale,2026-03-01,2026,3,1,645,United States,US-WA-033,Washington,King,Union Bay Natural Area/Montlake Fill,47.6542400,-122.2913700,"",,Unspecified,false,false,,,,,,,S305068426,"",,,,,Colaptes auratus,norfli,Species,11900,,.00,0,,1439,2158
651953716,Photo,Downy Woodpecker,Dryobates pubescens,,,Alison Gale,2026-03-01,2026,3,1,645,United States,US-WA-033,Washington,King,Union Bay Natural Area/Montlake Fill,47.6542400,-122.2913700,"",,Unspecified,false,false,,,,,,,S305068426,"",,,,,Dryobates pubescens,dowwoo,Species,11400,,.00,0,,1593,2389
651953699,Photo,Belted Kingfisher,Megaceryle alcyon,,,Alison Gale,2026-03-01,2026,3,1,645,United States,US-WA-033,Washington,King,Union Bay Natural Area/Montlake Fill,47.6542400,-122.2913700,"",,Unspecified,false,false,,,,,,,S305068426,"",,,,,Megaceryle alcyon,belkin1,Species,10306,,3.00,1,,1836,2754
651953698,Photo,Belted Kingfisher,Megaceryle alcyon,,,Alison Gale,2026-03-01,2026,3,1,645,United States,US-WA-033,Washington,King,Union Bay Natural Area/Montlake Fill,47.6542400,-122.2913700,"",,Unspecified,false,false,,,,,,,S305068426,"",,,,,Megaceryle alcyon,belkin1,Species,10306,,.00,0,,1525,2288
651953658,Photo,Bald Eagle,Haliaeetus leucocephalus,,,Alison Gale,2026-03-01,2026,3,1,645,United States,US-WA-033,Washington,King,Union Bay Natural Area/Montlake Fill,47.6542400,-122.2913700,"",,Unspecified,false,false,,,,,,,S305068426,"",,,,,Haliaeetus leucocephalus,baleag,Species,8367,,4.00,1,,2325,3487
651953657,Photo,Red-tailed Hawk,Buteo jamaicensis,,,Alison Gale,2026-03-01,2026,3,1,645,United States,US-WA-033,Washington,King,Union Bay Natural Area/Montlake Fill,47.6542400,-122.2913700,"",,Unspecified,false,false,,,,,,,S305068426,"",,,,,Buteo jamaicensis,rethaw,Species,8506,,.00,0,,2335,3502
651953656,Photo,"Cooper's Hawk",Astur cooperii,,,Alison Gale,2026-03-01,2026,3,1,645,United States,US-WA-033,Washington,King,Union Bay Natural Area/Montlake Fill,47.6542400,-122.2913700,"",,Unspecified,false,false,,,,,,,S305068426,"",,,,,Astur cooperii,coohaw,Species,8278,,.00,0,,1627,2440
651953607,Photo,Great Blue Heron,Ardea herodias,,,Alison Gale,2026-03-01,2026,3,1,645,United States,US-WA-033,Washington,King,Union Bay Natural Area/Montlake Fill,47.6542400,-122.2913700,"",,Unspecified,false,false,,,,,,,S305068426,"",,,,,Ardea herodias,grbher3,Species,7753,,.00,0,,1825,2738
651953593,Photo,Green Heron,Butorides virescens,,,Alison Gale,2026-03-01,2026,3,1,645,United States,US-WA-033,Washington,King,Union Bay Natural Area/Montlake Fill,47.6542400,-122.2913700,"",,Unspecified,false,false,,,,,,,S305068426,"",,,,,Butorides virescens,grnher,Species,7704,,4.00,1,,1775,2662
651953594,Photo,Green Heron,Butorides virescens,,,Alison Gale,2026-03-01,2026,3,1,645,United States,US-WA-033,Washington,King,Union Bay Natural Area/Montlake Fill,47.6542400,-122.2913700,"",,Unspecified,false,false,,,,,,,S305068426,"",,,,,Butorides virescens,grnher,Species,7704,,.00,0,,2075,3113
651953576,Photo,Double-crested Cormorant,Nannopterum auritum,,,Alison Gale,2026-03-01,2026,3,1,645,United States,US-WA-033,Washington,King,Union Bay Natural Area/Montlake Fill,47.6542400,-122.2913700,"",,Unspecified,false,false,,,,,,,S305068426,"",,,,,Nannopterum auritum,doccor,Species,7424,,.00,0,,2757,4136
651953555,Photo,American Coot,Fulica americana,,,Alison Gale,2026-03-01,2026,3,1,645,United States,US-WA-033,Washington,King,Union Bay Natural Area/Montlake Fill,47.6542400,-122.2913700,"",,Unspecified,false,false,,,,,,,S305068426,"",,,,,Fulica americana,y00475,Species,5500,,.00,0,,2406,3609
651953556,Photo,American Coot,Fulica americana,,,Alison Gale,2026-03-01,2026,3,1,645,United States,US-WA-033,Washington,King,Union Bay Natural Area/Montlake Fill,47.6542400,-122.2913700,"",,Unspecified,false,false,,,,,,,S305068426,"",,,,,Fulica americana,y00475,Species,5500,,.00,0,,2630,3945
651953519,Photo,"Anna's Hummingbird",Calypte anna,,,Alison Gale,2026-03-01,2026,3,1,645,United States,US-WA-033,Washington,King,Union Bay Natural Area/Montlake Fill,47.6542400,-122.2913700,"",,Unspecified,false,false,,,,,,,S305068426,"",,,,,Calypte anna,annhum,Species,4814,,.00,0,,1632,2448
651953512,Photo,Hooded Merganser,Lophodytes cucullatus,,,Alison Gale,2026-03-01,2026,3,1,645,United States,US-WA-033,Washington,King,Union Bay Natural Area/Montlake Fill,47.6542400,-122.2913700,"",,Unspecified,false,false,,,,,,,S305068426,"",,,,,Lophodytes cucullatus,hoomer,Species,754,,4.50,2,,2080,3120
651953484,Photo,Green-winged Teal,Anas crecca,,,Alison Gale,2026-03-01,2026,3,1,645,United States,US-WA-033,Washington,King,Union Bay Natural Area/Montlake Fill,47.6542400,-122.2913700,"",,Unspecified,false,false,,,,,,,S305068426,"",,,,,Anas crecca,gnwtea,Species,612,,4.50,2,,1601,2402
651953457,Photo,Mallard,Anas platyrhynchos,,,Alison Gale,2026-03-01,2026,3,1,645,United States,US-WA-033,Washington,King,Union Bay Natural Area/Montlake Fill,47.6542400,-122.2913700,"",,Unspecified,false,false,,,,,,,S305068426,"",,,,,Anas platyrhynchos,mallar3,Species,545,,.00,0,,2610,3915
651953445,Photo,Gadwall,Mareca strepera,,,Alison Gale,2026-03-01,2026,3,1,645,United States,US-WA-033,Washington,King,Union Bay Natural Area/Montlake Fill,47.6542400,-122.2913700,"",,Unspecified,false,false,,,,,,,S305068426,"",,,,,Mareca strepera,gadwal,Species,505,,5.00,1,,2203,3304
651953430,Photo,Northern Shoveler,Spatula clypeata,,,Alison Gale,2026-03-01,2026,3,1,645,United States,US-WA-033,Washington,King,Union Bay Natural Area/Montlake Fill,47.6542400,-122.2913700,"",,Unspecified,false,false,,,,,,,S305068426,"",,,,,Spatula clypeata,norsho,Species,501,,.00,0,,3136,4704
651953422,Photo,Wood Duck,Aix sponsa,,,Alison Gale,2026-03-01,2026,3,1,645,United States,US-WA-033,Washington,King,Union Bay Natural Area/Montlake Fill,47.6542400,-122.2913700,"",,Unspecified,false,false,,,,,,,S305068426,"",,,,,Aix sponsa,wooduc,Species,455,,5.00,1,,2610,3915
651953415,Photo,Canada Goose,Branta canadensis,,,Alison Gale,2026-03-01,2026,3,1,645,United States,US-WA-033,Washington,King,Union Bay Natural Area/Montlake Fill,47.6542400,-122.2913700,"",,Unspecified,false,false,,,,,,,S305068426,"",,,,,Branta canadensis,cangoo,Species,342,,5.00,1,,3740,5610
651953398,Photo,Barn Swallow,Hirundo rustica,,,Alison Gale,2026-03-01,2026,3,1,645,United States,US-WA-033,Washington,King,Union Bay Natural Area/Montlake Fill,47.6542400,-122.2913700,"",,Unspecified,false,false,,,,,,,S305068426,"",,,,,Hirundo rustica,barswa,Species,24187,,2.00,1,,1357,2036
651822654,Photo,Cinnamon Teal,Spatula cyanoptera,,,Alison Gale,2026-02-27,2026,2,27,1310,United States,US-WA-061,Washington,Snohomish,Lowell Riverfront Trail,47.9560191,-122.1890402,"",,Unspecified,false,false,,,,,,,S304371242,"",,,,,Spatula cyanoptera,cintea,Species,487,,.00,0,,1688,2532
651822610,Photo,Red-winged Blackbird,Agelaius phoeniceus,,,Alison Gale,2026-02-27,2026,2,27,839,United States,US-WA-061,Washington,Snohomish,Everett Sewage Lagoons,47.9988889,-122.1700000,"",,Unspecified,false,false,,,,,,,S304355760,"",,,,,Agelaius phoeniceus,rewbla,Species,33779,,3.00,1,,2396,3594
651822608,Photo,Song Sparrow,Melospiza melodia,,,Alison Gale,2026-02-27,2026,2,27,839,United States,US-WA-061,Washington,Snohomish,Everett Sewage Lagoons,47.9988889,-122.1700000,"",,Unspecified,false,false,,,,,,,S304355760,"",,,,,Melospiza melodia,sonspa,Species,33277,,3.00,1,,1943,2914
651822601,Photo,Bald Eagle,Haliaeetus leucocephalus,,,Alison Gale,2026-02-27,2026,2,27,839,United States,US-WA-061,Washington,Snohomish,Everett Sewage Lagoons,47.9988889,-122.1700000,"",,Unspecified,false,false,,,,,,,S304355760,"",,,,,Haliaeetus leucocephalus,baleag,Species,8367,,3.00,1,,2640,3960
651822597,Photo,Northern Harrier,Circus hudsonius,,,Alison Gale,2026-02-27,2026,2,27,839,United States,US-WA-061,Washington,Snohomish,Everett Sewage Lagoons,47.9988889,-122.1700000,"",,Unspecified,false,false,,,,,,,S304355760,"",,,,,Circus hudsonius,norhar2,Species,8324,,3.00,1,,1989,2983
651822593,Photo,Great Blue Heron,Ardea herodias,,,Alison Gale,2026-02-27,2026,2,27,839,United States,US-WA-061,Washington,Snohomish,Everett Sewage Lagoons,47.9988889,-122.1700000,"",,Unspecified,false,false,,,,,,,S304355760,"",,,,,Ardea herodias,grbher3,Species,7753,,3.00,1,,1790,2685
651822594,Photo,Great Blue Heron,Ardea herodias,,,Alison Gale,2026-02-27,2026,2,27,839,United States,US-WA-061,Washington,Snohomish,Everett Sewage Lagoons,47.9988889,-122.1700000,"",,Unspecified,false,false,,,,,,,S304355760,"",,,,,Ardea herodias,grbher3,Species,7753,,4.00,2,,2309,3464
651822587,Photo,Greater Yellowlegs,Tringa melanoleuca,,,Alison Gale,2026-02-27,2026,2,27,839,United States,US-WA-061,Washington,Snohomish,Everett Sewage Lagoons,47.9988889,-122.1700000,"",,Unspecified,false,false,,,,,,,S304355760,"",,,,,Tringa melanoleuca,greyel,Species,6154,,.00,0,,1945,2917
651822585,Photo,"Wilson's Snipe",Gallinago delicata,,,Alison Gale,2026-02-27,2026,2,27,839,United States,US-WA-061,Washington,Snohomish,Everett Sewage Lagoons,47.9988889,-122.1700000,"",,Unspecified,false,false,,,,,,,S304355760,"",,,,,Gallinago delicata,wilsni1,Species,6104,,.00,0,,1469,2204
651822580,Photo,Killdeer,Charadrius vociferus,,,Alison Gale,2026-02-27,2026,2,27,839,United States,US-WA-061,Washington,Snohomish,Everett Sewage Lagoons,47.9988889,-122.1700000,"",,Unspecified,false,false,,,,,,,S304355760,"",,,,,Charadrius vociferus,killde,Species,5827,,4.00,1,,1469,2204
651822570,Photo,"Anna's Hummingbird",Calypte anna,,,Alison Gale,2026-02-27,2026,2,27,839,United States,US-WA-061,Washington,Snohomish,Everett Sewage Lagoons,47.9988889,-122.1700000,"",,Unspecified,false,false,,,,,,,S304355760,"",,,,,Calypte anna,annhum,Species,4814,,.00,0,,1993,2990
651822565,Photo,Eurasian Collared-Dove,Streptopelia decaocto,,,Alison Gale,2026-02-27,2026,2,27,839,United States,US-WA-061,Washington,Snohomish,Everett Sewage Lagoons,47.9988889,-122.1700000,"",,Unspecified,false,false,,,,,,,S304355760,"",,,,,Streptopelia decaocto,eucdov,Species,2031,,4.50,2,,2121,3181
651822562,Photo,Ruddy Duck,Oxyura jamaicensis,,,Alison Gale,2026-02-27,2026,2,27,839,United States,US-WA-061,Washington,Snohomish,Everett Sewage Lagoons,47.9988889,-122.1700000,"",,Unspecified,false,false,,,,,,,S304355760,"",,,,,Oxyura jamaicensis,rudduc,Species,778,,.00,0,,1719,2578
651822554,Photo,Gadwall,Mareca strepera,,,Alison Gale,2026-02-27,2026,2,27,839,United States,US-WA-061,Washington,Snohomish,Everett Sewage Lagoons,47.9988889,-122.1700000,"",,Unspecified,false,false,,,,,,,S304355760,"",,,,,Mareca strepera,gadwal,Species,505,,5.00,1,,2049,3074
651822551,Photo,Northern Pintail,Anas acuta,,,Alison Gale,2026-02-27,2026,2,27,839,United States,US-WA-061,Washington,Snohomish,Everett Sewage Lagoons,47.9988889,-122.1700000,"",,Unspecified,false,false,,,,,,,S304355760,"",,,,,Anas acuta,norpin,Species,594,,.00,0,,1968,2952
651822543,Photo,Northern Shoveler,Spatula clypeata,,,Alison Gale,2026-02-27,2026,2,27,839,United States,US-WA-061,Washington,Snohomish,Everett Sewage Lagoons,47.9988889,-122.1700000,"",,Unspecified,false,false,,,,,,,S304355760,"",,,,,Spatula clypeata,norsho,Species,501,,.00,0,,1861,2792
651820819,Photo,Tree Swallow,Tachycineta bicolor,,,Alison Gale,2026-02-27,2026,2,27,839,United States,US-WA-061,Washington,Snohomish,Everett Sewage Lagoons,47.9988889,-122.1700000,"",,Unspecified,false,false,,,,,,,S304355760,"",,,,,Tachycineta bicolor,treswa,Species,24064,,2.00,1,,940,1409
650788483,Photo,Golden-crowned Kinglet,Regulus satrapa,,,Alison Gale,2026-02-12,2026,2,12,1526,United States,US-WA-033,Washington,King,Carkeek Park,47.7126411,-122.3776470,"",,Unspecified,false,false,,,,,,,S299853433,"",,,,,Regulus satrapa,gockin,Species,26848,,3.00,1,,2151,3227
650788478,Photo,American Crow,Corvus brachyrhynchos,,,Alison Gale,2026-02-12,2026,2,12,1526,United States,US-WA-033,Washington,King,Carkeek Park,47.7126411,-122.3776470,"",,Unspecified,false,false,,,,,,,S299853433,"",,,,,Corvus brachyrhynchos,amecro,Species,21557,,4.50,2,,4672,7008
650788482,Photo,Brown Creeper,Certhia americana,,,Alison Gale,2026-02-12,2026,2,12,1526,United States,US-WA-033,Washington,King,Carkeek Park,47.7126411,-122.3776470,"",,Unspecified,false,false,,,,,,,S299853433,"",,,,,Certhia americana,brncre,Species,27026,,3.00,1,,2294,3441
650788471,Photo,Horned Grebe,Podiceps auritus,,,Alison Gale,2026-02-12,2026,2,12,1526,United States,US-WA-033,Washington,King,Carkeek Park,47.7126411,-122.3776470,"",,Unspecified,false,false,,,,,,,S299853433,"",,,,,Podiceps auritus,horgre,Species,6866,,5.00,2,,1841,2761
650788467,Photo,Killdeer,Charadrius vociferus,,,Alison Gale,2026-02-12,2026,2,12,1526,United States,US-WA-033,Washington,King,Carkeek Park,47.7126411,-122.3776470,"",,Unspecified,false,false,,,,,,,S299853433,"",,,,,Charadrius vociferus,killde,Species,5827,,2.00,1,,1637,2456
650788464,Photo,"Barrow's Goldeneye",Bucephala islandica,,,Alison Gale,2026-02-12,2026,2,12,1526,United States,US-WA-033,Washington,King,Carkeek Park,47.7126411,-122.3776470,"",,Unspecified,false,false,,,,,,,S299853433,"",,,,,Bucephala islandica,bargol,Species,748,,.00,0,,1846,2769
650788459,Photo,Surf Scoter,Melanitta perspicillata,,,Alison Gale,2026-02-12,2026,2,12,1526,United States,US-WA-033,Washington,King,Carkeek Park,47.7126411,-122.3776470,"",,Unspecified,false,false,,,,,,,S299853433,"",,,,,Melanitta perspicillata,sursco,Species,728,,.00,0,,1635,2452
650788457,Photo,American Wigeon,Mareca americana,,,Alison Gale,2026-02-12,2026,2,12,1526,United States,US-WA-033,Washington,King,Carkeek Park,47.7126411,-122.3776470,"",,Unspecified,false,false,,,,,,,S299853433,"",,,,,Mareca americana,amewig,Species,517,,.00,0,,2365,3548
650788449,Photo,Eurasian Wigeon,Mareca penelope,,,Alison Gale,2026-02-12,2026,2,12,1526,United States,US-WA-033,Washington,King,Carkeek Park,47.7126411,-122.3776470,"",,Unspecified,false,false,,,,,,,S299853433,"",,,,,Mareca penelope,eurwig,Species,512,,4.50,2,,3197,4796
650788448,Photo,Eurasian Wigeon,Mareca penelope,,,Alison Gale,2026-02-12,2026,2,12,1526,United States,US-WA-033,Washington,King,Carkeek Park,47.7126411,-122.3776470,"",,Unspecified,false,false,,,,,,,S299853433,"",,,,,Mareca penelope,eurwig,Species,512,,5.00,2,,2340,3510
650546298,Photo,Red-winged Blackbird,Agelaius phoeniceus,,,Alison Gale,2026-02-08,2026,2,8,730,United States,US-WA-033,Washington,King,Union Bay Natural Area/Montlake Fill,47.6542400,-122.2913700,"",,Unspecified,false,false,,,,,,,S298942557,"",,,,,Agelaius phoeniceus,rewbla,Species,33779,,.00,0,,2126,3189
650546288,Photo,House Finch,Haemorhous mexicanus,,,Alison Gale,2026-02-08,2026,2,8,730,United States,US-WA-033,Washington,King,Union Bay Natural Area/Montlake Fill,47.6542400,-122.2913700,"",,Unspecified,false,false,,,,,,,S298942557,"",,,,,Haemorhous mexicanus,houfin,Species,32310,,4.50,2,,2327,3490
650546279,Photo,Ruby-crowned Kinglet,Corthylio calendula,,,Alison Gale,2026-02-08,2026,2,8,730,United States,US-WA-033,Washington,King,Union Bay Natural Area/Montlake Fill,47.6542400,-122.2913700,"",,Unspecified,false,false,,,,,,,S298942557,"",,,,,Corthylio calendula,ruckin,Species,26844,,1.00,1,,1953,2929
650546280,Photo,Ruby-crowned Kinglet,Corthylio calendula,,,Alison Gale,2026-02-08,2026,2,8,730,United States,US-WA-033,Washington,King,Union Bay Natural Area/Montlake Fill,47.6542400,-122.2913700,"",,Unspecified,false,false,,,,,,,S298942557,"",,,,,Corthylio calendula,ruckin,Species,26844,,4.00,1,,2263,3395
650546267,Photo,Bushtit,Psaltriparus minimus,,,Alison Gale,2026-02-08,2026,2,8,730,United States,US-WA-033,Washington,King,Union Bay Natural Area/Montlake Fill,47.6542400,-122.2913700,"",,Unspecified,false,false,,,,,,,S298942557,"",,,,,Psaltriparus minimus,bushti,Species,25253,,.00,0,,2325,3487
650546250,Photo,Bald Eagle,Haliaeetus leucocephalus,,,Alison Gale,2026-02-08,2026,2,8,730,United States,US-WA-033,Washington,King,Union Bay Natural Area/Montlake Fill,47.6542400,-122.2913700,"",,Unspecified,false,false,,,,,,,S298942557,"",,,,,Haliaeetus leucocephalus,baleag,Species,8367,,.00,0,,1688,2532
650546239,Photo,Great Blue Heron,Ardea herodias,,,Alison Gale,2026-02-08,2026,2,8,730,United States,US-WA-033,Washington,King,Union Bay Natural Area/Montlake Fill,47.6542400,-122.2913700,"",,Unspecified,false,false,,,,,,,S298942557,"",,,,,Ardea herodias,grbher3,Species,7753,,.00,0,,4005,6007
650546254,Photo,Bald Eagle,Haliaeetus leucocephalus,,,Alison Gale,2026-02-08,2026,2,8,730,United States,US-WA-033,Washington,King,Union Bay Natural Area/Montlake Fill,47.6542400,-122.2913700,"",,Unspecified,false,false,,,,,,,S298942557,"",,,,,Haliaeetus leucocephalus,baleag,Species,8367,,.00,0,,2543,3815
650546252,Photo,Bald Eagle,Haliaeetus leucocephalus,,,Alison Gale,2026-02-08,2026,2,8,730,United States,US-WA-033,Washington,King,Union Bay Natural Area/Montlake Fill,47.6542400,-122.2913700,"",,Unspecified,false,false,,,,,,,S298942557,"",,,,,Haliaeetus leucocephalus,baleag,Species,8367,,.00,0,,2325,3487
650546234,Photo,Double-crested Cormorant,Nannopterum auritum,,,Alison Gale,2026-02-08,2026,2,8,730,United States,US-WA-033,Washington,King,Union Bay Natural Area/Montlake Fill,47.6542400,-122.2913700,"","",Unspecified,"","",,,,,,,S298942557,"",,,,,Nannopterum auritum,doccor,Species,7424,,4.50,2,Habitat,2491,3736
650546223,Photo,"Anna's Hummingbird",Calypte anna,,,Alison Gale,2026-02-08,2026,2,8,730,United States,US-WA-033,Washington,King,Union Bay Natural Area/Montlake Fill,47.6542400,-122.2913700,"",,Unspecified,false,false,,,,,,,S298942557,"",,,,,Calypte anna,annhum,Species,4814,,.00,0,,1881,2822
650546224,Photo,"Anna's Hummingbird",Calypte anna,,,Alison Gale,2026-02-08,2026,2,8,730,United States,US-WA-033,Washington,King,Union Bay Natural Area/Montlake Fill,47.6542400,-122.2913700,"",,Unspecified,false,false,,,,,,,S298942557,"",,,,,Calypte anna,annhum,Species,4814,,.00,0,,1958,2937
650546209,Photo,Ring-necked Duck,Aythya collaris,,,Alison Gale,2026-02-08,2026,2,8,730,United States,US-WA-033,Washington,King,Union Bay Natural Area/Montlake Fill,47.6542400,-122.2913700,"",,Unspecified,false,false,,,,,,,S298942557,"",,,,,Aythya collaris,rinduc,Species,673,,.00,0,,2686,4029
650546208,Photo,Ring-necked Duck,Aythya collaris,,,Alison Gale,2026-02-08,2026,2,8,730,United States,US-WA-033,Washington,King,Union Bay Natural Area/Montlake Fill,47.6542400,-122.2913700,"",,Unspecified,false,false,,,,,,,S298942557,"",,,,,Aythya collaris,rinduc,Species,673,,.00,0,,2238,3357
650546198,Photo,Canada Goose,Branta canadensis,,,Alison Gale,2026-02-08,2026,2,8,730,United States,US-WA-033,Washington,King,Union Bay Natural Area/Montlake Fill,47.6542400,-122.2913700,"",,Unspecified,false,false,,,,,,,S298942557,"",,,,,Branta canadensis,cangoo,Species,342,,4.00,2,,2987,4480
649620033,Photo,Red-winged Blackbird,Agelaius phoeniceus,,,Alison Gale,2026-01-25,2026,1,25,810,United States,US-WA-033,Washington,King,Juanita Bay Park,47.6981686,-122.2101878,"",,Unspecified,false,false,,,,,,,S296271926,"",,,,,Agelaius phoeniceus,rewbla,Species,33779,,.00,0,,3358,5037
649620001,Photo,House Finch,Haemorhous mexicanus,,,Alison Gale,2026-01-25,2026,1,25,810,United States,US-WA-033,Washington,King,Juanita Bay Park,47.6981686,-122.2101878,"",,Unspecified,false,false,,,,,,,S296271926,"",,,,,Haemorhous mexicanus,houfin,Species,32310,,.00,0,,3221,4831
649620018,Photo,Red-winged Blackbird,Agelaius phoeniceus,,,Alison Gale,2026-01-25,2026,1,25,810,United States,US-WA-033,Washington,King,Juanita Bay Park,47.6981686,-122.2101878,"",,Unspecified,false,false,,,,,,,S296271926,"",,,,,Agelaius phoeniceus,rewbla,Species,33779,,.00,0,,2441,3662
649620013,Photo,Spotted Towhee,Pipilo maculatus,,,Alison Gale,2026-01-25,2026,1,25,810,United States,US-WA-033,Washington,King,Juanita Bay Park,47.6981686,-122.2101878,"",,Unspecified,false,false,,,,,,,S296271926,"",,,,,Pipilo maculatus,spotow,Species,33386,,.00,0,,2248,3372
649619984,Photo,"Bewick's Wren",Thryomanes bewickii,,,Alison Gale,2026-01-25,2026,1,25,810,United States,US-WA-033,Washington,King,Juanita Bay Park,47.6981686,-122.2101878,"",,Unspecified,false,false,,,,,,,S296271926,"",,,,,Thryomanes bewickii,bewwre,Species,27362,,.00,0,,3017,4526
649619959,Photo,Bushtit,Psaltriparus minimus,,,Alison Gale,2026-01-25,2026,1,25,810,United States,US-WA-033,Washington,King,Juanita Bay Park,47.6981686,-122.2101878,"",,Unspecified,false,false,,,,,,,S296271926,"",,,,,Psaltriparus minimus,bushti,Species,25253,,.00,0,,1866,2799
649619945,Photo,Chestnut-backed Chickadee,Poecile rufescens,,,Alison Gale,2026-01-25,2026,1,25,810,United States,US-WA-033,Washington,King,Juanita Bay Park,47.6981686,-122.2101878,"",,Unspecified,false,false,,,,,,,S296271926,"",,,,,Poecile rufescens,chbchi,Species,22094,,.00,0,,3055,4583
649619941,Photo,Black-capped Chickadee,Poecile atricapillus,,,Alison Gale,2026-01-25,2026,1,25,810,United States,US-WA-033,Washington,King,Juanita Bay Park,47.6981686,-122.2101878,"",,Unspecified,false,false,,,,,,,S296271926,"",,,,,Poecile atricapillus,bkcchi,Species,22065,,.00,0,,3384,5076
649619936,Photo,Downy Woodpecker,Dryobates pubescens,,,Alison Gale,2026-01-25,2026,1,25,810,United States,US-WA-033,Washington,King,Juanita Bay Park,47.6981686,-122.2101878,"",,Unspecified,false,false,,,,,,,S296271926,"",,,,,Dryobates pubescens,dowwoo,Species,11400,,.00,0,,3103,4655
649619926,Photo,Belted Kingfisher,Megaceryle alcyon,,,Alison Gale,2026-01-25,2026,1,25,810,United States,US-WA-033,Washington,King,Juanita Bay Park,47.6981686,-122.2101878,"",,Unspecified,false,false,,,,,,,S296271926,"",,,,,Megaceryle alcyon,belkin1,Species,10306,,.00,0,,1331,1997
649619916,Photo,Red-tailed Hawk,Buteo jamaicensis,,,Alison Gale,2026-01-25,2026,1,25,810,United States,US-WA-033,Washington,King,Juanita Bay Park,47.6981686,-122.2101878,"",,Unspecified,false,false,,,,,,,S296271926,"",,,,,Buteo jamaicensis,rethaw,Species,8506,,.00,0,,1841,2761
649619906,Photo,Bald Eagle,Haliaeetus leucocephalus,,,Alison Gale,2026-01-25,2026,1,25,810,United States,US-WA-033,Washington,King,Juanita Bay Park,47.6981686,-122.2101878,"",,Unspecified,false,false,,,,,,,S296271926,"",,,,,Haliaeetus leucocephalus,baleag,Species,8367,,.00,0,,1973,2960
649619896,Photo,Common Merganser,Mergus merganser,,,Alison Gale,2026-01-25,2026,1,25,810,United States,US-WA-033,Washington,King,Juanita Bay Park,47.6981686,-122.2101878,"",,Unspecified,false,false,,,,,,,S296271926,"",,,,,Mergus merganser,commer,Species,762,,.00,0,,2707,4060
649619891,Photo,Bufflehead,Bucephala albeola,,,Alison Gale,2026-01-25,2026,1,25,810,United States,US-WA-033,Washington,King,Juanita Bay Park,47.6981686,-122.2101878,"",,Unspecified,false,false,,,,,,,S296271926,"",,,,,Bucephala albeola,buffle,Species,742,,.00,0,,2319,3479
649619860,Photo,Gadwall,Mareca strepera,,,Alison Gale,2026-01-25,2026,1,25,810,United States,US-WA-033,Washington,King,Juanita Bay Park,47.6981686,-122.2101878,"",,Unspecified,false,false,,,,,,,S296271926,"",,,,,Mareca strepera,gadwal,Species,505,,.00,0,,3358,5037
649619878,Photo,Green-winged Teal,Anas crecca,,,Alison Gale,2026-01-25,2026,1,25,810,United States,US-WA-033,Washington,King,Juanita Bay Park,47.6981686,-122.2101878,"",,Unspecified,false,false,,,,,,,S296271926,"",,,,,Anas crecca,gnwtea,Species,612,,.00,0,,2329,3494
649619851,Photo,Wood Duck,Aix sponsa,,,Alison Gale,2026-01-25,2026,1,25,810,United States,US-WA-033,Washington,King,Juanita Bay Park,47.6981686,-122.2101878,"",,Unspecified,false,false,,,,,,,S296271926,"",,,,,Aix sponsa,wooduc,Species,455,,.00,0,,1993,2990
649619853,Photo,Wood Duck,Aix sponsa,,,Alison Gale,2026-01-25,2026,1,25,810,United States,US-WA-033,Washington,King,Juanita Bay Park,47.6981686,-122.2101878,"",,Unspecified,false,false,,,,,,,S296271926,"",,,,,Aix sponsa,wooduc,Species,455,,.00,0,,3261,4892
649619827,Photo,Trumpeter Swan,Cygnus buccinator,,,Alison Gale,2026-01-25,2026,1,25,810,United States,US-WA-033,Washington,King,Juanita Bay Park,47.6981686,-122.2101878,"",,Unspecified,false,false,,,,,,,S296271926,"",,,,,Cygnus buccinator,truswa,Species,382,,.00,0,,1528,2292
649262141,Photo,Short-eared Owl,Asio flammeus,,,Alison Gale,2026-01-19,2026,1,19,724,United States,US-WA-057,Washington,Skagit,Samish Flats--East 90,48.5485465,-122.4661446,"",,Unspecified,false,false,,,,,,,S295176122,"",,,,,Asio flammeus,sheowl,Species,9276,,5.00,4,,2493,3739
649262142,Photo,Short-eared Owl,Asio flammeus,,,Alison Gale,2026-01-19,2026,1,19,724,United States,US-WA-057,Washington,Skagit,Samish Flats--East 90,48.5485465,-122.4661446,"",,Unspecified,false,false,,,,,,,S295176122,"",,,,,Asio flammeus,sheowl,Species,9276,,5.00,1,,2778,4167
649262140,Photo,Short-eared Owl,Asio flammeus,,,Alison Gale,2026-01-19,2026,1,19,724,United States,US-WA-057,Washington,Skagit,Samish Flats--East 90,48.5485465,-122.4661446,"",,Unspecified,false,false,,,,,,,S295176122,"",,,,,Asio flammeus,sheowl,Species,9276,,4.80,5,,2197,3296
649262132,Photo,Trumpeter Swan,Cygnus buccinator,,,Alison Gale,2026-01-19,2026,1,19,724,United States,US-WA-057,Washington,Skagit,Samish Flats--East 90,48.5485465,-122.4661446,"",,Unspecified,false,false,,,,,,,S295176122,"",,,,,Cygnus buccinator,truswa,Species,382,,5.00,1,,2815,4223
649261957,Photo,Long-billed Dowitcher,Limnodromus scolopaceus,,,Alison Gale,2026-01-19,2026,1,19,1032,United States,US-WA-057,Washington,Skagit,Skagit Wildlife Area--Fir Island Farm Reserve (Hayton Reserve),48.3356338,-122.4131659,"",,Unspecified,false,false,,,,,,,S295207120,"",,,,,Limnodromus scolopaceus,lobdow,Species,6061,,4.00,2,,3389,5083
649261961,Photo,Dunlin,Calidris alpina,,,Alison Gale,2026-01-19,2026,1,19,1032,United States,US-WA-057,Washington,Skagit,Skagit Wildlife Area--Fir Island Farm Reserve (Hayton Reserve),48.3356338,-122.4131659,"",,Unspecified,false,false,,,,,,,S295207120,"",,,,,Calidris alpina,dunlin,Species,6192,,4.00,1,,1958,2937
649261841,Photo,Northern Harrier,Circus hudsonius,,,Alison Gale,2026-01-19,2026,1,19,1125,United States,US-WA-057,Washington,Skagit,Skagit Wildlife Area--Wiley Slough,48.3246351,-122.3741287,"",,Unspecified,false,false,,,,,,,S295226157,"",,,,,Circus hudsonius,norhar2,Species,8324,,4.50,2,,1700,2550
649261836,Photo,Downy Woodpecker,Dryobates pubescens,,,Alison Gale,2026-01-19,2026,1,19,1125,United States,US-WA-057,Washington,Skagit,Skagit Wildlife Area--Wiley Slough,48.3246351,-122.3741287,"",,Unspecified,false,false,,,,,,,S295226157,"",,,,,Dryobates pubescens,dowwoo,Species,11400,,4.00,2,,1902,2853
649261832,Photo,Bald Eagle,Haliaeetus leucocephalus,,,Alison Gale,2026-01-19,2026,1,19,1125,United States,US-WA-057,Washington,Skagit,Skagit Wildlife Area--Wiley Slough,48.3246351,-122.3741287,"",,Unspecified,false,false,,,,,,,S295226157,"",,,,,Haliaeetus leucocephalus,baleag,Species,8367,,4.00,1,,2080,3120
649233968,Photo,Black Phoebe,Sayornis nigricans,,,Alison Gale,2026-01-19,2026,1,19,1125,United States,US-WA-057,Washington,Skagit,Skagit Wildlife Area--Wiley Slough,48.3246351,-122.3741287,"",,Unspecified,false,false,,,,,,,S295226157,"",,,,Just west of the west parking lot flying along the canal,Sayornis nigricans,blkpho,Species,16998,,3.00,1,,1576,2364
649185966,Photo,Red-winged Blackbird,Agelaius phoeniceus,,,Alison Gale,2026-01-18,2026,1,18,805,United States,US-WA-033,Washington,King,Union Bay Natural Area/Montlake Fill,47.6542400,-122.2913700,"",,Unspecified,false,false,,,,,,,S295024890,"",,,,,Agelaius phoeniceus,rewbla,Species,33779,,5.00,1,,2055,3082
649185951,Photo,Song Sparrow,Melospiza melodia,,,Alison Gale,2026-01-18,2026,1,18,805,United States,US-WA-033,Washington,King,Union Bay Natural Area/Montlake Fill,47.6542400,-122.2913700,"",,Unspecified,false,false,,,,,,,S295024890,"",,,,,Melospiza melodia,sonspa,Species,33277,,5.00,2,,3475,5213
649185938,Photo,Dark-eyed Junco,Junco hyemalis,,,Alison Gale,2026-01-18,2026,1,18,805,United States,US-WA-033,Washington,King,Union Bay Natural Area/Montlake Fill,47.6542400,-122.2913700,"",,Unspecified,false,false,,,,,,,S295024890,"",,,,,Junco hyemalis,daejun,Species,33124,,5.00,1,,2029,3044
649185929,Photo,Marsh Wren,Cistothorus palustris,,,Alison Gale,2026-01-18,2026,1,18,805,United States,US-WA-033,Washington,King,Union Bay Natural Area/Montlake Fill,47.6542400,-122.2913700,"",,Unspecified,false,false,,,,,,,S295024890,"",,,,,Cistothorus palustris,marwre,Species,27329,,4.50,2,,1759,2639
649185912,Photo,Belted Kingfisher,Megaceryle alcyon,,,Alison Gale,2026-01-18,2026,1,18,805,United States,US-WA-033,Washington,King,Union Bay Natural Area/Montlake Fill,47.6542400,-122.2913700,"",,Unspecified,false,false,,,,,,,S295024890,"",,,,,Megaceryle alcyon,belkin1,Species,10306,,3.00,1,,1539,2309
649185892,Photo,Great Blue Heron,Ardea herodias,,,Alison Gale,2026-01-18,2026,1,18,805,United States,US-WA-033,Washington,King,Union Bay Natural Area/Montlake Fill,47.6542400,-122.2913700,"",,Unspecified,false,false,,,,,,,S295024890,"",,,,,Ardea herodias,grbher3,Species,7753,,.00,0,,4117,6175
649185906,Photo,Bald Eagle,Haliaeetus leucocephalus,,,Alison Gale,2026-01-18,2026,1,18,805,United States,US-WA-033,Washington,King,Union Bay Natural Area/Montlake Fill,47.6542400,-122.2913700,"",,Unspecified,false,false,,,,,,,S295024890,"",,,,,Haliaeetus leucocephalus,baleag,Species,8367,,4.00,2,,2337,3506
649185905,Photo,Bald Eagle,Haliaeetus leucocephalus,,,Alison Gale,2026-01-18,2026,1,18,805,United States,US-WA-033,Washington,King,Union Bay Natural Area/Montlake Fill,47.6542400,-122.2913700,"",,Unspecified,false,false,,,,,,,S295024890,"",,,,,Haliaeetus leucocephalus,baleag,Species,8367,,4.00,2,,1632,2448
649185882,Photo,Double-crested Cormorant,Nannopterum auritum,,,Alison Gale,2026-01-18,2026,1,18,805,United States,US-WA-033,Washington,King,Union Bay Natural Area/Montlake Fill,47.6542400,-122.2913700,"",,Unspecified,false,false,,,,,,,S295024890,"",,,,,Nannopterum auritum,doccor,Species,7424,,5.00,1,,2798,4197
649185880,Photo,Pied-billed Grebe,Podilymbus podiceps,,,Alison Gale,2026-01-18,2026,1,18,805,United States,US-WA-033,Washington,King,Union Bay Natural Area/Montlake Fill,47.6542400,-122.2913700,"",,Unspecified,false,false,,,,,,,S295024890,"",,,,,Podilymbus podiceps,pibgre,Species,6855,,5.00,2,,1892,2838
649185870,Photo,American Coot,Fulica americana,,,Alison Gale,2026-01-18,2026,1,18,805,United States,US-WA-033,Washington,King,Union Bay Natural Area/Montlake Fill,47.6542400,-122.2913700,"",,Unspecified,false,false,,,,,,,S295024890,"",,,,,Fulica americana,y00475,Species,5500,,2.00,1,,3816,5724
649185855,Photo,Bufflehead,Bucephala albeola,,,Alison Gale,2026-01-18,2026,1,18,805,United States,US-WA-033,Washington,King,Union Bay Natural Area/Montlake Fill,47.6542400,-122.2913700,"",,Unspecified,false,false,,,,,,,S295024890,"",,,,,Bucephala albeola,buffle,Species,742,,5.00,2,,2892,4338
649185864,Photo,"Anna's Hummingbird",Calypte anna,,,Alison Gale,2026-01-18,2026,1,18,805,United States,US-WA-033,Washington,King,Union Bay Natural Area/Montlake Fill,47.6542400,-122.2913700,"",,Unspecified,false,false,,,,,,,S295024890,"",,,,,Calypte anna,annhum,Species,4814,,4.00,1,,2248,3372
649185860,Photo,Hooded Merganser,Lophodytes cucullatus,,,Alison Gale,2026-01-18,2026,1,18,805,United States,US-WA-033,Washington,King,Union Bay Natural Area/Montlake Fill,47.6542400,-122.2913700,"",,Unspecified,false,false,,,,,,,S295024890,"",,,,,Lophodytes cucullatus,hoomer,Species,754,,2.00,1,,2019,3029
649185846,Photo,Lesser Scaup,Aythya affinis,,,Alison Gale,2026-01-18,2026,1,18,805,United States,US-WA-033,Washington,King,Union Bay Natural Area/Montlake Fill,47.6542400,-122.2913700,"",,Unspecified,false,false,,,,,,,S295024890,"",,,,,Aythya affinis,lessca,Species,700,,3.00,1,,2159,3238
649185815,Photo,Canada Goose,Branta canadensis,,,Alison Gale,2026-01-18,2026,1,18,805,United States,US-WA-033,Washington,King,Union Bay Natural Area/Montlake Fill,47.6542400,-122.2913700,"",,Unspecified,false,false,,,,,,,S295024890,"",,,,,Branta canadensis,cangoo,Species,342,,4.50,2,,3791,5687
649185826,Photo,Gadwall,Mareca strepera,,,Alison Gale,2026-01-18,2026,1,18,805,United States,US-WA-033,Washington,King,Union Bay Natural Area/Montlake Fill,47.6542400,-122.2913700,"",,Unspecified,false,false,,,,,,,S295024890,"",,,,,Mareca strepera,gadwal,Species,505,,5.00,3,,2335,3502
649185823,Photo,Northern Shoveler,Spatula clypeata,,,Alison Gale,2026-01-18,2026,1,18,805,United States,US-WA-033,Washington,King,Union Bay Natural Area/Montlake Fill,47.6542400,-122.2913700,"",,Unspecified,false,false,,,,,,,S295024890,"",,,,,Spatula clypeata,norsho,Species,501,,5.00,2,,2393,3590
649179286,Photo,Killdeer,Charadrius vociferus,,,Alison Gale,2026-01-18,2026,1,18,1616,United States,US-WA-033,Washington,King,Carkeek Park,47.7126411,-122.3776470,"",,Unspecified,false,false,,,,,,,S295072515,"",,,,,Charadrius vociferus,killde,Species,5827,,5.00,1,,2630,1975
648642478,Photo,Horned Grebe,Podiceps auritus,,,Alison Gale,2026-01-10,2026,1,10,1205,United States,US-WA-061,Washington,Snohomish,Edmonds Waterfront,47.8119268,-122.3854144,"",,Unspecified,false,false,,,,,,,S293545903,"",,,,,Podiceps auritus,horgre,Species,6866,,.00,0,,2090,3135
648642416,Photo,Pelagic Cormorant,Urile pelagicus,,,Alison Gale,2026-01-10,2026,1,10,1205,United States,US-WA-061,Washington,Snohomish,Edmonds Waterfront,47.8119268,-122.3854144,"",,Unspecified,false,false,,,,,,,S293545903,"",,,,,Urile pelagicus,pelcor,Species,7391,,5.00,2,,3450,5175
648642319,Photo,Red-necked Grebe,Podiceps grisegena,,,Alison Gale,2026-01-10,2026,1,10,1205,United States,US-WA-061,Washington,Snohomish,Edmonds Waterfront,47.8119268,-122.3854144,"",,Unspecified,false,false,,,,,,,S293545903,"",,,,,Podiceps grisegena,rengre,Species,6869,,4.00,2,,2223,3334
648642286,Photo,Pigeon Guillemot,Cepphus columba,,,Alison Gale,2026-01-10,2026,1,10,1205,United States,US-WA-061,Washington,Snohomish,Edmonds Waterfront,47.8119268,-122.3854144,"",,Unspecified,false,false,,,,,,,S293545903,"",,,,,Cepphus columba,piggui,Species,6404,,3.50,2,,1856,2784
648642287,Photo,Pigeon Guillemot,Cepphus columba,,,Alison Gale,2026-01-10,2026,1,10,1205,United States,US-WA-061,Washington,Snohomish,Edmonds Waterfront,47.8119268,-122.3854144,"",,Unspecified,false,false,,,,,,,S293545903,"",,,,,Cepphus columba,piggui,Species,6404,,3.00,1,,1907,2860
648642257,Photo,"Anna's Hummingbird",Calypte anna,,,Alison Gale,2026-01-10,2026,1,10,1205,United States,US-WA-061,Washington,Snohomish,Edmonds Waterfront,47.8119268,-122.3854144,"",,Unspecified,false,false,,,,,,,S293545903,"",,,,,Calypte anna,annhum,Species,4814,,4.00,1,,2360,3540
648642242,Photo,Rock Pigeon (Feral Pigeon),Columba livia (Feral Pigeon),,,Alison Gale,2026-01-10,2026,1,10,1205,United States,US-WA-061,Washington,Snohomish,Edmonds Waterfront,47.8119268,-122.3854144,"",,Unspecified,false,false,,,,,,,S293545903,"",,,,,Columba livia,rocpig1,Domestic,1868,,.00,0,,3495,5243
648642231,Photo,Brant,Branta bernicla,,,Alison Gale,2026-01-10,2026,1,10,1205,United States,US-WA-061,Washington,Snohomish,Edmonds Waterfront,47.8119268,-122.3854144,"",,Unspecified,false,false,,,,,,,S293545903,"",,,,,Branta bernicla,brant,Species,314,,.00,0,,3435,5152
648642230,Photo,Brant,Branta bernicla,,,Alison Gale,2026-01-10,2026,1,10,1205,United States,US-WA-061,Washington,Snohomish,Edmonds Waterfront,47.8119268,-122.3854144,"",,Unspecified,false,false,,,,,,,S293545903,"",,,,,Branta bernicla,brant,Species,314,,4.50,2,,1805,2708
648642194,Photo,Spotted Towhee,Pipilo maculatus,,,Alison Gale,2026-01-10,2026,1,10,1107,United States,US-WA-061,Washington,Snohomish,Edmonds Marsh,47.8085287,-122.3864508,"",,Unspecified,false,false,,,,,,,S293525790,"",,,,,Pipilo maculatus,spotow,Species,33386,,5.00,1,,3628,5442
648642138,Photo,Marsh Wren,Cistothorus palustris,,,Alison Gale,2026-01-10,2026,1,10,1107,United States,US-WA-061,Washington,Snohomish,Edmonds Marsh,47.8085287,-122.3864508,"",,Unspecified,false,false,,,,,,,S293525790,"",,,,,Cistothorus palustris,marwre,Species,27329,,3.50,2,,2169,3253
648642132,Photo,American Crow,Corvus brachyrhynchos,,,Alison Gale,2026-01-10,2026,1,10,1107,United States,US-WA-061,Washington,Snohomish,Edmonds Marsh,47.8085287,-122.3864508,"",,Unspecified,false,false,,,,,,,S293525790,"",,,,,Corvus brachyrhynchos,amecro,Species,21557,,5.00,1,,2584,3876
648016488,Photo,Great Blue Heron,Ardea herodias,,,Alison Gale,2026-01-01,2026,1,1,1037,United States,US-WA-033,Washington,King,Juanita Bay Park,47.6981686,-122.2101878,"",,Unspecified,false,false,,,,,,,S291712899,"",,,,,Ardea herodias,grbher3,Species,7753,,3.00,1,,3414,5121
648016474,Photo,Dark-eyed Junco,Junco hyemalis,,,Alison Gale,2026-01-01,2026,1,1,1037,United States,US-WA-033,Washington,King,Juanita Bay Park,47.6981686,-122.2101878,"",,Unspecified,false,false,,,,,,,S291712899,"",,,,,Junco hyemalis,daejun,Species,33124,,3.00,1,,3089,4633
648016453,Photo,Double-crested Cormorant,Nannopterum auritum,,,Alison Gale,2026-01-01,2026,1,1,1037,United States,US-WA-033,Washington,King,Juanita Bay Park,47.6981686,-122.2101878,"",,Unspecified,false,false,,,,,,,S291712899,"",,,,,Nannopterum auritum,doccor,Species,7424,,5.00,2,,2525,3788
648016464,Photo,Bald Eagle,Haliaeetus leucocephalus,,,Alison Gale,2026-01-01,2026,1,1,1037,United States,US-WA-033,Washington,King,Juanita Bay Park,47.6981686,-122.2101878,"",,Unspecified,false,false,,,,,,,S291712899,"",,,,,Haliaeetus leucocephalus,baleag,Species,8367,,4.00,1,,2676,4014
648016444,Photo,"Wilson's Snipe",Gallinago delicata,,,Alison Gale,2026-01-01,2026,1,1,1037,United States,US-WA-033,Washington,King,Juanita Bay Park,47.6981686,-122.2101878,"",,Unspecified,false,false,,,,,,,S291712899,"",,,,,Gallinago delicata,wilsni1,Species,6104,,4.00,1,,2742,4113
648016433,Photo,Killdeer,Charadrius vociferus,,,Alison Gale,2026-01-01,2026,1,1,1037,United States,US-WA-033,Washington,King,Juanita Bay Park,47.6981686,-122.2101878,"",,Unspecified,false,false,,,,,,,S291712899,"",,,,,Charadrius vociferus,killde,Species,5827,,3.00,1,,2116,3174
648016413,Photo,American Coot,Fulica americana,,,Alison Gale,2026-01-01,2026,1,1,1037,United States,US-WA-033,Washington,King,Juanita Bay Park,47.6981686,-122.2101878,"",,Unspecified,false,false,,,,,,,S291712899,"",,,,,Fulica americana,y00475,Species,5500,,5.00,3,,4255,6382
648016389,Photo,Wood Duck,Aix sponsa,,,Alison Gale,2026-01-01,2026,1,1,1037,United States,US-WA-033,Washington,King,Juanita Bay Park,47.6981686,-122.2101878,"",,Unspecified,false,false,,,,,,,S291712899,"",,,,,Aix sponsa,wooduc,Species,455,,5.00,2,,3709,5564
648016397,Photo,Gadwall,Mareca strepera,,,Alison Gale,2026-01-01,2026,1,1,1037,United States,US-WA-033,Washington,King,Juanita Bay Park,47.6981686,-122.2101878,"",,Unspecified,false,false,,,,,,,S291712899,"",,,,,Mareca strepera,gadwal,Species,505,,5.00,1,,3348,5022
648016390,Photo,Wood Duck,Aix sponsa,,,Alison Gale,2026-01-01,2026,1,1,1037,United States,US-WA-033,Washington,King,Juanita Bay Park,47.6981686,-122.2101878,"",,Unspecified,false,false,,,,,,,S291712899,"",,,,,Aix sponsa,wooduc,Species,455,,5.00,3,,3674,5511
