,1,2,3,4,5,6,7,8,9,10,11,12,13,14,15,16,17,18,19,20,21,22,23,24,25,26,27,28,29,30,31,32,33,34,35,36,37,38,39,40,41,42,43,44,45,46,47,48
Bar-headed Goose,0.0,0.0,0.0,0.0,0.0,0.0,0.0015,0.0,0.0,0.0,0.0,0.0,0.0,0.0,0.0,0.0,0.0,0.0,0.0,0.0,0.0,0.0,0.0,0.0,0.0,0.0,0.0,0.0,0.0,0.0,0.0,0.0,0.0,0.0,0.0,0.0,0.0,0.0,0.0,0.0,0.0,0.0,0.0,0.0,0.0,0.0,0.0,0.0
Emperor Goose,0.0015,0.0015,0.0001659,0.0,0.0015,0.0,0.0,0.0,0.0,9.39e-05,0.0,0.0,0.0,0.0,0.0,0.0,0.0,0.0,0.0,0.0,0.0,0.0,0.0,0.0,0.0,0.0,0.0,0.0,0.0001104,0.0001227,0.0001245,0.0,0.0,0.0,0.0,0.0,0.0001008,0.0,0.0,0.0,0.0,0.0,0.0,0.0,0.0,0.0,0.0,0.0
Snow Goose,0.0088402,0.0110147,0.0098739,0.0064086,0.0048434,0.0037021,0.0030438,0.0020528,0.0028881,0.0047874,0.0029437,0.0035862,0.0020776,0.0019084,0.0038394,0.0031584,0.0026137,0.0018425,0.0023209,0.000943,0.0002419,0.0015,0.0,0.0004402,0.0002909,0.0010642,0.0001251,0.0014728,0.0005521,0.0002454,0.0006223,0.0014126,0.0009031,0.001086,0.0029254,0.0032123,0.012505,0.0201768,0.0302682,0.0334542,0.0162992,0.024885,0.0204302,0.0146175,0.0094994,0.0134727,0.0123753,0.0094366
Ross's Goose,0.006306,0.0014186,8.3e-05,0.0002589,0.0001614,0.0015,0.0,0.0015,0.0,0.0,0.0,0.0,7.69e-05,0.0,0.0001669,0.0001263,6.88e-05,0.0,0.0,0.0,0.0,0.0,0.0,0.0,0.0,0.0,0.0,0.0,0.0,0.0,0.0,0.0,0.0,0.0,0.0,0.0,0.0,0.0,0.0,0.0,0.0,0.0,0.0,0.0,0.0,0.0,0.0,0.0
Graylag Goose,0.0001768,0.0001669,8.3e-05,0.0002589,0.0003229,7.26e-05,5.64e-05,0.0,0.0002407,0.0002816,8.66e-05,0.0,0.0,9.09e-05,8.35e-05,0.0001263,6.88e-05,7.09e-05,0.0,6.29e-05,0.0,0.0,0.0,0.0,9.7e-05,0.0,0.0,9.2e-05,0.0001104,0.0001227,0.0001245,0.0001766,0.0,0.0,0.0003657,9.73e-05,0.0001008,0.0,0.0002554,0.0,0.0,0.0001179,0.0,8.97e-05,0.0001067,0.0003777,0.0001201,6.94e-05
Swan Goose,0.0001179,0.0015,0.0003319,0.0003237,0.0003229,7.26e-05,0.0001127,9.33e-05,0.0,0.0,0.0,0.0,0.0015,9.09e-05,0.0,0.0,0.0,0.0,0.0,0.0,0.0,0.0,0.0,0.0,0.0,0.0,0.0,0.0,0.0,0.0,0.0001245,0.0,0.0,0.0001207,0.0,0.0001947,0.0,0.0,0.0,0.0001813,0.0,0.0,0.0003605,0.0003587,0.0,0.0002518,0.0004806,0.0004163
Greater White-fronted Goose,0.0170321,0.0136849,0.0116163,0.0113283,0.0077494,0.0063879,0.0058621,0.0101708,0.0086643,0.0082606,0.007013,0.0071724,0.0070022,0.0085423,0.0095151,0.0089066,0.0048146,0.0012047,0.0020008,0.0013202,0.0006451,0.0003984,0.0,0.0,0.0,0.0,0.0,0.0,0.0,0.0004909,0.0015,0.0007063,0.0013044,0.0016894,0.0039005,0.0285214,0.0287414,0.0323056,0.0263091,0.018767,0.0132693,0.0158038,0.0170653,0.0179356,0.0115274,0.0107026,0.0138171,0.0131835
Brant,0.0165606,0.0161883,0.0208264,0.0169601,0.0167904,0.0148084,0.0130207,0.0253802,0.0238267,0.0258143,0.032381,0.0293581,0.0297014,0.0297165,0.033887,0.0271619,0.0145815,0.0051733,0.0014406,0.0002515,8.06e-05,0.0,0.0,0.0,0.0,0.0,0.0002502,9.2e-05,0.0,0.0001227,0.0,0.0002649,0.0015,0.0001207,0.0,9.73e-05,0.0015,0.0003401,0.0006386,0.0029918,0.0042838,0.0090813,0.0122581,0.0127343,0.0153698,0.0125913,0.0123753,0.015612
Barnacle Goose,0.0,0.0,0.0,0.0,0.0,0.0,0.0,0.0,0.0,0.0,0.0,0.0,0.0,0.0,0.0,0.0,0.0,0.0,0.0,0.0,0.0,0.0,0.0,0.0,0.0,0.0,0.0,0.0,0.0,0.0,0.0,0.0,0.0,0.0,0.0,0.0,0.0,0.0,0.0,0.0,0.0,0.0,0.0001202,0.0,0.0,0.0,0.0,0.0
Cackling Goose,0.0704856,0.0630841,0.060239,0.0651864,0.043187,0.0354239,0.0281833,0.0410563,0.0300842,0.0432742,0.0385281,0.0343423,0.0218529,0.0275354,0.0406477,0.024193,0.0093542,0.0071575,0.0041617,0.0035833,0.0018545,0.0,0.0,0.0,0.0,0.0003547,0.0,0.0002761,0.0003313,0.0002454,0.0008712,0.0003531,0.0001003,0.0008447,0.0158459,0.0435121,0.0465914,0.0795738,0.0855683,0.087398,0.0653014,0.0798443,0.0754717,0.0769438,0.0549685,0.067867,0.0702872,0.0592562
Canada Goose,0.2022041,0.2242991,0.2377199,0.2543371,0.2199709,0.2129065,0.2016797,0.2825418,0.2690734,0.3063926,0.3206926,0.3323,0.2873961,0.3297892,0.3283532,0.3170994,0.2757411,0.2978527,0.2677071,0.2742189,0.2011772,0.1919132,0.1722194,0.176512,0.1540923,0.1964053,0.2252658,0.2396907,0.1961131,0.2349982,0.2561294,0.2674141,0.2369055,0.2536503,0.2474403,0.2561082,0.2131908,0.2290864,0.2499361,0.2507706,0.2042629,0.2350513,0.2444418,0.2395301,0.1803821,0.2057416,0.2092995,0.2048987
Mute Swan,0.0002947,0.0004172,0.0003319,0.0003237,0.0004843,0.0002904,0.0001127,0.0005599,8.02e-05,0.0005632,0.0004329,0.0002431,0.0002308,0.0002726,0.0003339,0.0002527,0.0006878,0.0004252,0.0002401,0.0002515,8.06e-05,0.0002988,0.0001025,0.0016727,0.0004849,0.0007095,0.0005003,0.0002761,0.0004417,0.0006136,0.0004978,0.0001766,0.000602,0.0006034,0.0007314,0.0010708,0.0008068,0.0006801,0.0010217,0.000544,0.0009403,0.0011794,0.0008412,0.0010761,0.0009606,0.0011332,0.0010813,0.0003469
Trumpeter Swan,0.0700731,0.0659212,0.0689512,0.0546349,0.039958,0.0323026,0.0280706,0.0338714,0.0195748,0.0096686,0.0067532,0.0026137,0.0007695,0.000727,0.0006677,0.0012633,0.0002751,0.0003543,8e-05,6.29e-05,0.0,0.0,0.0,8.8e-05,0.0,0.0,0.0,0.0,0.0015,0.0,0.0,0.0,0.0,0.0001207,0.0,0.0,0.0002017,0.0015,0.0010217,0.0145966,0.0282102,0.0566104,0.0692224,0.0764954,0.0614793,0.0663561,0.0671633,0.0618929
Tundra Swan,0.0100778,0.0050067,0.0053933,0.0040782,0.0040362,0.0042828,0.0015783,0.0013996,0.0016847,0.0006571,0.0015584,0.0006078,0.0001539,0.0015,0.0001669,6.32e-05,0.0015,0.0,0.0,0.0,0.0,0.0,0.0,0.0,0.0,0.0007095,0.0006254,0.0002761,0.0001104,0.0,0.0,0.0002649,0.0002007,0.0,0.0,0.0,0.0001008,0.0001134,0.0010217,0.005893,0.0031345,0.0087274,0.0068501,0.0061878,0.0038425,0.0031478,0.0028836,0.003955
Whooper Swan,0.0062471,0.0038385,0.0039827,0.0014889,0.0008072,0.000363,0.0002818,0.0015,0.0001604,0.0,0.0,0.0,0.0,0.0,0.0,0.0,0.0,0.0,0.0,0.0,0.0,0.0,0.0,0.0,0.0,0.0,0.0,0.0,0.0,0.0,0.0,0.0,0.0,0.0,0.0,0.0,0.0,0.0,0.0,0.0,0.0,0.0,0.0,0.0,0.0,0.0,0.0,0.0
Egyptian Goose,0.0,0.0,0.0,0.0,0.0,0.0,0.0,0.0,0.0,0.0,0.0,0.0,0.0,0.0,0.0,0.0015,0.0,0.0,0.0,0.0,0.0,0.0,0.0,0.0,0.0,0.0,0.0,0.0,0.0,0.0,0.0,0.0,0.0015,0.0,0.0,0.0,0.0,0.0,0.0,0.0,0.0,0.0,0.0,0.0,0.0,0.0,0.0,0.0
Muscovy Duck,0.0023574,0.0012517,0.0009127,0.0011652,0.000888,0.0013066,0.0017474,0.001493,0.000722,0.0009387,0.001039,0.000851,0.0015389,0.0017266,0.0015024,0.0010107,0.0010317,0.0007795,0.0012805,0.0012573,0.0011289,0.002689,0.0012301,0.0007043,0.0009697,0.0023649,0.0013759,0.0011046,0.0009938,0.0011044,0.0009956,0.0015008,0.0024082,0.0008447,0.0017065,0.0022389,0.0024203,0.0010202,0.0029374,0.0026292,0.0027165,0.0015332,0.0019228,0.0026007,0.0017078,0.002896,0.0026433,0.0014571
Wood Duck,0.0589345,0.0619993,0.0672088,0.0677758,0.056587,0.0500145,0.0495462,0.0686759,0.0621741,0.0709659,0.0862338,0.0950036,0.0844875,0.1045983,0.0949837,0.0992988,0.0872825,0.1003472,0.1017207,0.1165525,0.1066763,0.117319,0.1033316,0.1015935,0.0913499,0.0982618,0.1124453,0.1148748,0.0944125,0.1182967,0.1181083,0.1347223,0.1211118,0.1238084,0.144198,0.1461112,0.1152683,0.122988,0.1199234,0.1076156,0.082332,0.0915202,0.0861675,0.0775715,0.058384,0.0542684,0.0552685,0.0639051
Mandarin Duck,0.0,0.0005007,0.0004149,0.001942,0.0010494,0.0018873,0.0014092,0.0009331,0.0006418,0.0004694,0.0006061,0.0006686,0.0017698,0.0024537,0.0002504,0.000758,0.0004815,0.0001417,0.0003201,0.0006915,0.0012901,0.0002988,0.0,0.0002641,9.7e-05,0.0,0.0001251,9.2e-05,0.0,0.0001227,0.0,0.0,0.0002007,0.0008447,0.0003657,0.0004867,0.0005042,0.0015,0.0006386,0.0011786,0.0010448,0.0008256,0.0024036,0.0003587,0.0003202,0.0005037,0.0006007,0.0003469
Baikal Teal,0.0015,0.0005007,0.0008297,0.0,0.0,7.26e-05,0.0,0.0,0.0,0.0,0.0,0.0015,0.0015,0.0002726,0.0001669,0.0,0.0,0.0,0.0,0.0,0.0,0.0,0.0,0.0,0.0,0.0,0.0,0.0,0.0,0.0,0.0,0.0,0.0,0.0,0.0,0.0,0.0,0.0,0.0,0.0,0.0,0.0,0.0,0.0,0.0,0.0002518,0.0,0.0
Blue-winged Teal,0.0,0.0,0.0,6.47e-05,0.0,0.0015,0.0,0.0,0.0,0.0,0.0,0.0,0.0001539,0.0008179,0.0021701,0.0048639,0.0058463,0.0132521,0.0211285,0.0251462,0.0166102,0.007569,0.0070733,0.0047539,0.0017455,0.0023649,0.0023765,0.0029455,0.003644,0.0056449,0.0095831,0.0065331,0.0052177,0.0051889,0.0046319,0.003407,0.002622,0.0017003,0.0006386,0.0004533,0.000209,0.0001179,0.0001202,0.0,0.0,0.0,0.0,0.0
Cinnamon Teal,0.0024752,0.0044226,0.0034849,0.0023304,0.0026639,0.0013066,0.0018601,0.0053187,0.0044124,0.0034732,0.0025974,0.0040725,0.0083102,0.0148128,0.0291295,0.0348051,0.0371415,0.0384098,0.032413,0.0325014,0.0255604,0.0179265,0.0121989,0.0085395,0.0048487,0.0049663,0.0086304,0.0099411,0.0087235,0.0116579,0.0138146,0.0117419,0.0089304,0.0076023,0.0081667,0.0043804,0.0029246,0.0027205,0.0020434,0.0024479,0.0017762,0.0008256,0.001322,0.0019729,0.001601,0.0011332,0.0013216,0.0007633
Northern Shoveler,0.1072607,0.1085614,0.1063724,0.1015018,0.0829028,0.0730981,0.0635815,0.0932164,0.0900923,0.0919929,0.088658,0.0981036,0.0857956,0.1035987,0.1101744,0.101636,0.0623839,0.0512366,0.0354542,0.0277236,0.0112885,0.0072702,0.0028703,0.0033454,0.0024244,0.0027196,0.0042527,0.0035898,0.003644,0.0133759,0.0379589,0.0662135,0.0719446,0.0871244,0.0986104,0.1058114,0.0940904,0.1128996,0.1314176,0.1423391,0.1183784,0.134096,0.1426511,0.1535288,0.1110044,0.1152103,0.1134206,0.1137247
Gadwall,0.1900047,0.2001836,0.208762,0.2117426,0.1780756,0.1605691,0.1358999,0.2052813,0.1832331,0.1970337,0.1961905,0.2049599,0.1765928,0.2007452,0.2049912,0.2051039,0.1837816,0.1976472,0.1831132,0.1928082,0.1523948,0.1467981,0.1267043,0.1046747,0.0727308,0.0740215,0.0729206,0.0669183,0.0590769,0.0758375,0.0979465,0.1249228,0.1292394,0.151442,0.1623598,0.1797917,0.153691,0.1770574,0.2025543,0.212874,0.170933,0.2056846,0.212835,0.2216842,0.1659729,0.1935281,0.1930794,0.1916459
Eurasian Wigeon,0.0334158,0.0292056,0.0302025,0.0284179,0.023329,0.0219948,0.0173045,0.0252869,0.0210991,0.0214963,0.0172294,0.0123389,0.0074638,0.0056343,0.0021701,0.0017055,0.0005502,0.0001417,0.0,0.0,0.0,0.0,0.0,0.0006163,0.0002909,0.0,0.0,0.0,0.0,0.0,0.0,8.83e-05,0.0015,0.0,0.0002438,0.0043804,0.0078661,0.0126955,0.0157088,0.0214869,0.0213144,0.0232339,0.0247566,0.0265447,0.019319,0.0236716,0.0236693,0.0296975
American Wigeon,0.2181165,0.22747,0.237222,0.2274081,0.1848563,0.165723,0.1448058,0.1981898,0.1776173,0.1965643,0.1914286,0.1721979,0.1273469,0.1141403,0.0981554,0.0701156,0.034459,0.0201261,0.0158463,0.0115672,0.0099984,0.0077682,0.0047155,0.005018,0.003782,0.0029561,0.0050031,0.0047865,0.0064046,0.0066266,0.0134412,0.0413172,0.0731487,0.0988295,0.1212823,0.1471819,0.1481444,0.1921333,0.2238825,0.2475068,0.2208756,0.2468451,0.2416777,0.2576451,0.1971395,0.2194661,0.212904,0.2256453
Mallard,0.3582037,0.3946095,0.4083969,0.4140342,0.348321,0.3207027,0.2962065,0.4099095,0.374649,0.4227917,0.434026,0.4348407,0.3793475,0.422301,0.407395,0.4064178,0.3604099,0.3816172,0.3448579,0.3586471,0.2846315,0.2956877,0.2756535,0.2718549,0.2339992,0.2765756,0.2899312,0.3060567,0.26303,0.3207756,0.3407592,0.3636444,0.3263095,0.347653,0.3653096,0.3688309,0.3213998,0.3611426,0.3915709,0.4115141,0.3373733,0.3999292,0.4132917,0.4226527,0.3362152,0.3776127,0.3908446,0.3868304
American Black Duck,0.0,0.0,0.0,0.0,0.0,0.0,0.0,0.0,0.0,0.0,0.0,0.0,0.0,0.0,0.0,0.0,0.0,0.0,0.0,0.0,0.0,0.0,0.0,0.0,0.0,0.0,0.0,0.0,0.0002208,0.0,0.0,0.0,0.0,0.0,0.0,0.0,0.0002017,0.0,0.0001277,0.0001813,0.0003134,0.0,0.0015,0.0015,0.0,0.0,0.0,6.94e-05
White-cheeked Pintail,0.0,0.0,0.0,0.0,0.0,0.0,0.0,0.0,0.0,0.0,0.0,0.0,0.0,0.0,0.0,0.0,0.0,0.0,0.0,0.0,0.0,0.0,0.0,0.0,0.0,0.0,0.0,9.2e-05,0.0,0.0,0.0,0.0,0.0,0.0,0.0,0.0,0.0,0.0,0.0,0.0,0.0,0.0,0.0,0.0,0.0,0.0,0.0,0.0
Northern Pintail,0.0374234,0.0453939,0.0458015,0.0487442,0.0277688,0.0235918,0.0216448,0.0255669,0.018933,0.0197128,0.0174892,0.0127644,0.0108495,0.0138132,0.0135214,0.0092224,0.0074283,0.005315,0.0060024,0.0027032,0.0008063,0.0010955,0.0005126,0.0004402,0.0003879,0.0007095,0.0005003,0.0009205,0.0005521,0.0038041,0.0134412,0.0279862,0.034718,0.0503198,0.0520478,0.0351407,0.0233965,0.0286783,0.0307791,0.0291931,0.0208965,0.0247671,0.0267997,0.0233163,0.024976,0.0327373,0.0301574,0.0318485
Green-winged Teal,0.1021334,0.1118158,0.1242117,0.1346453,0.1031644,0.0968351,0.0875937,0.1325931,0.1120738,0.1270065,0.1219913,0.1162169,0.0958757,0.1197746,0.1231951,0.1073842,0.0491093,0.0222521,0.0126451,0.0053436,0.0034672,0.0022906,0.0030753,0.002465,0.0021334,0.0023649,0.0035022,0.0057069,0.0094965,0.0220886,0.046173,0.0654189,0.0698374,0.0772294,0.0876402,0.0889711,0.073215,0.0906824,0.1127714,0.105349,0.0842127,0.0955301,0.1037135,0.0981975,0.0813321,0.088139,0.0958789,0.099431
Canvasback,0.0295262,0.0312083,0.0324427,0.0256344,0.0264772,0.0250436,0.0151626,0.0219278,0.0180505,0.0142683,0.0135931,0.0092998,0.0064635,0.0056343,0.0061764,0.0044217,0.0010317,0.001063,0.0004002,6.29e-05,0.0015,0.0,0.0,0.0,0.0001939,0.0001182,0.0,0.0,0.0,0.0,0.0,0.0002649,0.000602,0.000724,0.0009751,0.0018495,0.0020169,0.0085015,0.0132822,0.0233001,0.0220458,0.0231159,0.0218724,0.0290557,0.0256164,0.0241753,0.0263126,0.0305995
Redhead,0.0103725,0.0125167,0.0107866,0.0101631,0.0123507,0.0082753,0.0054112,0.007838,0.0063377,0.005069,0.0042424,0.0026137,0.0016928,0.0015449,0.0022536,0.0014528,0.0011693,0.0020551,0.0004002,0.0004401,0.0004838,9.96e-05,0.0,0.0,0.0,0.0,0.0002502,0.0,0.0002208,0.0,0.001369,0.0031782,0.0004014,0.0014481,0.0039005,0.0015575,0.0009076,0.0011335,0.0022989,0.0063463,0.0039703,0.0068404,0.0062492,0.0067259,0.0062974,0.0074289,0.0099724,0.0102692
Ring-necked Duck,0.1322489,0.1472797,0.1553269,0.1604738,0.1312561,0.1212253,0.1114368,0.1506952,0.1390293,0.1620201,0.154026,0.160406,0.1251154,0.1484006,0.1364661,0.1125008,0.0641034,0.0365672,0.0189676,0.013076,0.0063699,0.0035853,0.0026653,0.0027291,0.0027153,0.0033109,0.0013759,0.002025,0.0018772,0.0012271,0.0019913,0.0034431,0.0065222,0.0161699,0.0327889,0.0323177,0.041549,0.0584901,0.084802,0.1109701,0.1008254,0.1335063,0.1397669,0.1438436,0.1161277,0.1391337,0.1410549,0.1413405
Tufted Duck,0.0004715,0.0002503,0.0001659,0.0001295,0.0026639,0.0010889,0.0,9.33e-05,0.0015,0.0,0.0001732,0.0003039,0.0002308,9.09e-05,8.35e-05,0.0,0.0,0.0,0.0,0.0,0.0,0.0,0.0,0.0,0.0,0.0,0.0,0.0,0.0,0.0,0.0,0.0,0.0,0.0,0.0,0.0,0.0,0.0,0.0001277,9.07e-05,0.0015,0.0,0.0001202,8.97e-05,0.0015,0.0,0.0001201,0.0
Greater Scaup,0.0374823,0.0433077,0.0437272,0.0406525,0.0360833,0.0347706,0.0234485,0.0349911,0.0326514,0.0369849,0.0341126,0.0275346,0.0249307,0.0257179,0.0236207,0.0166761,0.0092854,0.0038268,0.0016006,0.001886,0.0017739,0.0005976,0.0003075,0.0002641,0.0003879,0.000473,0.0003752,9.2e-05,0.0,0.0013499,0.001369,0.0007946,0.000301,0.0033788,0.0070697,0.0112917,0.0116983,0.017343,0.0242656,0.0314597,0.026434,0.0290129,0.0253575,0.0284279,0.0293521,0.030345,0.0344828,0.0424646
Lesser Scaup,0.0652994,0.0720961,0.0736807,0.0710772,0.0607846,0.0537892,0.0461079,0.0705421,0.0593662,0.0658031,0.0683117,0.0651593,0.0471684,0.0453471,0.0409816,0.0288042,0.0206342,0.0104883,0.0056823,0.0063494,0.003064,0.0009959,0.0012301,0.0013205,0.0013576,0.0007095,0.0020013,0.0018409,0.0002208,0.0,0.0002489,0.0004414,0.0007024,0.0022927,0.0051195,0.007106,0.0109923,0.0155294,0.0266922,0.0404352,0.0357329,0.0508315,0.0435044,0.0484262,0.0437613,0.0488542,0.0628379,0.0673744
King Eider,0.0,0.0,0.0,0.0,0.0,0.0,0.0,0.0,0.0,0.0,0.0,0.0,0.0,0.0,0.0,0.0,0.0,0.0,0.0,0.0,0.0,0.0,0.0,0.0,0.0,0.0,0.0,0.0,0.0,0.0,0.0,0.0,0.0,0.0,0.0,0.0,0.0,0.0,0.0,0.0015,0.0,0.0,0.0,0.0,0.0,0.0,0.0,0.0
Harlequin Duck,0.0283475,0.0221963,0.0264686,0.0229156,0.0171133,0.0142276,0.0130207,0.0189419,0.0127557,0.0137051,0.0161905,0.0133722,0.0132348,0.0107234,0.0141057,0.0117491,0.0079785,0.0049607,0.0046419,0.0035833,0.0016126,0.0034857,0.0033829,0.0038736,0.0026183,0.0028379,0.0026266,0.0014728,0.0018772,0.0058903,0.0065961,0.0085636,0.0110375,0.0154459,0.0170648,0.0160615,0.0177491,0.0241442,0.0269476,0.0248413,0.020792,0.0273617,0.0246365,0.0291454,0.0226278,0.0232939,0.0162201,0.0247016
Surf Scoter,0.0853371,0.0763518,0.0780783,0.075479,0.0678883,0.0529907,0.0476862,0.0636372,0.0580826,0.0580118,0.0599134,0.0483832,0.0482456,0.0440749,0.0517486,0.0428905,0.0337025,0.0250868,0.0172869,0.0138933,0.008547,0.0090628,0.0091235,0.0106523,0.0089216,0.0094596,0.0098812,0.0085604,0.0087235,0.0115352,0.016677,0.0218063,0.0264901,0.0336672,0.0463189,0.0508128,0.0590964,0.0821809,0.089272,0.0822303,0.08275,0.0893973,0.078356,0.0825038,0.0829331,0.0784437,0.06452,0.0862476
White-winged Scoter,0.0173857,0.0138518,0.0162629,0.0117815,0.0108976,0.0087834,0.0086241,0.0109172,0.0088247,0.0099502,0.0100433,0.0067469,0.0079255,0.0069066,0.0085969,0.0043585,0.0043332,0.0033307,0.0038415,0.0030804,0.0017739,0.0005976,0.0011276,0.0028171,0.0017455,0.0022467,0.0020013,0.0023012,0.0013251,0.0020861,0.0036092,0.0043259,0.0054184,0.0104984,0.01353,0.0129466,0.0143203,0.0252777,0.0314176,0.0288305,0.026643,0.0263003,0.0242759,0.0217021,0.0226278,0.0235457,0.0142977,0.0171385
Black Scoter,0.0076615,0.0088451,0.0106206,0.0089332,0.0078302,0.0045006,0.004453,0.0049454,0.0034497,0.0045058,0.0051948,0.0034646,0.0038473,0.0034533,0.0025874,0.0016423,0.0007566,0.0007087,0.0001601,0.0015,8.06e-05,0.0,0.0,0.0,0.0,0.0,0.0,0.0,0.0,0.0,0.0002489,0.0003531,0.0,0.0004827,0.0006095,0.0020442,0.0044373,0.0056676,0.0088123,0.0088849,0.0087765,0.0089633,0.0115371,0.0091472,0.0089657,0.0078066,0.0067283,0.0079101
Long-tailed Duck,0.002711,0.0023364,0.0019914,0.0021362,0.0011301,0.0011614,0.0014655,0.0019595,0.0019254,0.0019713,0.0022511,0.0012157,0.001462,0.0009996,0.0008347,0.0004422,0.0007566,0.0,0.0,6.29e-05,0.0,0.0,0.0,0.0,0.0,0.0,0.0,0.0,0.0,0.0,0.0,0.0,0.0,0.0,0.0002438,0.0,0.0002017,0.0002267,0.0022989,0.0054397,0.002821,0.0044817,0.0039659,0.00278,0.0027751,0.0027701,0.0019224,0.0017347
Bufflehead,0.3252004,0.3370327,0.3536343,0.3525375,0.2982725,0.2680023,0.2389944,0.3267706,0.2994785,0.3155919,0.3088312,0.2960126,0.2540782,0.261723,0.246557,0.1955657,0.1108742,0.0588194,0.0216887,0.0126988,0.0060474,0.0022906,0.0019477,0.0026411,0.0010667,0.0015372,0.001626,0.0037739,0.0011042,0.0011044,0.0007467,0.0005297,0.000602,0.000724,0.0008532,0.0026282,0.0062525,0.0130356,0.0524904,0.1623753,0.2267266,0.3229154,0.3440692,0.3649897,0.2935212,0.319315,0.3186351,0.3450597
Common Goldeneye,0.1604196,0.1705607,0.1745768,0.1761393,0.1511947,0.13509,0.1105913,0.1646916,0.1408744,0.1474702,0.1451082,0.123754,0.0959526,0.079153,0.0607629,0.0348683,0.0152005,0.0096379,0.0041617,0.0010058,0.0005644,0.0007967,0.0006151,8.8e-05,0.0015,0.000473,0.0003752,0.0001841,0.0001104,0.0002454,0.0003734,0.0001766,0.0007024,0.0001207,0.0003657,0.0003894,0.0012102,0.0012469,0.0022989,0.0089755,0.0208965,0.0589692,0.092537,0.1406152,0.1460134,0.1639386,0.1561937,0.1824174
Barrow's Goldeneye,0.0609972,0.0574933,0.0599071,0.0626618,0.0607846,0.0534262,0.0474607,0.0678361,0.0604091,0.0591383,0.0641558,0.0521517,0.0509388,0.0388949,0.0296302,0.0123176,0.0058463,0.0038268,0.0013605,0.0007544,0.0001613,9.96e-05,0.0003075,8.8e-05,0.0002909,0.0003547,0.0002502,9.2e-05,0.0,0.0015,0.0,0.0015,0.0001003,0.0004827,0.0,9.73e-05,0.0001008,0.0001134,0.0029374,0.0206709,0.0299864,0.0462319,0.0523975,0.0617882,0.0558224,0.0561571,0.0544275,0.062101
Hooded Merganser,0.129479,0.128004,0.1306007,0.1275246,0.1033258,0.0908827,0.079646,0.1135579,0.1014842,0.1050408,0.0987879,0.0914782,0.0674054,0.0724282,0.0599282,0.0457962,0.0299883,0.0231734,0.0180072,0.0170365,0.0144332,0.0128473,0.0120964,0.0151422,0.0129946,0.0146624,0.0173859,0.0219072,0.0227473,0.0250337,0.0262601,0.032577,0.0288983,0.0335465,0.0474159,0.0506181,0.0444736,0.0506688,0.0721584,0.1070716,0.1141991,0.1372803,0.1516645,0.1557708,0.1177287,0.1298162,0.1423765,0.1384263
Common Merganser,0.1992574,0.2079439,0.212081,0.2077939,0.1691153,0.1565767,0.1307705,0.1887655,0.1636582,0.1760068,0.1630303,0.164904,0.1278086,0.131225,0.117269,0.093298,0.0589449,0.0524414,0.0461785,0.0475262,0.035075,0.0375461,0.0380318,0.0302844,0.0208495,0.0211659,0.0232645,0.0231038,0.0193242,0.0261382,0.0382078,0.0386687,0.0324102,0.037408,0.0386397,0.0362114,0.0287414,0.0437543,0.0595147,0.0779692,0.07972,0.1189999,0.1461363,0.1718232,0.1533782,0.1803072,0.200769,0.2073966
Red-breasted Merganser,0.0762612,0.0697597,0.0708596,0.0703651,0.059816,0.0492886,0.0400203,0.0573855,0.0469314,0.0430865,0.0326407,0.0280209,0.0259311,0.0229008,0.0238711,0.0142126,0.0058463,0.0029055,0.0009604,0.0002515,0.0001613,9.96e-05,0.0,0.0,0.0,0.0,0.0,0.0,0.0,0.0,0.0,8.83e-05,0.0001003,0.0,0.0,0.0018495,0.0032271,0.0103151,0.0223499,0.0323663,0.0434646,0.0511853,0.0562432,0.0563178,0.0619063,0.0610677,0.0505827,0.0730641
Ruddy Duck,0.0275813,0.0278705,0.0297046,0.0292595,0.0228447,0.0216318,0.0200665,0.0260334,0.018933,0.0196189,0.0169697,0.0160467,0.0118498,0.0104507,0.0091812,0.0088434,0.0063278,0.0060945,0.0067227,0.0040863,0.0032253,0.0018922,0.0028703,0.0022889,0.0018425,0.0016554,0.0010006,0.0014728,0.0019876,0.001718,0.0018668,0.0034431,0.0081276,0.0090503,0.0093857,0.0086635,0.0146228,0.0172297,0.0167305,0.0242067,0.0204785,0.0251209,0.0200697,0.0182943,0.014516,0.0186351,0.0218671,0.0254649
Helmeted Guineafowl,0.0,0.0,0.0,0.0,0.0,0.0,0.0,0.0,0.0,0.0,0.0,0.0,0.0,0.0,0.0015,0.0,0.0,0.0,0.0,0.0015,0.0,0.0,0.0,0.0015,0.0,0.0,0.0,0.0,0.0,0.0,0.0,0.0,0.0015,0.0,0.0,0.0,0.0,0.0,0.0,0.0,0.0,0.0,0.0,0.0,0.0,0.0,0.0,0.0
Northern Bobwhite,0.0,0.0,0.0,0.0,0.0,0.0015,0.0,0.0,0.0,0.0015,8.66e-05,0.0015,0.0,9.09e-05,0.0,0.0,0.0015,0.0015,8e-05,6.29e-05,0.0,0.0001992,0.0001025,0.0015,9.7e-05,0.0013007,0.001626,0.0009205,0.0001104,0.0001227,0.0002489,8.83e-05,0.0015,0.0001207,0.0,0.0,0.0,0.0,0.0,0.0,0.0,0.0,0.0,0.0,0.0,0.0,0.0,0.0
California Quail,0.004479,0.0035881,0.0043146,0.0036251,0.0037133,0.0029036,0.0031565,0.0040123,0.0034497,0.00582,0.0039827,0.0071724,0.007156,0.0104507,0.0128537,0.0121281,0.0138937,0.0121182,0.0109644,0.0132646,0.0139494,0.0099592,0.0098411,0.0106523,0.0095035,0.0091049,0.0088806,0.0082842,0.0076193,0.0072402,0.0093342,0.0072393,0.0089304,0.0092917,0.0075573,0.007398,0.00595,0.0058944,0.0056194,0.0062557,0.0059555,0.0066046,0.0070905,0.0053807,0.0062974,0.0056661,0.0052866,0.0031918
Wild Turkey,0.0,0.0,0.0,0.0,0.0,0.0,0.0,0.0,0.0,0.0,0.0,0.0,0.0,0.0,0.0,0.0,0.0,0.0,0.0,0.0,0.0,9.96e-05,0.0,0.0,0.0,0.0,0.0,0.0,0.0,0.0,0.0,0.0,0.0,0.0,0.0,0.0,0.0,0.0,0.0,0.0,0.0,0.0,0.0,0.0,0.0,0.0,0.0,0.0
Ruffed Grouse,0.0015,0.0,0.0001659,6.47e-05,0.0015,0.0015,0.0002255,0.0,0.0002407,9.39e-05,0.0005195,0.0006686,0.0007695,0.0016358,0.0001669,0.0005053,0.0004815,0.0001417,0.0002401,0.0003772,0.0002419,0.0002988,0.0003075,0.0007923,0.0006788,0.0003547,0.0002502,9.2e-05,0.0003313,0.0015,0.0002489,8.83e-05,0.0001003,0.000362,0.0003657,0.0004867,0.0001008,0.0001134,0.0001277,0.0001813,0.000209,0.0002359,0.0002404,0.0004484,0.0001067,0.0001259,0.0001201,0.0001388
Sooty Grouse,0.0,0.0,0.0,0.0,0.0,0.0,0.0001127,9.33e-05,0.0,9.39e-05,8.66e-05,0.0002431,0.0002308,0.0005453,0.0007512,0.0006948,0.0006878,0.0009213,0.0016807,0.002326,0.0009676,0.0014939,0.0019477,0.0041377,0.0043638,0.0036656,0.0033771,0.0024853,0.0009938,0.0014726,0.0008712,0.0014126,0.0009031,0.0019307,0.0002438,0.0006814,0.0003025,0.0003401,0.0005109,0.0001813,0.0003134,0.0001179,0.0,8.97e-05,0.0015,0.0,0.0,0.0
White-tailed Ptarmigan,0.0,0.0,0.0,0.0015,0.0,0.0,0.0,0.0,0.0,0.0,0.0,0.0,0.0,0.0,0.0,0.0,0.0,0.0,0.0,0.0,0.0,0.0015,0.0015,0.0,0.0015,0.0,0.0,0.0,0.0,0.0,0.0002489,0.0002649,0.0001003,0.0001207,0.0,0.0015,0.0,0.0,0.0,0.0,0.0,0.0,0.0,0.0,0.0,0.0,0.0,0.0
Golden Pheasant,0.0,0.0,0.0,0.0,0.0,0.0,0.0,0.0,0.0,0.0,0.0,0.0015,0.0,0.0,0.0,0.0,0.0,0.0,0.0,0.0,0.0,0.0,0.0,0.0,0.0,0.0,0.0,0.0,0.0,0.0015,0.0,0.0,0.0,0.0,0.0,0.0,0.0,0.0,0.0,0.0,0.0,0.0,0.0,0.0,0.0,0.0,0.0,0.0
Ring-necked Pheasant,0.003595,0.0023364,0.0038168,0.0042724,0.0029868,0.0020325,0.0028183,0.0046655,0.0056959,0.0088238,0.0071861,0.008692,0.0067713,0.0089059,0.0131875,0.0125071,0.0075659,0.0075827,0.0071228,0.0076067,0.0093533,0.0101584,0.0124039,0.0068668,0.0056245,0.0047298,0.0051282,0.003866,0.0030919,0.0026997,0.0029869,0.0023837,0.0029099,0.0028961,0.0054851,0.0049645,0.0043364,0.0028338,0.0054917,0.0047144,0.0039703,0.0048355,0.0062492,0.0052013,0.0037357,0.0047847,0.0021627,0.0025673
Indian Peafowl,0.0,0.0,8.3e-05,0.0,0.0,7.26e-05,0.0,0.0,0.0,0.0,0.0,0.0015,0.0,0.0,0.0,0.0,6.88e-05,0.0,8e-05,0.0001257,0.0001613,0.0015,0.0,0.0015,0.0002909,0.0001182,0.0001251,0.0,0.0,0.0015,0.0,0.0,0.0,0.0,0.0001219,0.0,0.0,0.0,0.0,0.0,0.0,0.0,0.0,0.0,0.0,0.0,0.0,0.0
Red Junglefowl,0.0,0.0,8.3e-05,6.47e-05,8.07e-05,7.26e-05,5.64e-05,9.33e-05,0.0001604,0.0001877,0.0002597,0.0001823,7.69e-05,0.0,8.35e-05,6.32e-05,6.88e-05,0.0,8e-05,6.29e-05,8.06e-05,9.96e-05,0.000205,0.0001761,0.0001939,0.0001182,0.0002502,0.0,0.0001104,0.0001227,0.0,8.83e-05,0.0,0.0,0.0001219,9.73e-05,0.0,0.0,0.0,0.0,0.0,0.0001179,0.0,0.000269,0.0001067,0.0002518,0.0,0.0002775
Red-legged Partridge,0.0,0.0,0.0,0.0,0.0,0.0,0.0,0.0,0.0,9.39e-05,0.0,0.0,0.0,0.0,0.0,0.0,0.0,0.0,0.0,0.0,0.0,0.0,0.0,0.0,0.0,0.0,0.0,0.0,0.0,0.0,0.0,0.0,0.0,0.0,0.0,0.0,0.0,0.0,0.0,0.0,0.0,0.0,0.0,0.0,0.0,0.0,0.0,0.0
Chukar,0.0,0.0,0.0,0.0,0.0,0.0,0.0015,0.0015,0.0001604,9.39e-05,0.0001732,0.0,0.0,0.0,0.0,6.32e-05,6.88e-05,0.0015,0.0015,0.0003772,0.0012901,0.0001992,0.0005126,0.0004402,0.0001939,0.0001182,0.0002502,9.2e-05,0.0,0.0,0.0,8.83e-05,0.0,0.0,0.0,0.0,0.0,0.0,0.0,0.0,0.0,0.0,0.0,0.0,0.0,0.0,0.0,0.0015
Rock Pigeon,0.1387317,0.1446095,0.1423,0.142478,0.1221343,0.1212253,0.1068711,0.1501353,0.128921,0.1382709,0.1548052,0.1507416,0.1409665,0.1406761,0.1468993,0.1461057,0.1322649,0.131316,0.1227691,0.1286226,0.1143364,0.1274773,0.1262942,0.1464037,0.1251939,0.1647156,0.1678549,0.1795839,0.1617712,0.1999018,0.2007467,0.2002295,0.1712824,0.1950042,0.1860068,0.1857296,0.1514724,0.1664022,0.1706258,0.157117,0.1382301,0.1595707,0.1616392,0.1593579,0.1334187,0.1595316,0.1530698,0.1571607
Band-tailed Pigeon,0.0074257,0.0076769,0.0107036,0.0098395,0.0118663,0.0166231,0.0184319,0.015956,0.0206177,0.0233737,0.0391342,0.0410284,0.052093,0.0517085,0.0700275,0.0761165,0.0793727,0.0804337,0.0832333,0.0926636,0.0971617,0.1090529,0.0983086,0.0883881,0.079519,0.0685822,0.0664165,0.0660898,0.0615062,0.0636888,0.0637212,0.0667432,0.0690347,0.0631109,0.0570453,0.0571401,0.0417507,0.0334391,0.0226054,0.0174977,0.0132693,0.0140347,0.0103353,0.007802,0.0067243,0.0074289,0.0084104,0.0094366
Eurasian Collared-Dove,0.0073079,0.0073431,0.0073017,0.0131409,0.005247,0.0063879,0.0062003,0.0063451,0.0050542,0.0082606,0.0073593,0.008692,0.0091567,0.0132679,0.0217845,0.0207188,0.0204966,0.0192757,0.0172069,0.0170365,0.0182229,0.0152375,0.0185546,0.0124131,0.011443,0.0098144,0.0101313,0.0081922,0.0087235,0.0084673,0.0083385,0.0089167,0.0064218,0.0076023,0.0086543,0.0117784,0.0067568,0.0095217,0.0054917,0.0055304,0.005642,0.0080198,0.0079317,0.0068155,0.0030953,0.0118358,0.0092515,0.0071468
African Collared-Dove,0.0,0.0,0.0,6.47e-05,0.0,0.0,0.0,0.0,0.0,0.0,0.0,0.0,0.0,0.0,0.0,0.0,0.0,0.0,0.0,0.0,0.0,0.0,0.0,0.0,0.0,0.0,0.0,0.0,0.0006625,0.0006136,0.0006223,0.0,0.0,0.0,0.0,0.0,0.0,0.0,0.0,0.0,0.0,0.0,0.0,0.0,0.0,0.0,0.0,0.0
White-winged Dove,0.0,0.0,0.0,0.0,0.0,0.0,0.0,0.0,0.0,0.0,0.0,0.0,0.0,0.0,0.0,0.0,0.0,0.0,0.0015,0.0,0.0,0.0,0.0,0.0,0.0,0.0,0.0,0.0,0.0,0.0,0.0,0.0,0.0,0.0,0.0,0.0,0.0,0.0,0.0,0.0,0.0,0.0,0.0,0.0,0.0,0.0,0.0,0.0
Mourning Dove,0.0063649,0.0076769,0.0051444,0.0063439,0.0050048,0.0079123,0.0096387,0.0071848,0.0060168,0.009387,0.0090043,0.0082057,0.0079255,0.0119048,0.0126868,0.0172446,0.0194649,0.023386,0.0205682,0.0272207,0.0208031,0.026591,0.0256279,0.0207765,0.0180372,0.0191557,0.0172608,0.0164764,0.0134717,0.0127623,0.013939,0.0135958,0.0155529,0.0148425,0.014627,0.0127519,0.0108915,0.0107685,0.0081737,0.0101541,0.0085675,0.011558,0.0091335,0.0078917,0.0046963,0.007177,0.0068485,0.008257
Yellow-billed Cuckoo,0.0,0.0,0.0,0.0,0.0,0.0,0.0,0.0,0.0,0.0,0.0,0.0,0.0,0.0,0.0,0.0,0.0,0.0,0.0,0.0,0.0,0.0,0.0,0.0,0.0015,0.0,0.0,0.0,0.0,0.0,0.0,0.0,0.0,0.0,0.0,0.0,0.0,0.0,0.0,0.0,0.0,0.0,0.0,0.0,0.0,0.0,0.0,0.0
Common Nighthawk,0.0,0.0,0.0,0.0,0.0,0.0,0.0,0.0,0.0,0.0,0.0,0.0,0.0,0.0,0.0,0.0,0.0,7.09e-05,0.0,0.0010687,0.0058055,0.0090628,0.0094311,0.0068668,0.0048487,0.0043751,0.0042527,0.0023012,0.0039753,0.0015953,0.0011201,0.0020305,0.0008027,0.0013274,0.0021941,0.0003894,0.0003025,0.0001134,0.0,0.0,0.0,0.0,0.0,0.0,0.0,0.0,0.0,0.0
Common Poorwill,0.0,0.0,0.0,0.0,0.0,0.0,0.0,0.0,0.0,0.0,0.0,0.0,0.0,0.0,0.0,0.0,0.0,0.0,0.0015,0.0,0.0,0.0,0.0,0.0,0.0,0.0,0.0,0.0,0.0,0.0,0.0,0.0,0.0,0.0,0.0,0.000292,0.0,0.0055543,0.0003831,0.0,0.0,0.0,0.0,0.0,0.0,0.0,0.0,0.0
Black Swift,0.0,0.0,0.0,0.0,0.0,0.0,0.0,0.0,0.0,0.0,0.0,0.0,0.0,0.0,0.0,0.0,0.0001376,0.0008504,0.0040816,0.007481,0.0081438,0.0210138,0.0225525,0.0133815,0.0073701,0.0068582,0.0057536,0.0049705,0.0025398,0.0039269,0.0036092,0.0047674,0.0034116,0.0014481,0.0017065,0.0007787,0.0001008,0.0,0.0,0.0,0.0,0.0,0.0,0.0,0.0,0.0,0.0,0.0
Vaux's Swift,0.0,0.0,0.0,0.0,0.0,0.0,0.0,0.0,0.0,0.0,0.0,0.0015,0.0,0.0006361,0.0100993,0.0353736,0.042919,0.0476933,0.0562625,0.063054,0.0574101,0.0764864,0.0747309,0.0520292,0.0435415,0.0472981,0.052783,0.0515464,0.0418507,0.0563259,0.0476665,0.0451134,0.0312061,0.0353566,0.0425402,0.0230702,0.0056474,0.0013602,0.0,0.0,0.0001045,0.0002359,0.0,0.0,0.0,0.0,0.0,0.0
White-throated Swift,0.0,0.0,0.0,0.0,0.0,0.0,0.0,0.0,0.0,0.0,0.0,0.0,0.0,0.0,0.0,0.0,0.0,0.0,0.0,0.0,0.0,0.0,0.0,0.0,0.0,0.0,0.0,0.0,0.0,0.0015,0.0001245,0.0,0.0,0.0001207,0.0,0.0,0.0,0.0,0.0,0.0,0.0,0.0,0.0,0.0,0.0,0.0,0.0,0.0
Black-chinned Hummingbird,0.0,0.0,0.0,0.0,0.0,0.0,0.0,0.0,0.0,0.0,0.0,0.0,0.0,0.0,0.0,0.0,0.0,0.0,0.0,0.0,0.0,0.0015,0.0,0.0,9.7e-05,0.0,0.0001251,0.0,0.0,0.0,0.0,0.0,0.0,0.0,0.0001219,0.0,0.0,0.0,0.0,0.0,0.0,0.0,0.0,0.0,0.0,0.0,0.0,0.0
Anna's Hummingbird,0.3743517,0.4314085,0.4455692,0.4675686,0.4702131,0.5092189,0.5030156,0.4970607,0.4844765,0.4852154,0.5008658,0.4985412,0.4570637,0.4757361,0.4680745,0.4779231,0.4573905,0.4658777,0.4233693,0.4457786,0.4038865,0.3803406,0.3796002,0.3611233,0.3342708,0.3410193,0.3629769,0.3896355,0.3955389,0.4187017,0.4492844,0.4661428,0.4528397,0.4732714,0.4919551,0.4840845,0.4319282,0.4284743,0.4045977,0.4017226,0.3536726,0.3801156,0.3928614,0.3805937,0.3401644,0.398892,0.4190797,0.4062587
Costa's Hummingbird,0.0,0.0,0.0,0.0,0.0,0.0,0.0,0.0,0.0,0.0,0.0,0.0,0.0,0.0,0.0,0.0015,0.0001376,0.0,0.0015,0.0015,0.0,0.0,0.0,0.0,0.0,0.0,0.0,0.0,0.0,0.0,0.0,0.0,0.0,0.0,0.0,0.0,0.0,0.0,0.0,0.0,0.0,0.0,0.0,0.0,0.0,0.0,0.0,0.0
Calliope Hummingbird,0.0,0.0,0.0,0.0,0.0,0.0,0.0,0.0,0.0,0.0,0.0,0.0,7.69e-05,0.0015,8.35e-05,0.0012002,0.0002751,7.09e-05,8e-05,0.0,0.0,0.0,0.0,8.8e-05,0.0002909,0.0002365,0.0,9.2e-05,0.0001104,0.0,0.0015,0.0,0.0,0.0,0.0,0.0,0.0,0.0,0.0,0.0,0.0,0.0,0.0,0.0,0.0,0.0,0.0,0.0
Rufous Hummingbird,5.89e-05,0.0003338,8.3e-05,6.47e-05,0.0001614,0.0002178,0.0005073,0.0007465,0.0044124,0.0159579,0.0450216,0.0788354,0.088181,0.1071429,0.1140973,0.1203335,0.1136254,0.1131741,0.1144458,0.1296285,0.1215933,0.1280749,0.1504869,0.1120697,0.0864042,0.0713019,0.0654159,0.0570692,0.0449426,0.0397595,0.0362166,0.0311645,0.0146498,0.0082056,0.0026816,0.0005841,0.0007059,0.0015,0.0,0.0,0.0003134,0.0002359,0.0001202,0.0001794,0.0002135,0.0002518,0.0002403,0.0004163
Virginia Rail,0.0135549,0.0106809,0.0136907,0.0124288,0.010494,0.0089286,0.0093005,0.0196883,0.0206177,0.028255,0.0393074,0.0413324,0.0340105,0.0399855,0.0421501,0.0483229,0.0387922,0.0445752,0.0395358,0.0440058,0.0370908,0.0354546,0.0300359,0.0283476,0.0246315,0.031808,0.0296435,0.0289948,0.0270539,0.035219,0.0357187,0.0367264,0.0366245,0.038132,0.0435154,0.0407865,0.0311618,0.0320789,0.0321839,0.0318223,0.020374,0.0255926,0.028362,0.0214331,0.0184652,0.0166205,0.0186231,0.0163059
Sora,0.0027699,0.0019192,0.0019084,0.0011652,0.0003229,0.0002178,0.0003946,0.0011197,0.0025672,0.0018774,0.0012987,0.0023705,0.0030009,0.0024537,0.0041733,0.0054324,0.0081849,0.0060945,0.0033613,0.0031433,0.0027415,0.002191,0.0019477,0.0015846,0.0013576,0.0029561,0.0018762,0.0023012,0.0020981,0.0029451,0.0060983,0.0054736,0.0062212,0.0097743,0.0078011,0.0042831,0.0019161,0.001927,0.0011494,0.0010879,0.0006269,0.0004718,0.0001202,0.0004484,0.0001067,0.0001259,0.0001201,0.0006245
American Coot,0.1891796,0.1951769,0.2066047,0.2081176,0.1666936,0.1548345,0.1332507,0.1965102,0.1841155,0.2020088,0.2012987,0.195964,0.164743,0.1820247,0.1624238,0.1258291,0.0775844,0.0695911,0.0479392,0.0446344,0.034188,0.035355,0.035469,0.0352144,0.0284135,0.0409129,0.0451532,0.0539396,0.0517889,0.0661431,0.0901058,0.1122098,0.1203091,0.1420297,0.1605314,0.1746325,0.1460266,0.1716164,0.190166,0.2162285,0.1751123,0.2155915,0.2200457,0.2244642,0.1655459,0.1727525,0.1852697,0.1855398
Purple Gallinule,0.0,0.0,0.0,0.0,0.0,0.0,0.0,0.0,0.0,0.0,0.0,0.0,0.0,0.0,0.0,0.0,0.0,0.0,0.0,0.0,0.0,0.0,0.0,0.0,0.0,0.0,0.0015,0.0,0.0,0.0,0.0,0.0,0.0,0.0,0.0,0.0,0.0,0.0,0.0,0.0,0.0,0.0,0.0,0.0,0.0,0.0,0.0,0.0
Sandhill Crane,0.0002357,0.0002503,0.0001659,0.0,8.07e-05,7.26e-05,0.0,9.33e-05,0.0,0.0015,8.66e-05,0.0002431,0.0003847,0.0002726,0.0015,0.0001895,0.0002063,0.0001417,8e-05,0.0,8.06e-05,9.96e-05,0.0001025,0.0,0.0,0.0,0.0,0.0015,0.0,0.0,0.0,0.0,0.0,0.0001207,0.0004876,0.0008761,0.0002017,0.0010202,0.0005109,0.0013599,0.0005224,0.0,0.0001202,8.97e-05,0.0003202,0.0008814,0.0001201,0.0002775
Black-necked Stilt,0.0,0.0,0.0,0.0,0.0,0.0,0.0,0.0,0.0,0.0,0.0,0.0,0.0,0.0,0.0015024,0.0009475,0.0001376,7.09e-05,0.0,0.0,0.0,0.0,0.0,8.8e-05,0.0,0.0,0.0,0.0,0.0,0.0,0.0,0.0003531,0.0,0.0,0.0020722,0.0,0.0,0.0,0.0,0.0,0.0,0.0,0.0,0.0,0.0,0.0,0.0,0.0
American Avocet,0.0,0.0,0.0,0.0,0.0,0.0,0.0,0.0,0.0,0.0,0.0,6.08e-05,0.0,0.0,0.0,0.0006317,0.0011693,0.0,0.0015,0.0010687,0.0001613,9.96e-05,0.0,0.0,0.0,0.0,0.0,0.0,0.0,0.0,0.0001245,0.0013243,0.0,0.0,0.0,0.0,0.0,0.0,0.0,0.0,0.0,0.0,0.0,0.0,0.0,0.0,0.0,0.0
Black Oystercatcher,0.0,0.0015,0.0,0.0,0.0,0.0,0.0,0.0,0.0,0.0,0.0,0.0001823,0.0004617,9.09e-05,0.0003339,0.0001895,0.0004127,0.0002126,0.0006403,0.0001886,0.0015,0.0,0.0001025,0.0,0.0,0.0,0.0,9.2e-05,0.0001104,0.0,0.0,0.0015,0.0,0.0,0.0,0.0,0.0,0.0,0.0001277,0.0,0.0,0.0,0.0,0.0,0.0,0.0,0.0,0.0
Black-bellied Plover,0.0,8.34e-05,8.3e-05,6.47e-05,8.07e-05,0.0002178,5.64e-05,0.0,0.0015,0.0015,8.66e-05,0.0001216,0.0006925,0.0003635,0.0017528,0.0012002,0.0008941,0.0002126,0.0002401,0.0,8.06e-05,0.0,0.0,0.0,0.0,0.0001182,0.0001251,0.0002761,0.0005521,0.0015,0.0003734,0.0001766,0.0039133,0.0027754,0.0028035,0.0037964,0.0021178,0.0005668,0.0001277,0.0010879,0.0003134,0.0002359,0.0004807,8.97e-05,0.0,0.0,0.0015,0.0002775
American Golden-Plover,0.0,0.0,0.0,0.0,0.0,0.0,0.0,0.0,0.0,0.0,0.0,0.0,0.0,0.0,0.0,0.0,0.0,0.0,0.0,0.0,0.0,0.0,0.0,0.0,0.0,0.0,0.0,0.0,0.0,0.0,0.0,0.0,0.0001003,0.0038615,0.0012189,0.0027256,0.0,0.0005668,0.0086845,0.0,0.0015,0.0,0.0,0.0,0.0,0.0,0.0,0.0
Pacific Golden-Plover,0.0,0.0,0.0,0.0,0.0,0.0,0.0,0.0,0.0,0.0,0.0,0.0,0.0,0.0,0.0,0.0,0.0,0.0015,0.0,0.0,0.0,0.0,0.0,0.0,0.0,0.0,0.0,0.0,0.0,0.0,0.0,0.0015,0.0,0.0,0.0036568,0.0,0.0,0.0,0.0,0.0,0.0,0.0,0.0,0.0,0.0,0.0003777,0.0,0.0
Killdeer,0.0590523,0.0538218,0.0589114,0.0632444,0.0506942,0.0591609,0.0470661,0.0823925,0.0723626,0.080353,0.0931602,0.0863117,0.0832564,0.1090513,0.1302896,0.1280399,0.1152762,0.1283396,0.1159664,0.1196329,0.0959523,0.0937158,0.0863147,0.0813452,0.072149,0.0895116,0.0965604,0.0920471,0.0886705,0.1197693,0.1178594,0.1341926,0.1384708,0.1573549,0.1549244,0.1503942,0.1184954,0.113353,0.1177522,0.0864914,0.0590325,0.0705272,0.0717462,0.0577527,0.049952,0.0550239,0.0547879,0.0589786
Semipalmated Plover,5.89e-05,0.0,0.0,0.0,0.0,0.0,0.0,0.0,0.0,0.0,0.0,0.0,0.0,0.0,0.0001669,0.0010738,0.0023385,0.0024803,0.0012005,0.0003772,0.0001613,0.0,0.0,8.8e-05,0.0001939,0.0007095,0.0017511,0.0048785,0.0037544,0.0074856,0.0156814,0.0279862,0.0351194,0.028599,0.0074354,0.0036017,0.0019161,0.0004534,0.0005109,0.0001813,0.0,0.0,0.0,0.0,0.0,0.0,0.0,0.0
Snowy Plover,0.0,0.0,0.0,0.0,0.0,0.0,0.0,0.0,0.0,0.0,0.0,0.0,0.0,0.0,0.0,0.0,0.0009629,0.0,0.0,0.0015,0.0,0.0,0.0,0.0,0.0,0.0,0.0,0.0,0.0,0.0,0.0,0.0,0.0043147,0.0,0.0,0.0,0.0,0.0,0.0,0.0,0.0,0.0,0.0,0.0,0.0,0.0,0.0,0.0
Upland Sandpiper,0.0,0.0,0.0,0.0,0.0,0.0,0.0,0.0,0.0,0.0,0.0,0.0,0.0,0.0,0.0,0.0,0.0,0.0,0.0,0.0,0.0,0.0,0.0,0.0,0.0,0.0,0.0,0.0,0.0,0.0,0.0001245,0.0,0.0,0.0022927,0.0,0.0,0.0,0.0,0.0,0.0,0.0,0.0,0.0,0.0,0.0,0.0,0.0,0.0
Hudsonian Whimbrel,0.0,0.0,0.0,0.0,0.0,0.0,0.0,0.0,0.0,0.0,0.0,0.0,0.0001539,0.0027263,0.0030882,0.0022109,0.0032327,0.002126,0.0017607,0.0033947,0.0005644,0.0002988,0.0,8.8e-05,0.0001939,0.0,0.0002502,9.2e-05,0.0001104,0.0004909,0.0002489,0.0007946,0.0017058,0.0014481,0.0007314,0.0001947,0.0,0.0,0.0,0.0,0.0,0.0,0.0,0.0,0.0,0.0,0.0,0.0
Long-billed Curlew,0.0,0.0,0.0,0.0,0.0,0.0,0.0,0.0,0.0,0.0,0.0,6.08e-05,0.0,0.0006361,0.0005843,0.0010107,0.0001376,0.0015,0.0,6.29e-05,0.0,0.0,0.0,0.0,0.0,0.0,0.0,0.0001841,0.0001104,0.0,0.0,0.0002649,0.0,0.0015,0.0015,0.0,0.0,0.0,0.0,0.0,0.0,0.0,0.0,0.0,0.0,0.0,0.0,0.0
Marbled Godwit,0.0,0.0,0.0,0.0,0.0,0.0,0.0,0.0,0.0,0.0,0.0,0.0,0.0,0.0,0.0,0.0,0.0,0.0,8e-05,0.0,0.0,0.0,0.0,0.0,0.0,0.0,0.0,0.0,0.0004417,0.0,0.0,0.0,0.0,0.0002413,0.0029254,0.0,0.0,0.0,0.0,0.0,0.0,0.0,0.0,0.0,0.0,0.0,0.0,0.0
Short-billed Dowitcher,0.0,0.0,0.0,0.0,0.0,0.0,0.0,0.0,0.0,0.0,0.0,0.0,0.0,0.0,0.0001669,0.0001263,0.0005502,0.0003543,0.0004802,0.0001257,0.0009676,0.0,0.0,8.8e-05,9.7e-05,0.0022467,0.0006254,0.0006443,0.0004417,0.0004909,0.0058494,0.0092699,0.0207706,0.0172559,0.0040224,0.0019469,0.0002017,0.0,0.0,0.0,0.0,0.0,0.0,0.0,0.0,0.0,0.0,0.0
Long-billed Dowitcher,0.001827,0.0009179,0.0019084,0.0012947,0.0008072,0.0010163,0.0009019,0.001493,0.0008022,0.0004694,0.0003463,0.0006078,0.0013081,0.0001818,0.0008347,0.0015792,0.0047459,0.0155907,0.0089636,0.0012573,0.0012901,9.96e-05,0.0,0.0,0.0013576,0.0131252,0.0195122,0.0164764,0.0150177,0.0083446,0.0103298,0.0142138,0.0216737,0.0235308,0.0103608,0.0168403,0.0130093,0.0114487,0.0166028,0.0068903,0.0027165,0.0033023,0.0022834,0.0008071,0.0003202,0.0006296,0.0012015,0.0009714
Wilson's Snipe,0.0208628,0.020277,0.0229837,0.0246634,0.0169519,0.0185105,0.0126261,0.0209947,0.0190132,0.0196189,0.0237229,0.0223681,0.0222376,0.0247183,0.0220349,0.0155391,0.0069468,0.0036142,0.0019208,0.0013202,0.0011289,0.0005976,0.0006151,0.0011445,0.0010667,0.0022467,0.0011257,0.0022091,0.0025398,0.002577,0.0042315,0.0093582,0.0308047,0.0378907,0.0262067,0.0325124,0.0264219,0.0370664,0.0439336,0.0413418,0.0302999,0.0327869,0.0384569,0.0272621,0.0236952,0.0225384,0.0265529,0.0208854
Wilson's Phalarope,0.0,0.0,0.0,0.0,0.0,0.0,0.0,0.0,0.0,0.0,0.0,0.0,0.0,0.0,0.0,0.0,0.0003439,0.0033307,0.002401,0.0032061,0.0033059,0.0009959,0.0010251,0.0001761,9.7e-05,0.0,0.0003752,0.0,0.0,0.0002454,0.0001245,0.0,0.0,0.0,0.0,0.0,0.0,0.0,0.0,0.0,0.0,0.0,0.0,0.0,0.0,0.0,0.0,0.0
Red Phalarope,0.0,0.0,0.0,0.0,0.0,0.0,0.0,0.0,0.0,0.0,0.0,0.0,0.0,0.0,0.0,0.0,0.0,0.0,0.0,0.0,0.0,0.0,0.0,0.0,0.0,0.0,0.0,0.0,0.0,0.0,0.0,0.0,0.0,0.0002413,0.0002438,0.0004867,0.0001008,0.0001134,0.0,9.07e-05,0.0004179,0.0003538,0.0008412,0.0001794,0.0,0.0002518,0.0015,0.0015
Red-necked Phalarope,0.0,0.0,0.0,0.0,0.0,0.0,0.0,0.0,0.0,0.0,0.0,0.0,0.0,0.0,0.0,0.0,6.88e-05,0.0002835,0.0020808,0.0016974,0.0001613,9.96e-05,0.0,0.0,9.7e-05,0.0,0.0015,0.0014728,0.0033127,0.0066266,0.013939,0.0197758,0.0135461,0.0148425,0.0071916,0.0041857,0.0011093,0.0001134,0.0002554,9.07e-05,0.0,0.0,0.0,0.0,0.0,0.0,0.0,0.0
Spotted Sandpiper,0.0064239,0.0048398,0.0055592,0.0049845,0.0035518,0.0029036,0.003382,0.0027993,0.0020858,0.0028161,0.0012121,0.0019451,0.0013081,0.0013631,0.0031717,0.0091592,0.0248298,0.0450004,0.0539416,0.0552587,0.0353975,0.0355542,0.0369042,0.0299322,0.0322925,0.0346459,0.0421513,0.0447349,0.0404152,0.0549761,0.0533914,0.0520879,0.0356211,0.029685,0.0213311,0.0121678,0.0065551,0.0047608,0.0094508,0.0075249,0.002821,0.0055431,0.0043264,0.0037665,0.0043761,0.0061697,0.0058873,0.0077019
Solitary Sandpiper,0.0,0.0,0.0,0.0,0.0,0.0,0.0,0.0,0.0,0.0,0.0,0.0,0.0,9.09e-05,0.0003339,0.0060641,0.00846,0.0041811,0.0014406,0.0002515,0.0,0.0,0.0001025,0.0,0.0001939,0.000946,0.0008755,0.0033137,0.0069567,0.0078537,0.0093342,0.0060034,0.004415,0.0042235,0.0025597,0.0001947,0.0,0.0,0.0,0.0,0.0,0.0,0.0,0.0,0.0,0.0,0.0,0.0
Wandering Tattler,0.0,0.0,0.0,0.0,0.0,0.0,0.0,0.0,0.0,0.0,0.0,0.0,0.0,0.0,0.0,0.0,0.0,0.0028347,0.0010404,0.0,0.0,0.0,0.0,0.0,0.0,0.0015,0.0,0.0,0.0032023,0.0136213,0.0033603,0.0022071,0.0001003,0.0001207,0.0,0.0015,0.0,0.0,0.0,0.0,0.0,0.0,0.0,0.0,0.0,0.0,0.0,0.0
Lesser Yellowlegs,0.0,0.0,0.0,0.0,0.0,0.0,0.0,0.0,0.0,0.0,0.0,0.0001823,0.0002308,0.0010905,0.0047575,0.0033479,0.0017195,0.0016299,0.0004802,0.0001257,0.0,0.0,0.0015,0.0010564,0.0011637,0.0021284,0.0043777,0.0046944,0.0075088,0.0100626,0.0115744,0.0107707,0.0068232,0.0037408,0.0023159,0.0006814,0.0003025,0.0002267,0.0,9.07e-05,0.0,0.0015,0.0,0.0,0.0,0.0,0.0,0.0
Willet,0.0,0.0,0.0,0.0,0.0,0.0,0.0,0.0015,0.0,0.0,0.0,0.0,0.0,0.0,0.0,0.0,0.0,0.0,0.0,0.0,0.0,0.0,0.0,0.0,0.0,0.0,0.0,0.0,0.0,0.0,0.0,0.0,0.0,0.0,0.0,0.0,0.0,0.0,0.0,0.0,0.0,0.0,0.0,0.0,0.0,0.0,0.0,0.0
Greater Yellowlegs,0.0005304,0.0002503,0.0003319,0.0003884,0.0004036,0.0002178,0.0005637,0.0001866,0.0006418,0.0017835,0.0028571,0.0071724,0.0128501,0.0194475,0.0304649,0.0206557,0.0110737,0.0055276,0.005122,0.0030804,0.0005644,0.0003984,0.0010251,0.002465,0.0054306,0.0101691,0.0128831,0.01169,0.01303,0.0141122,0.0141879,0.0141255,0.0138471,0.0112224,0.0113359,0.0103183,0.00595,0.0060077,0.0043423,0.0043518,0.0016717,0.0017691,0.0008412,0.0004484,0.0004269,0.0003777,0.0001201,0.0004163
Ruddy Turnstone,0.0,0.0,0.0,0.0,0.0,0.0,0.0,9.33e-05,0.0,0.0,0.0,0.0,0.0,0.0,0.0,0.0,0.0,0.0,8e-05,0.0,0.0,0.0,0.0,0.0,0.0,0.0,0.0,0.0,0.0,0.0,0.0007467,0.0057385,0.0026089,0.0004827,0.0,0.0,0.0,0.0,0.0,0.0,0.0,0.0,0.0,0.0,0.0,0.0,0.0,0.0
Black Turnstone,0.0145568,0.0104306,0.0121142,0.0104868,0.0096061,0.0061702,0.0046221,0.0089577,0.0060168,0.0063832,0.0085714,0.007841,0.0036934,0.0032715,0.0036725,0.002653,0.0015,0.0,0.0,0.0,0.0,0.0,0.0,0.0,0.0,0.0,0.0001251,0.0006443,0.0005521,0.004295,0.005725,0.0104176,0.0084287,0.0076023,0.0082886,0.0087608,0.0082695,0.0075946,0.012516,0.0118767,0.0073138,0.0109683,0.007451,0.0102233,0.0094994,0.0093176,0.0105731,0.0117263
Red Knot,0.0,0.0,0.0,0.0,0.0,0.0,0.0,0.0,0.0,0.0,0.0,0.0,0.0,0.0,0.0,0.0,0.0,0.0,0.0,0.0,0.0,0.0,0.0,0.0,0.0,0.0,0.0,0.0015,0.0,0.0,0.0,0.0082988,0.0207706,0.0226861,0.0009751,0.0,0.0,0.0,0.0,0.0,0.0,0.0,0.0,0.0,0.0,0.0,0.0,0.0
Surfbird,0.0060113,0.0038385,0.0047295,0.0038193,0.0043591,0.0014518,0.0008455,0.0011197,0.0004011,0.0008448,0.0013853,0.000851,7.69e-05,0.0001818,8.35e-05,0.0003158,0.0,0.0,0.0,0.0,0.0,0.0,0.0,0.0,0.0,0.0,0.0001251,0.0002761,0.0,0.0003681,0.0008712,0.0022071,0.0020068,0.0022927,0.0012189,0.0027256,0.0024203,0.0030605,0.0061303,0.0034451,0.0026121,0.0048355,0.003365,0.0043045,0.0027751,0.0040292,0.002403,0.0033999
Ruff,0.0,0.0,0.0,0.0,0.0,0.0,0.0,0.0,0.0,0.0,0.0,0.0,0.0,0.0,0.0,0.0,0.0,0.0,0.0,0.0,0.0,0.0,0.0,0.0,0.0,0.0,0.0,0.0015,0.0,0.0,0.0,0.0,0.0015,0.0126704,0.0,0.0,0.0,0.0,0.0,0.0,0.0,0.0,0.0,0.0,0.0,0.0,0.0,0.0
Sharp-tailed Sandpiper,0.0,0.0,0.0,0.0,0.0,0.0,0.0,0.0,0.0,0.0,0.0,0.0,0.0,0.0,0.0,0.0,0.0,0.0,0.0,0.0,0.0,0.0,0.0,0.0,0.0,0.0,0.0,0.0,0.0,0.0,0.0,0.0,0.0015,0.0,0.0,0.0066193,0.0097822,0.0028338,0.0,0.0,0.0,0.0,0.0,0.0,0.0,0.0,0.0,0.0
Stilt Sandpiper,0.0,0.0,0.0,0.0,0.0,0.0,0.0,0.0,0.0,0.0,0.0,0.0,0.0,0.0,0.0,0.0,0.0,0.0,0.0,0.0,0.0,0.0,0.0,0.0,0.0,0.0,0.0,9.2e-05,0.0,0.0004909,0.0038581,0.0008828,0.0157536,0.0136358,0.0,0.0013628,0.0017144,0.0,0.0,0.0,0.0,0.0,0.0,0.0,0.0,0.0,0.0,0.0
Red-necked Stint,0.0,0.0,0.0,0.0,0.0,0.0,0.0,0.0,0.0,0.0,0.0,0.0,0.0,0.0,0.0,0.0,0.0,0.0,0.0,0.0,0.0,0.0,0.0,0.0,0.0,0.0,0.0,0.0,0.0,0.0,0.0,0.0,0.0086293,0.0,0.0,0.0,0.0,0.0,0.0,0.0,0.0,0.0,0.0,0.0,0.0,0.0,0.0,0.0
Buff-breasted Sandpiper,0.0,0.0,0.0,0.0,0.0,0.0,0.0,0.0,0.0,0.0,0.0,0.0,0.0,0.0,0.0,0.0,0.0,0.0,0.0,0.0,0.0,0.0,0.0,0.0,0.0,0.0,0.0,0.0,0.0,0.0,0.0,0.0002649,0.0002007,0.0,0.0,0.0,0.0,0.0044208,0.0028097,0.0,0.0,0.0,0.0,0.0,0.0,0.0,0.0,0.0
Sanderling,0.0055398,0.0035047,0.0045636,0.0038193,0.0036325,0.0017422,0.0019165,0.0029859,0.0028881,0.0033793,0.0033766,0.0028568,0.0025392,0.0028172,0.0035056,0.0036005,0.0033702,0.0017717,0.002401,0.0003143,0.0001613,0.0,0.0,0.0,0.0002909,0.0015,0.0006254,0.0007364,0.0013251,0.0023316,0.0043559,0.0137724,0.0200682,0.0166526,0.0123111,0.0066193,0.0047398,0.0047608,0.0048531,0.0088849,0.0041793,0.0067225,0.0064896,0.0037665,0.0045896,0.0055402,0.0022828,0.0050652
Dunlin,0.008133,0.0075935,0.0072187,0.0076385,0.0051663,0.0021051,0.0031565,0.0032658,0.0028079,0.0026284,0.0030303,0.0047411,0.0042321,0.0084515,0.0093481,0.0082117,0.0039893,0.002126,0.0006403,0.0001886,0.0,0.0,0.0,0.0001761,9.7e-05,0.0,0.0,0.0,0.0,0.0,0.0001245,0.0,0.0005017,0.0004827,0.0004876,0.0010708,0.0017144,0.0046475,0.0113665,0.0194016,0.0129558,0.01144,0.0096142,0.0059188,0.0054435,0.0046588,0.0051664,0.0099917
Rock Sandpiper,0.0,0.0,0.0,0.0,0.0,0.0,0.0,0.0,0.0,0.0,0.0,0.0,0.0,0.0,0.0,0.0,0.0,0.0,0.0,0.0,0.0,0.0,0.0,0.0,0.0,0.0,0.0,0.0,0.0,0.0,0.0,0.0,0.0,0.0,0.0,0.0,0.0,0.0001134,0.0,0.0,0.0,0.0015,0.0,0.0,0.0,0.0,0.0003604,0.0
Baird's Sandpiper,0.0,0.0,0.0,0.0,0.0,0.0,0.0,0.0,0.0,0.0,0.0,0.0,0.0,0.0,0.0,0.0015,0.0,0.0,0.0,0.0,0.0,0.0,0.0,0.0,0.0001939,0.000946,0.0006254,0.0002761,0.0003313,0.0023316,0.0082141,0.0220712,0.0312061,0.0158079,0.0025597,0.0014601,0.0002017,0.0,0.0,0.0,0.0,0.0,0.0,0.0,0.0,0.0,0.0,0.0
Least Sandpiper,0.0012376,0.0005841,0.0007468,0.0005179,0.0004843,0.0004355,0.0006764,0.0003732,0.0003209,0.0003755,0.0004329,0.0009725,0.0015389,0.0029989,0.0146065,0.038911,0.0328771,0.017008,0.004882,0.0005029,0.0003225,0.0001992,0.000205,0.004842,0.0220132,0.0341729,0.0378987,0.0315722,0.0380963,0.0587802,0.0700685,0.0661252,0.0546859,0.0403041,0.0204778,0.0153801,0.0086729,0.0055543,0.0042146,0.0018132,0.0006269,0.0012973,0.0006009,0.0011658,0.0005337,0.0003777,0.0006007,0.0017347
Pectoral Sandpiper,0.0,0.0,0.0,0.0,0.0,0.0,0.0,0.0,0.0,0.0,0.0,0.0,0.0,0.0,8.35e-05,0.0001895,0.0015,0.0040394,0.0040016,0.0008801,0.0,9.96e-05,0.0,0.0,9.7e-05,0.0,0.0002502,0.0007364,0.0022085,0.0038041,0.0060983,0.0037962,0.0130444,0.0254616,0.0145051,0.0186898,0.0079669,0.0029472,0.0030651,0.0004533,0.0001045,0.0,0.0,0.0,0.0,0.0,0.0,0.0
Western Sandpiper,0.0,0.0,0.0,0.0,0.0,0.0,0.0,0.0,0.0,0.0,0.0,0.0,7.69e-05,0.0004544,0.0051749,0.0118123,0.0143751,0.0099213,0.0036815,0.0005029,0.0,0.0015,0.0001025,0.0021129,0.0096974,0.0171456,0.0188868,0.0120582,0.0136926,0.037796,0.0552582,0.0489097,0.0591009,0.0530952,0.0284008,0.0175217,0.0108915,0.0022671,0.0019157,0.0014506,0.0004179,0.0009435,0.0002404,0.000269,0.0002135,0.0,0.0001201,0.0
Semipalmated Sandpiper,0.0,0.0,0.0,0.0,0.0,0.0,0.0,0.0,0.0,0.0,0.0,0.0,0.0,0.0,0.0,6.32e-05,0.000619,0.0008504,0.0002401,0.0,0.0,0.0,0.0,0.0005282,0.0018425,0.0027196,0.0037523,0.0027614,0.0035336,0.0053994,0.0120722,0.0120067,0.00883,0.0045855,0.0003657,0.0001947,0.0,0.0,0.0,0.0,0.0,0.0,0.0,0.0,0.0,0.0,0.0,0.0
Long-tailed Jaeger,0.0,0.0,0.0,0.0,0.0,0.0,0.0,0.0,0.0,0.0,0.0,0.0,0.0,0.0,0.0,0.0,0.0,0.0,0.0,0.0,0.0,0.0,0.0,0.0,0.0,0.0,0.0,0.0,0.0,0.0,0.0015,0.0004414,0.0002007,0.0001207,0.0001219,9.73e-05,0.0,0.0,0.0,0.0,0.0,0.0,0.0,0.0,0.0,0.0,0.0,0.0
Parasitic Jaeger,0.0,0.0,0.0,0.0,0.0,0.0,0.0,0.0,0.0,0.0,0.0,0.0,0.0,0.0,0.0,0.0,0.0003439,0.0011339,0.0057623,0.0056579,0.001532,0.0010955,0.0010251,0.0007923,0.0025213,0.0003547,0.0015009,0.0014728,0.0016564,0.0024543,0.0037337,0.0054736,0.0109372,0.0153252,0.0170648,0.010513,0.0053449,0.0053276,0.005364,0.0025385,0.0010448,0.0003538,0.0001202,0.0,0.0,0.0,0.0,0.0
Pomarine Jaeger,0.0,0.0,0.0,0.0,0.0,0.0,0.0,0.0,0.0,0.0,0.0,0.0,0.0,0.0,0.0,0.0,0.0,0.0,0.0,6.29e-05,0.0,0.0,0.0,0.0,0.0,0.0,0.0,0.0,0.0,0.0,0.0,0.0001766,0.0001003,0.0001207,0.0018284,0.0007787,0.0001008,0.0006801,0.0019157,0.0001813,0.0,0.0,0.0,8.97e-05,0.0,0.0,0.0,0.0
Rhinoceros Auklet,0.0223362,0.0211949,0.0225689,0.0182548,0.0174362,0.0117596,0.0077222,0.0130634,0.0105897,0.0092932,0.0095238,0.0072939,0.0110803,0.0116321,0.0188632,0.0124439,0.0105922,0.0084331,0.0120848,0.012133,0.0086276,0.0129469,0.0139416,0.0232415,0.0251164,0.025068,0.0246404,0.0258652,0.0250663,0.0217205,0.0318606,0.0267502,0.0251856,0.0393387,0.0410775,0.0380609,0.0311618,0.0413738,0.0429119,0.0365367,0.0352105,0.034438,0.0319673,0.0275312,0.0268972,0.0251826,0.0182626,0.0235915
Tufted Puffin,5.89e-05,0.0,0.0,0.0,0.0,0.0,0.0,0.0,0.0,0.0,0.0,0.0,0.0,0.0,0.0,0.0,0.0,0.0,0.0,0.0,0.0,0.0,0.0006151,0.0001761,0.0015,0.0002365,0.0001251,0.0,0.0,0.0,0.0006223,0.000618,0.0015,0.0,0.0,0.0,0.0,0.0,0.0,0.0,0.000209,0.0,0.0,0.0,0.0,0.0,0.0,0.0002775
Horned Puffin,0.0,0.0,0.0,0.0,0.0,0.0,0.0,0.0,0.0,0.0,0.0,0.0,0.0,0.0,0.0,0.0,0.0,0.0,0.0003201,6.29e-05,0.0001613,0.0002988,0.0011276,0.0002641,0.0001939,0.0,0.0,0.0,0.0001104,0.0015,0.0,8.83e-05,0.0,0.0,0.0,0.0,0.0,0.0005668,0.0,0.0,0.0,0.0,0.0,0.0,0.0,0.0,0.0,0.0
Cassin's Auklet,5.89e-05,0.0,0.0,0.0,0.0,0.0,0.0,0.0,0.0,0.0,0.0,0.0,0.0,0.0,0.0,0.0,0.0,0.0,0.0,0.0,0.0,0.0,0.0001025,0.0006163,9.7e-05,0.0,0.0,0.0001841,0.0002208,0.0,0.0,8.83e-05,0.0002007,0.0012067,0.0008532,0.0008761,0.0,0.0004534,0.0005109,0.0012693,0.0015672,0.0008256,0.0018027,0.0001794,0.0006404,0.0,0.0,6.94e-05
Crested Auklet,0.0,0.0,0.0,0.0,0.0,0.0,0.0,0.0,0.0,0.0,0.0,0.0,0.0,0.0,0.0,0.0,0.0,0.0,0.0,0.0,0.0,0.0003984,0.0,0.0001761,0.0,0.0,0.0,0.0,0.0,0.0,0.0,0.0,0.0,0.0,0.0,0.0,0.0,0.0,0.0,0.0,0.0,0.0,0.0,0.0,0.0,0.0,0.0,0.0
Marbled Murrelet,0.0011198,0.0013351,0.0013276,0.0008415,0.0012108,0.0010889,0.0005637,0.0009331,0.0002407,0.000751,0.0011255,0.0009725,0.0026162,0.0062704,0.0110174,0.0109279,0.0092854,0.0097087,0.0090436,0.0104357,0.0097565,0.0125486,0.0126089,0.0174311,0.015031,0.0141894,0.012758,0.0110457,0.0090548,0.0110443,0.0145613,0.0075042,0.0069235,0.0030168,0.0037786,0.0021415,0.0016136,0.0035139,0.0043423,0.0038985,0.0045972,0.0033023,0.0031246,0.0024213,0.0022414,0.0012591,0.0007209,0.0013183
Pigeon Guillemot,0.0262848,0.0241155,0.0233156,0.0267349,0.0238941,0.023011,0.0178118,0.0292059,0.0251103,0.0279733,0.0296104,0.0290542,0.0290089,0.0298073,0.0327185,0.0271619,0.027581,0.0258663,0.0292917,0.0333815,0.0255604,0.0325665,0.0325987,0.0397922,0.0395656,0.0445785,0.0441526,0.0470361,0.042182,0.0591484,0.0528936,0.0360201,0.0205699,0.0196694,0.0170648,0.0122652,0.0096813,0.0150759,0.0155811,0.0165911,0.0174485,0.0195778,0.0168249,0.0165904,0.0203864,0.0210274,0.0156194,0.0261588
Thick-billed Murre,0.0015,0.0,0.0,0.0,0.0,0.0,0.0,0.0,0.0,0.0,0.0,0.0,0.0,0.0,0.0,0.0,0.0,0.0,0.0,0.0,0.0,0.0,0.0,0.0,0.0,0.0,0.0,0.0,0.0,0.0,0.0,0.0,0.0,0.0,0.0,0.0,0.0,0.0,0.0,0.0,0.0,0.0,0.0015,0.0,0.0,0.0,0.0,0.0
Common Murre,0.0076615,0.0083445,0.0068038,0.0049845,0.0050048,0.0041376,0.0015783,0.0035458,0.0017649,0.0024406,0.0013853,0.0020058,0.0022315,0.0024537,0.0025874,0.0016423,0.0013068,0.0013465,0.0030412,0.0026403,0.0023383,0.00488,0.0032804,0.0036095,0.003782,0.0055575,0.0078799,0.0083763,0.0110424,0.011167,0.0165526,0.0100644,0.0075256,0.0047062,0.0040224,0.0058406,0.0044373,0.0106552,0.0150702,0.0177697,0.0171351,0.0182805,0.0183872,0.0137207,0.0133419,0.0089398,0.0070888,0.009506
Ancient Murrelet,0.0001179,0.001502,0.0005808,0.0003237,0.0004036,0.0001452,5.64e-05,0.0008398,8.02e-05,0.0,0.0,0.0,0.0,9.09e-05,8.35e-05,0.0002527,0.0,7.09e-05,0.0002401,0.0001886,8.06e-05,0.0,0.0,8.8e-05,0.0002909,0.0,0.0002502,0.0005523,0.0009938,0.0003681,0.0003734,0.0003531,0.0004014,0.0038615,0.0023159,0.0013628,0.0016136,0.0046475,0.00447,0.0057117,0.0079407,0.0084916,0.0091335,0.005022,0.0062974,0.0021405,0.0016821,0.0006245
Swallow-tailed Gull,0.0,0.0,0.0,0.0,0.0,0.0,0.0,0.0,0.0,0.0,0.0,0.0,0.0,0.0,0.0,0.0,0.0,0.0,0.0,0.0,0.0,0.0,0.0,0.0,0.0,0.0,0.0,0.0,0.0,0.0,0.0,0.0071511,0.0015,0.0,0.0,0.0,0.0,0.0,0.0,0.0,0.0,0.0,0.0,0.0,0.0,0.0,0.0,0.0
Little Gull,0.0,0.0,8.3e-05,0.0,0.0,0.0015,0.0015,0.0,0.0,0.0,0.0,0.0015,0.0,0.0,0.0015,0.0015,0.0,0.0,0.0,0.0,0.0,0.0,0.0,0.0,0.0,0.0,0.0,0.0,0.0015,0.0,0.0015,0.0,0.0015,0.0001207,0.0001219,0.0,0.0001008,0.0015,0.0,0.0001813,0.0001045,0.0,0.0,0.0015,0.0,0.0,0.0,0.0
Ross's Gull,0.0,0.0,0.0,0.0,0.0,0.0,0.0,0.0,0.0,0.0,0.0,0.0,0.0,0.0,0.0,0.0,0.0,0.0,0.0,0.0,0.0,0.0,0.0,0.0,0.0,0.0,0.0,0.0,0.0,0.0,0.0,0.0,0.0,0.0,0.0,0.0,0.0,0.0,0.0,0.0,0.0,0.0,0.0,0.0,0.0005337,0.0,0.0,0.0
Black-legged Kittiwake,0.0,0.0005841,0.0,0.0,0.0,7.26e-05,0.0,0.0,0.0,0.0,0.0,0.0,0.0,0.0,0.0,0.0,0.0002751,0.0015,0.0017607,0.0,0.0,0.0,0.0,0.0,0.0,0.0,0.0,0.0,0.0,0.0,0.0,0.0,0.0015,0.0,0.0006095,0.0,0.0,0.0001134,0.0,0.0001813,0.0001045,0.0011794,0.0,0.0,0.0002135,0.0,0.0,0.0
Red-legged Kittiwake,0.0,0.0,0.0,0.0,0.0,0.0,0.0,0.0,0.0,0.0,0.0,0.0,0.0,0.0,0.0,0.0,0.0,0.0,0.0,0.0,0.0,0.0,0.0,0.0,0.0,0.0,0.0,0.0,0.0,0.0,0.0,0.0,0.0,0.0,0.0,0.0,0.0,0.0,0.0,0.0,0.0,0.0,0.0015,0.0,0.0,0.0,0.0,0.0
Sabine's Gull,0.0,0.0,0.0,0.0,0.0,0.0,0.0,0.0,0.0,0.0,0.0,0.0,0.0,0.0,0.0,6.32e-05,0.0,0.0,0.0005602,0.0002515,0.0,0.0,0.0,0.0,0.0,0.0,0.0,0.0,0.0001104,0.0001227,0.0,0.0039728,0.0021072,0.0067576,0.0040224,0.0016548,0.0005042,0.0036273,0.0001277,0.0,0.0,0.0,0.0002404,0.0,0.0,0.0,0.0,0.0
Bonaparte's Gull,0.0047737,0.006008,0.0055592,0.0050492,0.0044398,0.0037021,0.0021419,0.0037324,0.0018452,0.0032855,0.0038095,0.0083273,0.0177747,0.0209015,0.0284617,0.018508,0.0055712,0.0027638,0.0029612,0.0039605,0.0014514,0.0014939,0.0024603,0.0022889,0.0018425,0.0018919,0.0035022,0.0069956,0.006515,0.012026,0.0123211,0.0138607,0.0112382,0.0165319,0.0162116,0.0164509,0.0189593,0.0260712,0.0323116,0.0373527,0.0310312,0.0331407,0.0269198,0.0170388,0.0149429,0.0108285,0.0076895,0.005204
Black-headed Gull,0.0,0.0,0.0,0.0,0.0,0.0,0.0,0.0,0.0,0.0,0.0,0.0,0.0017698,0.0005453,0.0,0.0,0.0,0.0,0.0,0.0,0.0,0.0,0.0,0.0,0.0,0.0,0.0,0.0,0.0,0.0,0.0,0.0,0.0,0.0,0.0,0.0,0.0015,0.0,0.0,0.0015,0.0,0.0,0.0,0.0,0.0,0.0,0.0,0.0
Franklin's Gull,5.89e-05,0.0003338,8.3e-05,6.47e-05,0.0,0.0,0.0,0.0,0.0,0.0,0.0,0.0,0.0,0.001454,0.0004173,6.32e-05,0.0002063,0.0004961,0.0001601,0.0005029,0.0001613,0.0009959,0.0,0.0,0.0,0.0,0.0,0.0,0.0015,0.0007363,0.009832,0.0063565,0.0036123,0.0015687,0.0015846,0.0014601,0.0010085,0.0007935,0.0001277,0.0006346,0.0004179,0.0,0.0002404,0.000269,0.0002135,0.0011332,0.0,0.0
Heermann's Gull,0.0001768,0.0002503,8.3e-05,0.0,0.0,0.0,5.64e-05,0.0,0.0,9.39e-05,8.66e-05,0.0,7.69e-05,0.0,0.0,0.0,6.88e-05,0.0,0.0,0.0,0.0,9.96e-05,0.00041,0.0018488,0.0030062,0.0078042,0.0076298,0.0110457,0.0112633,0.0105534,0.0185439,0.0218063,0.0218744,0.0319778,0.0365675,0.0369902,0.0368092,0.0395602,0.0426564,0.0382593,0.0312402,0.0270079,0.0235549,0.0119272,0.0065108,0.002896,0.0007209,0.0008326
Short-billed Gull,0.1175743,0.111482,0.1161633,0.1142543,0.1055053,0.0834059,0.0647652,0.0908836,0.0880064,0.0827936,0.0787013,0.0673474,0.0781779,0.0737913,0.061681,0.0437749,0.0209093,0.007441,0.0031212,0.0020117,0.0012901,0.0006971,0.0003075,0.0007043,0.0015516,0.0017737,0.003252,0.0100331,0.0224161,0.0290833,0.0387057,0.0487331,0.0649207,0.065645,0.0717942,0.0705733,0.0914683,0.109499,0.1303959,0.1456029,0.1371852,0.1469513,0.1338781,0.1312887,0.1332053,0.1295643,0.111258,0.1158757
Ring-billed Gull,0.093529,0.0962116,0.1058745,0.1011781,0.0780594,0.0706301,0.0550702,0.0731548,0.057842,0.0469351,0.0294372,0.021274,0.0156202,0.0187205,0.0149403,0.0120649,0.0075659,0.0077245,0.0067227,0.0087383,0.0079826,0.0103575,0.0099436,0.0118848,0.0094065,0.0140712,0.0196373,0.0256811,0.0258392,0.0333783,0.0486621,0.0575616,0.0659241,0.0803668,0.0917845,0.0867322,0.0780557,0.0876219,0.1088123,0.1198549,0.0977954,0.1136927,0.1140488,0.1241144,0.0949941,0.1076555,0.1047699,0.1005412
Western Gull,0.006306,0.0073431,0.0072187,0.0103573,0.0087181,0.0066057,0.0062003,0.0061584,0.0053751,0.00582,0.004329,0.0040117,0.0030009,0.0039985,0.0021701,0.001895,0.0019259,0.002126,0.0011204,0.001886,0.0002419,0.0002988,0.0001025,0.0002641,0.0002909,0.000473,0.0006254,0.0006443,0.0026502,0.002577,0.0022402,0.0033548,0.0028096,0.0025341,0.0025597,0.0030176,0.002622,0.0031739,0.0052363,0.0060743,0.0050151,0.0051893,0.0066098,0.0081607,0.0045896,0.0055402,0.0079298,0.0077019
American Herring Gull,0.0137907,0.0149366,0.0155161,0.0137882,0.0120278,0.0106707,0.0082859,0.0086778,0.0077016,0.0071341,0.0054545,0.005592,0.0026162,0.002181,0.001252,0.0005053,0.0002063,0.0001417,0.0003201,6.29e-05,0.0,0.0,0.0,0.0,0.0001939,0.0,0.0,0.0,0.0,0.0,0.0002489,0.000618,0.0017058,0.0033788,0.0043881,0.0053538,0.0068576,0.0109952,0.0166028,0.0174977,0.0143141,0.0156858,0.0173056,0.0204466,0.0128082,0.010073,0.013697,0.0164446
Great Black-backed Gull,0.0,0.0015,0.0006638,6.47e-05,8.07e-05,0.0,0.0015,0.0,0.0,0.0,0.0,0.0,0.0,0.0,0.0,0.0,0.0,0.0,0.0,0.0,0.0,0.0,0.0,0.0,0.0,0.0,0.0,0.0,0.0,0.0,0.0,0.0,0.0,0.0,0.0,0.0,0.0,0.0,0.0,0.0,0.0,0.0,0.0,0.0,0.0,0.0,0.0,0.0
Glaucous Gull,0.0037129,0.0012517,0.0014935,0.0021362,0.002906,0.0017422,0.0005637,0.0001866,0.0002407,0.0002816,8.66e-05,6.08e-05,0.0,9.09e-05,0.0,6.32e-05,0.0,0.0,0.0,0.0,0.0,0.0,0.0,0.0,0.0,0.0,0.0,0.0,0.0,0.0,0.0,0.0,0.0,0.0,0.0,0.0,0.0,0.0,0.0,0.0004533,0.0001045,0.0009435,0.0001202,0.0,0.0018145,0.0,0.0,0.0024979
Lesser Black-backed Gull,0.0001768,0.0001669,0.0,0.0,8.07e-05,0.0,0.0,0.0,0.0,0.0,0.0015,6.08e-05,0.0001539,9.09e-05,0.0,0.0,0.0,0.0,0.0,0.0001257,8.06e-05,0.0001992,0.0001025,0.0014966,0.0,0.0,0.0,0.0001841,0.0002208,0.0003681,0.0003734,0.0,0.0015,0.0,0.0,9.73e-05,0.0016136,0.0006801,0.0019157,0.0013599,0.0005224,0.0002359,0.0007211,0.005022,0.0010673,0.001385,0.0,0.0
California Gull,0.0314121,0.0338785,0.0321938,0.0278353,0.0250242,0.0206156,0.0165718,0.0232341,0.0226233,0.0239369,0.0208658,0.0191466,0.0190828,0.0165394,0.0189467,0.0159813,0.0125868,0.0107717,0.0160064,0.0188596,0.0182229,0.0253959,0.0257304,0.0346862,0.0281226,0.036656,0.0559099,0.0771355,0.0746466,0.09584,0.1192284,0.1236868,0.1221152,0.1386509,0.1439542,0.1349168,0.1184954,0.1269553,0.1323116,0.1253853,0.0927803,0.0963557,0.0781156,0.0696798,0.0542214,0.0551498,0.0401298,0.0360117
Glaucous-winged Gull,0.2716289,0.268775,0.2666777,0.2665717,0.2503229,0.2153746,0.1862353,0.2513763,0.2320096,0.2319534,0.2204329,0.2198517,0.2048323,0.2192839,0.2125866,0.2041564,0.1889401,0.179151,0.1683073,0.1623185,0.142477,0.1476945,0.1452588,0.1515979,0.159135,0.1727563,0.1871169,0.2044367,0.1958922,0.2124187,0.2285003,0.2260087,0.2183424,0.2328949,0.2361043,0.2341088,0.2177289,0.2425754,0.2693487,0.2955576,0.2693553,0.2844675,0.2980411,0.3028428,0.2845554,0.3009318,0.2995314,0.3042603
Slaty-backed Gull,0.0002357,0.0,0.0003319,0.0003237,0.0004036,0.0004355,5.64e-05,0.0,8.02e-05,0.0,0.0,0.0,0.0,0.0,0.0,0.0,0.0,0.0,0.0,0.0,0.0,0.0,0.0,0.0,0.0,0.0,0.0,0.0,0.0,0.0,0.0,0.0,0.0,0.0002413,0.0,0.0,0.0,0.0,0.0012771,0.0020852,0.0,0.0,0.0,0.0,0.0,0.0015,0.0015,0.0003469
Iceland Gull,0.015264,0.0128505,0.0142715,0.0146945,0.0110591,0.0076945,0.0053548,0.0086778,0.0060971,0.0048813,0.0042424,0.0026744,0.0015389,0.0013631,0.0013354,0.0009475,0.0002063,0.0002126,0.0003201,6.29e-05,0.0,0.0,0.0,0.0,0.0,0.0,0.0,0.0,0.0,0.0,0.0,0.0,0.0,0.000724,0.0030473,0.0046724,0.0067568,0.0090682,0.012516,0.0163191,0.0122244,0.0126194,0.0094941,0.0146175,0.0109937,0.0101989,0.0108134,0.0135998
Least Tern,0.0,0.0,0.0,0.0,0.0,0.0,0.0,0.0,0.0,0.0,0.0,0.0,0.0,0.0,0.0,0.0,0.0,0.0,0.0,0.0,0.0011289,0.0,0.0,0.0,0.0,0.0,0.0,0.0,0.0,0.0,0.0,0.0,0.0,0.0,0.0,0.0,0.0,0.0,0.0,0.0,0.0,0.0,0.0,0.0,0.0,0.0,0.0,0.0
Caspian Tern,0.0,0.0,0.0,0.0,0.0,0.0,0.0,0.0,0.0,9.39e-05,0.0,6.08e-05,0.0037704,0.0218103,0.0570069,0.0737793,0.0722195,0.0695202,0.0741897,0.0931037,0.0807128,0.097799,0.0992312,0.1140946,0.1179209,0.1228568,0.1357098,0.1392673,0.1305212,0.1406308,0.1570629,0.1646508,0.1516155,0.1364788,0.0986104,0.0609364,0.027027,0.0150759,0.0074074,0.0009973,0.0001045,0.0001179,0.0,0.0,0.0,0.0,0.0,0.0
Black Tern,0.0,0.0,0.0,0.0,0.0,0.0,0.0,0.0,0.0,0.0,0.0,0.0,0.0,0.0,0.0,0.0,0.0,0.0015,0.0015,0.0021374,0.0,0.0,0.0,0.0,0.0,0.0,0.0,0.0,0.0,0.0,0.0015,8.83e-05,0.0,0.0,0.0001219,0.0,0.0,0.0,0.0,0.0,0.0,0.0,0.0,0.0,0.0,0.0,0.0,0.0
Forster's Tern,0.0,0.0,0.0,0.0,0.0,0.0,0.0,0.0,0.0,0.0,0.0,0.0,0.0,0.0,0.0,0.0,0.0,0.0,0.0,0.0015716,0.0,0.0,0.0,0.0,0.0,0.0,0.0,0.0,0.0,0.0,0.0,8.83e-05,0.0,0.0,0.0,0.0,0.0,0.0,0.0,0.0,0.0,0.0,0.0,0.0,0.0,0.0,0.0,0.0
Arctic Tern,0.0,0.0,0.0,0.0,0.0,0.0,0.0,0.0,0.0,0.0,0.0,0.0,0.0,0.0,0.0,0.0,0.0,0.0,0.0,0.0,0.0,0.0,0.0,0.0,0.0,0.0,0.0,0.0,0.0,0.0,0.001369,0.0,0.0007024,0.0006034,0.001097,0.0003894,0.0,0.0,0.0002554,0.0,0.0,0.0,0.0,0.0,0.0,0.0,0.0,0.0
Common Tern,0.0,0.0,0.0,0.0,0.0,0.0,0.0,0.0,0.0,0.0,0.0,0.0,0.0,0.0,0.0,0.0015,6.88e-05,7.09e-05,8e-05,0.0001886,0.0,0.000498,0.0,0.0,0.0,0.0,0.0,0.0001841,0.0006625,0.0006136,0.0026136,0.0032665,0.003813,0.0094123,0.007923,0.0030176,0.0020169,0.0003401,0.0003831,9.07e-05,0.0,0.0,0.0,0.0,0.0,0.0,0.0,0.0
Elegant Tern,0.0,0.0,0.0,0.0,0.0,0.0,0.0,0.0,0.0,0.0,0.0,0.0,0.0,0.0,0.0,0.0,0.0,0.0,0.0,0.0,0.0,0.0,0.0,0.0,0.0,0.0,0.0,0.0,0.0,0.0,0.0,0.0,0.0,0.0015,0.0,0.0,0.0,0.0,0.0,0.0,0.0,0.0,0.0,0.0,0.0,0.0,0.0,0.0
Pied-billed Grebe,0.1770391,0.1934246,0.2003817,0.1978897,0.1637068,0.1489547,0.1295305,0.1879257,0.1755315,0.1887731,0.1896104,0.1873328,0.1428132,0.1523083,0.1282865,0.1111743,0.0848064,0.0900716,0.0761104,0.0839882,0.074746,0.0758889,0.0699129,0.0676996,0.0603181,0.0791061,0.0905566,0.0999632,0.0934187,0.1162106,0.130056,0.1550278,0.1539233,0.1668879,0.194783,0.2051007,0.172146,0.1927001,0.2137931,0.2245694,0.1809633,0.218422,0.2159596,0.2226706,0.1642651,0.1916394,0.2001682,0.1882459
Horned Grebe,0.1139793,0.1043057,0.1052108,0.1011134,0.0954956,0.0726626,0.0591849,0.0873379,0.0768552,0.0701211,0.0742857,0.0629103,0.0601724,0.0534351,0.0645188,0.0500916,0.0266868,0.0061654,0.0015206,0.0013202,0.0004032,0.0006971,0.0007176,0.0003521,0.0003879,0.0002365,0.0006254,0.0001841,0.0008834,0.0041723,0.0073429,0.010859,0.0178607,0.0323398,0.0490005,0.0617152,0.0726099,0.0969168,0.1163474,0.1124207,0.1077212,0.1211228,0.1055162,0.1086001,0.1085495,0.102619,0.0914334,0.1125451
Red-necked Grebe,0.0607025,0.0564085,0.0555924,0.0498446,0.0444785,0.0357869,0.0240685,0.0423626,0.036422,0.034732,0.0399134,0.0372599,0.040474,0.041076,0.0424005,0.0280462,0.0179517,0.0076536,0.0052821,0.0019488,0.0002419,0.0005976,0.000205,8.8e-05,0.0003879,0.0001182,0.0007505,0.0018409,0.004417,0.0104307,0.0126945,0.0173921,0.0177604,0.0234102,0.0275475,0.0322204,0.0301533,0.0461347,0.0590038,0.0621034,0.056316,0.0629791,0.0562432,0.0590978,0.0556089,0.0567867,0.0437342,0.061199
Eared Grebe,0.0065417,0.0044226,0.0050614,0.0035603,0.0025831,0.0033391,0.0025365,0.0029859,0.0020858,0.0022529,0.002684,0.002249,0.0018467,0.0017266,0.0010851,0.0008212,0.0002063,0.0001417,0.0002401,0.0,0.0015,0.0013943,0.0009226,8.8e-05,0.0,0.0,0.0,0.0,0.0,0.0,0.0,0.0,0.0015,0.0012067,0.0017065,0.0016548,0.0021178,0.0036273,0.0042146,0.0046238,0.0044927,0.0061328,0.0039659,0.0043942,0.002028,0.0045329,0.0042052,0.0056203
Western Grebe,0.0537482,0.0544893,0.0530202,0.0425945,0.0339038,0.0310685,0.023223,0.030139,0.0259928,0.0290998,0.0308225,0.0290542,0.0300092,0.0333515,0.0366413,0.0287411,0.0220785,0.0153781,0.0101641,0.0096184,0.0055636,0.0042824,0.0034854,0.0030813,0.0020365,0.0027196,0.0030019,0.0034057,0.0034231,0.0046631,0.0087119,0.0106824,0.016757,0.0243755,0.0362019,0.0614231,0.0687777,0.0927227,0.0985951,0.0916591,0.0831679,0.0797264,0.0668189,0.057663,0.0527271,0.0508688,0.0533461,0.056897
Clark's Grebe,0.0001179,0.0001669,0.0005808,0.0004531,0.0004843,0.0001452,0.0003382,0.0001866,0.0015,0.0004694,0.0004329,0.0003647,0.0001539,0.0002726,0.0005008,0.0002527,0.0002751,0.0001417,0.0003201,0.0015,8.06e-05,0.0,0.0005126,0.0,9.7e-05,0.0,0.0,0.0,0.0,0.0,0.0,0.0,0.0,0.0018101,0.0,0.0,0.0004034,0.0027205,0.0007663,0.000816,0.0015,0.0007076,0.0001202,0.000269,0.0001067,0.0,0.0002403,0.0006939
Red-throated Loon,0.0163248,0.0156876,0.0183372,0.0135293,0.0126736,0.011324,0.0065385,0.0094243,0.0081829,0.0061016,0.0055411,0.0043156,0.0038473,0.0038168,0.0040898,0.0020845,0.0010317,0.0012756,0.0015206,0.0016345,0.0005644,0.0009959,0.0010251,8.8e-05,0.0,0.0002365,0.0,0.0,0.0,0.0,0.0,0.001236,0.0004014,0.0018101,0.001097,0.0035043,0.0042356,0.007708,0.0106003,0.0115141,0.011702,0.011558,0.0124985,0.0139898,0.0183584,0.015865,0.0118947,0.0169303
Pacific Loon,0.009901,0.0102637,0.0106206,0.0088037,0.0065386,0.0054443,0.0047348,0.0050387,0.003209,0.0033793,0.00329,0.0025529,0.0021545,0.0013631,0.0041733,0.0030952,0.0045395,0.0048189,0.0069628,0.0057208,0.0019352,0.0019918,0.00041,0.0006163,0.0001939,0.0001182,0.0007505,9.2e-05,0.0003313,0.0,0.0,0.0010594,0.0008027,0.0015687,0.0036568,0.0043804,0.0050424,0.0098617,0.0150702,0.017951,0.0133737,0.0159217,0.012138,0.0115685,0.0125947,0.0107026,0.0084104,0.0105468
Common Loon,0.0207449,0.0191923,0.0174245,0.0160539,0.0124314,0.0111789,0.0093005,0.0123169,0.0101083,0.0119215,0.0121212,0.0125821,0.0262388,0.0383497,0.0503297,0.0388478,0.0174703,0.0119056,0.0085634,0.0059722,0.0029028,0.0038841,0.0025628,0.002553,0.0016486,0.0013007,0.0010006,0.002025,0.0022085,0.0029451,0.0048538,0.0075925,0.0092314,0.0142392,0.0188932,0.017327,0.018455,0.0306053,0.0367816,0.0368994,0.0329119,0.0304281,0.0233145,0.0227782,0.0231615,0.0211534,0.0154992,0.0266445
Yellow-billed Loon,0.0005304,0.000751,0.0004978,0.0002589,0.0001614,0.000363,0.0,0.0019595,0.0004813,0.0001877,0.0,0.0,0.0,0.0,0.0,6.32e-05,0.0,0.0,0.0,0.0,0.0,0.0,0.0,0.0,0.0,0.0,0.0,0.0,0.0,0.0,0.0,0.0,0.0001003,0.0,0.0,0.0,0.0,0.0,0.0,0.0,0.0,0.0,0.0,0.0,0.0004269,0.0006296,0.0009612,0.0006245
Fork-tailed Storm-Petrel,0.0,0.0,0.0,0.0,0.0,0.0,0.0,0.0,0.0,0.0,0.0,0.0,0.0,0.0,0.0,0.0,0.0,0.0,0.0,0.0,0.0,0.0,0.0,0.0,0.0,0.0,0.0,0.0,0.0,0.0,0.0,0.0,0.0015,0.0,0.0,0.0,0.0,0.0001134,0.0001277,9.07e-05,0.0,0.0,0.0,0.0001794,0.0,0.0,0.0,0.0
Leach's Storm-Petrel,0.0,0.0,0.0,0.0,0.0,0.0,0.0,0.0,0.0,0.0,0.0,0.0,0.0,0.0,0.0,0.0,0.0,0.0,0.0,0.0,0.0,0.0,0.000205,0.0001761,0.0001939,0.000473,0.0,0.0002761,0.0001104,0.0001227,0.0,0.0001766,0.000602,0.0002413,0.0003657,0.0004867,0.0003025,0.0021537,0.0011494,0.0012693,0.0005224,0.0002359,0.0008412,0.0,0.0,0.0,0.0,0.0
Northern Fulmar,0.0,0.0,0.0,0.0,0.0,7.26e-05,0.0,0.0001866,0.0,0.0,0.0,0.0,0.0,0.0,0.0015,0.0,0.0,0.0,0.0,0.0,0.0,0.0,0.0,0.0,0.0,0.0,0.0,0.0,0.0,0.0,0.0,0.0,0.0,0.0,0.0,0.0,0.0002017,0.0006801,0.0012771,0.0001813,0.0003134,0.0,0.0015,0.0,0.0026684,0.0,0.0,0.0
Sooty Shearwater,0.0,0.0,0.0,0.0,0.0,0.0,0.0,0.0,0.0,0.0,0.0,0.0,0.0,0.0,0.0,0.0,0.0,0.0,0.0,6.29e-05,0.0,0.0,0.0,0.0,0.0,0.0,0.0001251,0.0,0.0,0.0003681,0.0001245,8.83e-05,0.0015,0.0,0.0004876,0.0007787,0.0004034,0.0,0.0,0.0,0.0,0.0,0.0,0.0,0.0,0.0015,0.0,0.0
Short-tailed Shearwater,0.0,0.0004172,0.0,0.0,0.0002422,7.26e-05,0.0,0.0,0.0,0.0,0.0,0.0,0.0,0.0,0.0,0.0,0.0,0.0,0.0,0.0,0.0,0.0,0.0,0.0,0.0,0.0,0.0,0.0,0.0,0.0,0.0,0.0,0.0022075,0.000724,0.0006095,0.0006814,0.0008068,0.0062344,0.0054917,0.0032638,0.000209,0.0004718,0.002043,8.97e-05,0.0018145,0.0005037,0.0001201,6.94e-05
Manx Shearwater,0.0,0.0,0.0,0.0,0.0,0.0,0.0,0.0,0.0,0.0,0.0,0.0,0.0,0.0,0.0,0.0,0.0001376,0.0,0.0,0.0008173,0.0004838,0.0014939,0.0003075,8.8e-05,0.0001939,0.0005912,0.0005003,0.0003682,0.0004417,0.0,0.0,0.0001766,0.0,0.000724,0.0,0.0,0.0,0.0003401,0.0001277,0.0,0.0,0.0,0.0,0.0,0.0,0.0,0.0,0.0
Cocos Booby,0.0,0.0,0.0,0.0,0.0,0.0,0.0,0.0,0.0,0.0,0.0,0.0,0.0,0.0,0.0,0.0,0.0,0.0,0.0,0.0,0.0,0.0,0.0,0.0,0.0,0.0,0.0,0.0,0.0,0.0,0.0,0.0,0.0,0.0009654,0.0,0.0,0.0002017,0.0,0.0002554,0.0009973,0.0,0.0,0.0001202,0.0,0.0015,0.0,0.0,0.0
Nazca Booby,0.0,0.0,0.0,0.0,0.0,0.0,0.0,0.0,0.0,0.0,0.0,0.0,0.0,0.0,0.0,0.0,0.0,0.0,0.0,0.0,0.0,0.0,0.0,0.0,0.0,0.0,0.0,0.0,0.0,0.0004909,0.0007467,0.0,0.0005017,0.0,0.0,0.0,0.0,0.0,0.0,0.0,0.0,0.0,0.0,0.0,0.0,0.0,0.0,0.0
Brandt's Cormorant,0.023338,0.0198598,0.0194988,0.0177369,0.0159025,0.0146632,0.0098078,0.0167957,0.015724,0.0151131,0.0159307,0.0144663,0.0168513,0.0161759,0.0166096,0.0102331,0.0079098,0.0068032,0.0080832,0.0068523,0.0049186,0.0057763,0.004408,0.0044898,0.0046548,0.0056758,0.006379,0.0065353,0.0061837,0.0049086,0.0075918,0.0097113,0.0115392,0.0160492,0.01804,0.0183977,0.012505,0.0217638,0.0261814,0.0240254,0.0197472,0.0242953,0.0252374,0.021164,0.0207066,0.0197683,0.0170612,0.0218568
Pelagic Cormorant,0.0410184,0.0382176,0.0373382,0.0364448,0.030917,0.027802,0.0216448,0.0338714,0.0271961,0.0310711,0.0324675,0.029966,0.0284703,0.0258088,0.0281279,0.0173078,0.0120366,0.0098505,0.0126451,0.0103728,0.0078213,0.0088637,0.0097386,0.0103882,0.011249,0.0128887,0.0133834,0.0153719,0.0124779,0.020616,0.0209085,0.0262205,0.0269918,0.0319778,0.0357143,0.0299815,0.0228923,0.0352528,0.038825,0.0350861,0.0321805,0.03833,0.0353323,0.0362299,0.0339417,0.0386553,0.0313589,0.0369137
Double-crested Cormorant,0.3000943,0.3128338,0.3114006,0.3164164,0.2647724,0.2368612,0.2047235,0.2925259,0.2643402,0.2817986,0.2725541,0.262035,0.2209911,0.21992,0.199399,0.1473691,0.0901713,0.0554886,0.0358543,0.024769,0.0157233,0.0134449,0.013429,0.0153182,0.0162917,0.0138347,0.0141338,0.0173969,0.0189929,0.0315376,0.0439328,0.073188,0.0990367,0.1186195,0.1472452,0.1644116,0.1646833,0.2195647,0.2670498,0.2975521,0.2753108,0.3148956,0.3235188,0.3335127,0.2788985,0.3062201,0.3027754,0.3184152
White-faced Ibis,0.0,0.0,0.0,0.0,0.0,0.0,0.0,0.0,0.0,0.0,0.0,0.0,0.0,0.0,0.0,0.0,0.0,0.0,0.0004802,0.0,0.0037091,0.0,0.0,0.0012325,0.0,0.0,0.0,0.0,0.0,0.0,0.0,0.0,0.0,0.0,0.0,0.0,0.0,0.0,0.0,0.0,0.0,0.0,0.0,0.0,0.0,0.0,0.0,0.0
American Bittern,0.001768,0.0029206,0.0014935,0.0022009,0.0015337,0.0004355,0.0014092,0.0017729,0.0016045,0.0024406,0.0030303,0.0049234,0.0030009,0.0046347,0.0064268,0.0090329,0.0079785,0.0072284,0.0068027,0.0089269,0.0066925,0.0055771,0.0053306,0.0040497,0.0028123,0.0034291,0.004753,0.0050626,0.0030919,0.0055221,0.005725,0.0079456,0.0058198,0.0063956,0.0084105,0.0079821,0.0058491,0.005781,0.0057471,0.0088849,0.0036569,0.003892,0.0078116,0.0061878,0.0026684,0.0025183,0.0015619,0.0016653
Black-crowned Night Heron,0.0,0.0,0.0,0.0,0.0,0.0015,0.0,0.0,0.0,0.0,0.0,0.0,0.0,0.0,0.0,0.0,6.88e-05,0.0015,0.0,0.0,0.0,0.0,0.0003075,0.0,9.7e-05,0.0,0.0,0.0014728,0.0,0.0001227,0.0001245,0.0003531,0.0001003,0.0015,0.0001219,0.000292,0.0,0.0,0.0,0.0,0.0,0.0,0.0,0.0,0.0,0.0,0.0,0.0
Green Heron,0.0031235,0.0043391,0.0048125,0.0062791,0.0048434,0.0029762,0.0032129,0.0053187,0.0037706,0.0034732,0.0045022,0.0045587,0.0039243,0.0040894,0.0090143,0.0106121,0.01128,0.0139607,0.0160864,0.0196769,0.0197549,0.0237028,0.0212199,0.0278194,0.0251164,0.0327539,0.0381488,0.0509021,0.0441696,0.0535035,0.0568762,0.07257,0.063817,0.0627489,0.0628961,0.049742,0.0254135,0.0166629,0.0108557,0.0071623,0.0038658,0.0053072,0.0051676,0.0053807,0.0034155,0.0039033,0.005647,0.0047183
Western Cattle-Egret,0.0,0.0,0.0,0.0,0.0,0.0,0.0,0.0,0.0,0.0,0.0,0.0,0.0,0.0,0.0,0.0,0.0,0.0,0.0,0.0,0.0,0.0,0.0,0.0,0.0,0.0,0.0,0.0,0.0,0.0,0.0,0.0,0.0,0.0,0.0,0.0,0.0,0.0,0.0,9.07e-05,0.0001045,0.0004718,0.0004807,0.0,0.0,0.0,0.0,0.0
Great Egret,0.000943,0.0019192,0.0009127,0.0009063,0.0003229,0.0002904,0.0001127,9.33e-05,0.0,0.0,0.0015,0.0003647,0.0,0.000727,0.0001669,0.0001263,0.0015,0.0002126,0.0012805,0.0014459,0.0015,0.0,0.0003075,8.8e-05,0.0006788,0.0001182,0.0,0.0,0.0001104,0.0006136,0.001369,0.0017657,0.0023078,0.0025341,0.0023159,0.0006814,0.0008068,0.0007935,0.000894,0.0004533,0.0012538,0.0024767,0.0025237,0.0013452,0.0010673,0.0007555,0.0004806,0.0026367
Great Blue Heron,0.1719118,0.175484,0.1791404,0.1830658,0.1455441,0.1233304,0.1216391,0.159093,0.1595668,0.1704684,0.1863203,0.2035619,0.1809018,0.216285,0.239379,0.2483734,0.2301396,0.2575296,0.2423369,0.2781166,0.2400419,0.2587392,0.2603793,0.257329,0.2285687,0.2381459,0.2422764,0.2359168,0.1964443,0.2373297,0.2496577,0.2640593,0.2481437,0.2549777,0.2656021,0.2495863,0.2101654,0.2243255,0.2293742,0.2251133,0.1840978,0.2133506,0.2136762,0.2179177,0.1599957,0.1804331,0.1820257,0.1825562
American White Pelican,0.0,0.0015,0.0,0.0,0.0,0.0,0.0,0.0,0.0,0.0,0.0,0.0,0.0,0.0009088,0.0001669,0.0006317,0.0002751,0.0009213,0.0002401,0.0001886,8.06e-05,0.0002988,0.000205,0.0001761,0.0,0.0,0.0,0.0,0.0015,0.0,0.0,0.0015,0.0007024,0.0,0.0006095,9.73e-05,0.0003025,0.0002267,0.0007663,0.0016319,0.0003134,0.0,0.0012018,0.0017936,0.0008539,0.0,0.0,0.0
Brown Pelican,0.0001768,0.0,0.0,0.0,0.0,0.0,0.0,0.0,0.0,0.0,0.0,0.0,0.0,0.0,0.0,0.0,0.0015,0.0003543,0.0004002,0.0002515,0.0007257,0.0014939,0.0026653,0.002377,0.0035881,0.0028379,0.0025016,0.0023012,0.0013251,0.0019634,0.0024891,0.0014126,0.0016055,0.0025341,0.00451,0.0023362,0.0020169,0.0015869,0.0014049,0.0013599,0.0021941,0.0024767,0.0024036,0.0008071,0.0,0.0001259,0.0,0.0
Turkey Vulture,0.0002357,0.0001669,0.0015,6.47e-05,0.0001614,0.0,5.64e-05,0.0006532,0.0008825,0.0024406,0.0072727,0.0139801,0.0160049,0.0178117,0.0185293,0.0179395,0.0224224,0.0245907,0.0218487,0.0265292,0.0262861,0.0272881,0.0315736,0.0291399,0.0278317,0.0289701,0.0238899,0.0189617,0.0165636,0.0155847,0.0146857,0.015185,0.0134457,0.0138772,0.0179181,0.0248223,0.0206737,0.011562,0.0022989,0.0009973,0.0010448,0.0,0.0003605,0.0015,0.0015,0.0005037,0.0001201,0.0
Osprey,0.0,0.0,0.0,0.0,0.0,0.0,0.0,0.0015,8.02e-05,0.0001877,0.0006926,0.0058959,0.0374731,0.1101418,0.1481512,0.1637294,0.1416879,0.1581036,0.1566226,0.1760231,0.154975,0.1780699,0.1861609,0.196056,0.1769783,0.2076386,0.2072545,0.2088549,0.1869479,0.221745,0.2425638,0.2696213,0.2265703,0.2094847,0.1501706,0.070476,0.0296491,0.0155294,0.0061303,0.0025385,0.0009403,0.0005897,0.0006009,0.0004484,0.0005337,0.0015,0.0001201,0.0001388
White-tailed Kite,0.0,0.0,0.0,0.0,0.0,0.0,0.0,0.0,0.0,0.0,0.0,0.0,0.0,0.0,0.0,0.0,0.0,0.0002126,0.0002401,0.0,0.0,0.0,0.0,0.0,0.0,0.0,0.0,0.0,0.0,0.0,0.0,0.0,0.0,0.0,0.0,0.0,0.0,0.0,0.0,0.0,0.0,0.0,0.0,0.0,0.0,0.0,0.0,0.0
Golden Eagle,0.0002947,0.0005007,0.0010787,0.0018773,0.0003229,0.0010163,0.00062,0.0007465,0.0001604,0.0002816,8.66e-05,0.0001216,7.69e-05,9.09e-05,8.35e-05,0.0001263,0.0003439,0.0,8e-05,6.29e-05,0.0,9.96e-05,0.0,0.0,0.0001939,0.0002365,0.0003752,0.0001841,0.0001104,0.0001227,0.0002489,0.0001766,0.0001003,0.0001207,0.0002438,0.0001947,0.0004034,0.0015,0.0001277,0.0001813,0.0015,0.0003538,0.0008412,0.0001794,0.0,0.0003777,0.0002403,0.0003469
Sharp-shinned Hawk,0.0160891,0.0161883,0.0169267,0.016507,0.0131579,0.0138647,0.014148,0.01325,0.0122744,0.0114522,0.0145455,0.0126428,0.0081564,0.0112686,0.0113513,0.0096014,0.0070156,0.0053859,0.0035214,0.0035833,0.003064,0.0035853,0.0041005,0.0033454,0.0049457,0.0042568,0.0041276,0.0059831,0.0056316,0.0056449,0.0067206,0.0075042,0.0105358,0.0148425,0.0170648,0.0184951,0.0225898,0.0277715,0.0261814,0.0267452,0.0255982,0.0284232,0.0212715,0.0241234,0.0175045,0.0201461,0.0209059,0.0209548
Cooper's Hawk,0.0664781,0.0712617,0.0739296,0.072825,0.0610268,0.0545877,0.0509554,0.0669964,0.0665864,0.0684314,0.0786147,0.0799903,0.0707141,0.0842421,0.0802103,0.0787063,0.0615586,0.0557012,0.0480992,0.0524297,0.0491856,0.0510905,0.0525884,0.0542301,0.0488751,0.0632612,0.0690432,0.0756627,0.0764134,0.0860228,0.079776,0.0904917,0.077062,0.0989502,0.1111653,0.1089263,0.0978217,0.1143732,0.1054917,0.1021759,0.0814962,0.0885718,0.089893,0.0824141,0.0707653,0.0856208,0.0811006,0.0788232
American Goshawk,0.0015,0.0003338,0.0,0.0015,0.0,0.0,0.0,0.0001866,8.02e-05,0.0,0.0,0.0001823,7.69e-05,9.09e-05,0.0002504,0.0,6.88e-05,7.09e-05,8e-05,0.0001257,0.0,0.0001992,0.0015,0.0005282,0.0003879,0.000473,0.0,0.0002761,0.0,0.0001227,0.0003734,0.0001766,0.0001003,0.000724,0.0002438,0.0003894,0.0015,0.0015,0.0001277,0.0,0.0003134,0.0,0.0015,8.97e-05,0.0,0.0,0.0006007,0.0002082
Northern Harrier,0.0133192,0.010514,0.0115334,0.0139824,0.0079916,0.0094367,0.0078913,0.0099841,0.0055355,0.007979,0.0071861,0.0083273,0.007233,0.0092694,0.0108505,0.0077064,0.0060527,0.0037559,0.0035214,0.0018231,0.001532,0.0018922,0.0017427,0.0009684,0.0012607,0.0010642,0.0021263,0.0027614,0.0019876,0.0035587,0.0031114,0.003708,0.0031106,0.0089296,0.0142613,0.0183977,0.0142194,0.0240308,0.0183908,0.0171351,0.0127468,0.0182805,0.0159837,0.0163214,0.0076849,0.011584,0.011294,0.0108937
Bald Eagle,0.2178218,0.2316422,0.2408729,0.2418436,0.2134324,0.1995499,0.1938448,0.2479239,0.2306458,0.2435934,0.2666667,0.2572332,0.2188366,0.2662668,0.2529839,0.2555113,0.2171401,0.2303876,0.2119248,0.241466,0.1980326,0.2197988,0.2105587,0.193591,0.1688324,0.1657798,0.1671044,0.1516016,0.1170495,0.1125291,0.0963286,0.0717754,0.0431467,0.0393387,0.0464408,0.067361,0.0905607,0.1510995,0.1600255,0.1902992,0.1698882,0.201203,0.2080279,0.2000717,0.1668268,0.1960463,0.2208338,0.2339717
Harris's Hawk,0.0,0.0,0.0,0.0,0.0,0.0,0.0,0.0,0.0,0.0,0.0,0.0,0.0,0.0,0.0,0.0,0.0,0.0,0.0,0.0,0.0,0.0,0.0,0.0,0.0,0.0,0.0,0.0,0.0,0.0,0.0,0.0,0.0,0.0,0.0,0.0,0.0,0.0,0.0,0.0,0.0,0.0,0.0,0.0,0.0,0.0,0.0001201,0.0
Broad-winged Hawk,0.0,0.0,0.0,0.0,0.0,0.0,0.0,0.0,0.0,0.0,0.0,0.0,0.0,0.0,0.0,0.0,0.0,0.0,0.0015,0.0,0.0,0.0,0.0,0.0,0.0,0.0,0.0,0.0,0.0,0.0,0.0,0.0,0.0,0.0,0.0002438,0.0,0.0001008,0.0010202,0.0,0.0,0.0,0.0,0.0,0.0,0.0,0.0,0.0,0.0
Red-shouldered Hawk,0.0004125,0.0005841,0.0004978,0.0018773,0.0016952,0.0011614,0.0009019,0.0001866,8.02e-05,0.0001877,0.0003463,0.0001216,0.0,0.0,0.0,0.0,0.0,0.0,0.0,6.29e-05,0.0,0.0,0.0,0.0,0.0,0.0,0.0,9.2e-05,0.0005521,0.0018407,0.0008712,0.0009711,0.0015051,0.0020514,0.0006095,0.0013628,0.0002017,0.0,0.0001277,0.0001813,0.0,0.0002359,0.001322,0.0009865,0.0001067,0.0005037,0.0,0.0003469
Swainson's Hawk,0.0,0.0,0.0,0.0,0.0,0.0,0.0,0.0,0.0,0.0,0.0,0.0,0.0,0.0,0.0007512,0.000758,0.0011693,0.0009921,0.0004002,0.0001257,0.0,0.0,0.0,0.0,0.0,0.0,0.0,0.0,0.0,0.0,0.0,8.83e-05,0.0,0.0015,0.0001219,9.73e-05,0.0,0.0,0.0,0.0,0.0,0.0,0.0,0.0,0.0,0.0,0.0,0.0
Red-tailed Hawk,0.1109147,0.1110648,0.1168271,0.1155489,0.1015499,0.0961818,0.0873119,0.1208361,0.1112716,0.1247536,0.1290909,0.1283127,0.1081102,0.1246819,0.1229447,0.1257027,0.1088108,0.1025441,0.0957183,0.0982586,0.0770843,0.0816652,0.0822142,0.0748305,0.064488,0.0696464,0.0740463,0.066366,0.055212,0.0541171,0.0484132,0.0552662,0.0494682,0.0658863,0.0856899,0.091794,0.0837031,0.1073453,0.0984674,0.1116047,0.0982134,0.1230098,0.1253455,0.1219622,0.1037464,0.1266683,0.1254355,0.1197613
Rough-legged Hawk,0.0033593,0.0025033,0.003236,0.0022657,0.0020181,0.0019599,0.0019165,0.0015863,0.0008825,0.0011264,0.0007792,0.0004255,0.0003847,0.0001818,8.35e-05,0.0001263,0.0,0.0,0.0,0.0,0.0,0.0,0.0,0.0,0.0,0.0,0.0,0.0,0.0,0.0,0.0,0.0,0.0,0.0,0.0,9.73e-05,0.0003025,0.0004534,0.0015,0.000816,0.0009403,0.0017691,0.0015623,0.002511,0.0018145,0.0030219,0.000841,0.0023591
Ferruginous Hawk,0.0,0.0,0.0,0.0,0.0,0.0,0.0,0.0,0.0,0.0,0.0,0.0,0.0,0.0015,0.0,0.0,0.0,0.0,0.0,0.0,0.0,0.0,0.0,0.0,0.0,0.0,0.0,0.0,0.0,0.0,0.0,0.0,0.0,0.0001207,0.0,0.0,0.0,0.0,0.0,0.0,0.0,0.0,0.0,0.0,0.0,0.0,0.0,0.0
American Barn Owl,0.0068953,0.0066756,0.0069698,0.0092569,0.0066193,0.005662,0.005073,0.0038257,0.0048135,0.0068525,0.0067532,0.00699,0.0045399,0.0057252,0.0046741,0.0060009,0.0052961,0.0050315,0.0041617,0.0066009,0.0049186,0.0073698,0.0050231,0.0058104,0.0046548,0.005794,0.0085053,0.0076399,0.0041961,0.0055221,0.0056005,0.0067979,0.0051174,0.0066369,0.005607,0.0061326,0.0063534,0.0068012,0.0067688,0.0070716,0.0039703,0.0043637,0.0072107,0.0056497,0.0054435,0.0070511,0.0074492,0.007355
Flammulated Owl,0.0,0.0,0.0,0.0,0.0,0.0,0.0,0.0,0.0,0.0,0.0,0.0,0.0,0.0,0.0,0.0,0.0,0.0,0.0,0.0,0.0,0.0,0.0,0.0,0.0,0.0,0.0,0.0,0.0,0.0,0.0,0.0,0.0,0.0,0.0,0.0,0.0015,0.0,0.0,0.0,0.0,0.0,0.0,0.0,0.0,0.0,0.0,0.0
Western Screech-Owl,0.0015323,0.0005841,0.0008297,0.0015536,0.0012108,0.0008711,0.0010146,0.0018662,0.0025672,0.0034732,0.0031169,0.0028568,0.0017698,0.0023628,0.0017528,0.0013897,0.0011005,0.0012756,0.0014406,0.0012573,0.000887,0.0008963,0.0007176,0.0005282,0.0010667,0.0014189,0.0013759,0.0012887,0.0009938,0.0012271,0.0011201,0.0017657,0.0008027,0.0015687,0.0012189,0.0006814,0.0009076,0.0006801,0.0006386,0.0010879,0.0008359,0.0008256,0.0007211,0.0008071,0.0007471,0.0012591,0.0010813,0.0014571
Snowy Owl,0.0037129,0.0024199,0.0018254,0.0015536,0.0002422,0.0005807,0.0002255,0.0004665,0.0015243,0.0012203,0.0006061,0.0003647,0.0,0.0,0.0,0.0,0.0,0.0,0.0,0.0,0.0,0.0,0.0,0.0,0.0,0.0,0.0,0.0,0.0,0.0,0.0,0.0,0.0,0.0,0.0,0.0,0.0,0.0,0.0,0.0001813,0.0013583,0.0005897,0.0102151,0.0060084,0.0041627,0.0021405,0.0026433,0.0036081
Great Horned Owl,0.0037718,0.0045895,0.0046465,0.0049845,0.0037133,0.0042102,0.0035511,0.005412,0.0048937,0.0032855,0.0032035,0.0035254,0.0025392,0.0019993,0.0031717,0.0025899,0.003439,0.0024095,0.0006403,0.0027032,0.0016933,0.0010955,0.0017427,0.0014966,0.0015516,0.0014189,0.0017511,0.0028535,0.0022085,0.0033133,0.0034848,0.0035314,0.0034116,0.0051889,0.0048757,0.0044778,0.0035296,0.0068012,0.00447,0.0045331,0.003239,0.0054252,0.0055282,0.0026007,0.0030953,0.0050365,0.0038448,0.0069387
Northern Pygmy-Owl,0.0003536,0.0005841,0.0012446,0.0023304,0.0005651,0.0010163,0.0007328,0.0013063,0.0013638,0.0009387,0.0005195,0.0007294,0.0007695,0.0008179,0.0005843,0.000758,0.0004815,0.0004961,0.0003201,0.0005029,0.0004032,0.0003984,0.0007176,0.0004402,0.0009697,0.0002365,0.0002502,9.2e-05,0.0003313,0.0001227,0.0007467,0.0008828,0.0005017,0.0001207,0.0001219,0.000292,0.0010085,0.0007935,0.0002554,0.0003626,0.0004179,0.0011794,0.0006009,0.0004484,0.0005337,0.0002518,0.0007209,0.0006245
Burrowing Owl,0.0,0.0,0.0,0.0,0.0,0.0,0.0,0.0,0.0,0.0,0.0012987,0.0015,0.0,0.0002726,0.0,0.0,0.0,0.0,0.0,0.0,0.0,0.0,0.0,0.0,0.0,0.0,0.0,0.0,0.0,0.0,0.0,0.0,0.0,0.0,0.0,0.0,0.0,0.0,0.0,0.013418,0.0,0.0,0.0,0.0,0.0,0.0,0.0,0.0
Spotted Owl,0.0,0.0,0.0,0.0,0.0,0.0,0.0,0.0,0.0,0.0,0.0,0.0,0.0,0.0,0.0,0.0,0.0015,0.0015,0.0,0.0,0.0,9.96e-05,0.0015,8.8e-05,0.0,0.0015,0.0,0.0,0.0,0.0,0.0,0.0,0.0,0.0,0.0,0.0,0.0,0.0,0.0,0.0,0.0,0.0,0.0,0.0,0.0,0.0,0.0,0.0
Barred Owl,0.0081919,0.0095127,0.0087952,0.0074443,0.0074265,0.0087108,0.0091314,0.0130634,0.0158845,0.0135173,0.0166234,0.0165329,0.0142351,0.0161759,0.0161923,0.0188238,0.018502,0.0189923,0.0190476,0.020997,0.0188679,0.0204163,0.0201948,0.0241218,0.0202676,0.0160814,0.0205128,0.0163844,0.0131405,0.0142349,0.0169259,0.0164209,0.0156532,0.019066,0.0218186,0.0148934,0.0156313,0.0142825,0.01341,0.0135993,0.0136872,0.0108503,0.0110564,0.007802,0.0073647,0.0076807,0.0091313,0.0090896
Great Gray Owl,0.0002357,8.34e-05,0.0,0.0,0.0,0.0,0.0,0.0,0.0015,0.0002816,8.66e-05,0.0,0.0,0.0,0.0,0.0,0.0,0.0,0.0,0.0,0.0,0.0,0.0,0.0,0.0,0.0,0.0,0.0015,0.0015,0.0,0.0,0.0015,0.0,0.0,0.0,9.73e-05,0.0,0.0,0.0,0.0,0.0,0.0,0.0015,0.0,0.0,0.0,0.0015,6.94e-05
Long-eared Owl,5.89e-05,0.0003338,0.0004149,6.47e-05,0.0004843,0.000363,0.0002255,0.0001866,0.0006418,0.0,0.0006061,0.0004255,7.69e-05,9.09e-05,0.0001669,0.0,0.0,0.0,0.0015,0.0001257,0.0015,0.0015,0.0001025,8.8e-05,0.0001939,0.0010642,0.0015,0.0,0.0,0.0,0.0,0.0,0.0,0.0,0.0001219,0.0,0.0,0.0001134,0.0,0.0029012,0.0001045,0.0003538,0.0015,0.0005381,0.0007471,0.0001259,0.0002403,0.0002082
Short-eared Owl,0.0019448,0.0020027,0.0013276,0.0022657,0.0013723,0.0013792,0.0005073,0.0006532,0.0006418,0.000751,0.0006061,0.0010941,0.0005386,0.0005453,0.0009181,0.0010107,0.0004815,0.0002835,0.0,0.0003143,0.0,0.0001992,0.0015,0.0015,0.0,0.0015,0.0,0.0,0.0,0.0,0.0,0.0,0.0001003,0.0006034,0.0009751,0.0003894,0.0005042,0.0020404,0.0025543,0.0040798,0.0044927,0.0068404,0.0052878,0.0044839,0.0030953,0.0021405,0.0015619,0.0024979
Northern Saw-whet Owl,0.0023574,0.002253,0.0012446,0.0018773,0.001453,0.0016696,0.0009582,0.0019595,0.0023265,0.0015019,0.0018182,0.0010333,0.0010003,0.000727,0.0003339,0.0001895,0.0002063,0.0001417,0.0001601,6.29e-05,8.06e-05,0.0001992,0.0001025,0.0001761,9.7e-05,0.0001182,0.0015,0.0001841,0.0002208,0.0,0.0001245,8.83e-05,0.0005017,0.0002413,0.0002438,0.0012655,0.0003025,0.0017003,0.0012771,0.0037171,0.0011493,0.0025946,0.002043,0.0028697,0.0023482,0.0018887,0.0036045,0.0027061
Belted Kingfisher,0.1096181,0.1022196,0.1120976,0.1081693,0.0841944,0.070122,0.0618905,0.0871513,0.0861613,0.0880503,0.0926407,0.088196,0.0767159,0.0806979,0.0772056,0.0746005,0.0660293,0.0593863,0.0545818,0.0683347,0.0615223,0.0711085,0.075551,0.0862752,0.0925136,0.1135154,0.1324578,0.15243,0.1390239,0.1844398,0.1884256,0.2110885,0.1843267,0.1930735,0.2028279,0.2010124,0.1674062,0.1897529,0.1998723,0.1922031,0.1630969,0.1756103,0.185795,0.1623173,0.1229587,0.1232687,0.1312027,0.124549
Williamson's Sapsucker,0.0,0.0,0.0,0.0,0.0,0.0,0.0,0.0,0.0,0.0,0.0,0.0,0.0,0.0,0.0,0.0,0.0,0.0,0.0,0.0,0.0,0.0,0.0,0.0,0.0,0.0003547,0.0005003,0.0002761,0.0,0.0002454,0.0001245,8.83e-05,0.0001003,0.0001207,0.0001219,0.0,0.0001008,0.0,0.0,0.0,0.0,0.0,0.0,0.0,0.0,0.0,0.0,0.0
Yellow-bellied Sapsucker,0.0004715,0.0011682,0.0009957,0.0015,0.0,7.26e-05,5.64e-05,0.0,0.0,0.0,0.0,0.0,0.0,0.0,0.0,0.0001263,0.0,0.0,0.0,0.0,0.0,0.0,0.0,0.0,0.0,0.0,0.0,0.0,0.0,0.0,0.0,0.0,0.0,0.0,0.0,0.0022389,0.0,0.0,0.0,0.0,0.0,0.0,0.0,0.0,0.0019212,0.0006296,0.0,0.0011102
Red-naped Sapsucker,0.0002947,8.34e-05,0.0003319,0.0009063,0.0004036,0.000363,0.0002818,0.0002799,8.02e-05,0.0,0.0,0.0,0.0003078,0.0,0.0001669,0.0001263,6.88e-05,7.09e-05,0.0,6.29e-05,0.0,0.0015,0.0001025,8.8e-05,0.0001939,0.0,0.0001251,0.0,0.0,0.0,0.0001245,0.0003531,0.0,0.0,0.0,0.0,0.0001008,0.0006801,0.0002554,9.07e-05,0.0,0.0,0.0,0.0,0.0,0.0,0.0,0.0004163
Red-breasted Sapsucker,0.0253418,0.0226135,0.0223199,0.0178017,0.014288,0.0168409,0.0173609,0.0290193,0.036422,0.0490003,0.0580952,0.0577437,0.0536319,0.0632497,0.0674401,0.0661361,0.058601,0.0586068,0.0596238,0.0832338,0.0738591,0.0817648,0.0871348,0.0544942,0.0386928,0.0302708,0.0262664,0.021539,0.0149072,0.0170573,0.0176727,0.0212766,0.0227774,0.0294437,0.0351048,0.0412732,0.0307584,0.0262979,0.0213282,0.024388,0.0174485,0.0252388,0.0206706,0.0208053,0.0208133,0.0157391,0.0277544,0.0317097
Lewis's Woodpecker,0.0,0.0,0.0,0.0,0.0,0.0,0.0,0.0,0.0,0.0,0.0,0.0,0.0,0.0,0.0,0.0001263,0.0048834,0.0002835,8e-05,0.0003143,0.0004032,9.96e-05,0.0,0.0,0.0,0.0,0.0,0.0,0.0001104,0.0,0.0,8.83e-05,0.0005017,0.0012067,0.0020722,0.0008761,0.0015,0.0001134,0.0,0.0,0.0,0.0,0.0001202,0.0,0.0,0.0,0.0,0.0
Acorn Woodpecker,0.0002947,0.0005007,0.0002489,0.0003884,0.0002422,0.0002178,0.0001127,9.33e-05,0.0001604,0.0001877,0.0002597,0.0001216,0.0001539,0.0001818,8.35e-05,0.0,0.0,0.0,0.0,0.0,0.0,0.0,0.0,0.0015,0.0,0.0,0.0,0.0,0.0,0.0,0.0,0.0,0.0,0.0,0.0001219,0.0003894,0.0011093,0.0,0.0,0.0,0.0013583,0.0027126,0.0026439,0.0004484,0.0002135,0.0002518,0.0003604,0.0002775
American Three-toed Woodpecker,0.0,0.0,0.0,0.0,0.0,0.0,0.0,0.0,0.0,0.0,0.0,0.0,0.0,0.0,0.0,0.0,0.0,0.0,0.0,6.29e-05,8.06e-05,0.0,0.0003075,0.0004402,0.0003879,0.0001182,0.0002502,0.0003682,0.0002208,0.0015,0.0001245,8.83e-05,0.0,0.0001207,0.0001219,0.0001947,0.0015,0.0002267,0.0001277,9.07e-05,0.0001045,0.0,0.0,0.0,0.0,0.0,0.0,0.0
Black-backed Woodpecker,0.0,0.0,0.0,0.0,0.0,0.0,0.0,0.0,0.0,0.0,0.0,0.0,0.0,0.0,0.0,0.0,0.0,0.0,0.0,6.29e-05,0.0002419,0.000498,0.0008201,0.0012325,0.0022304,0.0026014,0.0021263,0.0010125,0.000773,0.0,0.0006223,8.83e-05,0.0004014,0.0002413,0.0,9.73e-05,0.0,0.0002267,0.0002554,0.000272,0.0003134,0.0,0.0,0.0,0.0,0.0,0.0,0.0
Downy Woodpecker,0.1257661,0.1328438,0.1369897,0.1341921,0.116403,0.1272503,0.1281777,0.1362322,0.1287605,0.1384587,0.1641558,0.1646,0.1559711,0.1798437,0.1742759,0.1695408,0.1410001,0.1291191,0.1189276,0.1344691,0.1230447,0.1296684,0.1359303,0.1318778,0.1226726,0.1281778,0.1342089,0.1400037,0.1248896,0.142226,0.143995,0.1651805,0.1536223,0.1696633,0.1795466,0.172199,0.1487495,0.1427114,0.1237548,0.1271079,0.1065719,0.1392853,0.1403677,0.1561295,0.1286156,0.1536137,0.1581161,0.1599362
Hairy Woodpecker,0.0348303,0.0408879,0.0394955,0.0416235,0.0372134,0.0453688,0.0474607,0.0418027,0.0424388,0.0459026,0.0518615,0.0469244,0.0392428,0.0428026,0.0457391,0.0514813,0.0506225,0.0532209,0.0468988,0.0523669,0.0468473,0.045613,0.0517683,0.044018,0.0430566,0.036656,0.0421513,0.0365427,0.0343419,0.0366916,0.039079,0.0433478,0.0459563,0.0446482,0.0469283,0.046043,0.0354982,0.0347994,0.0342273,0.0332729,0.0306133,0.03833,0.0415815,0.042059,0.0372505,0.0431881,0.0505827,0.0433666
Pileated Woodpecker,0.0380717,0.0431409,0.0445569,0.0512688,0.0482725,0.0576365,0.0615523,0.0626108,0.0622543,0.0678682,0.0781818,0.0773158,0.0728686,0.076972,0.0781237,0.08237,0.0773093,0.0713628,0.0631453,0.0690262,0.0573295,0.053182,0.0552537,0.0492121,0.0496509,0.0519097,0.0486554,0.0565169,0.0571996,0.0663885,0.0660859,0.0763662,0.0737508,0.0791601,0.0714286,0.0674584,0.0540541,0.0531625,0.053129,0.0467815,0.0397033,0.0426937,0.0449465,0.0457358,0.0400256,0.0410476,0.0480596,0.0473217
Northern Flicker,0.3065182,0.320761,0.3341354,0.3370016,0.337504,0.3805894,0.3863931,0.4155081,0.4123546,0.4440064,0.4840693,0.477875,0.419129,0.4317521,0.4272598,0.4166509,0.3727904,0.3694281,0.3437375,0.3619161,0.3276891,0.3821333,0.3912865,0.3792587,0.3529868,0.373655,0.3678549,0.3583395,0.3198984,0.337342,0.3369011,0.3737088,0.3548063,0.4029202,0.4648952,0.507252,0.4622832,0.4835638,0.4592593,0.4318223,0.3734197,0.4078311,0.4062012,0.3959286,0.346355,0.382901,0.3890424,0.3820427
Crested Caracara,0.0,0.0,0.0,0.0,0.0,0.0,0.0,0.0,0.0,0.0,0.0,0.0,0.0,0.0,0.0,0.0,0.0,0.0,0.0,0.0,0.0,0.0,0.0060482,0.0004402,0.0002909,0.0,0.0,0.0,0.0,0.0,0.0,0.0,0.0,0.0,0.0,0.0,0.0,0.0,0.0,0.0,0.0,0.0,0.0,0.0,0.0,0.0,0.0,0.0
American Kestrel,0.0216879,0.0163551,0.0174245,0.0230451,0.0117049,0.0101626,0.0096951,0.0106373,0.0065784,0.0111706,0.0094372,0.010637,0.0073099,0.0094511,0.0100159,0.0078959,0.004402,0.0051733,0.0044018,0.005155,0.0044348,0.0061747,0.0050231,0.0033454,0.0051396,0.005794,0.0060038,0.0046024,0.0038648,0.0078537,0.0059739,0.0058268,0.0070239,0.0100157,0.0121892,0.0126545,0.0086729,0.0109952,0.0099617,0.0109701,0.0098213,0.0167473,0.0173056,0.0171285,0.0113139,0.0192647,0.0144179,0.0170691
Merlin,0.016207,0.0156041,0.0175904,0.0181901,0.0121085,0.0117596,0.0108788,0.0131567,0.0134777,0.0116399,0.0160173,0.021274,0.0146199,0.0189931,0.0171104,0.015476,0.0114863,0.0087875,0.0068828,0.0063494,0.0049992,0.0071706,0.009021,0.0107404,0.0090186,0.0151354,0.0203877,0.0263255,0.0215327,0.0190207,0.0184194,0.0263088,0.0245836,0.0343912,0.0366894,0.032123,0.027733,0.0306053,0.0329502,0.030825,0.0249713,0.0244133,0.0233145,0.0185634,0.0207066,0.0185092,0.0191037,0.0215792
Eurasian Hobby,0.0,0.0,0.0,0.0,0.0,0.0,0.0,0.0,0.0,0.0,0.0,0.0,0.0,0.0,0.0,0.0,0.0,0.0,0.0,0.0,0.0,0.0,0.0,0.0,0.0,0.0,0.0,0.0,0.0,0.0,0.0,0.0,0.0,0.0,0.0,0.0,0.0,0.0,0.0,9.07e-05,0.0,0.0,0.0,0.0,0.0,0.0,0.0,0.0
Gyrfalcon,0.0,0.0,0.0001659,0.0,0.0015,0.0002904,5.64e-05,0.0003732,0.0,0.0,0.0,0.0,0.0,0.0,0.0,0.0,0.0,0.0,0.0,0.0,0.0,0.0,0.0,0.0,0.0,0.0,0.0,0.0,0.0,0.0,0.0,0.0,0.0,0.0,0.0,0.0,0.0,0.0,0.0,0.0,0.0001045,0.0,0.0015,0.0,0.0,0.0,0.0001201,6.94e-05
Peregrine Falcon,0.0129656,0.0119326,0.0105377,0.012623,0.0091217,0.0071864,0.0067076,0.0083046,0.0077016,0.0085422,0.0069264,0.0088135,0.0060788,0.006634,0.0077623,0.0084012,0.0066717,0.0056693,0.0067227,0.0062865,0.0065312,0.0056767,0.0057406,0.0044018,0.0070791,0.0052028,0.0086304,0.0087445,0.0099382,0.0062584,0.0110765,0.0109473,0.0097331,0.0118258,0.0184057,0.01392,0.0113957,0.0151893,0.0141762,0.0126927,0.0112841,0.0147423,0.0156231,0.0144382,0.0097129,0.0132209,0.0139373,0.0132528
Prairie Falcon,5.89e-05,8.34e-05,0.0,0.0,0.0,0.0,0.0,0.0,0.0,0.0,0.0,0.0,0.0,0.0,0.0,0.0,0.0,0.0,0.0,0.0,0.0,0.0,0.0,0.0,0.0,0.0,0.0,0.0,0.0,0.0,0.0,0.0,0.0,0.0001207,0.0001219,9.73e-05,0.0,0.0015,0.0,0.0,0.0,0.0,0.0,0.0015,0.0,0.0012591,0.0002403,0.0
Cockatiel,0.0,0.0,0.0,0.0,0.0,0.0,0.0,0.0,0.0,0.0,0.0,0.0,0.0,0.0,0.0,0.0,0.0,0.0,0.0,0.0,0.0,0.0,0.0,0.0,0.0,0.0,0.0,0.0001841,0.0,0.0,0.0,0.0,0.0001003,0.0,0.0,0.0015,0.0,0.0001134,0.0,0.0,0.0,0.0,0.0,0.0,0.0,0.0,0.0,0.0
Rose-ringed Parakeet,0.0015,0.0,0.0,0.0,0.0,0.0,0.0,0.0,0.0,0.0,0.0,6.08e-05,0.0,0.0,0.0,0.0,0.0,0.0,0.0,0.0,0.0,0.0,0.0,0.0,0.0,0.0,0.0,0.0,0.0,0.0,0.0,0.0,0.0,0.0,0.0,0.0,0.0,0.0,0.0,0.0,0.0,0.0,0.0,0.0,0.0,0.0,0.0,0.0
Budgerigar,0.0,0.0,0.0,0.0,0.0,0.0,0.0,0.0,0.0,0.0,0.0,0.0,0.0,0.0,0.0,0.0,0.0,7.09e-05,8e-05,0.0,0.0015,0.0003984,0.0,0.0001761,0.0,0.0,0.0,0.0,0.0001104,0.0,0.0001245,0.0,0.0001003,0.0,0.0,0.0,0.0001008,0.0,0.0,0.0,0.0001045,0.0,0.0,0.0,0.0,0.0,0.0,0.0
Monk Parakeet,0.0,0.0,0.0,0.0,0.0,0.0,0.0,0.0,0.0,0.0,0.0,0.0,7.69e-05,0.0,8.35e-05,0.0,0.0,0.0,0.0,0.0,0.0,0.0,0.0,0.0,0.0,0.0,0.0,0.0,0.0,0.0,0.0,8.83e-05,0.0,0.0,0.0,0.0,0.0,0.0,0.0,0.0,0.0,0.0,0.0001202,0.0,0.0,0.0,0.0,6.94e-05
Blue-and-yellow Macaw,0.0,0.0,0.0,0.0,0.0,0.0,0.0,0.0,0.0,0.0,0.0,0.0,0.0,0.0,0.0,0.0,0.0,0.0,0.0,0.0,0.0,0.0,0.0,0.0,0.0,0.0,0.0015,0.0,0.0,0.0,0.0,0.0,0.0,0.0,0.0,0.0,0.0,0.0,0.0,0.0,0.0,0.0,0.0,0.0,0.0,0.0,0.0,0.0
Mitred Parakeet,0.0,8.34e-05,0.0,0.0,0.0,0.0,0.0,0.0,0.0,0.0015,0.0002597,0.0002431,0.0,0.0,0.0,6.32e-05,6.88e-05,0.0001417,8e-05,6.29e-05,0.0015,0.0001992,0.0015,0.0001761,0.0,0.0002365,0.0,0.0001841,0.0,0.0001227,0.0,8.83e-05,0.0001003,0.0001207,0.0,0.0015,0.0,0.0002267,0.0,0.0,0.0,0.0,0.0,0.0,0.0,0.0,0.0,0.0
Red-masked Parakeet,0.0,0.0,0.0,0.0,0.0,0.0,0.0,0.0,0.0,0.0,0.0,0.0,0.0,0.0,0.0,0.0,0.0,0.0,0.0,0.0,0.0,0.0,0.0,0.0,0.0,0.0,0.0,0.0,0.0,0.0,0.0,0.0,0.0,0.0,0.0,0.0,0.0001008,0.0,0.0,0.0,0.0,0.0,0.0,0.0,0.0,0.0,0.0,0.0
Olive-sided Flycatcher,0.0,0.0,0.0,0.0,0.0,0.0,0.0,0.0,0.0,0.0,0.0,0.0,0.0,0.0,8.35e-05,0.0006317,0.0077034,0.0153072,0.0285714,0.0372163,0.0375746,0.0285828,0.0253203,0.0227133,0.0239527,0.0218754,0.0197624,0.0154639,0.0149072,0.0110443,0.0089608,0.0095347,0.0058198,0.0031374,0.0009751,0.0001947,0.0,0.0,0.0,0.0,0.0,0.0,0.0,0.0,0.0,0.0,0.0,0.0
Western Wood-Pewee,0.0,0.0,0.0,0.0,0.0,0.0,0.0,0.0,0.0,0.0,0.0,0.0,0.0,0.0,0.0,0.000379,0.0101107,0.0347955,0.0780312,0.1207016,0.1115143,0.1247884,0.1253716,0.1009772,0.075931,0.0673998,0.0701689,0.0633284,0.0631625,0.0666339,0.0528936,0.0411406,0.0160546,0.0135151,0.0082886,0.0010708,0.0,0.0,0.0001277,0.0,0.0,0.0,0.0,0.0,0.0,0.0,0.0,0.0
Willow Flycatcher,0.0,0.0,0.0,0.0,0.0,0.0,0.0,0.0,0.0,0.0,0.0,0.0,0.0,0.0,0.0,0.0,0.0002063,0.0008504,0.0136054,0.078456,0.1236091,0.1547655,0.1790876,0.1551193,0.1088053,0.0832446,0.0722952,0.0727172,0.0565371,0.0587802,0.0550093,0.0457314,0.0288983,0.0253409,0.0109703,0.0025309,0.0002017,0.0015,0.0,0.0,0.0,0.0,0.0,0.0,0.0,0.0,0.0,0.0
Least Flycatcher,5.89e-05,0.0,0.0,0.0,0.0,0.0,0.0,0.0,0.0,0.0,0.0,0.0,0.0,0.0,0.0,0.0,0.0002063,0.0,0.0,0.0003772,0.003064,0.0020914,0.0074833,0.0014086,0.0005818,0.0003547,0.0002502,0.0,0.0,0.0,0.0015,0.0,0.0,0.0,0.0,0.0,0.0,0.0,0.0,0.0,0.0,0.0,0.0,0.0,0.0,0.0,0.0,0.0
Hammond's Flycatcher,0.0,0.0,0.0,0.0,0.0,0.0,0.0,0.0,0.0,0.0,0.0,0.0,0.0,0.0002726,0.0079292,0.0261512,0.0258615,0.0194883,0.0139256,0.0145219,0.0095952,0.0083657,0.0120964,0.007307,0.0091156,0.0063852,0.0036273,0.0024853,0.0015459,0.0022089,0.0044804,0.0044142,0.0053181,0.0050682,0.0042662,0.0040884,0.0011093,0.0004534,0.0,0.0,0.0,0.0,0.0,0.0,0.0,0.0,0.0,0.0
Gray Flycatcher,0.0,0.0,0.0,0.0,0.0,0.0,0.0,0.0,0.0,0.0,0.0,0.0,0.0,0.0,0.0,0.0,0.0008254,0.0014882,0.0007203,0.0003772,0.0,0.0,0.0,0.0,0.0,0.0,0.0,0.0,0.0,0.0,0.0001245,0.0,0.0,0.0,0.0,0.0,0.0,0.0,0.0,0.0,0.0,0.0,0.0,0.0,0.0,0.0,0.0,0.0
Dusky Flycatcher,0.0,0.0,0.0,0.0,0.0,0.0,0.0,0.0,0.0,0.0,0.0,0.0,0.0,0.0,0.0003339,0.0049902,0.007222,0.004252,0.0030412,0.0006915,8.06e-05,0.0001992,0.00041,8.8e-05,0.0003879,0.0001182,0.0005003,0.0001841,0.0002208,0.0,0.0,0.0,0.0,0.0001207,0.0,0.0,0.0,0.0,0.0,0.0,0.0,0.0,0.0,0.0,0.0,0.0,0.0,0.0
Western Flycatcher,0.0,0.0,0.0,0.0,0.0,0.0,0.0,0.0,0.0,0.0,0.0,0.0,0.0,0.0015,0.0098489,0.0624724,0.108123,0.1199773,0.1298119,0.1483624,0.1706983,0.1559606,0.1608406,0.1507175,0.1569046,0.1371645,0.1223265,0.0911267,0.0698984,0.0414775,0.0348475,0.0316059,0.0235802,0.0208761,0.0151146,0.003699,0.0004034,0.0,0.0,9.07e-05,0.0,0.0,0.0,0.0,0.0,0.0,0.0,0.0
Black Phoebe,0.0038897,0.0062583,0.0055592,0.0068617,0.0060542,0.0034843,0.0031002,0.0048521,0.0040112,0.0035671,0.0036364,0.0044979,0.0016159,0.0015449,0.0015858,0.0012633,0.0010317,0.0006378,0.0015206,0.001383,0.0006451,0.0002988,0.0007176,0.0005282,0.0014546,0.0018919,0.0005003,0.0010125,0.0014355,0.0013499,0.002738,0.0041494,0.0013044,0.0006034,0.0009751,0.0012655,0.001311,0.001927,0.0021711,0.0015413,0.0013583,0.0028305,0.0042062,0.00278,0.001601,0.0018887,0.000841,0.0047183
Eastern Phoebe,0.0,0.0,0.0,0.0,0.0,0.0,0.0,0.0,0.0,0.0,0.0,0.0,0.0,0.0,0.0,0.0,0.0,0.0,0.0,0.0,0.0,0.0,0.0,0.0,0.0,0.0,0.0,0.0,0.0,0.0,0.0,0.0,0.0,0.0,0.0,0.0,0.0,0.0,0.0,0.0,0.0,0.0,0.0,0.0,0.0,0.0021405,0.0,0.0
Say's Phoebe,0.0,8.34e-05,0.0,6.47e-05,0.0,7.26e-05,0.0,0.0008398,0.0050542,0.0048813,0.0085714,0.0122781,0.0030009,0.007361,0.0017528,0.0005685,0.0001376,0.0,0.0,0.0,0.0,0.0,0.0,0.0,9.7e-05,0.0,0.0003752,0.0,0.0,0.0001227,0.0002489,0.0015,0.0008027,0.0022927,0.0006095,0.0004867,0.0001008,0.0,0.0,0.0,0.0001045,0.0001179,0.0003605,8.97e-05,0.0,0.0001259,0.0,6.94e-05
Vermilion Flycatcher,0.0,0.0,0.0,6.47e-05,0.0002422,0.0015,0.0015,0.0,0.0,0.0,0.0,0.0,0.0,0.0,0.0,0.0,0.0,0.0,0.0,0.0,0.0,0.0,0.0,0.0,0.0,0.0,0.0,0.0,0.0,0.0,0.0,0.0,0.0,0.0,0.0,0.0,0.0,0.0,0.0,0.0,0.0,0.0,0.0,0.0,0.0,0.0,0.0,0.0
Ash-throated Flycatcher,0.0,0.0,0.0,0.0,0.0,0.0,0.0,0.0,0.0,0.0,0.0,0.0,0.0,0.0,0.0,0.0,0.0,7.09e-05,0.0,0.0003143,0.0021771,0.0016931,0.0012301,8.8e-05,0.0001939,0.0,0.0,0.0015,0.0,0.0015,0.0,0.0,0.0,0.0001207,0.0001219,9.73e-05,0.0,0.0,0.0,0.0,0.0,0.0045996,0.0007211,0.0015,0.0,0.0,0.0,0.0
Tropical Kingbird,0.0,0.0,0.0,0.0,0.0,0.0,0.0,0.0,0.0,0.0,0.0,0.0,0.0,0.0,0.0,0.0,0.0,0.0,0.0,0.0,0.0,0.0,0.0,0.0,0.0,0.0,0.0,0.0,0.0,0.0,0.0,0.0,0.0,0.0,0.0,0.0,0.0,0.0003401,0.0,0.0015,0.0001045,0.0003538,0.0043264,0.0009865,0.0,0.0,0.0,0.0
Western Kingbird,0.0,0.0,0.0,0.0,0.0,0.0,0.0,0.0,0.0,0.0,0.0,0.0,0.0,0.0,0.0003339,0.0066957,0.0070844,0.0058819,0.0130452,0.0171623,0.0047573,0.0041829,0.0050231,0.0017607,0.0005818,0.000473,0.0002502,0.0002761,0.0003313,0.0001227,0.0,0.0017657,0.000301,0.0002413,0.0001219,0.0,0.0,0.0,0.0,0.0,0.0,0.0,0.0,0.0,0.0,0.0,0.0,0.0
Eastern Kingbird,0.0,0.0,0.0,0.0,0.0,0.0,0.0,0.0,0.0,0.0,0.0,0.0,0.0,0.0,0.0,6.32e-05,0.0,0.0,0.0,0.0022632,0.0080632,0.0158351,0.0148642,0.0034334,0.0013576,0.0022467,0.001626,0.0023012,0.0016564,0.0014726,0.0007467,0.0034431,0.0004014,0.0,0.0,0.0,0.0001008,0.0,0.0,0.0,0.0,0.0,0.0,0.0,0.0,0.0,0.0,0.0
Scissor-tailed Flycatcher,0.0,0.0,0.0,0.0,0.0,0.0,0.0,0.0,0.0,0.0,0.0,0.0,0.0,0.0,0.0,0.0,0.0,0.0,0.0,0.0,0.0,0.0,0.0,0.0,0.0,0.0,0.0,9.2e-05,0.0015,0.0,0.0,0.0,0.0,0.0,0.0,0.0,0.0,0.0,0.0,0.0,0.0,0.0,0.0,0.0,0.0,0.0,0.0,0.0
White-eyed Vireo,0.0,0.0,0.0,0.0,0.0,0.0,0.0,0.0,0.0,0.0,0.0,0.0,0.0,0.0,0.0,0.0,0.0,0.0,0.0,0.0,0.0,0.0,0.0,0.0,0.0,0.0015,0.0,0.0,0.0,0.0,0.0,0.0,0.0,0.0,0.0,0.0,0.0,0.0,0.0,0.0,0.0,0.0,0.0,0.0,0.0,0.0,0.0,0.0
Hutton's Vireo,0.0107261,0.0119326,0.0173415,0.01942,0.0257507,0.0251161,0.021983,0.0385369,0.0460489,0.0431803,0.0607792,0.0504498,0.0447061,0.0419847,0.0408146,0.0450382,0.0418873,0.0415988,0.0304922,0.0332558,0.0296726,0.0244996,0.0260379,0.0314288,0.0306439,0.0314532,0.0301438,0.0252209,0.0278269,0.0267517,0.0280025,0.0380507,0.0377283,0.0342705,0.0355924,0.0345566,0.027733,0.0234641,0.016092,0.0178604,0.0182844,0.0155679,0.0163442,0.0113891,0.0121678,0.010073,0.0135768,0.0157508
Cassin's Vireo,0.0,0.0,0.0,0.0,0.0,0.0,0.0,0.0,0.0,0.0,0.0,0.0015,0.0,0.0002726,0.002504,0.0101699,0.0119678,0.01063,0.0084834,0.0062865,0.0056443,0.0038841,0.0041005,0.0037855,0.0040729,0.0020102,0.0018762,0.001933,0.0017668,0.002577,0.0028625,0.0036197,0.0025085,0.0033788,0.0037786,0.0015575,0.0007059,0.0,0.0001277,0.0,0.0,0.0,0.0,0.0,0.0,0.0,0.0,0.0
Blue-headed Vireo,0.0,0.0,0.0,0.0,0.0,0.0,0.0,0.0,0.0,0.0,0.0,0.0,0.0,0.0,0.0,0.0,0.0,0.0,0.0,0.0,0.0,0.0,0.0,0.0,0.0,0.0,0.0,0.0,0.0,0.0,0.0,0.0,0.0015,0.0,0.0,0.0,0.0,0.0,0.0,0.0,0.0,0.0,0.0,0.0,0.0,0.0,0.0,0.0
Western Warbling Vireo,0.0,0.0,0.0,0.0,0.0,0.0,0.0,0.0,0.0,0.0,0.0,0.0,0.0,0.0015,0.0008347,0.0457962,0.1394181,0.1613635,0.1486995,0.1334633,0.1121593,0.1068619,0.1032291,0.0872436,0.0770946,0.05593,0.0467792,0.0379234,0.0236307,0.0279789,0.0375856,0.0595921,0.0550873,0.0453723,0.0287665,0.0066193,0.0004034,0.0004534,0.0002554,0.0,0.0,0.0,0.0,0.0,0.0,0.0,0.0,0.0
Red-eyed Vireo,0.0,0.0,0.0,0.0,0.0,0.0,0.0,0.0,0.0,0.0,0.0,0.0,0.0,0.0,0.0,0.0,6.88e-05,0.0001417,0.0,0.0077953,0.0199968,0.0294791,0.0351615,0.0237697,0.0163887,0.0166726,0.0121326,0.0081001,0.0075088,0.00859,0.0082141,0.0049439,0.0042143,0.0018101,0.0002438,0.0,0.0,0.0,0.0,0.0,0.0,0.0,0.0,0.0,0.0,0.0,0.0,0.0
Loggerhead Shrike,0.0,0.0,0.0,0.0,0.0,0.0,0.0,0.0,0.0002407,0.0005632,0.0015,0.0,0.0001539,0.0040894,0.0001669,0.000379,6.88e-05,0.0,0.0,0.0,0.0,0.0,0.0,0.0,0.0,0.0,0.0,0.0,0.0,0.0,0.0,0.0,0.0,0.0,0.0,0.0,0.0,0.0,0.0,0.0,0.0,0.0,0.0,0.0,0.0,0.0,0.0,0.0
Northern Shrike,0.0070721,0.0087617,0.0067209,0.0069912,0.0057314,0.0045006,0.0039457,0.0081179,0.0072202,0.0096686,0.0106494,0.0094821,0.0034626,0.0026354,0.0005008,0.0001263,0.0,0.0,0.0,0.0,0.0,0.0,0.0,0.0,0.0,0.0,0.0,0.0,0.0,0.0,0.0,0.0,0.0,0.0,0.0,0.000292,0.0017144,0.0081614,0.0093231,0.0116954,0.0114931,0.0113221,0.0129792,0.0097749,0.0074714,0.0073029,0.0079298,0.006453
Canada Jay,0.0013555,0.0010848,0.0016595,0.0011652,0.0008072,0.0008711,0.0010146,0.0019595,0.0008825,0.0012203,0.0009524,0.0015196,0.0010003,0.0008179,0.0006677,0.0013265,0.0007566,0.0005669,0.0012005,0.0028289,0.0016126,0.0025894,0.004203,0.0056343,0.007758,0.0065035,0.0067542,0.0055228,0.004417,0.002577,0.0032358,0.0026485,0.004716,0.0037408,0.0017065,0.0032123,0.0012102,0.0022671,0.0022989,0.0012693,0.0018807,0.0012973,0.0007211,0.0006277,0.0009606,0.0006296,0.0019224,0.0020122
Steller's Jay,0.2197666,0.2251335,0.2324096,0.2331046,0.2230384,0.2624855,0.2861733,0.2744238,0.2599278,0.2863043,0.2992208,0.2919402,0.2548476,0.2729008,0.268425,0.2602489,0.2324094,0.239246,0.2280912,0.2346137,0.1947267,0.212429,0.2144541,0.2103178,0.2063615,0.2379094,0.2650407,0.2958395,0.2777164,0.3315744,0.3444928,0.3937494,0.3953442,0.4285025,0.4509995,0.4540056,0.3882614,0.4095443,0.3707535,0.3391659,0.2705046,0.298856,0.2818171,0.2716348,0.2174191,0.248552,0.25003,0.2480572
Blue Jay,0.0015,0.0,0.0,0.0,0.0,0.0,0.0015,0.0015,0.0001604,0.0,0.0,0.0,0.0,0.0,0.0,0.0,0.0,0.0,0.0,0.0,0.0,0.0,0.0,0.0,0.0,0.0,0.0,0.0,0.0,0.0,0.0,0.0,0.0,0.0,0.0001219,0.0,0.0,0.0,0.0,0.0,0.0,0.0,0.0,0.0001794,0.0015,0.0,0.0,0.0
California Scrub-Jay,0.0223951,0.0241989,0.0236475,0.0315898,0.0221182,0.0239547,0.0215884,0.0231408,0.0204573,0.0226227,0.0222511,0.0220642,0.0152355,0.0168121,0.0166096,0.015855,0.0149942,0.0178584,0.015046,0.0153392,0.0127399,0.0166318,0.0125064,0.0177833,0.0125097,0.0151354,0.0177611,0.0183174,0.0165636,0.019757,0.0226509,0.0317825,0.0312061,0.0389767,0.0435154,0.0464324,0.0322711,0.0358195,0.0284802,0.0282865,0.023613,0.0277155,0.0305252,0.023675,0.0185719,0.0212793,0.0192238,0.0235221
Black-billed Magpie,0.0005893,0.0019192,0.0011616,0.0024599,0.0008072,0.0002904,0.0001691,0.0003732,0.0001604,0.0001877,8.66e-05,0.0004863,0.0003078,0.0001818,0.0001669,0.000379,0.0,0.0,0.0015,0.0,0.0001613,0.0001992,0.0001025,8.8e-05,0.0,0.0015,0.0,0.0,0.0001104,0.0001227,0.0,0.0001766,0.0001003,0.0015,0.0,0.0,0.0001008,0.0001134,0.0,9.07e-05,0.0003134,0.0,0.0015,0.0008968,0.0005337,0.0,0.0015,0.0
Clark's Nutcracker,0.0,0.0,0.0,0.0,0.0,7.26e-05,5.64e-05,0.0,0.0,0.0,0.0,0.0,0.0,0.0004544,0.0015,0.0,0.0,0.0,8e-05,0.0015,0.0001613,9.96e-05,0.0007176,0.0009684,0.0005818,0.0010642,0.0006254,0.0003682,0.0005521,0.0012271,0.0003734,0.0007946,0.0015051,0.0016894,0.0006095,0.0001947,0.0001008,0.0002267,0.0,9.07e-05,0.0001045,0.0,0.0,0.0015,0.0,0.0,0.0,6.94e-05
American Crow,0.6224069,0.6654706,0.6681049,0.6719964,0.6432838,0.6514954,0.6375063,0.7076607,0.7022864,0.7365061,0.7633766,0.7637977,0.7373038,0.7517266,0.7450129,0.7361506,0.7217828,0.7467224,0.7011605,0.7372226,0.7046444,0.7190519,0.7221937,0.7297297,0.693076,0.7176304,0.7179487,0.7103277,0.6538207,0.6954228,0.6904792,0.6831465,0.6280353,0.6903584,0.6977084,0.7221844,0.6557079,0.7149173,0.7380587,0.7509519,0.6685822,0.7253214,0.7298402,0.7153619,0.6494823,0.6930244,0.6799231,0.682695
Common Raven,0.0487977,0.0456442,0.0494524,0.0497152,0.0468195,0.0483449,0.0423313,0.0535598,0.0503008,0.0508777,0.0596537,0.0608437,0.0531702,0.0503453,0.0563392,0.0607668,0.0566064,0.0522996,0.044978,0.0493493,0.0402354,0.0441191,0.049103,0.046659,0.0419899,0.0475346,0.0424015,0.0384757,0.0340106,0.0370598,0.0446795,0.04838,0.0466586,0.0546639,0.0557045,0.0613258,0.0551634,0.0680118,0.056705,0.0527652,0.047435,0.0553131,0.0513159,0.0504887,0.0423738,0.0504911,0.0481797,0.0484319
Black-capped Chickadee,0.5212164,0.5541555,0.5629771,0.5632444,0.5466581,0.5913182,0.597937,0.5980218,0.5839551,0.5990801,0.6206926,0.6182227,0.5713296,0.6156852,0.5942743,0.5969301,0.5444666,0.5297994,0.490116,0.528258,0.4887115,0.5076188,0.5253716,0.5602606,0.5506206,0.589689,0.6018762,0.6045655,0.5871246,0.6008099,0.6149347,0.6197581,0.5974313,0.6189212,0.6415163,0.6387618,0.5893505,0.6097257,0.5977011,0.6240254,0.5584578,0.6116287,0.6286504,0.614474,0.5547017,0.5927978,0.5972606,0.5822925
Mountain Chickadee,0.0007072,0.000751,0.0003319,0.000971,0.0016952,0.001234,0.0002255,0.001493,0.0016045,0.0013142,0.0012121,0.0017627,0.0006925,0.0,0.0001669,0.0,6.88e-05,0.0,0.0,0.0015,0.0,0.0,0.0001025,8.8e-05,9.7e-05,0.0002365,0.0003752,0.0004602,0.0003313,0.0015,0.0001245,0.0004414,0.0004014,0.001086,0.0002438,0.0006814,0.0015,0.0003401,0.0010217,0.0015413,0.0012538,0.0011794,0.0004807,0.0032284,0.0011741,0.001385,0.0010813,0.0005551
Chestnut-backed Chickadee,0.2264262,0.2313084,0.2397942,0.2396427,0.2376493,0.2700348,0.3186968,0.2812354,0.2668271,0.2889327,0.3202597,0.3137005,0.2835488,0.2887132,0.2761038,0.2843788,0.255107,0.2543406,0.2486595,0.2762935,0.260845,0.2886167,0.3118401,0.3175456,0.2968386,0.3079106,0.3094434,0.3035714,0.2945009,0.3112038,0.3064095,0.3180012,0.299418,0.3126584,0.3113116,0.2980629,0.2652279,0.2676264,0.2627075,0.2584769,0.2337269,0.2517986,0.2619877,0.2631154,0.2279859,0.2566104,0.2736994,0.2628365
Horned Lark,0.0,0.0002503,0.0,0.0,0.0003229,7.26e-05,0.0011273,0.0,0.0,0.0,0.0004329,6.08e-05,0.0,0.0001818,8.35e-05,0.0,0.0,0.0,0.0,0.0,0.0,0.0,0.0015,8.8e-05,0.0,0.0,0.0,0.0015,0.0,0.0,0.0003734,8.83e-05,0.0013044,0.0083263,0.0076792,0.0015575,0.0010085,0.0002267,0.0003831,0.0007253,0.0010448,0.005779,0.0048071,0.0,0.0001067,0.0,0.0,0.0002775
Bank Swallow,0.0,0.0,0.0,0.0,0.0,0.0,0.0,0.0,0.0,0.0,0.0,0.0,0.0,0.0,0.0003339,0.000758,0.0024761,0.0034016,0.007443,0.007921,0.0070956,0.0057763,0.0078934,0.0063386,0.0048487,0.0068582,0.0068793,0.0054308,0.004417,0.0049086,0.0074673,0.0084753,0.0035119,0.0041028,0.0009751,0.0,0.0,0.0,0.0,0.0,0.0,0.0,0.0,0.0,0.0,0.0,0.0,0.0
Tree Swallow,0.0,0.0,0.0,6.47e-05,0.0001614,0.0004355,0.0029874,0.0137165,0.0288006,0.0554773,0.0875325,0.1160345,0.1065713,0.1426754,0.1630916,0.174152,0.1654859,0.1879385,0.1763906,0.1973345,0.1667473,0.1867344,0.1906715,0.1636588,0.1167572,0.1020456,0.0873046,0.058634,0.0311396,0.0208615,0.0131923,0.0099762,0.0053181,0.0002413,0.0003657,9.73e-05,0.0,0.0001134,0.0001277,0.0,0.0,0.0,0.0,0.0,0.0,0.0,0.0,6.94e-05
Violet-green Swallow,0.0,0.0,0.0,6.47e-05,8.07e-05,0.0,0.0008455,0.0065317,0.0166065,0.0495635,0.0954113,0.1379164,0.1432749,0.2017448,0.2157583,0.2287916,0.2264255,0.2554745,0.2480992,0.2727101,0.2342364,0.2598347,0.2720656,0.2610265,0.2373933,0.248315,0.1878674,0.1220545,0.0649293,0.0564486,0.0527691,0.0500574,0.0320088,0.0306504,0.0381521,0.0286187,0.0154296,0.0045341,0.0014049,0.0001813,0.0,0.0001179,0.0001202,0.0,0.0,0.0,0.0,0.0
Purple Martin,0.0,0.0,0.0,0.0,0.0,0.0,0.0,0.0,0.0,0.0,0.0,0.0001216,0.0003078,0.0063613,0.0152742,0.0248247,0.0267556,0.0375594,0.0345738,0.0481549,0.0457991,0.0474056,0.0543311,0.0547583,0.0504267,0.0592409,0.0600375,0.0658137,0.0592977,0.0798871,0.0833852,0.0802507,0.0201686,0.0027754,0.0007314,0.000292,0.0,0.0001134,0.0,0.0,0.0,0.0,0.0,0.0,0.0,0.0,0.0,0.0
Northern Rough-winged Swallow,0.0,0.0,0.0,0.0,0.0,0.0,0.0001127,0.0,0.0015,9.39e-05,0.0008658,0.0035254,0.0079255,0.0239004,0.03155,0.038911,0.0450512,0.0464177,0.0489796,0.0498523,0.0403967,0.0418285,0.0459252,0.0382076,0.0321955,0.030862,0.0345216,0.02743,0.0183304,0.0158302,0.01257,0.0080339,0.004114,0.0024134,0.0009751,0.0,0.0,0.0,0.0,0.0,0.0,0.0,0.0001202,0.0,0.0,0.0,0.0,0.0
Barn Swallow,0.0007661,0.0025868,0.0037338,0.0051787,0.0071844,0.0050087,0.0042839,0.0061584,0.0054553,0.0059138,0.0020779,0.0094821,0.0196214,0.0617957,0.1105918,0.159055,0.1726391,0.1994189,0.2130452,0.244735,0.2214965,0.2349368,0.2428498,0.2252839,0.2140225,0.2277403,0.2280175,0.2222938,0.1880521,0.2115597,0.2240199,0.2228304,0.1596428,0.1121033,0.0809361,0.0397158,0.0141186,0.0052142,0.0014049,0.0007253,0.0010448,0.0010614,0.0003605,0.0010761,0.0003202,0.0007555,0.0021627,0.0005551
Cliff Swallow,0.0,0.0,0.0,0.0,0.0,0.0,0.0,0.0,0.0,0.0001877,0.0005195,0.0021274,0.0075408,0.0238095,0.0328019,0.0425115,0.0412683,0.0454964,0.0468187,0.0571447,0.0516852,0.0589583,0.0580215,0.0535258,0.0457719,0.0528556,0.0492808,0.0415133,0.0249558,0.0212296,0.0222775,0.0195992,0.0063215,0.0048268,0.0021941,0.0001947,0.0,0.0001134,0.0,0.0,0.0,0.0,0.0,0.0,0.0,0.0001259,0.0,0.0
Bushtit,0.124057,0.1325935,0.1263691,0.1295313,0.1198741,0.1514954,0.1563046,0.1634786,0.1792218,0.2191871,0.2744589,0.3122417,0.2756233,0.3068884,0.2900426,0.2899375,0.2697572,0.2622068,0.2456182,0.254102,0.208031,0.2185041,0.2172219,0.2172726,0.1994763,0.2269126,0.2273921,0.2164948,0.1876104,0.1957295,0.1963908,0.1946676,0.1686735,0.178593,0.1882009,0.1796943,0.1487495,0.1660621,0.1703704,0.1748867,0.1508724,0.172426,0.1748588,0.1681464,0.132885,0.1499622,0.1409348,0.1539689
Swinhoe's White-eye,0.0,0.0,0.0,0.0,0.0,0.0,0.0,0.0,0.0,0.0,0.0015,0.0015,0.0,0.0,8.35e-05,6.32e-05,0.0,0.0015,8e-05,6.29e-05,0.0,0.0,0.0,0.0,0.0015,0.0,0.0015,0.0015,0.0001104,0.0,0.0,8.83e-05,0.0015,0.0,0.0001219,9.73e-05,0.0,0.0,0.0015,0.0,0.0,0.0,0.0015,0.0,0.0,0.0,0.0,0.0
Ruby-crowned Kinglet,0.234736,0.2303071,0.2517424,0.2489643,0.2216661,0.2063008,0.1741728,0.2538024,0.2624148,0.283676,0.3116017,0.3005714,0.2507695,0.2326427,0.1895501,0.1493273,0.0577756,0.0206931,0.0086435,0.0013202,8.06e-05,0.0,0.0001025,0.0001761,0.0005818,0.0002365,0.0015,0.0015,0.0002208,0.0001227,0.0003734,0.0035314,0.009131,0.0216001,0.0547294,0.1076609,0.1513715,0.2134437,0.2443167,0.2623753,0.2557726,0.2812832,0.300685,0.2986279,0.275056,0.2792747,0.2979695,0.278171
Golden-crowned Kinglet,0.2317893,0.2318091,0.2344009,0.2265018,0.2181143,0.189097,0.1587847,0.2244098,0.2188528,0.2113959,0.2293506,0.2076343,0.1785934,0.1651218,0.1645105,0.1550755,0.1365293,0.1259301,0.1167667,0.1261709,0.1181261,0.1219002,0.1162481,0.117616,0.1164663,0.129715,0.1342089,0.1344809,0.1320671,0.1425942,0.1459863,0.1505253,0.1671684,0.1929528,0.2359824,0.2634089,0.2693626,0.2890501,0.29553,0.3048051,0.2995507,0.2955537,0.295277,0.2890324,0.2781514,0.2641652,0.2841523,0.2655426
White-breasted Nuthatch,0.0,0.0,0.0,0.0,0.0,0.0,0.0,0.0,0.0,0.0,0.0,0.0,0.0,0.0,0.0,0.0,0.0,0.0,0.0,0.0,0.0,0.0,0.0,0.0,9.7e-05,0.0,0.0,0.0,0.0,0.0,0.0,0.0,0.0,0.0015,0.0,9.73e-05,0.0,0.0,0.0001277,9.07e-05,0.0001045,0.0015,0.0015,0.0,0.0001067,0.0001259,0.0,0.0
Pygmy Nuthatch,0.0,0.0,0.0,0.0,0.0,0.0,0.0,0.0,0.0003209,0.0003755,0.0002597,0.0,0.0002308,0.0,0.0,0.0,0.0,0.0,0.0,0.0,0.0,0.0,0.0,0.0,0.0,0.0,0.0,0.0,0.0,0.0,0.0,0.0,0.0,0.0015687,0.0,0.0,0.0,0.0,0.0,0.0,0.0,0.0,0.0,0.0,0.0,0.0,0.0,0.0
Red-breasted Nuthatch,0.1549387,0.1625501,0.1710919,0.1685655,0.1702454,0.210511,0.2310467,0.2075208,0.1966306,0.2092368,0.2257143,0.2225869,0.2079871,0.2313704,0.2207662,0.2234224,0.2071669,0.2011906,0.1726291,0.1883448,0.1852121,0.191714,0.2009226,0.2189453,0.2313809,0.2477238,0.256035,0.2827688,0.2805875,0.3061725,0.3193528,0.3237397,0.3287176,0.3166405,0.3138713,0.288718,0.2468737,0.2471095,0.2183908,0.2157752,0.180232,0.2047411,0.1951688,0.1911039,0.1740847,0.1920171,0.2086988,0.1892173
Brown Creeper,0.0973008,0.1005507,0.1152506,0.1093345,0.1096222,0.0992305,0.0901866,0.1376318,0.1403129,0.1378016,0.1552381,0.1453319,0.1298861,0.1314976,0.13054,0.1426315,0.1360479,0.1317412,0.1232493,0.1295027,0.1311885,0.1380341,0.1335725,0.1367198,0.1392552,0.1498167,0.1537211,0.154271,0.1521643,0.1536385,0.1537026,0.1549395,0.1636564,0.17087,0.1785714,0.1640222,0.1409843,0.1423713,0.1301405,0.1232094,0.1075123,0.1154617,0.1133277,0.1223209,0.1101505,0.1202468,0.1275982,0.1186511
Blue-gray Gnatcatcher,5.89e-05,0.0,0.0,0.0,0.0,0.0,0.0,0.0,0.0,0.0,0.0,0.0,0.0,0.0,0.0,0.0,0.0,0.0,0.0,0.0,0.0,0.0,0.0,0.0,0.0,0.0,0.0,0.0,0.0,0.0,0.0,0.0,0.0,0.0021721,0.0,0.0,0.0,0.0,0.0001277,0.0001813,0.0,0.0,0.0,8.97e-05,0.0015,0.0002518,0.0002403,0.0
Rock Wren,0.0004715,0.0004172,0.0,0.0,0.0,0.0,0.0,0.0,0.0,0.0,0.0,0.0,0.0,0.0,0.0,0.0,0.0,0.0,0.0,0.0003143,8.06e-05,0.000498,0.00041,0.0004402,0.0012607,0.0003547,0.0005003,0.0002761,0.0003313,0.0001227,0.0002489,0.0,0.0001003,0.0,0.0001219,9.73e-05,0.0030254,0.0030605,0.0015326,0.0031732,0.0011493,0.0007076,0.0001202,0.000269,0.0002135,0.0,0.0001201,6.94e-05
Canyon Wren,0.0,0.0,0.0,0.0,0.0,0.0,0.0,0.0,0.0,0.0,0.0,0.0,0.0,0.0,0.0,0.0,0.0,0.0,0.0,0.0,0.0,0.0,0.0,0.0,0.0,0.0,0.0,0.0,0.0,0.0,0.0002489,0.0,0.0,0.0,0.0,0.0,0.0001008,0.0,0.0,9.07e-05,0.0,0.0,0.0,0.0,0.0,0.0,0.0,0.0
Northern House Wren,0.0,0.0,0.0,0.0,0.0,0.0,0.0,0.0,0.0,0.0,0.0,0.0,7.69e-05,9.09e-05,8.35e-05,0.0010738,0.0009629,0.0040394,0.0047219,0.0045263,0.004596,0.0047804,0.0051256,0.002377,0.0029092,0.0042568,0.0025016,0.0010125,0.0006625,0.0007363,0.0007467,0.0015008,0.0007024,0.000362,0.0006095,0.0004867,0.0001008,0.0,0.0,0.0,0.0,0.0,0.0,0.0,0.0,0.0,0.0,0.0
Pacific Wren,0.1457449,0.1319259,0.1349983,0.1361989,0.1535357,0.1293554,0.1101404,0.1571335,0.1764942,0.1593917,0.1692641,0.1427182,0.1298861,0.1108688,0.0939821,0.0883709,0.0637595,0.055843,0.0464986,0.0535613,0.0449121,0.0464097,0.0514608,0.0510608,0.0512025,0.0462339,0.0393996,0.0295471,0.0245141,0.0212296,0.023771,0.0231306,0.0393337,0.0390974,0.0566797,0.0825465,0.125353,0.1352301,0.1591315,0.1699909,0.1925609,0.1947164,0.1863959,0.1795355,0.1952183,0.1701083,0.1797429,0.1611851
Winter Wren,0.0,0.0,0.0,0.0,0.0,0.0,0.0,0.0,0.0,0.0,0.0,0.0,0.0,0.0,0.0,0.0,0.0,0.0,0.0,0.0,0.0,0.0,0.0,0.0,0.0,0.0,0.0,0.0,0.0,0.0,0.0,0.0,0.0,0.0,0.0,9.73e-05,0.0,0.0,0.0,0.0,0.0,0.0,0.0,0.0,0.0,0.0,0.0,0.0
Marsh Wren,0.0411952,0.0403037,0.0480418,0.0484852,0.0403616,0.0423926,0.0392875,0.0716618,0.0717208,0.0831691,0.1019913,0.1157914,0.0976454,0.1269538,0.1329605,0.1375782,0.1156201,0.1279853,0.1208483,0.1346577,0.1169973,0.1231949,0.11143,0.1060833,0.0824282,0.0811162,0.0669168,0.050718,0.0396422,0.0458952,0.047542,0.0467909,0.0435481,0.0501991,0.0580205,0.0650248,0.056071,0.0630243,0.0702427,0.0718948,0.053286,0.0646303,0.0644153,0.060174,0.0432277,0.0455805,0.0434939,0.0426034
Bewick's Wren,0.2508251,0.2812917,0.2990375,0.3045702,0.3107039,0.3243322,0.2976721,0.3604554,0.3517048,0.3614944,0.3998268,0.4063944,0.3677285,0.4036714,0.3972123,0.4012381,0.3771236,0.3850188,0.3430172,0.3528007,0.3205935,0.3254656,0.3277294,0.3390263,0.3274825,0.3495329,0.3440901,0.3512518,0.3370141,0.3415143,0.3535781,0.3533151,0.3559101,0.3547725,0.373842,0.379928,0.348931,0.3386987,0.3266922,0.3155032,0.2789677,0.2990919,0.3010455,0.2914537,0.2730281,0.2868295,0.2890785,0.2954482
American Dipper,0.0036539,0.0032543,0.0061401,0.0053081,0.0042783,0.0038473,0.0034947,0.0048521,0.0028881,0.0039426,0.0033766,0.0028568,0.0024623,0.0030898,0.0032552,0.0029057,0.0025449,0.0039685,0.0046419,0.0043377,0.0042735,0.0047804,0.0082009,0.0057223,0.0059154,0.005794,0.0041276,0.0032216,0.0040857,0.0044177,0.0042315,0.0033548,0.0032109,0.0041028,0.0043881,0.0040884,0.004639,0.0035139,0.0058748,0.0036265,0.0034479,0.003892,0.0050475,0.0051116,0.0033088,0.0051624,0.0061276,0.0037469
European Starling,0.2127534,0.2398198,0.2339861,0.2442387,0.2202131,0.2334495,0.2065273,0.2502566,0.2302447,0.259739,0.2683983,0.2724289,0.2594645,0.2958015,0.3028963,0.317731,0.3142582,0.3466799,0.3191677,0.3226253,0.2665699,0.2761677,0.2743209,0.2579452,0.1885182,0.17453,0.1565979,0.1300626,0.1073322,0.1208737,0.1208463,0.1296018,0.1210114,0.1375649,0.164432,0.1831987,0.1681121,0.1873725,0.2074074,0.2101541,0.1912026,0.2238472,0.2193246,0.2099363,0.1878536,0.2284059,0.2237174,0.2280044
Gray Catbird,0.0,0.0,0.0,0.0,0.0,0.0,0.0,0.0,0.0,0.0,0.0,0.0,0.0,0.0,0.0,0.0,0.0,0.0,0.0,0.0,0.0003225,0.0030873,0.0013326,0.0002641,0.0002909,0.0007095,0.0,9.2e-05,0.0001104,0.0,0.0,0.0,0.0015,0.0,0.0,9.73e-05,0.0015,0.0,0.0,0.000272,0.0,0.0,0.0007211,0.0,0.0,0.0,0.0,0.0
Brown Thrasher,0.0,0.0,0.0,0.0,0.0,0.0,0.0,0.0,0.0,0.0,0.0,0.0,0.0,0.0,0.0,0.0,0.0,0.0,0.0,0.0,0.0,0.0015,0.0,0.0,0.0,0.0,0.0,0.0,0.0,0.0,0.0,0.0,0.0,0.0,0.0,0.0,0.0,0.0015,0.0,0.0,0.0,0.0,0.0,0.0,0.0,0.0,0.0,0.0
Sage Thrasher,0.0,0.0,0.0,0.0,0.0,0.0,0.0,0.0,0.0,0.0,0.0,0.0,0.0,0.0003635,0.006093,0.0031584,0.000619,0.0,0.0,6.29e-05,0.0010482,0.0,0.0,0.0,0.0,0.0,0.0,0.0,0.0,0.0,0.0,0.0,0.0,0.0,0.0,0.0,0.0,0.0,0.0,0.0,0.0,0.0,0.0,0.0,0.0,0.0,0.0,0.0
Long-tailed Mockingbird,0.0,0.0,0.0,0.0,0.0,0.0,0.0,0.0,0.0,0.0,0.0,0.0,0.0,0.0,0.0,0.0,0.0,0.0,0.0,0.0,0.0,0.0,0.0,0.0013205,0.0,0.0,0.0,0.0,0.0,0.0,0.0,0.0,0.0,0.0,0.0,0.0,0.0,0.0,0.0,0.0,0.0,0.0,0.0,0.0,0.0,0.0,0.0,0.0
Northern Mockingbird,0.0,0.0015,0.0011616,0.0007768,0.0006458,0.0002178,5.64e-05,0.0,0.0,0.0,0.0001732,6.08e-05,0.0,9.09e-05,0.0015,0.0,0.0002751,0.0004961,8e-05,0.000943,0.0003225,0.0,0.0,0.0,0.0012607,0.0,0.0,0.0,0.0015459,0.0,0.0,0.0,0.0,0.0,0.0002438,0.0003894,0.0015,0.0,0.0,0.0,0.0015,0.0,0.0,0.0015,0.0015,0.0015,0.0,0.0
Western Bluebird,0.0,0.0,0.0,0.0002589,0.0004036,0.0,0.0,0.0,0.0002407,0.0003755,0.0003463,0.0015804,0.0010003,0.000727,0.0008347,0.000379,0.0003439,0.0001417,0.0003201,0.0001257,0.0002419,0.0003984,0.0021527,0.0012325,0.0026183,0.0015372,0.0017511,0.0008284,0.0003313,0.0002454,0.0003734,8.83e-05,0.0,0.0001207,0.0,9.73e-05,0.0,0.0,0.0,0.000272,0.000209,0.0,0.0,8.97e-05,0.0,0.0,0.0001201,0.0
Mountain Bluebird,0.0,8.34e-05,0.0,0.0,0.0,0.0,5.64e-05,0.0,0.0004011,0.0002816,0.0021645,0.0040725,0.0018467,0.0058161,0.001252,0.0013897,0.0002751,0.0,0.0003201,0.0001257,8.06e-05,0.000498,0.0014352,0.0011445,0.0035881,0.0029561,0.0021263,0.0016568,0.000773,0.0003681,0.0011201,0.0002649,0.0010034,0.0009654,0.0006095,0.0007787,0.0007059,0.0001134,0.0,9.07e-05,0.0,0.0001179,0.0,0.0003587,0.0001067,0.0,0.0003604,0.0003469
Townsend's Solitaire,0.0010608,0.0015854,0.0007468,0.0012299,0.0015337,0.0016696,0.0026492,0.0047588,0.0027276,0.000751,0.001039,0.000547,0.0015389,0.0042712,0.0060095,0.0042322,0.0035078,0.0022677,0.0013605,0.0008173,0.0007257,0.0013943,0.0020502,0.002465,0.0042669,0.0029561,0.0037523,0.0027614,0.0012147,0.0004909,0.0007467,0.0015008,0.0022075,0.0036201,0.0028035,0.0020442,0.001311,0.0022671,0.0002554,0.0006346,0.0003134,0.0016511,0.0006009,0.0008968,0.0013876,0.0012591,0.0014418,0.0013183
Varied Thrush,0.0866337,0.0902036,0.091852,0.0862895,0.0914595,0.1236208,0.1426639,0.1294205,0.1275572,0.136018,0.1324675,0.0881352,0.0687135,0.0514358,0.0469911,0.0290569,0.0148566,0.0084331,0.0068828,0.0094927,0.0065312,0.0080669,0.0120964,0.0159345,0.019007,0.0165543,0.0141338,0.0090206,0.0050795,0.0030679,0.0038581,0.00309,0.003813,0.0065162,0.0285227,0.0573348,0.0790641,0.0870551,0.0876117,0.0836809,0.0847351,0.0820852,0.0771542,0.0790064,0.097876,0.0935533,0.1139012,0.1103941
Veery,0.0,0.0,0.0,0.0,0.0,0.0,0.0,0.0,0.0,0.0,0.0,0.0,0.0,0.0,0.0,0.0,0.0,0.0,0.0,0.0,0.0015,0.0,0.0,0.0,0.0,0.0,0.0,0.0,0.0,0.0,0.0,0.0,0.0,0.0,0.0,0.0,0.0,0.0,0.0,0.0,0.0,0.0,0.0,0.0,0.0,0.0,0.0,0.0
Swainson's Thrush,0.0,0.0,0.0,0.0,0.0,0.0,0.0,0.0,0.0,0.0,0.0,0.0,0.0,0.0,0.0,0.0005685,0.0086663,0.0535044,0.1222089,0.1929968,0.2103693,0.2251768,0.226243,0.2061801,0.2207137,0.1934492,0.1618512,0.0962813,0.0496908,0.0407412,0.0403236,0.0602101,0.0676299,0.0523712,0.04059,0.0185924,0.0061517,0.0005668,0.0003831,9.07e-05,0.0,0.0,0.0,0.0,0.0,0.0,0.0,0.0
Hermit Thrush,0.0139675,0.015771,0.0146034,0.010681,0.0096061,0.0126307,0.0096387,0.01297,0.0097072,0.0128602,0.0116883,0.0165329,0.0149277,0.0218103,0.0453218,0.0639252,0.0323956,0.0118347,0.0046419,0.0076067,0.004596,0.0065731,0.009021,0.0137336,0.0185221,0.0191557,0.0151345,0.0088365,0.0033127,0.0013499,0.0029869,0.002472,0.0067229,0.0147219,0.0294978,0.0300788,0.031666,0.0375198,0.034355,0.0282865,0.0242399,0.0261823,0.0261988,0.0209847,0.0196392,0.0219088,0.0237895,0.0223425
American Robin,0.4330504,0.459279,0.471623,0.4799327,0.4978205,0.4819251,0.454033,0.5795465,0.61428,0.6181357,0.6487446,0.6521396,0.6576639,0.67012,0.6825808,0.7153686,0.7226082,0.7155411,0.6760304,0.7088703,0.6881955,0.6849915,0.684777,0.6630865,0.6154965,0.5527965,0.5099437,0.4440353,0.3570009,0.3116947,0.2911014,0.2614108,0.2582781,0.2871968,0.3191126,0.4062105,0.4521985,0.4843573,0.4881226,0.4551224,0.4326612,0.4343673,0.4399712,0.4283921,0.4130644,0.4425837,0.4510393,0.4673189
Red-flanked Bluetail,0.0,0.0,0.0,0.0,0.0,0.0,0.0,0.0,0.0,0.0,0.0038095,0.0135546,0.0,0.0,0.0,0.0,0.0,0.0,0.0,0.0,0.0,0.0,0.0,0.0,0.0,0.0,0.0,0.0,0.0,0.0,0.0,0.0,0.0,0.0,0.0,0.0,0.0,0.0,0.0,0.0,0.0,0.0,0.0,0.0,0.0,0.0,0.0,0.0
Northern Wheatear,0.0,0.0,0.0,0.0,0.0,0.0,0.0,0.0,0.0,0.0,0.0,0.0,0.0,0.0,0.0,0.0,0.0,0.0,0.0,0.0,0.0,0.0,0.0,0.0,0.0,0.0,0.0,0.0,0.0,0.0,0.0,0.0,0.0,0.0,0.0,0.0,0.0,0.0,0.0030651,0.0,0.0,0.0,0.0,0.0,0.0,0.0,0.0,0.0
Bohemian Waxwing,0.0029467,0.0027537,0.0077995,0.0036251,0.0001614,0.0005807,0.0005073,0.0002799,0.0005616,0.0002816,0.0,0.0001216,0.0,9.09e-05,0.0,0.0,0.0,0.0,0.0,0.0,0.0,0.0,0.0,0.0,0.0,0.0,0.0,0.0,0.0,0.0,0.0,0.0,0.0,0.0,0.0015,0.0,0.0,0.0,0.0001277,9.07e-05,0.0,0.0002359,0.0002404,0.0011658,0.001601,0.0002518,0.0007209,0.0015959
Cedar Waxwing,0.0266384,0.0335447,0.0358447,0.0279648,0.0242977,0.020543,0.0173609,0.0209014,0.0210991,0.0194311,0.0174026,0.0199368,0.0160819,0.0144493,0.0156915,0.0203398,0.0314327,0.0705832,0.1536615,0.2866662,0.2768102,0.2796534,0.2766786,0.2619069,0.2467998,0.2543455,0.2514071,0.2453056,0.214333,0.2262854,0.2216553,0.2151496,0.1813165,0.1637505,0.1608971,0.1539959,0.1328157,0.1449785,0.1530013,0.1184044,0.0695852,0.0680505,0.0435044,0.0394583,0.033835,0.0314782,0.0288358,0.0283791
Phainopepla,0.0,0.0,0.0,0.0,0.0,0.0,0.0,0.0,0.0,0.0,0.0,0.0,0.0,0.0,0.0,0.0,0.0,0.0,0.0,0.0,0.0,0.0,0.0,0.0,0.0,0.0,0.0,0.0,0.0,0.0,0.0,0.0,0.0,0.0,0.0,0.0015,0.0,0.0,0.0,0.0,0.0,0.0,0.0,0.0,0.0,0.0,0.0,0.0
Northern Red Bishop,0.0,0.0,0.0,0.0,0.0,0.0,0.0,0.0,0.0,0.0,0.0,0.0,0.0,0.0,0.0,0.0,0.0,0.0,0.0,0.0,0.0,0.0,0.0001025,0.0,0.0,0.0,0.0,0.0,0.0,0.0,0.0,0.0,0.0,0.0,0.0,0.0,0.0,0.0,0.0,0.0,0.0,0.0,0.0,0.0,0.0,0.0,0.0,0.0
Zebra Finch,0.0,0.0,0.0,0.0,0.0,0.0,0.0,0.0,0.0,0.0,0.0,0.0,0.0,0.0,0.0,0.0,0.0,0.0,0.0,0.0,0.0,0.0,0.0,0.0,0.0,0.0,0.0,0.0,0.0,0.0,0.0001245,0.0,0.0,0.0,0.0,0.0,0.0,0.0,0.0,0.0,0.0,0.0,0.0,0.0,0.0,0.0,0.0,0.0
Black-and-white Mannikin,0.0,0.0,0.0,0.0,0.0,0.0,0.0,0.0,0.0,0.0,0.0,0.0,0.0,0.0,0.0,0.0,0.0,0.0,0.0,0.0,0.0,0.0,0.0,0.0,0.0,0.0,0.0,0.0,0.0,0.0,0.0,0.0008828,0.0001003,0.0002413,0.0002438,9.73e-05,0.0002017,0.0001134,0.0,0.0,0.0,0.0,0.0,0.0,0.0,0.0,0.0,0.0
Pin-tailed Whydah,0.0,0.0,0.0,0.0,0.0,0.0,0.0,0.0,0.0,0.0,0.0,0.0,0.0,0.0,0.0,0.0,0.0,0.0,0.0,0.0,0.0,0.0,0.0,0.0,0.0,0.0,0.0,0.0,0.0,0.0001227,0.0,0.0,0.0,0.0,0.0,0.0,0.0,0.0,0.0,0.0,0.0,0.0,0.0,0.0,0.0,0.0,0.0,0.0
House Sparrow,0.0888142,0.0862817,0.0895287,0.0908856,0.0829028,0.1008275,0.1097458,0.110572,0.0916165,0.1068244,0.1033766,0.1083151,0.108418,0.1125954,0.1277022,0.1301244,0.1261435,0.1320247,0.1268507,0.1315773,0.1174811,0.1225974,0.1307022,0.1456114,0.1217029,0.1384652,0.1297061,0.1215022,0.098167,0.1076206,0.1028002,0.0881963,0.0744531,0.067093,0.0697221,0.0710601,0.0694837,0.078667,0.0840358,0.0861287,0.0719883,0.0849157,0.0838841,0.0870774,0.0767424,0.0990934,0.0916737,0.0967943
White Wagtail,0.0,0.0,0.0,0.0062144,0.0,0.0,0.0,0.0,0.0,0.0,0.0,0.0,0.0,0.0,0.0,0.0,0.0,0.0,0.0,0.0,0.0,0.0,0.0,0.0,0.0,0.0,0.0,0.0,0.0,0.0,0.0,0.0,0.0,0.0,0.0,0.0,0.0,0.0,0.0001277,0.0,0.0,0.0015,0.0,0.0,0.0,0.0,0.0,0.0
American Pipit,0.0041254,0.0017523,0.0018254,0.0022009,0.0006458,0.0018148,0.0012401,0.0011197,0.0008825,0.0010326,0.0007792,0.0012157,0.0036934,0.0165394,0.030131,0.0281094,0.0173327,0.0101339,0.0044818,0.0015716,0.0,0.0,0.0015,8.8e-05,0.0004849,0.000473,0.0003752,0.0004602,0.0,0.000859,0.0007467,0.0036197,0.0197672,0.0452516,0.0549732,0.045751,0.0366075,0.0326457,0.0288633,0.0203989,0.0123289,0.0117938,0.0084125,0.0042149,0.0027751,0.0022664,0.003244,0.0068693
Brambling,0.0,0.0,0.0015,6.47e-05,0.001453,0.0002178,0.0001127,0.0023327,0.0016045,0.0006571,0.0004329,0.0004863,0.0004617,0.0,0.0,0.0,0.0,0.0,0.0032813,0.0,0.0,0.0,0.0,0.0,0.0,0.0,0.0,0.0,0.0,0.0,0.0,0.0,0.0,0.0,0.0,0.0,0.0,0.0,0.0,0.0,0.0,0.0,0.0,0.0015,0.0,0.0,0.0,0.0
Evening Grosbeak,0.0025931,0.0015854,0.0019084,0.0020715,0.0020988,0.0037747,0.0041148,0.002706,0.0021661,0.0023468,0.0024242,0.0032823,0.0040782,0.0069066,0.0080962,0.0134546,0.0213907,0.0307561,0.0356142,0.0308669,0.010966,0.007071,0.0113788,0.0095959,0.0116369,0.0093414,0.0100063,0.0065353,0.0077297,0.0069947,0.0129434,0.0207469,0.0245836,0.019428,0.0175524,0.0164509,0.0154296,0.0151893,0.0149425,0.0096102,0.0070003,0.0049534,0.0052878,0.0037665,0.0038425,0.0027701,0.0038448,0.003053
Pine Grosbeak,0.0001768,0.0001669,0.0015,0.0001295,0.0003229,0.0,0.0001691,0.0003732,8.02e-05,9.39e-05,8.66e-05,0.0002431,0.0030009,0.0,8.35e-05,0.0,0.0,0.0,0.0015,6.29e-05,0.0001613,9.96e-05,0.0008201,0.0007043,0.0006788,0.0003547,0.0007505,0.0003682,0.0002208,0.0001227,0.0001245,0.0002649,0.000301,0.0001207,0.0,9.73e-05,0.0,0.0001134,0.0,0.0003626,0.0010448,0.0005897,0.0006009,8.97e-05,0.0,0.0012591,0.0026433,0.0002775
Gray-crowned Rosy-Finch,5.89e-05,0.0,0.0,0.0,0.0,0.0,0.0015,0.0,0.0,0.0,0.0,6.08e-05,0.0,0.0,0.0,0.0,0.0,0.0,0.0,0.0,0.0,0.0015,0.0015,8.8e-05,0.0002909,0.000473,0.0001251,0.0005523,0.0003313,0.0004909,0.0004978,8.83e-05,0.0001003,0.0001207,0.0,9.73e-05,0.0002017,0.0003401,0.0,9.07e-05,0.0001045,0.0002359,0.0037255,0.0,0.0015,0.0,0.0,0.0
House Finch,0.2613744,0.2970628,0.2959675,0.300492,0.2853568,0.3170006,0.3130601,0.340767,0.3213799,0.3572703,0.3890043,0.3924143,0.371422,0.4076699,0.421918,0.4388226,0.4024348,0.4285309,0.3981593,0.4159804,0.384696,0.4111144,0.4202973,0.426446,0.3807215,0.4171692,0.4107567,0.4234168,0.3624117,0.3967358,0.3905414,0.3705306,0.3100542,0.3393267,0.3700634,0.3866446,0.348931,0.3900476,0.3652618,0.3660018,0.3138648,0.3578252,0.3539238,0.3312707,0.292774,0.3354319,0.321759,0.3094643
Purple Finch,0.0239274,0.0238652,0.0243113,0.022333,0.0213917,0.0267857,0.0269996,0.0338714,0.0399519,0.0505961,0.0692641,0.0898979,0.0960295,0.1122319,0.1292046,0.1459162,0.1277942,0.1222451,0.1115646,0.1156095,0.1027254,0.1193108,0.1279344,0.1196408,0.1075446,0.0938867,0.0722952,0.0528351,0.0376546,0.0393913,0.0408214,0.044672,0.0454545,0.0567153,0.0685032,0.0610338,0.0470956,0.0493085,0.0399745,0.0371714,0.0308223,0.0372685,0.0329287,0.0337189,0.0311666,0.0373961,0.033041,0.0337219
Cassin's Finch,5.89e-05,0.0,0.0,0.0001295,0.0,0.0,0.0001691,0.0005599,0.0001604,9.39e-05,0.0,0.0006686,0.0006156,0.0,0.0,0.0,0.0,0.0002835,0.0002401,6.29e-05,0.0002419,0.0003984,0.0009226,0.0011445,0.0025213,0.0020102,0.0013759,0.0007364,0.0008834,0.0003681,0.001369,0.000618,0.0011038,0.0014481,0.0001219,0.0001947,0.0005042,0.0,0.0,0.0015,0.0001045,0.0,0.0,0.0,0.0,0.0,0.0,0.0
Redpoll,0.0086044,0.0110981,0.0102887,0.0055671,0.0058121,0.0047909,0.0031002,0.0040123,0.0029683,0.00291,0.001039,0.000547,0.0,0.0,0.0,0.0,0.0,0.0,0.0,6.29e-05,0.0,0.0,0.0,0.0,0.0,0.0,0.0,0.0,0.0,0.0,0.0,0.0,0.0,0.0,0.0,0.0,0.0,0.0,0.0,0.0003626,0.0007314,0.0003538,0.0001202,0.0010761,0.0037357,0.0039033,0.0021627,0.0047877
Red Crossbill,0.0071311,0.0070093,0.0055592,0.0068617,0.0068615,0.0057346,0.005693,0.0067183,0.0081829,0.009387,0.0083983,0.0099684,0.0081564,0.0091785,0.017027,0.0183185,0.0176078,0.0194883,0.0172869,0.0206199,0.016449,0.0137437,0.0124039,0.0141738,0.0146431,0.0144259,0.0158849,0.0150957,0.0117049,0.0141122,0.0121966,0.0119184,0.0115392,0.0086883,0.0071916,0.0072033,0.0055466,0.0064611,0.0117497,0.0074343,0.0084631,0.0102606,0.0052878,0.0070846,0.0109937,0.0075548,0.0067283,0.0098529
White-winged Crossbill,0.0002357,0.000751,0.0001659,0.0003884,0.0004843,0.0001452,0.0001691,0.0006532,0.0002407,0.0001877,8.66e-05,0.0001216,0.0,9.09e-05,0.0,6.32e-05,0.0,0.0,0.0,0.0,0.0,0.0,0.0,0.0,0.0,0.0015,0.0001251,9.2e-05,0.0,0.0,0.0,0.0015,0.0,0.0,0.0,0.0,0.0,0.0,0.0015,0.0,0.0004179,0.0001179,0.0,8.97e-05,0.0005337,0.0003777,0.0004806,0.0005551
European Goldfinch,0.0,0.0,0.0,0.0,0.0,0.0,0.0,9.33e-05,0.0,0.0,0.0,0.0,0.0,0.0,0.0,0.0,0.0001376,0.0,8e-05,0.0,0.0,0.0,0.0,0.0,0.0,0.0,0.0,0.0,0.0,0.0,0.0,0.0,0.0001003,0.0,0.0,0.0,0.0,0.0,0.0,0.0,0.0,0.0,0.0,0.0,0.0,0.0,0.0,0.0
Pine Siskin,0.1335455,0.136265,0.116993,0.1115355,0.1200355,0.1387195,0.1290795,0.1489223,0.163578,0.1935605,0.2154978,0.2366885,0.2517698,0.2796256,0.2761038,0.2521635,0.2220235,0.2001984,0.1471789,0.1221475,0.0868408,0.0726023,0.0681702,0.0567832,0.0576028,0.0586496,0.0557849,0.0539396,0.0535557,0.0520309,0.0436839,0.0437009,0.0353201,0.0364426,0.0394929,0.0409812,0.0490117,0.0612106,0.0891443,0.1095195,0.1164978,0.1346857,0.1591155,0.1793561,0.1678941,0.1747671,0.1774601,0.1654871
Lesser Goldfinch,0.0014144,0.0020861,0.0010787,0.0022009,0.001453,0.0002904,0.0008455,0.0006532,0.0012836,0.0009387,0.0001732,0.0006078,0.0002308,9.09e-05,0.0004173,0.0005685,0.0017195,0.0004961,0.0005602,0.0007544,0.0009676,0.0013943,0.0012301,0.0004402,0.0005818,0.0003547,0.0015,9.2e-05,0.0004417,0.0011044,0.0002489,8.83e-05,0.000301,0.0002413,0.0004876,0.0005841,0.0004034,0.0009068,0.0001277,0.0003626,0.0004179,0.0015332,0.0031246,0.0015245,0.0004269,0.0010073,0.0007209,0.000902
American Goldfinch,0.0994224,0.1058077,0.0953369,0.0946401,0.0847594,0.0953107,0.0902993,0.1035738,0.1052547,0.115085,0.1460606,0.1712862,0.1841336,0.2081061,0.204407,0.2367507,0.2862645,0.2629155,0.2385754,0.2617715,0.2643122,0.2621253,0.2618145,0.2486134,0.2677463,0.2571834,0.2504065,0.2281848,0.2134496,0.2127868,0.2008712,0.2133839,0.1987758,0.1777483,0.1942955,0.1940037,0.1895926,0.1928134,0.1794381,0.1675431,0.1257967,0.1463616,0.1476986,0.1439333,0.1288291,0.1317049,0.1170251,0.1166389
Lapland Longspur,5.89e-05,0.0,0.0,0.0,0.0,0.0,0.0,0.0,0.0,0.0,0.0,0.0,0.0,9.09e-05,0.0020032,0.0,6.88e-05,7.09e-05,0.0,0.0001257,0.0,0.0,0.0,0.0,0.0,0.0,0.0,0.0,0.0,0.0,0.0,0.0,0.0005017,0.000724,0.0040224,0.0035043,0.0043364,0.0068012,0.0011494,0.000816,0.0044927,0.0005897,0.0001202,0.0015,0.0,0.0,0.0,0.0
Chestnut-collared Longspur,0.0,0.0,0.0,0.0,0.0,0.0,0.0,0.0,0.0,0.0,0.0,0.0,0.0,0.0,0.0,0.0,0.0,0.0,0.0,0.0,0.0,0.0,0.0,0.0,0.0,0.0,0.0,0.0,0.0,0.0,0.0,0.0,0.0,0.0,0.0,0.0,0.0,0.0,0.0,0.0,0.0,0.0,0.0,0.0,0.0001067,0.0001259,0.0,0.0
Smith's Longspur,0.0,0.0,0.0,0.0,0.0,0.0,0.0,0.0,0.0,0.0,0.0,0.0,0.0,0.0,0.0,0.0,0.0,0.0,0.0,0.0,0.0,0.0,0.0,0.0,0.0,0.0,0.0,0.0,0.0,0.0,0.0,0.0002649,0.0,0.0,0.0,0.0,0.0,0.0,0.0,0.0,0.0,0.0,0.0,0.0,0.0,0.0,0.0,0.0
Thick-billed Longspur,0.0,0.0,0.0,0.0,0.0,0.0,0.0,0.0,0.0,0.0,0.0,0.0,0.0,0.0,0.0,0.0,0.0,0.0,0.0,0.0,0.0,0.0015,0.0,0.0,0.0,0.0,0.0,0.0,0.0,0.0,0.0,0.0,0.0,0.0,0.0,0.0,0.0,0.0,0.0,0.0,0.0,0.0,0.0,0.0,0.0,0.0,0.0,0.0
Snow Bunting,0.0015,0.0,0.0015,0.0015,8.07e-05,0.0015,0.0,0.0,0.0,0.0,8.66e-05,6.08e-05,0.0,0.0,0.0,0.0,0.0,0.0,0.0,0.0,0.0,0.0,0.0,0.0,0.0,0.0,0.0,0.0,0.0,0.0,0.0,0.0,0.0,0.0,0.0001219,0.0,0.0,0.0015,0.0001277,0.0183137,0.005642,0.0022408,0.0,8.97e-05,0.0,0.0001259,0.0,0.0
Rustic Bunting,0.0001179,8.34e-05,8.3e-05,0.0001295,8.07e-05,0.0015,5.64e-05,0.0015,0.0015,9.39e-05,8.66e-05,0.0,0.0,0.0,0.0,0.0,0.0,0.0,0.0,0.0,0.0,0.0,0.0,0.0,0.0,0.0,0.0,0.0,0.0,0.0,0.0,0.0,0.0,0.0,0.0,0.0,0.0,0.0,0.0,0.0,0.0,0.0015,0.0,0.0,0.0015,0.0001259,0.0004806,6.94e-05
Grasshopper Sparrow,0.0,0.0,0.0,0.0,0.0,0.0,0.0,0.0,0.0,0.0,0.0,0.0,0.0,0.0,0.0047575,0.0023372,0.0,0.0001417,0.0001601,0.0,0.0,0.0,0.0,0.0,0.0,0.0,0.0,0.0,0.0,0.0,0.0,0.0,0.0,0.0,0.0,0.0,0.0,0.0,0.0,0.0,0.0,0.0,0.0,0.0,0.0,0.0,0.0,0.0
Chipping Sparrow,0.0,0.0015,8.3e-05,0.0,0.0,0.0,0.0,0.0,0.0,0.0,0.0,0.000851,0.0021545,0.0119048,0.0144395,0.0276041,0.0283376,0.0260789,0.0268107,0.0215628,0.0157233,0.0181257,0.0181445,0.0211286,0.0192009,0.0143077,0.0118824,0.0065353,0.0056316,0.0026997,0.0031114,0.0069745,0.0035119,0.0032581,0.0028035,0.0025309,0.0010085,0.0006801,0.0,0.0004533,0.0,0.0002359,0.0,0.0015,0.0001067,0.0,0.0001201,0.0
Clay-colored Sparrow,0.0,0.0015,8.3e-05,6.47e-05,8.07e-05,7.26e-05,5.64e-05,0.0015,0.0015,0.0,0.0,0.0,0.0,0.0,0.0,0.0,0.0,0.0,0.0,0.0,0.0,0.0,0.0,0.0,0.0,0.0,0.0,0.0,0.0,0.0,0.0,8.83e-05,0.0004014,0.0001207,0.0,0.0023362,0.0009076,0.0002267,0.0002554,0.0010879,0.000209,0.0083736,0.0028843,0.0,0.0,0.0,0.0,0.0
Brewer's Sparrow,0.0,0.0,0.0,0.0,0.0,0.0,0.0,0.0,0.0,0.0,0.0,0.0,7.69e-05,0.0005453,0.0043402,0.0027162,0.0003439,0.0007795,0.0004002,0.0,0.0004032,0.0002988,0.0,0.0,0.0003879,0.0001182,0.0006254,0.0001841,0.0003313,0.0001227,0.0001245,0.0,0.0,0.0001207,0.0001219,9.73e-05,0.0,0.0,0.0,0.0,0.0,0.0,0.0,0.0,0.0,0.0,0.0,0.0
Black-throated Sparrow,0.0,0.0,0.0,0.0,0.0,0.0,0.0,0.0,0.0,0.0,0.0,0.0,0.0,0.0,0.0,0.0,0.0,0.0,0.0004802,0.0015,0.0002419,0.0,0.0,0.0,0.0,0.0,0.0,0.0,0.0,0.0,0.0,0.0,0.0,0.0,0.0,0.0,0.0,0.0,0.0,0.0,0.0,0.0,0.0,0.0,0.0,0.0,0.0,0.0
Lark Sparrow,0.0015,0.0,0.0,0.0,0.0,0.0,0.0,0.0,0.0,0.0,0.0,0.0,0.0,0.0,0.0,0.0,0.0,0.0014882,0.0019208,0.0001886,0.0,0.0,0.0,0.0,0.0,0.0001182,0.0015,0.0,0.0,0.0015,0.0,0.0013243,0.0,0.0004827,0.0,0.0,0.0,0.0,0.0,0.0,0.0,0.0,0.0,0.0,0.0,0.0,0.0,0.0
American Tree Sparrow,0.0011198,0.0009179,0.0004978,0.0015536,0.0009687,0.0007259,0.0004509,0.0003732,0.0005616,9.39e-05,0.0,0.0007294,0.001462,0.0003635,0.0,0.0,0.0,0.0,0.0,0.0,0.0,0.0,0.0,0.0,0.0,0.0,0.0,0.0,0.0,0.0,0.0,0.0,0.0,0.0,0.0,0.0,0.0,0.0003401,0.0005109,0.0009066,0.0057465,0.0028305,0.0115371,0.0007174,0.0003202,0.0,0.0,0.0011796
Fox Sparrow,0.1129774,0.1125668,0.1021407,0.0990419,0.0884727,0.0953107,0.0852263,0.0976953,0.0880064,0.0958415,0.101645,0.0964624,0.0649431,0.0544348,0.0392288,0.021161,0.0083224,0.0035433,0.0005602,0.0005658,0.0007257,0.0009959,0.0022553,0.0038736,0.0047517,0.0031926,0.003252,0.0006443,0.0003313,0.0003681,0.0009956,0.000618,0.0114389,0.0212381,0.0538762,0.0831305,0.0940904,0.1134663,0.1155811,0.1248413,0.1132588,0.130204,0.1289508,0.1310196,0.1248799,0.1288089,0.13709,0.1387732
Dark-eyed Junco,0.4661716,0.4972463,0.4928643,0.500971,0.4789312,0.6056911,0.6622513,0.6465429,0.6122744,0.6553084,0.6538528,0.6411379,0.5744845,0.6076881,0.5820883,0.5911187,0.5424032,0.5804691,0.5512605,0.573081,0.5162877,0.5575142,0.5698616,0.5645743,0.5008728,0.5167317,0.4789243,0.4202872,0.3271864,0.3312063,0.3463597,0.3510197,0.341461,0.4160734,0.4556314,0.481943,0.4580476,0.5388801,0.5236271,0.5462375,0.5036046,0.5594999,0.564836,0.5557349,0.4815882,0.5576681,0.5541271,0.5390647
White-crowned Sparrow,0.0621759,0.0633344,0.0576668,0.0654454,0.0494834,0.0526278,0.0536046,0.05244,0.056799,0.0673989,0.085974,0.1430221,0.2020622,0.2649945,0.3202571,0.3381972,0.2883967,0.2444901,0.2103241,0.2221035,0.2197226,0.2240813,0.2372117,0.2322388,0.2113072,0.1980608,0.1767355,0.1427651,0.1134055,0.1094613,0.1127567,0.1359583,0.1322496,0.1544588,0.1855193,0.1741458,0.1276724,0.1335298,0.1157088,0.1049864,0.0818096,0.0934072,0.0942194,0.0756883,0.0622265,0.0690003,0.0665625,0.0684152
Golden-crowned Sparrow,0.1660773,0.1683912,0.1641221,0.1705075,0.1379561,0.1521487,0.1466659,0.156387,0.1436021,0.1594856,0.1541991,0.1695235,0.1472761,0.1806616,0.1851265,0.1660034,0.1214664,0.0712919,0.0180072,0.0037719,0.0005644,0.0003984,0.0,0.0,0.0,0.0,0.0001251,0.0,0.0,0.0,0.0001245,8.83e-05,0.0116396,0.0433209,0.1159191,0.1660664,0.1674062,0.2104965,0.2020434,0.2077063,0.179814,0.2216063,0.2106718,0.2004305,0.1804888,0.2003274,0.1901958,0.1921316
Harris's Sparrow,0.0031825,0.0031709,0.0013276,0.0038193,0.0026639,0.0024681,0.00062,0.0002799,8.02e-05,0.0001877,0.0004329,0.0021882,0.0001539,0.0008179,8.35e-05,0.0005685,0.0004127,0.0001417,0.0,0.0,0.0,0.0,0.0,0.0,0.0,0.0,0.0,0.0,0.0,0.0,0.0,0.0,0.0,0.0,0.0,0.0,0.0015,0.0,0.000894,9.07e-05,0.0015672,0.0036561,0.0026439,0.0012555,0.0028818,0.0003777,0.0,0.0026367
White-throated Sparrow,0.0136139,0.012767,0.0146034,0.0132056,0.0140459,0.0129936,0.0111042,0.0130634,0.0100281,0.0109828,0.0109957,0.0104547,0.0100031,0.0097237,0.0126033,0.0073274,0.0045395,0.0043937,0.0013605,0.0005029,0.0,0.0,0.0,0.0,0.0,0.0,0.0,0.0,0.0,0.0,0.0,0.0,0.000602,0.0038615,0.0051195,0.0116811,0.0153288,0.0225572,0.0240102,0.025476,0.0195382,0.0241774,0.0218724,0.0201776,0.0132351,0.0175019,0.0192238,0.0203303
Sagebrush Sparrow,0.0,0.0,0.0,0.0,0.0,0.0,0.0015,9.33e-05,0.0,0.0,0.0,0.0002431,0.0002308,0.0,0.0,0.0,0.0,0.0,0.0,0.0,0.0,0.0,0.0,0.0,0.0,0.0,0.0,0.0,0.0,0.0,0.0,0.0,0.0,0.0,0.0,0.0,0.0,0.0,0.0,0.0,0.0,0.0,0.0,0.0,0.0,0.0,0.0,0.0
Vesper Sparrow,0.0,0.0,0.0,0.0,0.0,0.0,0.0,0.0,0.0,0.0,0.0,6.08e-05,0.0,0.0,0.0001669,0.0024635,0.0013068,7.09e-05,8e-05,0.0001257,0.0,0.0,0.0,0.0,0.0,0.0001182,0.0005003,0.0,0.0,0.0015,0.0003734,0.0007946,0.0010034,0.0006034,0.0007314,0.0013628,0.0010085,0.0,0.0,0.0,0.0,0.0,0.0,0.0,0.0,0.0,0.0,0.0
LeConte's Sparrow,0.0,0.0,0.0,0.0,0.0,0.0,0.0,0.0,0.0,0.0,0.0,0.0,0.0,0.0,0.0,0.0,0.0,0.0,0.0,0.0,0.0,0.0,0.0,0.0,0.0,0.0,0.0,0.0,0.0,0.0,0.0,0.0011477,0.0,0.0,0.0,0.0,0.0,0.0,0.0,0.0,0.0,0.0,0.0,0.0,0.0,0.0,0.0,0.0
Savannah Sparrow,0.0025931,0.0020861,0.0021573,0.0028483,0.0035518,0.0023955,0.002762,0.0023327,0.0016847,0.0046935,0.0139394,0.0478361,0.0876424,0.1394947,0.1808697,0.1872276,0.165142,0.1737651,0.1332533,0.1517571,0.1415094,0.1400259,0.1408508,0.117704,0.0997867,0.0834811,0.0760475,0.0629602,0.0548807,0.0519082,0.0531425,0.0765428,0.0976319,0.1269458,0.1615066,0.1385184,0.0973175,0.1028112,0.0696041,0.0358114,0.0150454,0.0158038,0.0098546,0.0040355,0.0027751,0.0023923,0.0026433,0.0060366
Song Sparrow,0.5095474,0.5382176,0.5487056,0.5538581,0.5518243,0.5381823,0.4981117,0.5865447,0.5979142,0.5993617,0.6302165,0.6374909,0.6165743,0.6140494,0.6032885,0.6086792,0.6131096,0.6042803,0.5688675,0.6055824,0.5953072,0.5813166,0.5815479,0.5684479,0.5697246,0.5218162,0.475172,0.419827,0.3804108,0.3755062,0.3683883,0.410965,0.4442103,0.4612043,0.520234,0.5336319,0.5508269,0.55781,0.5485313,0.5613781,0.5239787,0.5451115,0.550655,0.5609362,0.5295122,0.5542684,0.5759942,0.5615459
Lincoln's Sparrow,0.02876,0.0293725,0.028626,0.0275764,0.01897,0.0175668,0.0121188,0.0164225,0.0146009,0.0163334,0.0187013,0.0189035,0.0190058,0.0312614,0.0503297,0.0544501,0.0294381,0.0093544,0.0030412,0.0011316,0.0004032,0.0007967,0.0014352,0.0022009,0.0026183,0.0017737,0.0025016,0.0014728,0.0013251,0.0006136,0.0026136,0.0123598,0.0292996,0.0493544,0.0599707,0.0556799,0.0440702,0.0446611,0.0418902,0.0441523,0.0362554,0.0442269,0.046629,0.0479778,0.0378909,0.033241,0.0297969,0.0346933
Swamp Sparrow,0.0017091,0.0019192,0.0026552,0.0038193,0.0005651,0.0013066,0.0003382,0.0005599,0.0005616,0.0004694,0.0005195,0.000547,0.0003078,0.0009088,0.0003339,0.000379,6.88e-05,0.0,0.0,0.0,0.0,0.0,0.0,0.0,0.0,0.0,0.0,0.0,0.0,0.0,0.0,0.0,0.0,0.0,0.0,0.0,0.0001008,0.0004534,0.0019157,0.0019039,0.0033434,0.0034202,0.008773,0.0052013,0.0018145,0.0021405,0.0013216,0.0009714
Green-tailed Towhee,0.0,0.0,0.0,0.0,0.0,0.0,0.0,0.0,0.0,0.0,0.0,0.0,0.0,0.0,0.0,0.0,0.0,0.0,0.0,0.0,0.0002419,0.0,0.0,0.0,0.0,0.0,0.0,0.0,0.0,0.0,0.0,0.0,0.0,0.0,0.0,0.0,0.0001008,0.0,0.0001277,9.07e-05,0.0,0.0,0.0,0.0,0.0,0.0,0.0,0.0
Spotted Towhee,0.3382838,0.3563919,0.3615997,0.3531849,0.3489667,0.4255952,0.4306973,0.4562844,0.4408343,0.4473857,0.4630303,0.4561755,0.4208987,0.4556525,0.4681579,0.4820289,0.4714905,0.4851534,0.4663465,0.4921733,0.4896791,0.4988547,0.4928754,0.4883352,0.5009697,0.4732175,0.456035,0.4173417,0.3515901,0.3243343,0.3080274,0.2951355,0.3086494,0.3412574,0.3977328,0.4192544,0.403691,0.4236001,0.3931034,0.4080689,0.3768676,0.4212761,0.4165365,0.4067797,0.3730387,0.3987661,0.4109095,0.4062587
Yellow-breasted Chat,0.0,0.0,0.0,0.0,0.0,0.0,0.0,0.0,0.0,0.0,0.0,0.0,0.0,0.0,0.0,0.0,0.0,0.0008504,0.0009604,0.000943,0.0024996,0.0027886,0.004203,0.0030813,0.0006788,0.0013007,0.0002502,0.0002761,0.0,0.0,0.0001245,0.0001766,0.0,0.0015,0.0,0.0,0.0,0.0,0.0,0.0,0.0,0.0,0.0,0.0,0.0,0.0,0.0,0.0
Yellow-headed Blackbird,0.0,8.34e-05,0.0004978,0.0001295,8.07e-05,0.0005807,0.0004509,0.0007465,0.0001604,0.0005632,0.0004329,0.0001823,0.0,0.0003635,0.0018362,0.0036005,0.0039893,0.005315,0.0046419,0.007921,0.0022577,0.0016931,0.0003075,0.0004402,0.0001939,0.0002365,0.0002502,0.0002761,0.0009938,0.0004909,0.0016179,0.0011477,0.0017058,0.0006034,0.0002438,0.0001947,0.0,0.0001134,0.0001277,0.000272,0.0003134,0.0004718,0.0015,8.97e-05,0.0,0.0003777,0.0,0.0
Bobolink,0.0,0.0,0.0,0.0,0.0,0.0,0.0,0.0,0.0,0.0,0.0,0.0,0.0,0.0,0.0,0.0,0.0,0.0,0.0,0.0,0.0,0.0,0.0,0.0,0.0,0.0,0.0,0.0,0.0,0.0,0.0,0.0,0.0015,0.0,0.0,0.0,0.0015,0.0,0.0,9.07e-05,0.0,0.0,0.0,0.0,0.0,0.0,0.0,0.0
Western Meadowlark,0.0094295,0.0062583,0.0083804,0.0091274,0.0064579,0.0064605,0.007384,0.0110105,0.0100281,0.0156763,0.017316,0.014284,0.0063866,0.0083606,0.0061764,0.005306,0.0019259,0.0022677,0.0016807,0.0017602,0.0016126,0.0008963,0.0006151,0.0004402,0.0006788,0.0003547,0.0007505,9.2e-05,0.0002208,0.0002454,0.0015,0.0002649,0.0001003,0.0020514,0.0042662,0.0096369,0.0126059,0.0157561,0.0128991,0.0165911,0.0097169,0.0127374,0.0116573,0.0099543,0.0083253,0.0094435,0.0076895,0.0074938
Hooded Oriole,0.0,0.0,0.0,0.0,0.0,0.0,0.0,0.0,0.0,0.0,0.0,0.0,0.0,0.0,0.0,0.0,0.0,0.0,0.0,0.0003772,8.06e-05,0.0015,0.0015,0.0003521,0.0002909,0.0001182,0.0001251,0.0,0.0,0.0,0.0,0.0,0.0,0.0,0.0,0.0,0.0,0.0,0.0,0.0,0.0,0.0,0.0,0.0,0.0,0.0,0.0,0.0
Bullock's Oriole,0.0,0.0,0.0,0.0,0.0,0.0,0.0,0.0,0.0,0.0,0.0,0.0,0.0,0.0,0.0003339,0.0018318,0.0143063,0.0251577,0.0296118,0.0393537,0.0345912,0.0343591,0.035264,0.0284356,0.0187161,0.0157266,0.0136335,0.0086524,0.0038648,0.0026997,0.0008712,0.0003531,0.0001003,0.0,0.0,0.0,0.0,0.0,0.0,0.0,0.0,0.0,0.0,0.0,0.0,0.0,0.0,0.0001388
Baltimore Oriole,0.0,0.0,0.0,0.0,0.0,0.0,0.0,0.0,8.02e-05,0.0,0.0,0.0,0.0,0.0,0.0,0.0,6.88e-05,0.0,0.0,0.0,0.0005644,0.0002988,0.0,0.0,0.0,0.0,0.0,0.0,0.0,0.0,0.0,0.0,0.0,0.0,0.0,0.0,0.0,0.0,0.0,0.0,0.0,0.0,0.0,0.0,0.0,0.0,0.0,0.0
Red-winged Blackbird,0.1328972,0.1623832,0.1896781,0.2125842,0.1775105,0.1835801,0.171129,0.2288887,0.2254312,0.2596452,0.265974,0.286105,0.2560018,0.3002545,0.3080711,0.3148885,0.283307,0.3036638,0.2830732,0.2986735,0.2520561,0.2670053,0.2428498,0.2213223,0.1791117,0.1737023,0.1444653,0.1066826,0.063273,0.0668794,0.0596142,0.0611812,0.0580975,0.07554,0.104705,0.1426068,0.1264623,0.1469055,0.1498084,0.1403445,0.1064675,0.1126312,0.1086408,0.1079724,0.0848543,0.1111811,0.1176259,0.1277408
Brown-headed Cowbird,0.004538,0.0050067,0.0029871,0.0062144,0.0025831,0.0018873,0.002311,0.0019595,0.0021661,0.0028161,0.00329,0.0057744,0.0119267,0.034442,0.0863033,0.1370097,0.1719513,0.187159,0.1847139,0.1941912,0.1745686,0.1722936,0.1761148,0.1621622,0.1390613,0.1122147,0.0775485,0.0583579,0.0445009,0.0433182,0.0476665,0.036903,0.0152519,0.0044648,0.0023159,0.0032123,0.0022186,0.0017003,0.0028097,0.0016319,0.0019852,0.003774,0.0043264,0.002242,0.0010673,0.0067993,0.0043254,0.0027755
Rusty Blackbird,0.0012376,0.0015854,0.0012446,0.0054376,0.0004036,7.26e-05,0.0003382,0.0001866,8.02e-05,0.0003755,0.0001732,0.0,0.0,0.0,0.0,0.0,0.0,0.0,0.0,0.0,0.0,0.0,0.0,0.0,0.0,0.0,0.0,0.0,0.0,0.0,0.0,0.0,0.0,0.0,0.0,0.0,0.0015,0.0,0.0001277,0.0015,0.0,0.0,0.0001202,0.000269,0.0001067,0.0047847,0.0034843,0.0004857
Brewer's Blackbird,0.0118458,0.0122664,0.0091271,0.0148887,0.0058121,0.005662,0.0057494,0.0067183,0.0048937,0.0085422,0.008658,0.0077802,0.0078486,0.0108142,0.0127702,0.0119386,0.0107298,0.0109135,0.0093637,0.0100585,0.0076601,0.0109551,0.0118913,0.0083634,0.0064973,0.0074495,0.0090056,0.0054308,0.0039753,0.0044177,0.0046049,0.0040611,0.004415,0.0047062,0.0075573,0.0058406,0.0077652,0.0079347,0.0067688,0.0070716,0.0052241,0.0106145,0.0076914,0.0070846,0.0051233,0.0132209,0.010453,0.0072856
Common Grackle,0.0001179,0.0012517,0.0,0.0,0.0,0.0,0.0,0.0,0.0,0.0,0.0,0.0,0.0,0.0,0.0,0.0015,0.0,0.0,0.0,0.0,0.0,0.0,0.0,0.0,0.0,0.0,0.0,0.0,0.0,0.0,0.0,0.0,0.0,0.0,0.0,0.0,0.0,0.0,0.0,0.0,0.0,0.0,0.0,0.0,0.0,0.0023923,0.0010813,6.94e-05
Great-tailed Grackle,0.0,0.0,0.0,0.0,0.0,0.0,0.0,0.0,0.0,0.0,0.0,0.0,0.0,0.0,0.0,0.0,0.0,0.0,0.0,0.0,0.0,0.0,0.0,0.0,0.0,0.0,0.0,0.0,0.0,0.0,0.0,0.0,0.0,0.0,0.0,0.0,0.0,0.0,0.0,0.0,0.0,0.0036561,0.001322,0.0,0.0,0.0,0.0,0.0
Ovenbird,0.0,0.0,0.0,0.0,0.0,0.0,0.0,0.0,0.0,0.0,0.0,0.0,0.0,0.0,0.0,0.0,0.0,0.0,0.0,0.0,0.0,0.0015,0.0,0.0,0.0,0.0,0.0,0.0,0.0,0.0,0.0,0.0,0.0,0.0,0.0,0.0,0.0,0.0,0.0,0.0,0.0,0.0,0.0,0.0,0.0,0.0,0.0,0.0
Northern Waterthrush,0.0017091,0.0024199,0.0024892,0.0005826,0.000888,0.0006533,0.0005073,0.0007465,0.0,0.0,0.0,0.0,0.0,0.0,0.0,0.0,0.0,0.0,0.0,0.0,0.0,0.0,0.0,0.0,0.0,0.0,0.0,0.0,0.0001104,0.0007363,0.0008712,0.0034431,0.0015,0.0001207,0.0001219,0.0,0.0,0.0,0.0,0.0,0.0012538,0.0028305,0.0028843,0.0034974,0.0002135,0.001385,0.0020425,0.001249
Black-and-white Warbler,0.0022395,0.0011682,0.0006638,0.0015,0.0,0.0,0.0,0.0,0.0,0.0,0.0,0.0,0.0,0.0,8.35e-05,0.0,0.0,0.0015,0.0,0.0003143,0.0,0.0009959,0.0,0.0,0.0,0.0,0.0,0.0,0.0,0.0,0.0002489,0.0,0.0,0.0,0.0,0.0001947,0.0,0.0,0.0,0.0,0.0,0.0,0.0001202,0.0094162,0.0030953,0.0007555,0.0025231,0.000902
Tennessee Warbler,0.0,0.0,8.3e-05,0.0011652,0.0002422,0.0,0.0,0.0,0.0,0.0,0.0,0.0,0.0,0.0,0.0,0.0,0.0,0.0,0.0,0.0,0.0,0.0,0.0,0.0,0.0,0.0,0.0,0.0,0.0,0.0,0.0,0.0015,0.0015,0.0001207,0.0,0.0,0.0,0.0,0.0,0.0,0.0,0.0,0.0,0.0,0.0,0.0,0.0,0.0
Orange-crowned Warbler,0.0067185,0.0089286,0.0087952,0.0088037,0.0077494,0.0105981,0.0104278,0.0085845,0.0089049,0.0078851,0.0090909,0.0188427,0.0492459,0.0803344,0.1308739,0.1953762,0.2133572,0.1644816,0.1140456,0.0853712,0.0745847,0.0615477,0.0629421,0.0632098,0.0579907,0.0331087,0.0261413,0.0200663,0.0228578,0.0288379,0.0469197,0.080339,0.0954244,0.1111379,0.1175037,0.0658036,0.0311618,0.0226706,0.0150702,0.0112421,0.0075227,0.0101427,0.0120178,0.0131827,0.0082186,0.0107026,0.011294,0.0111712
Nashville Warbler,0.0001179,0.0001669,0.0002489,0.0001295,0.0003229,0.0001452,0.0,0.0,0.0,0.0,0.0,0.0,0.0,9.09e-05,0.0045906,0.0189502,0.0161634,0.0107009,0.0060024,0.0016345,0.0002419,0.0005976,0.0012301,0.0008804,0.0014546,0.0008277,0.0012508,0.0005523,0.0009938,0.0006136,0.0008712,0.0008828,0.0007024,0.000724,0.0007314,0.0005841,0.0001008,0.0001134,0.0005109,0.0001813,0.0,0.0001179,0.0,8.97e-05,0.0,0.0,0.0001201,6.94e-05
MacGillivray's Warbler,5.89e-05,0.0,8.3e-05,0.0002589,0.0,0.0,0.0,0.0,0.0,0.0,0.0,0.0,0.0,0.0,8.35e-05,0.0032215,0.0090102,0.0129686,0.0153661,0.0160307,0.0102403,0.0081665,0.0142491,0.0120609,0.0132855,0.0109968,0.0076298,0.0047865,0.0051899,0.0071174,0.0068451,0.0070628,0.0070239,0.0041028,0.0024378,0.0004867,0.0002017,0.0,0.0,0.0,0.0,0.0,0.0003605,8.97e-05,0.0,0.0,0.0,0.0
Common Yellowthroat,0.0003536,8.34e-05,0.0004978,0.0005179,0.0002422,0.0,0.0001127,0.0008398,0.0002407,0.0,8.66e-05,0.0065646,0.0268544,0.087968,0.1362991,0.1678984,0.1568884,0.1715683,0.1605442,0.1801094,0.153443,0.1768748,0.1726294,0.1596972,0.1346974,0.1467423,0.1407129,0.1120214,0.0859099,0.1038164,0.1054138,0.1177717,0.0959261,0.0976228,0.1028766,0.0643434,0.0250101,0.0094083,0.0058748,0.0031732,0.0015672,0.0011794,0.0014421,0.0010761,0.0003202,0.0003777,0.0004806,0.0008326
Hooded Warbler,0.0,0.0,0.0,0.0001295,0.0015,0.0,0.0,0.0,0.0,0.0,0.0,0.0015,0.0015,0.0,0.0,0.0,0.0,0.0,0.0,0.0,0.0,0.0,0.0,0.0,0.0,0.0,0.0,0.0,0.0,0.0,0.0,0.0,0.0,0.0,0.0,0.0,0.0,0.0,0.0,0.0,0.0,0.0,0.0,0.0,0.0,0.0,0.0,0.0015
American Redstart,0.0,0.0,0.0,0.0,0.0,0.0,0.0,0.0,0.0,0.0,0.0,0.0,0.0,0.0,0.0,0.0,0.0,0.0,8e-05,0.0013202,0.0033866,0.0050792,0.004408,0.0033454,0.0022304,0.000473,0.0002502,0.0001841,0.0002208,0.0,0.0002489,0.0002649,0.0015,0.000362,0.0002438,0.0,0.0,0.0,0.0,9.07e-05,0.0,0.0,0.0,8.97e-05,0.0,0.0,0.0,0.0
Northern Parula,0.0,0.0,0.0,0.0,0.0,0.0,0.0,0.0,0.0,0.0,0.0,0.0,0.0,0.0,0.0,0.0,0.0,0.0,0.0,0.0015,0.0,0.0003984,0.0,8.8e-05,0.0,0.0,0.0,0.0,0.0,0.0,0.0,0.0,0.0,0.0,0.0,0.0,0.0,0.0,0.0,0.0,0.0,0.0,0.0,0.0,0.0,0.0,0.0,0.0
Magnolia Warbler,0.0,0.0,0.0,0.0,0.0,0.0,0.0,0.0,0.0,0.0,0.0,0.0,0.0,0.0,0.0,0.0,0.0,0.0,0.0,0.0,0.0,0.0,0.0,8.8e-05,0.0,0.0,0.0,0.0,0.0,0.0,0.0,0.0,0.0,0.0,0.0,0.0,0.0,0.0,0.0,0.0,0.0,0.0,0.0,0.0,0.0,0.0,0.0,0.0
Blackburnian Warbler,0.0,0.0,0.0,0.0,0.0,0.0,0.0,0.0,0.0,0.0,0.0,0.0,0.0,0.0,0.0,0.0,0.0,0.0,0.0,0.0,0.0,0.0,0.0,0.0,0.0,0.0,0.0,0.0,0.0,0.0,0.0,0.0,0.0,0.0,0.0,0.0,0.0,0.0,0.0,0.0,0.0,0.0,0.0,0.0,0.0001067,0.0,0.0,0.0
Northern Yellow Warbler,0.0,0.0,0.0,0.0,0.0,0.0,0.0,0.0,0.0,0.0,0.0,0.0,0.0,0.0,8.35e-05,0.0081486,0.0492469,0.1095599,0.1583834,0.1533287,0.1029673,0.0976994,0.0895951,0.0753587,0.0470326,0.0410311,0.0326454,0.0279823,0.0236307,0.0357099,0.0477909,0.0698331,0.0709412,0.0781948,0.0580205,0.0199552,0.0038322,0.0012469,0.0003831,9.07e-05,0.0001045,0.0,0.0,8.97e-05,0.0,0.0,0.0,0.0
Chestnut-sided Warbler,0.0,0.0,0.0,0.0,0.0,0.0,0.0,0.0,0.0,0.0,0.0,0.0,0.0,0.0,0.0,0.0,0.0,0.0,0.0,0.0,0.0,0.0015,0.0015,8.8e-05,0.0,0.0,0.0,0.0,0.0,0.0,0.0001245,0.0,0.0005017,0.0,0.0,0.0,0.0,0.0,0.0,0.0,0.0,0.0,0.0,0.0,0.0,0.0,0.0,0.0
Blackpoll Warbler,0.0,0.0,0.0,0.0,0.0,0.0,0.0,0.0,0.0,0.0,0.0,0.0,0.0,0.0,0.0,0.0,0.0,0.0,0.0,0.0,0.0,0.0,0.0,0.0,0.0,0.0,0.0,0.0,0.0,0.0,0.0,0.0,0.0,0.0,0.0,9.73e-05,0.0,0.0,0.0,0.0,0.0,0.0,0.0,0.0,0.0,0.0,0.0,0.0
Black-throated Blue Warbler,0.0,8.34e-05,0.0015,0.0,0.0015,7.26e-05,0.0,0.0,0.0,0.0,0.0,0.0,0.0,0.0,0.0,0.0,0.0,0.0,0.0,0.0,0.0,9.96e-05,0.0,0.0,0.0,0.0,0.0,0.0,0.0,0.0,0.0,0.0,0.0,0.0,0.0,0.0,0.0,0.0020404,0.0,0.0,0.000209,0.0001179,0.0,0.0,0.0015,0.0015,0.0002403,0.0015
Palm Warbler,0.0012966,0.000751,0.0005808,0.0010357,0.0005651,0.000363,0.0002255,0.0005599,0.0004011,0.0005632,8.66e-05,0.0002431,0.0,0.0002726,0.0,0.0,0.0015,7.09e-05,0.0,0.0,0.0,0.0,0.0,0.0,0.0,0.0,0.0,0.0,0.0,0.0,0.0,0.0,0.0,0.0015,0.0023159,0.0053538,0.0011093,0.0002267,0.0022989,0.000816,0.0001045,0.0,0.0001202,0.0010761,0.0005337,0.0025183,0.0012015,0.001249
Yellow-rumped Warbler,0.105198,0.1204105,0.1345005,0.1398887,0.1348079,0.1429297,0.1276704,0.1687972,0.1641396,0.1849244,0.1880519,0.1999149,0.1822099,0.243366,0.3043152,0.3728128,0.2850265,0.1756077,0.0794718,0.0374678,0.0220126,0.0222089,0.0256279,0.024562,0.0268619,0.0209294,0.0183865,0.0153719,0.0103799,0.0107989,0.0163037,0.0165092,0.0291993,0.0707132,0.1318869,0.1986761,0.2000807,0.2210383,0.2034483,0.1795104,0.1260056,0.1423517,0.1568321,0.1422294,0.1161277,0.1301939,0.1262766,0.1253816
Black-throated Gray Warbler,0.0,0.0,0.0,0.0,0.0,0.0,0.0,0.0,0.0,0.0,0.0,6.08e-05,0.0003847,0.0057252,0.0380603,0.0836334,0.0963615,0.0807172,0.0629852,0.0595335,0.0524109,0.0432228,0.0460277,0.0479796,0.0430566,0.0309803,0.0248906,0.021539,0.0252871,0.0294515,0.0383323,0.0452017,0.0513747,0.0444069,0.0414432,0.02161,0.0054457,0.0015869,0.0001277,0.0001813,0.0003134,0.0004718,0.0,8.97e-05,0.0,0.0,0.0,0.0
Townsend's Warbler,0.0281707,0.0310414,0.0299535,0.0288063,0.0276074,0.0421748,0.0436841,0.0271531,0.0208584,0.0243124,0.0249351,0.0259543,0.0242382,0.0233551,0.0205325,0.0333523,0.0496595,0.0532918,0.0380952,0.0235745,0.0151588,0.0127477,0.0160943,0.0154943,0.0194919,0.0161996,0.0116323,0.0066274,0.0056316,0.0074856,0.0110765,0.0164209,0.0174594,0.0235308,0.0284008,0.0294948,0.0240016,0.028565,0.0279693,0.0294651,0.0284192,0.0329048,0.0312462,0.033988,0.0295656,0.0367666,0.0378469,0.0401055
Hermit Warbler,0.0,0.0,0.0,0.0,0.0,0.0,0.0,9.33e-05,0.0,0.0,0.0,0.0,0.0,0.0,0.0,0.0015,6.88e-05,0.0002126,0.0002401,0.0001257,0.0002419,0.0001992,0.0,0.0,9.7e-05,0.0015,0.0,9.2e-05,0.0001104,0.0,0.0,0.0,0.0001003,0.0001207,0.0,0.0,0.0,0.0,0.0,0.0,0.0,0.0,0.0,0.0,0.0,0.0,0.0,0.0
Black-throated Green Warbler,0.0,0.0,0.0,0.0,0.0,0.0,0.0,0.0,0.0,0.0,0.0,0.0,0.0,0.0,0.0,0.0,0.0,0.0,0.0,0.0,0.0,0.0,0.0,0.0,0.0,0.0,0.0,0.0,0.0,0.0,0.0,0.0,0.0,0.0,0.0,0.0,0.0,0.0,0.0,0.0,0.0,0.0022408,0.0002404,0.0,0.0,0.0,0.0,0.0
Wilson's Warbler,0.0002947,0.0001669,0.0,0.0001295,0.0,0.0,0.0015,0.0,0.0,0.0,0.0,0.0,0.0001539,0.0001818,0.0041733,0.0935506,0.2436894,0.2795691,0.2666667,0.2015465,0.1298178,0.0871427,0.0842645,0.0889163,0.0825252,0.0538016,0.0348968,0.03507,0.0388693,0.0418456,0.0393279,0.0518231,0.0366245,0.0270303,0.0173086,0.0072033,0.0019161,0.0009068,0.0007663,0.0003626,0.0007314,0.0009435,0.0015623,0.0013452,0.0007471,0.0005037,0.0003604,0.0001388
Summer Tanager,0.0038307,0.0015,0.0,0.0,0.0,0.0,0.0,0.0,0.0,0.0,0.0,0.0,0.0,0.0,0.0,0.0,0.0,0.0,0.0,0.0,0.0,0.0,0.0,0.0,0.0,0.0,0.0,0.0,0.0,0.0,0.0,0.0,0.0,0.0,0.0,0.0,0.0,0.0,0.0,0.0,0.0,0.0,0.0,0.0015,0.0001067,0.0023923,0.0,0.0
Western Tanager,0.0004125,0.0001669,0.0003319,0.0003237,0.0015,0.0002178,0.0001691,9.33e-05,0.0004011,9.39e-05,0.0001732,0.0001823,0.0003847,0.0004544,0.0006677,0.0150338,0.0784786,0.1315995,0.1456583,0.1164896,0.0745847,0.0621452,0.0635572,0.061273,0.0585725,0.0567577,0.0552846,0.0408689,0.0354461,0.0425819,0.0586185,0.0745122,0.0643187,0.0526125,0.033764,0.0155748,0.003933,0.001927,0.0011494,0.000816,0.0017762,0.0014153,0.0007211,0.0005381,0.0004269,0.0005037,0.000841,0.0006939
Rose-breasted Grosbeak,0.001827,0.0009179,0.0,0.0,0.0,0.0,0.0,0.0,0.0,0.0,0.0,0.0,0.0015,0.0,0.0,0.0,0.0,7.09e-05,0.0,0.0015,8.06e-05,9.96e-05,0.000205,0.0,0.0007758,0.0003547,0.0,0.0015,0.0,0.0,0.0,0.0,0.0,0.0,0.0,0.0,0.0015,0.0,0.0,0.0,0.0,0.0,0.0,0.0004484,0.0,0.0,0.0001201,0.0037469
Black-headed Grosbeak,0.0,0.0,0.0,0.0,0.0,0.0,0.0,0.0,0.0,0.0,0.0,0.0,7.69e-05,0.0,0.0,0.0080854,0.0661669,0.1627808,0.1983994,0.2260011,0.201016,0.1938054,0.1969247,0.1632186,0.1129752,0.0932955,0.0775485,0.0675626,0.0634938,0.0624617,0.0583696,0.050234,0.0346177,0.0182213,0.0078011,0.0017522,0.0002017,0.0007935,0.0,0.0001813,0.0,0.0001179,0.0,0.0,0.0,0.0,0.0,0.0
Blue Grosbeak,0.0,0.0,0.0,0.0,0.0,0.0,0.0,0.0,0.0,0.0,0.0,0.0,0.0,0.0,0.0,0.0,0.0,0.0,0.0,0.0,0.0,0.0,0.0057406,0.0,0.0,0.0,0.0,0.0,0.0,0.0,0.0,0.0015,0.0,0.0,0.0,0.0,0.0,0.0,0.0,0.0,0.0,0.0,0.0,0.0,0.0,0.0,0.0,0.0
Lazuli Bunting,0.0,0.0,0.0,0.0,0.0,0.0,0.0,0.0,0.0,0.0,0.0,0.0,0.0,0.0,0.0,0.0001895,0.0024761,0.0114095,0.027531,0.0455774,0.047573,0.0459118,0.0469503,0.0248261,0.0162917,0.0135982,0.0090056,0.0065353,0.0030919,0.0018407,0.0011201,0.0008828,0.000301,0.000362,0.0003657,0.0,0.0,0.0,0.0,0.0,0.0,0.0,0.0,0.0,0.0,0.0,0.0,0.0
Indigo Bunting,0.0,0.0,0.0,0.0,0.0,0.0,0.0,0.0,0.0,0.0,0.0,0.0002431,0.0006156,9.09e-05,0.0,0.0,0.0,0.0,0.0,6.29e-05,0.0,0.0047804,0.0045105,0.0008804,9.7e-05,0.0003547,0.0001251,0.0,0.0,0.0,0.0,0.0,0.0,0.0015,0.0,0.0,0.0,0.0,0.0,0.0,0.0,0.0,0.0001202,0.0,0.0,0.0,0.0,0.0
Painted Bunting,0.0,0.0,0.0,0.0,0.0,0.0,0.0015,0.0015,8.02e-05,0.0015,0.0015,0.0015,0.0,0.0,0.0,0.0,0.0,0.0,0.0,0.0,0.0,0.0,0.0,0.0,0.0,0.0,0.0,0.0,0.0,0.0,0.0,0.0,0.0,0.0,0.0,0.0,0.0,0.0,0.0,0.000544,0.0,0.0,0.0,0.0,0.0,0.0,0.0,0.0
