,1,2,3,4,5,6,7,8,9,10,11,12,13,14,15,16,17,18,19,20,21,22,23,24,25,26,27,28,29,30,31,32,33,34,35,36,37,38,39,40,41,42,43,44,45,46,47,48
Emu,0.0,0.0,0.0,0.0,0.0,0.0,0.0,0.0,0.0,0.0,0.0,0.0,0.0,0.0,0.0,0.0,0.0,0.0,0.0,0.0,0.0,0.0,0.0,0.0015,0.0,0.0,0.0,0.0,0.0,0.0,0.0,0.0,0.0,0.0,0.0,0.0,0.0,0.0,0.0,0.0,0.0,0.0,0.0,0.0,0.0,0.0,0.0,0.0
Chilean Tinamou,0.0,0.0,0.0,0.0,0.0,0.0,0.0,0.0,0.0,0.0,0.0,0.0,0.0,0.0,0.0,0.0,0.0,0.0,0.0,0.0,0.0,0.0,0.0,0.0,0.0,0.0,0.0,0.0,0.0,0.0015,0.0,0.0,0.0,0.0,0.0,0.0,0.0,0.0,0.0,0.0,0.0,0.0,0.0,0.0,0.0,0.0,0.0,0.0
Fulvous Whistling-Duck,0.0,0.0,0.0,0.0,0.0,0.0,0.0,0.0,0.0,0.0,0.0,0.0,0.0,0.0,0.0,0.0,0.0,0.0,0.0,0.0,0.0,0.0,0.0,0.0,0.0,0.0,0.0,0.0,0.0,0.0,0.0,0.0,0.0,0.0,0.0,0.0,0.0015,0.0,0.0,0.0,0.0,0.0,0.0,0.0,0.0,0.0,0.0,0.0
Bar-headed Goose,0.0,0.0,0.0,0.0,0.0,0.0,0.0015,0.0,0.0,0.0,0.0,0.0,0.0,0.0,0.0,0.0,0.0,0.0,0.0,0.0,0.0,0.0,0.0,0.0,0.0,0.0,0.0,0.0,0.0,0.0,0.0,0.0,0.0,0.0,0.0,0.0,0.0,0.0,0.0,0.0,0.0,0.0,0.0,0.0,0.0,0.0,0.0,0.0
Emperor Goose,0.0004542,0.0015267,8.09e-05,0.0001246,0.0001966,0.0004173,0.0001759,0.0003002,0.0001461,4.51e-05,8.13e-05,7.02e-05,3.97e-05,4.2e-05,1.9e-05,5.6e-05,0.0015,3.03e-05,0.0,0.0,0.0,0.0015,0.0015,0.0,0.0015,0.0015,0.0015,0.0015,2.5e-05,2.59e-05,2.59e-05,0.0,0.0,0.0015,2.47e-05,0.0015,7.5e-05,2.59e-05,5.91e-05,0.0003366,0.0019601,0.0015,6.02e-05,0.0001978,0.000358,0.0011943,0.0009791,0.0004828
Snow Goose,0.0307178,0.0300115,0.0302368,0.0287904,0.0253778,0.0218815,0.0200679,0.0260052,0.0237678,0.0228959,0.0230752,0.0212868,0.0152447,0.0145472,0.0130287,0.0095664,0.0056903,0.0032013,0.0024965,0.001054,0.0002666,0.0003895,0.0002289,0.0003208,0.0004237,0.000477,0.0003388,0.0004013,0.000524,0.000518,0.0008821,0.0009802,0.0014285,0.000826,0.0015096,0.007201,0.0245719,0.0385949,0.0554243,0.0562814,0.0525909,0.0538669,0.0420289,0.0366015,0.0336237,0.0312716,0.0248736,0.0304708
Ross's Goose,0.0020135,0.0007529,8.09e-05,0.0001558,0.0001092,0.0001089,0.0001083,9.24e-05,8.35e-05,0.0001805,0.0004269,0.0006178,0.0004168,0.0004618,0.0007217,0.0006023,0.0005528,0.0005765,0.0001047,0.0015,1.78e-05,0.0,0.0,0.0,0.0,2.51e-05,0.0015,1.91e-05,0.0,2.59e-05,0.0,7.13e-05,0.0003917,2.58e-05,0.0015,2.09e-05,0.000125,0.0003106,0.0002067,0.0001473,0.0002209,0.0005347,0.0004212,0.0002858,0.0002983,0.0003143,0.0001588,0.0001897
Graylag Goose,0.0001514,0.0001882,0.0001618,0.0002337,0.0001092,0.0002903,6.77e-05,6.93e-05,0.0001878,0.0001579,4.07e-05,0.0001123,1.98e-05,2.1e-05,5.7e-05,7e-05,0.0001138,7.59e-05,3.49e-05,3.81e-05,1.78e-05,0.0,6.24e-05,3.56e-05,4.46e-05,0.0,0.0001042,5.73e-05,9.98e-05,0.0001295,0.0001038,8.91e-05,0.0001382,7.74e-05,0.0001485,8.35e-05,0.0001,5.18e-05,0.0002362,0.0001262,2.76e-05,0.0002814,9.03e-05,8.79e-05,5.97e-05,0.0001571,7.94e-05,0.0001552
Swan Goose,7.57e-05,2.09e-05,0.0001618,0.000187,0.0001529,7.26e-05,4.06e-05,4.62e-05,2.09e-05,6.77e-05,2.03e-05,4.21e-05,1.98e-05,2.1e-05,0.0,0.0,0.0,1.52e-05,1.75e-05,0.0,0.0,0.0,4.16e-05,0.0015,2.23e-05,5.02e-05,5.21e-05,1.91e-05,2.5e-05,0.0,2.59e-05,5.35e-05,0.0,2.58e-05,2.47e-05,0.0001252,2.5e-05,0.0,0.0,6.31e-05,2.76e-05,2.81e-05,9.03e-05,0.0001759,8.95e-05,9.43e-05,0.0001852,0.0001724
Greater White-fronted Goose,0.0124446,0.0105825,0.0095868,0.0088178,0.0084302,0.0079107,0.0064006,0.0113167,0.0108927,0.0106923,0.0109785,0.0119492,0.0114534,0.0133297,0.0190682,0.0217099,0.0144697,0.0061144,0.0027758,0.0012064,0.0005332,0.0001558,4.16e-05,0.0001604,0.0001338,0.0001506,0.0001303,0.000344,0.0003743,0.000518,0.0007524,0.0027447,0.0044237,0.0044395,0.0094786,0.0377374,0.03987,0.0333402,0.0293214,0.0240064,0.0206223,0.0189688,0.0156142,0.014091,0.0105317,0.0089572,0.0085999,0.0099672
Taiga Bean-Goose,0.0,0.0,0.0,0.0,0.0,0.0,0.0,0.0,0.0,0.0,0.0,0.0,0.0,0.0,0.0,0.0,0.0,0.0,0.0,0.0,0.0,0.0,0.0,0.0,0.0,0.0,0.0,0.0,0.0,0.0,0.0,0.0,0.0,0.0,0.0,0.0,0.0,0.0,0.0,0.0,0.0,0.0,0.0,0.0,0.0,6.29e-05,0.0015,0.0
Pink-footed Goose,0.0015,0.0015,0.0,0.0,0.0,0.0,0.0,0.0,2.09e-05,0.0,0.0,0.0,0.0,0.0,0.0,0.0,0.0,0.0,0.0,0.0,0.0,0.0,0.0,0.0,0.0,0.0,0.0,0.0,0.0,0.0,0.0,0.0,0.0,0.0,0.0,0.0,0.0,0.0,0.0,0.0,5.52e-05,0.0015,0.0015,4.4e-05,2.98e-05,0.0015,0.0015,1.72e-05
Brant,0.0260094,0.0306389,0.0306211,0.029585,0.0298768,0.0250567,0.0225984,0.0321255,0.0311548,0.0318287,0.0376319,0.0301328,0.0315018,0.0337546,0.0330276,0.028559,0.01777,0.0076923,0.0046788,0.0018922,0.0006576,0.0007595,0.0009989,0.0009446,0.0008921,0.0009792,0.0007297,0.0009364,0.0010231,0.0008288,0.0005189,0.0009446,0.0013824,0.0010583,0.0007177,0.0006262,0.0009999,0.0009836,0.0016831,0.003724,0.0072606,0.0140155,0.0173591,0.0195867,0.0204368,0.0227858,0.019846,0.0238489
Barnacle Goose,0.0,0.0,0.0,0.0,0.0015,0.0,0.0,4.62e-05,0.0,0.0,0.0015,1.4e-05,1.98e-05,0.0,0.0,0.0015,0.0,0.0,0.0015,0.0,0.0,0.0,0.0,0.0,0.0,0.0,0.0,0.0,0.0,0.0,0.0,0.0,0.0,0.0,0.0,0.0,0.0,0.0,0.0,2.1e-05,2.76e-05,5.63e-05,3.01e-05,2.2e-05,0.0,3.14e-05,0.0,0.0
Cackling Goose,0.0671733,0.0623026,0.0606355,0.0635944,0.058072,0.0488433,0.0405959,0.0560521,0.0497892,0.0538224,0.0505825,0.0492853,0.039819,0.0415005,0.0486772,0.0377612,0.0155915,0.0068882,0.0049581,0.0019811,0.000551,9.74e-05,6.24e-05,1.78e-05,4.46e-05,0.0002009,0.0001564,0.0003058,0.0002495,0.0001554,0.0003892,0.0004456,0.0008064,0.0018068,0.0181899,0.0547485,0.0672916,0.0905726,0.1036142,0.1054093,0.0966237,0.093268,0.0815909,0.0798417,0.0671579,0.0662832,0.0621577,0.0645456
Canada Goose,0.2046084,0.2018613,0.2083814,0.227675,0.2356513,0.2202486,0.2132911,0.2761265,0.2955428,0.3142496,0.3328522,0.3369373,0.3234745,0.3314161,0.3270469,0.3217407,0.3005138,0.2912305,0.2693785,0.2374119,0.1663734,0.1333204,0.1201748,0.1204149,0.1307596,0.1558161,0.1818987,0.1965524,0.1823286,0.1892207,0.1941886,0.198756,0.2036726,0.2067728,0.204123,0.2217909,0.2150981,0.2211638,0.2399457,0.2383808,0.2297711,0.2324102,0.2235025,0.2197626,0.1920162,0.1933182,0.1926385,0.1982583
Mute Swan,0.0001968,0.0001882,0.0002023,0.0002337,0.0001747,0.0003447,0.00023,0.0002079,0.0001461,0.000203,0.0001017,0.0001264,0.0001389,0.0001889,0.0001519,0.0001681,0.0003252,0.0001972,8.73e-05,8.89e-05,0.00016,0.0001558,8.32e-05,0.0004099,0.0003791,0.0003013,0.0001303,0.0001147,9.98e-05,0.0002331,0.0001816,5.35e-05,0.0001843,0.0001291,0.000297,0.0004383,0.0003,0.0002847,0.0003839,0.0003156,0.0003865,0.0005629,0.0003009,0.0003737,0.0005967,0.0003457,0.0003175,0.0002932
Black Swan,1.51e-05,0.0,0.0,3.12e-05,2.18e-05,5.44e-05,0.0,2.31e-05,0.0,0.0,0.0,0.0,0.0015,0.0015,0.0,0.0,1.63e-05,0.0,0.0,0.0001397,1.78e-05,0.0,4.16e-05,0.0,0.0,0.0,0.0,0.0,0.0,0.0,0.0,1.78e-05,0.0,0.0,0.0015,2.09e-05,0.0,2.59e-05,0.0,0.0015,5.52e-05,0.0,3.01e-05,6.59e-05,8.95e-05,6.29e-05,2.65e-05,5.17e-05
Trumpeter Swan,0.0778466,0.0772143,0.0738628,0.0695613,0.0683585,0.0563186,0.0467259,0.0572992,0.053441,0.0438519,0.0318377,0.0141958,0.0064115,0.0040094,0.0032477,0.0027312,0.0023086,0.0022455,0.0022172,0.0020573,0.0021505,0.0019669,0.0015399,0.0016576,0.0011374,0.0012554,0.0009121,0.0013377,0.0012476,0.0009842,0.0010896,0.0010872,0.001129,0.0009808,0.0008414,0.000981,0.0006749,0.0013978,0.0020079,0.0207242,0.0424592,0.062704,0.0716628,0.0770059,0.0777493,0.072129,0.0658093,0.0742887
Tundra Swan,0.0242684,0.0229635,0.0218231,0.0231663,0.0250939,0.0224258,0.018417,0.0249659,0.0261467,0.0257156,0.0238071,0.0146452,0.0065505,0.0042823,0.002564,0.0014427,0.0014957,0.0013352,0.0006285,0.0004318,0.0001955,0.0002337,0.0001873,0.0001961,0.0003345,0.0004268,0.0005733,0.0004395,0.0004991,0.0003108,7.78e-05,0.0001782,0.0002074,7.74e-05,0.0001485,0.000167,0.000175,0.0007248,0.0019489,0.0136969,0.020429,0.0283969,0.0283703,0.0285118,0.025091,0.020523,0.0179672,0.0246077
Whooper Swan,0.001741,0.0011921,0.0011731,0.0004051,0.0009391,0.0039009,0.0012585,0.001201,0.001106,0.0009023,0.0004066,0.0,0.0,0.0,0.0,0.0,0.0,0.0,0.0,0.0,0.0,0.0,0.0,0.0,0.0,0.0,0.0,0.0,0.0,0.0,0.0,0.0,0.0,0.0,0.0,0.0,0.0,0.0,0.0,0.0,0.0,0.0,0.0,0.0,0.0015216,0.0005971,0.0003705,0.0002414
Egyptian Goose,0.0,0.0015,2.02e-05,0.0,0.0,0.0,0.0,0.0,0.0,0.0,0.0,0.0,0.0,0.0,0.0,0.0015,0.0,0.0,0.0,0.0,0.0,0.0,0.0,0.0,0.0,0.0,0.0,0.0,0.0,0.0,0.0,0.0,0.0015,0.0,0.0,0.0,0.0,0.0,0.0,0.0,0.0,0.0,0.0,0.0,0.0,0.0,0.0,0.0
Muscovy Duck,0.0013777,0.0010248,0.0007686,0.0009503,0.0008736,0.0008165,0.001042,0.0007621,0.0006052,0.0005188,0.0005489,0.0005195,0.0007741,0.0007347,0.0006457,0.0004062,0.0003577,0.0004552,0.0007332,0.0004699,0.0004799,0.0006621,0.0004162,0.0005347,0.000513,0.0006528,0.0005473,0.000516,0.000549,0.0003367,0.0005967,0.0005881,0.0007142,0.0003355,0.0005197,0.0007514,0.0009999,0.0008283,0.0012697,0.0011782,0.0014356,0.0012665,0.0012636,0.0011871,0.0010144,0.0011629,0.0011114,0.0008795
Ringed Teal,0.0,0.0,0.0,0.0,0.0,0.0,0.0,0.0,0.0,0.0,0.0,0.0,0.0,0.0,0.0,0.0,0.0,0.0,0.0,0.0,0.0,0.0,0.0,0.0,0.0,0.0,0.0,0.0,0.0,0.0,0.0,0.0,0.0,0.0,0.0,0.0,0.0,0.0,0.0,0.0,0.0,0.0,0.0015,0.0,0.0,0.0,0.0,0.0
Wood Duck,0.0278564,0.0261633,0.02603,0.0276999,0.0272124,0.0228794,0.0235457,0.03298,0.0369976,0.0453182,0.0558278,0.0666685,0.0744373,0.0789076,0.076216,0.0802706,0.0790466,0.0736914,0.0746334,0.073211,0.0652981,0.062298,0.0569972,0.0530781,0.0529239,0.0519973,0.0557684,0.0596251,0.0590129,0.0641527,0.0657154,0.070666,0.0741654,0.0687608,0.0749128,0.0762889,0.0649169,0.0581901,0.0550405,0.046561,0.0401955,0.039176,0.0355907,0.0322269,0.0276866,0.0245144,0.024662,0.0273151
Mandarin Duck,0.0,0.0001673,0.0001214,0.0004985,0.0003058,0.0004717,0.0003654,0.000254,0.0002087,0.0001353,0.0001626,0.0001545,0.0005359,0.0005668,5.7e-05,0.0001961,0.0001138,3.03e-05,0.0001047,0.0001397,0.0002844,5.84e-05,0.0,5.35e-05,2.23e-05,0.0,2.61e-05,1.91e-05,0.0,2.59e-05,0.0,0.0015,6.91e-05,0.0001807,7.42e-05,0.0001044,0.000125,7.77e-05,0.0002953,0.0002946,0.0003037,0.000197,0.0006017,0.0001099,8.95e-05,0.0001257,0.0001323,8.62e-05
Baikal Teal,0.0015,0.0001255,0.0002023,0.0015,0.0,1.81e-05,0.0,0.0,0.0,0.0,0.0015,0.0015,0.0015,6.3e-05,3.8e-05,0.0,0.0,0.0,0.0,1.27e-05,0.0,0.0,0.0,0.0,0.0,0.0,0.0,0.0,0.0,0.0,0.0,0.0,0.0,0.0,0.0,0.0,0.0,0.0,0.0,0.0,0.0,0.0,0.0,0.0,0.0,6.29e-05,0.0,0.0
Garganey,1.51e-05,0.0,0.0,0.0,0.0,0.0,0.0,0.0,0.0,0.0,0.0,0.0,0.0,0.0015,0.0,0.0015,0.0,0.0,0.0,0.0,0.0,0.0,0.0,0.0,0.0,0.0,0.0,0.0,0.0,0.0,0.0,0.0,0.0,0.0,0.0,0.0,0.0,0.0,0.0,0.0,0.0,0.0,0.0,0.0,0.0,0.0,5.29e-05,1.72e-05
Blue-winged Teal,0.0,0.0,2.02e-05,1.56e-05,2.18e-05,0.0015,0.0,0.0,0.0,0.0,8.13e-05,0.0002387,0.0002382,0.0009236,0.0028488,0.0063309,0.0145184,0.0250341,0.0394204,0.039939,0.0313516,0.0244012,0.0173967,0.0117813,0.0073152,0.0053479,0.005655,0.0062109,0.0087584,0.0111626,0.0134907,0.0125292,0.0120268,0.0108149,0.0100478,0.0070131,0.0051244,0.0032615,0.0014469,0.0009258,0.0001656,5.63e-05,3.01e-05,4.4e-05,2.98e-05,3.14e-05,2.65e-05,1.72e-05
Cinnamon Teal,0.0024072,0.0031998,0.0025079,0.0029756,0.0023587,0.0018688,0.0019215,0.0040417,0.0036726,0.0039927,0.0059772,0.0110787,0.017984,0.0290524,0.0408524,0.0522858,0.0602198,0.0621302,0.0625349,0.0544289,0.0433484,0.0363778,0.0261367,0.0171996,0.0111513,0.008662,0.0105022,0.0129761,0.0174918,0.0190878,0.0218446,0.0220464,0.0172799,0.0146607,0.0124731,0.0080985,0.0047494,0.0039604,0.002628,0.0030297,0.0032852,0.0023641,0.0028581,0.0034953,0.0025658,0.0018229,0.0019052,0.0025177
Northern Shoveler,0.0769685,0.0771933,0.076391,0.0764473,0.0722242,0.0623787,0.0556435,0.0799326,0.0798589,0.0784553,0.0805701,0.0867899,0.0892652,0.09801,0.100849,0.1001457,0.0825259,0.065286,0.05522,0.0389993,0.0240825,0.0182668,0.0116325,0.0064164,0.0053972,0.0058249,0.0064889,0.0079309,0.0130502,0.023931,0.0419769,0.0594735,0.063544,0.0668766,0.0708293,0.0768733,0.0779903,0.0803997,0.0874624,0.0917335,0.0910471,0.0948441,0.0972051,0.1015168,0.0887284,0.0807405,0.076632,0.0811519
Gadwall,0.1082918,0.1069121,0.1073155,0.1124821,0.1085219,0.0913363,0.0790809,0.1153144,0.1134969,0.1146827,0.1174091,0.1198152,0.1206281,0.1240606,0.1225191,0.1241386,0.121789,0.1193446,0.1165852,0.1083497,0.0868035,0.0784615,0.0643013,0.0508858,0.0390071,0.036481,0.0349204,0.0340551,0.0364807,0.0418534,0.0523803,0.0618617,0.0661936,0.0716517,0.0720667,0.0806095,0.0816648,0.0898478,0.0979153,0.1042311,0.1033045,0.1090566,0.1128193,0.1186854,0.104332,0.1072663,0.1007647,0.1096741
Falcated Duck,0.0015,0.0,0.000627,0.0,0.0,0.0,0.0015,0.0015,0.0001252,6.77e-05,0.0015,0.0,0.0,0.0,0.0,0.0,0.0,0.0,0.0,0.0,0.0,0.0,0.0,0.0,0.0015,0.0,0.0,0.0,0.0,0.0,0.0,0.0,0.0,0.0,0.0,0.0,0.0,0.0,0.0,0.0,0.0,0.0,0.0,0.0,0.0,0.0,0.0,0.0
Eurasian Wigeon,0.02987,0.0282338,0.0282548,0.0274818,0.0263825,0.0226617,0.020501,0.0299083,0.0277326,0.0269789,0.0237664,0.018661,0.0155623,0.0134976,0.007445,0.0049443,0.0027476,0.0016386,0.0008205,0.0003302,1.78e-05,7.79e-05,4.16e-05,0.0002139,0.0001115,7.53e-05,5.21e-05,5.73e-05,2.5e-05,7.77e-05,2.59e-05,0.0002139,0.0004378,0.0006195,0.0014849,0.003277,0.0058993,0.0093187,0.0119884,0.019041,0.0221682,0.0247946,0.0241885,0.0246208,0.0232114,0.0234458,0.0251647,0.0256941
American Wigeon,0.2089686,0.2112726,0.2106466,0.208014,0.1990259,0.1686292,0.1523025,0.2026606,0.2007846,0.2029054,0.1994836,0.177764,0.1551272,0.1392166,0.1144094,0.0933806,0.060041,0.0400243,0.0296439,0.0220839,0.0147694,0.0119961,0.0092394,0.0072541,0.0049289,0.0041176,0.0044823,0.0037839,0.005764,0.0065784,0.0146322,0.0323656,0.057208,0.0775108,0.0966664,0.1215821,0.1406324,0.1681249,0.1937341,0.2207705,0.2251608,0.2285264,0.2231415,0.2224885,0.2094994,0.2041612,0.1948347,0.2086222
Mallard,0.3390459,0.3511241,0.3502215,0.3619835,0.3536298,0.3106958,0.2900445,0.3805169,0.3824548,0.4015249,0.4014272,0.4002359,0.392731,0.3906545,0.3689628,0.3643341,0.340476,0.3224245,0.3061627,0.2724236,0.2197458,0.1974684,0.1864322,0.1774855,0.1771935,0.1857943,0.1963099,0.2126818,0.2244485,0.2444381,0.2624465,0.2727013,0.2745893,0.2691325,0.2781944,0.2970152,0.2946132,0.3104162,0.3342881,0.3568348,0.3526489,0.3668243,0.3631577,0.3630908,0.3381467,0.3379534,0.3425154,0.3414727
American Black Duck,3.03e-05,0.0,0.0015,0.0,0.0015,1.81e-05,0.0,0.0,0.0,0.0015,0.0015,0.0015,0.0,2.1e-05,0.0,1.4e-05,0.0,0.0,0.0,1.27e-05,1.78e-05,0.0015,0.0,0.0,2.23e-05,5.02e-05,5.21e-05,0.0,7.49e-05,2.59e-05,0.0,0.0015,2.3e-05,0.0,0.0,8.35e-05,5e-05,0.0001035,0.0001181,0.0001262,0.0001104,0.0015,6.02e-05,0.0015,0.0001193,0.0015,0.0,1.72e-05
White-cheeked Pintail,0.0,0.0,0.0,0.0,0.0,0.0,0.0,0.0,0.0,0.0,0.0,0.0,0.0,0.0,0.0,0.0,0.0,0.0,0.0,0.0,0.0,0.0,0.0,0.0,0.0,0.0,0.0,1.91e-05,0.0,0.0,0.0,0.0,0.0,0.0,0.0,0.0,0.0,0.0,0.0,0.0,0.0,0.0,0.0,0.0,0.0,0.0,0.0,0.0
Northern Pintail,0.0844625,0.0921259,0.0978096,0.1016701,0.0938674,0.0819559,0.0733569,0.1029585,0.1025416,0.1011482,0.09102,0.0748125,0.0630831,0.0645073,0.0554005,0.0474676,0.0350849,0.0245941,0.0185754,0.0124579,0.0071981,0.0057838,0.0037249,0.0041885,0.0024979,0.0030129,0.0027624,0.0029621,0.0059886,0.0138821,0.0298093,0.0478355,0.058936,0.0681672,0.0718687,0.0745773,0.072116,0.0764651,0.0804642,0.0858634,0.0813848,0.0813351,0.0781311,0.0869202,0.0786443,0.0764347,0.0714985,0.0829971
Green-winged Teal,0.1003891,0.1066193,0.1138887,0.1229669,0.115183,0.1035653,0.0916251,0.1375551,0.1375986,0.1418421,0.1394881,0.1405684,0.1365874,0.1454301,0.1409606,0.1319822,0.0835664,0.042998,0.0307088,0.0184901,0.012921,0.0126777,0.0100718,0.0084483,0.0067577,0.0064024,0.0063065,0.0086762,0.0190638,0.0331771,0.0525101,0.0724661,0.0808469,0.0840668,0.0916425,0.1017115,0.1016623,0.1135069,0.1241363,0.1304888,0.1169975,0.1187943,0.1156473,0.1138492,0.1039441,0.1010749,0.0980392,0.100707
Canvasback,0.0265696,0.0255987,0.0254232,0.0254876,0.0262077,0.0211195,0.0168067,0.0223331,0.020909,0.0178205,0.0158578,0.0137746,0.0122276,0.0096562,0.007464,0.0046781,0.0040483,0.003171,0.0027409,0.0017906,0.0018128,0.0015774,0.0009572,0.0007129,0.000736,0.0004017,0.0006254,0.000516,0.0004741,0.0008288,0.0006745,0.0008911,0.001175,0.0016003,0.0014601,0.0025464,0.0043995,0.0096293,0.0137601,0.0211871,0.0219474,0.0224023,0.0207587,0.0229721,0.0230622,0.0193915,0.0187082,0.0229695
Redhead,0.0113999,0.0116282,0.0103756,0.0101888,0.0110073,0.0095981,0.0081733,0.0102543,0.0118109,0.0108728,0.0112428,0.0123283,0.0134186,0.0137915,0.0154217,0.0162754,0.0192495,0.0230314,0.0245635,0.0213347,0.0187506,0.0186173,0.013214,0.0100702,0.0069807,0.0051219,0.0048211,0.0050452,0.0055145,0.0055684,0.0060708,0.0061844,0.0059212,0.0072013,0.0064593,0.004905,0.0053243,0.0063937,0.0066734,0.0093417,0.0089998,0.0104976,0.0094467,0.0090569,0.0077869,0.0082029,0.007859,0.0092602
Ring-necked Duck,0.1136663,0.1151731,0.1153045,0.1201938,0.1179567,0.0998639,0.0908808,0.1265387,0.1270398,0.1342401,0.132596,0.1344604,0.1236849,0.1252152,0.1102691,0.0902151,0.0602361,0.0397663,0.028125,0.0206743,0.0169199,0.015852,0.0140256,0.0117634,0.0085865,0.0071807,0.0054205,0.005867,0.0055145,0.0058792,0.0068491,0.0080736,0.0112435,0.0149446,0.0226198,0.028637,0.04032,0.0488973,0.0653458,0.0822656,0.0878447,0.0949004,0.1018382,0.1081117,0.104511,0.1064492,0.1087561,0.1127608
Tufted Duck,0.0003028,0.0020287,0.0012742,0.0012619,0.0013759,0.0008165,0.0004466,0.0008314,0.0005008,0.0004737,0.0005286,0.000688,0.000258,0.0002099,0.0002849,0.0003782,8.13e-05,1.52e-05,1.75e-05,0.0,0.0,0.0,0.0,3.56e-05,0.0,0.0,0.0,0.0,0.0,0.0,0.0,0.0,0.0,0.0,0.0,0.0,0.0,0.0015,2.95e-05,0.0001683,0.0001932,8.44e-05,0.000722,0.0017806,0.0003282,0.00088,0.0002382,0.0001035
Greater Scaup,0.0494603,0.0483739,0.0489048,0.0495887,0.0447934,0.0391908,0.0333969,0.0433497,0.0425692,0.0411901,0.0426942,0.0367885,0.0327524,0.0329779,0.0296469,0.0244411,0.0184204,0.0116978,0.0081529,0.0041653,0.0028259,0.002259,0.0012902,0.0017645,0.0017842,0.001632,0.0015115,0.0020257,0.0019962,0.0026158,0.0024647,0.0029051,0.0032717,0.0046976,0.0074492,0.0118138,0.0154231,0.0208635,0.0316837,0.0409855,0.0382354,0.0428909,0.0386895,0.0401187,0.0388746,0.0403231,0.042788,0.0457148
Lesser Scaup,0.0650235,0.0678239,0.0650041,0.0693276,0.0645584,0.0549397,0.0504743,0.0694704,0.0672343,0.0712819,0.0708724,0.0725238,0.0648894,0.0548722,0.0504245,0.0398202,0.0314431,0.0212714,0.0168471,0.0120643,0.0084777,0.0092308,0.0079076,0.0061669,0.0049289,0.0036406,0.0039351,0.0035163,0.0030442,0.002823,0.0033208,0.0035467,0.0045619,0.0060656,0.0073997,0.0105823,0.016273,0.0218213,0.0326286,0.0440573,0.0476769,0.0520939,0.0507837,0.0534183,0.0533146,0.0513232,0.0521817,0.0570961
Steller's Eider,0.0015,0.0,2.02e-05,3.12e-05,0.0,0.0,0.0,0.0,0.0,0.0,0.0,0.0,0.0,0.0,0.0,0.0,0.0,0.0,0.0,0.0,0.0,0.0,0.0,0.0,0.0,0.0,0.0,0.0,0.0,0.0,0.0,0.0,0.0,0.0001032,0.0,0.0015,0.0,0.0,0.0,0.0,0.0015,2.81e-05,6.02e-05,2.2e-05,0.0,6.29e-05,0.0015,5.17e-05
King Eider,0.0003179,0.0002091,0.0005056,0.0002648,6.55e-05,0.0001452,0.0001759,9.24e-05,4.17e-05,2.26e-05,6.1e-05,4.21e-05,0.0,2.1e-05,0.0015,4.2e-05,4.88e-05,0.0015,0.0,0.0015,0.0,0.0,0.0,1.78e-05,4.46e-05,5.02e-05,5.21e-05,3.82e-05,7.49e-05,0.0002072,0.0001297,0.0001604,4.61e-05,2.58e-05,0.0,0.0015,0.0,0.0,0.0010925,0.0018725,0.002457,0.0012383,0.000722,0.0004836,5.97e-05,0.0003771,7.94e-05,0.0002759
Common Eider,0.0001665,0.0007111,0.0002832,0.0002181,8.74e-05,0.0001633,0.0001218,4.62e-05,4.17e-05,4.51e-05,0.0,1.4e-05,0.0,0.0,0.0,2.8e-05,0.0,1.52e-05,0.0,0.0,0.0,0.0,0.0,0.0,0.0,0.0,0.0,0.0,0.0001497,0.0001036,0.0,0.0,0.0,0.0,0.0,0.0,0.0,0.0,0.000561,0.0004208,0.0,0.0,0.0,0.0,0.0,0.0,0.0,0.0
Harlequin Duck,0.0354412,0.0346962,0.0363247,0.0349131,0.0321918,0.0271795,0.0242899,0.0277143,0.027983,0.0303174,0.0329965,0.0275773,0.0285045,0.030144,0.027102,0.0236708,0.0197535,0.0152632,0.0136348,0.0101594,0.0076602,0.0091334,0.0082822,0.0104623,0.0103707,0.0115745,0.0127694,0.013989,0.014747,0.0192173,0.018887,0.0211909,0.0238002,0.0316444,0.0312322,0.0315383,0.0354956,0.0399928,0.0410736,0.0500326,0.0430942,0.0477879,0.0443455,0.0425588,0.0388448,0.0368345,0.0344791,0.038179
Surf Scoter,0.1126822,0.1129562,0.1097425,0.1100673,0.1001572,0.0817019,0.0739658,0.0898173,0.0886649,0.0847263,0.0873808,0.0718217,0.0682242,0.0687266,0.0679733,0.0599753,0.0493757,0.0349719,0.0249825,0.0169027,0.0115525,0.009815,0.0094683,0.0120308,0.0135153,0.016847,0.0187111,0.0218816,0.0253768,0.0294994,0.0330004,0.0384252,0.0438679,0.0591849,0.0677605,0.0777291,0.0953131,0.1106596,0.1208292,0.131688,0.1263562,0.1320218,0.1201601,0.121807,0.1136703,0.1122949,0.1091265,0.1125366
White-winged Scoter,0.0308237,0.0295096,0.030075,0.0261108,0.0239582,0.0186156,0.0167932,0.0202083,0.0193857,0.0181363,0.0218147,0.0151085,0.0158601,0.0158067,0.0150609,0.013138,0.0124211,0.0094826,0.0089036,0.0052321,0.0035013,0.0032132,0.0027469,0.0042954,0.0041483,0.006553,0.0062805,0.0076251,0.0095069,0.0095569,0.0122714,0.0146501,0.0178098,0.0235397,0.0246739,0.0275725,0.0314461,0.0383102,0.0480718,0.0557554,0.0472076,0.0497298,0.0429917,0.042361,0.0367564,0.0353573,0.0344262,0.0297638
Black Scoter,0.0112183,0.0109589,0.0112453,0.0096903,0.0093256,0.0069491,0.0057646,0.0074136,0.0072618,0.0065643,0.0086608,0.0068522,0.0057168,0.0041144,0.0036085,0.0024091,0.0017721,0.0014565,0.0009602,0.0006096,0.0001422,9.74e-05,0.0,1.78e-05,6.69e-05,5.02e-05,0.0001564,9.56e-05,0.0003244,0.0004662,0.000934,0.0011585,0.0016128,0.001781,0.0020541,0.0035692,0.0059743,0.0062642,0.0087699,0.0109196,0.0125335,0.0123269,0.0132675,0.0121126,0.0103228,0.0112201,0.0119341,0.0110364
Long-tailed Duck,0.0179401,0.0171076,0.0183848,0.0166386,0.0135843,0.0113036,0.0112721,0.0127717,0.013209,0.0125646,0.0127066,0.0087618,0.0087935,0.0082077,0.0068372,0.004328,0.0038694,0.001411,0.0004714,0.000381,0.0006221,0.0002142,6.24e-05,0.0001248,0.0002453,0.0001004,0.0001042,0.000172,4.99e-05,0.0001554,0.0,5.35e-05,0.0001152,0.0001549,0.0002475,0.0001879,0.0008249,0.0020708,0.00626,0.0152749,0.0169229,0.0190814,0.0164566,0.0175423,0.0157826,0.016783,0.0174909,0.0167443
Bufflehead,0.3248603,0.331465,0.3296321,0.3295632,0.3077881,0.2638302,0.2374322,0.3045798,0.2961896,0.2940606,0.2893854,0.2767559,0.2640041,0.2565809,0.2322755,0.1816208,0.1142128,0.0609467,0.0296439,0.0141596,0.0077668,0.0066407,0.0049735,0.0037607,0.002654,0.0024354,0.0023975,0.0034972,0.0034684,0.0034446,0.003684,0.0033863,0.0043545,0.0044395,0.0055683,0.005886,0.0102237,0.0203199,0.0605032,0.1622799,0.2499793,0.3092987,0.3262132,0.3379204,0.3133839,0.316739,0.30928,0.3280221
Common Goldeneye,0.2029128,0.2027816,0.2001497,0.2023431,0.1914912,0.1641295,0.1397042,0.1841151,0.177142,0.1753175,0.1666904,0.1410177,0.1139386,0.0876611,0.0587241,0.0339375,0.0186968,0.0119709,0.0072277,0.0049273,0.0028792,0.003739,0.0026844,0.0022814,0.0025202,0.0021341,0.0016418,0.0017964,0.0019962,0.0022532,0.00275,0.0025664,0.0030182,0.003149,0.0031678,0.0029848,0.0047994,0.0044523,0.0068505,0.0147489,0.0345637,0.0854723,0.1285237,0.1721917,0.1810669,0.1936325,0.1891985,0.1991895
Barrow's Goldeneye,0.0610873,0.0584754,0.0562061,0.057207,0.0549707,0.045777,0.0411102,0.0519412,0.0502066,0.0471453,0.0486307,0.0405375,0.0382707,0.0291784,0.0224489,0.0122416,0.0080152,0.0068427,0.0074022,0.0055115,0.005403,0.0049464,0.0063885,0.0048658,0.0042821,0.0032891,0.0028666,0.0022168,0.0024953,0.0021237,0.001401,0.001604,0.0012672,0.001368,0.0015344,0.0018576,0.0022247,0.0025626,0.0046359,0.0171053,0.0323275,0.0424125,0.0513854,0.0569796,0.0525688,0.0531146,0.0556482,0.0553199
Smew,0.0015,2.09e-05,4.05e-05,3.12e-05,2.18e-05,1.81e-05,0.0,0.0,0.0,0.0015,2.03e-05,1.4e-05,0.0,0.0,0.0,0.0,0.0,0.0,0.0,0.0,0.0,0.0,0.0,0.0,0.0,0.0,0.0,0.0,0.0,0.0,0.0,0.0,0.0,0.0,0.0,0.0,0.0,0.0,0.0,0.0,0.0,0.0,0.0,0.0,0.0,0.0,0.0,0.0
Hooded Merganser,0.129063,0.1206734,0.1163967,0.1154421,0.1059666,0.0895763,0.0806912,0.1080625,0.1008305,0.0992308,0.0897392,0.0817771,0.0702886,0.0645493,0.0538621,0.0433498,0.0346947,0.0281748,0.024808,0.0223506,0.0195681,0.0186563,0.0193112,0.0172352,0.0169945,0.0186045,0.0196753,0.0235443,0.0279719,0.0282562,0.030873,0.0342904,0.0338917,0.0348192,0.0388794,0.0435817,0.0450194,0.0485608,0.0628359,0.0968251,0.1201723,0.1343296,0.1433858,0.1412618,0.1286771,0.1301779,0.1331799,0.1315572
Common Merganser,0.1377833,0.1340793,0.135995,0.132221,0.1250328,0.1107684,0.0988917,0.1316428,0.1253287,0.1299768,0.1181613,0.1152237,0.1044107,0.0959948,0.080964,0.0677769,0.0536353,0.04758,0.0459323,0.0379199,0.0319026,0.0308277,0.0298824,0.0273233,0.0226147,0.0218936,0.0211607,0.0228563,0.0233307,0.0265209,0.0298353,0.0331498,0.035804,0.0388457,0.0425669,0.0418284,0.0428946,0.0477583,0.0572255,0.0725873,0.0767192,0.0931836,0.1023797,0.1126841,0.1117608,0.1170092,0.1310894,0.1345059
Red-breasted Merganser,0.1006616,0.1052599,0.1025221,0.1018415,0.096379,0.078817,0.0687695,0.0854061,0.0806728,0.0764251,0.0718483,0.0651802,0.0632419,0.0657038,0.0597307,0.0487422,0.0306302,0.0136398,0.0055691,0.0022224,0.0009242,0.0003311,0.000333,0.0002495,0.0002453,0.0004268,0.0002085,0.0005924,0.0009232,0.0009583,0.0008302,0.0009802,0.0011981,0.0011873,0.0016581,0.0046337,0.0091489,0.0184303,0.0336621,0.0651181,0.0795627,0.0910728,0.0941665,0.0931194,0.0920998,0.0928091,0.0944669,0.0999483
Ruddy Duck,0.0311114,0.030869,0.0298728,0.032249,0.0307067,0.0263993,0.0236404,0.0310169,0.0297984,0.0271368,0.0261858,0.0252464,0.027254,0.0253789,0.0268931,0.0250994,0.025265,0.0257321,0.0251222,0.0224395,0.0199236,0.0206426,0.0181043,0.0158807,0.0136268,0.011223,0.0120658,0.0103579,0.0116279,0.0120691,0.0130756,0.014953,0.0179481,0.0205198,0.0207142,0.0214778,0.0262467,0.0269207,0.0292033,0.032233,0.0288215,0.0305359,0.0283101,0.0287975,0.0239274,0.0238859,0.024662,0.024556
Helmeted Guineafowl,1.51e-05,0.0015,0.0,0.0,4.37e-05,0.0015,1.35e-05,2.31e-05,2.09e-05,0.0,0.0,0.0015,0.0015,0.0,0.0015,1.4e-05,8.13e-05,0.0015,0.0,0.0015,0.0,0.0,2.08e-05,3.56e-05,0.0015,0.0015,0.0,0.0,0.0,0.0,0.0,3.56e-05,2.3e-05,0.0,2.47e-05,4.17e-05,0.0,2.59e-05,2.95e-05,0.0,0.0,0.0,0.0,0.0,2.98e-05,0.0,0.0015,0.0
Mountain Quail,0.0001817,0.0001464,0.0002023,6.23e-05,8.74e-05,7.26e-05,0.0002436,0.0003695,0.0006469,0.0010602,0.0009352,0.0010391,0.0008138,0.0008816,0.0004938,0.0006583,0.0006991,0.0006069,0.0007507,0.000762,0.0003732,0.0002726,0.0003538,0.000303,0.0002899,0.0004268,0.0005733,0.0003249,0.0004741,0.0002072,0.0005189,0.0002317,0.0001843,0.0004388,0.0002722,0.0002713,0.00035,0.0004659,0.0004134,0.0003366,0.0003313,0.000394,0.0002708,0.0002198,0.0004177,0.00022,0.000344,0.0002242
Northern Bobwhite,0.0,0.0,0.0015,0.0,0.0,0.0,0.0,2.31e-05,0.0,0.0,0.0,4.21e-05,3.97e-05,0.0001889,0.0003798,0.0001821,0.0001951,0.0002579,0.0003492,0.0002413,0.0003732,0.0002532,0.0003121,0.0001961,0.0002676,0.000226,0.0003648,5.73e-05,0.0,0.0,2.59e-05,1.78e-05,0.0015,0.0,0.0,0.0,0.0,0.0,0.0,0.0,0.0,0.0,0.0,0.0,0.0,3.14e-05,0.0,0.0
Scaled Quail,0.0,0.0,0.0,0.0,0.0,0.0,0.0,0.0,0.0,0.0,0.0,0.0,0.0,0.0,0.0,0.0015,0.0,1.52e-05,0.0,0.0,0.0,0.0015,0.0,0.0,0.0,0.0,0.0,0.0,0.0,0.0,0.0,0.0,0.0,0.0,4.95e-05,0.0,0.0,0.0,0.0,0.0,0.0,0.0,0.0,0.0,0.0,0.0,0.0,0.0
California Quail,0.0387568,0.0351772,0.0343628,0.0312052,0.0297676,0.0340742,0.0372265,0.036144,0.0358082,0.0389569,0.0442597,0.0519812,0.0572869,0.0662286,0.0742598,0.0806068,0.0850621,0.0987559,0.1019902,0.1041844,0.0999556,0.0892502,0.0793466,0.0716857,0.0634283,0.0607095,0.054726,0.0528026,0.0503543,0.0512289,0.049786,0.0565685,0.06124,0.0593398,0.0568218,0.052202,0.048244,0.0463605,0.0454143,0.0429422,0.040582,0.0407239,0.0421794,0.0390635,0.0367564,0.0427431,0.046519,0.0415589
Wild Turkey,0.0092199,0.0083865,0.0093036,0.0082414,0.0079497,0.0087635,0.0096212,0.0089379,0.0099954,0.0093614,0.0102669,0.0117948,0.0138751,0.0158697,0.0157636,0.015351,0.0158516,0.0151722,0.0145251,0.0157597,0.0146983,0.0152483,0.0116533,0.0106406,0.0098354,0.0095408,0.0097725,0.0088864,0.0106049,0.0107223,0.0105072,0.0111212,0.0123033,0.0126733,0.013265,0.0114799,0.0110736,0.0103282,0.0106597,0.0092365,0.0079784,0.008809,0.0076416,0.0075841,0.0078167,0.0099943,0.0122516,0.009312
Ruffed Grouse,0.0018167,0.0015895,0.0020832,0.0021344,0.001638,0.0016874,0.0019892,0.0015243,0.0017946,0.0022106,0.0028869,0.0049847,0.0064115,0.0073891,0.0076919,0.0077035,0.0087468,0.0081626,0.0089036,0.0097911,0.007749,0.0058228,0.005244,0.0046519,0.0040814,0.0037912,0.0038308,0.0027137,0.0031939,0.0024604,0.0031911,0.0027625,0.0032486,0.0035877,0.0044299,0.0057817,0.0058243,0.0043487,0.004193,0.0035557,0.0026779,0.0025048,0.0026174,0.0026599,0.0021779,0.0022943,0.0031224,0.0018969
Greater Sage-Grouse,3.03e-05,2.09e-05,4.05e-05,6.23e-05,4.37e-05,0.0001452,0.0001894,0.0001386,0.0002504,0.0004737,0.0009759,0.0006459,0.0004565,0.0005038,0.0004938,0.0002381,0.0001301,9.1e-05,6.98e-05,1.27e-05,3.55e-05,9.74e-05,6.24e-05,1.78e-05,2.23e-05,5.02e-05,5.21e-05,0.0015,2.5e-05,2.59e-05,5.19e-05,5.35e-05,0.0001613,2.58e-05,0.0001732,0.0001044,5e-05,0.0001294,2.95e-05,4.21e-05,0.0001104,0.0001126,0.0001203,0.0001319,0.0002088,6.29e-05,7.94e-05,5.17e-05
Dusky Grouse,0.0015,2.09e-05,4.05e-05,3.12e-05,6.55e-05,5.44e-05,6.77e-05,0.0015,6.26e-05,9.02e-05,0.0003456,0.0006178,0.0008932,0.0014064,0.0015194,0.0011485,0.0009755,0.0012138,0.001449,0.0016382,0.0023283,0.0018306,0.0024763,0.0022636,0.0021187,0.0018077,0.0013291,0.0018346,0.0017217,0.0010101,0.0011156,0.001301,0.0009216,0.0006711,0.0011384,0.0009393,0.0009249,0.0007766,0.0008268,0.0004629,0.000138,0.0003096,9.03e-05,0.0001099,5.97e-05,6.29e-05,5.29e-05,6.9e-05
Sooty Grouse,7.57e-05,0.0001464,8.09e-05,6.23e-05,8.74e-05,0.0001089,0.0001218,0.0001848,0.0003547,0.0006091,0.0011588,0.0024292,0.0031363,0.0053949,0.0068752,0.0078156,0.0080315,0.0087999,0.0087291,0.0093339,0.0083178,0.0098929,0.0104256,0.0132963,0.012757,0.0119511,0.0127694,0.0131863,0.0106049,0.0109295,0.0088727,0.0077884,0.0072576,0.007382,0.0057911,0.0054686,0.0040995,0.0026403,0.0022441,0.001073,0.0005521,0.0003096,0.0001504,0.0002198,8.95e-05,0.0015,0.0001323,3.45e-05
Sharp-tailed Grouse,0.0002725,0.0006274,0.0011528,0.0006855,0.0005897,0.0005806,0.0008796,0.0003926,0.0001878,6.77e-05,6.1e-05,0.0002106,0.0001588,0.0001679,0.0001329,1.4e-05,6.5e-05,1.52e-05,1.75e-05,2.54e-05,3.55e-05,1.95e-05,4.16e-05,3.56e-05,0.0015,2.51e-05,7.82e-05,5.73e-05,0.0,2.59e-05,0.0015,0.0,0.0,0.0,0.0,0.0,2.5e-05,0.0,0.0,0.0,0.0,2.81e-05,0.0015,0.0001099,2.98e-05,0.0001886,0.0002646,0.0004828
White-tailed Ptarmigan,3.03e-05,0.0015,2.02e-05,3.12e-05,0.0,0.0,0.0015,0.0015,0.0,0.0,0.0,0.0015,0.0015,0.0,0.0015,1.4e-05,0.0015,4.55e-05,3.49e-05,6.35e-05,8.89e-05,9.74e-05,0.0002289,0.0004812,0.0004461,0.0010796,0.0012248,0.0015671,0.0012476,0.001295,0.0012972,0.001105,0.0009216,0.0007485,0.000396,0.000814,0.0006999,0.0005177,8.86e-05,0.0001473,2.76e-05,2.81e-05,3.01e-05,2.2e-05,0.0,0.0015,0.0015,3.45e-05
Spruce Grouse,0.0,0.0015,0.0,0.0015,0.0,0.0015,0.0,0.0,2.09e-05,2.26e-05,2.03e-05,1.4e-05,0.0,0.0015,0.0,0.0015,1.63e-05,1.52e-05,6.98e-05,0.0001397,0.00016,0.0001363,0.0002081,0.0003565,0.0003345,0.0004017,0.0003909,0.0002102,0.0002994,0.0004403,0.0005967,0.0004456,0.0003917,0.0003614,0.0008167,0.0010019,0.0007749,0.000673,0.0005315,0.0003366,2.76e-05,2.81e-05,0.0001504,0.0,0.0,0.0,0.0,1.72e-05
Gray Partridge,0.002059,0.0028652,0.0042069,0.0021967,0.001769,0.0017237,0.0021516,0.00194,0.0016694,0.0015339,0.0016468,0.0016288,0.0016475,0.0014694,0.0019182,0.0014847,0.0014632,0.0015779,0.0012919,0.0015112,0.0016351,0.0012074,0.0010405,0.0008199,0.0009367,0.0012805,0.0013812,0.0009555,0.0010231,0.0014245,0.0010118,0.0011585,0.0012902,0.0013164,0.0014849,0.0011897,0.0009499,0.0008024,0.0011516,0.0011572,0.0013251,0.000985,0.0011432,0.0011211,0.0015216,0.0012257,0.0011114,0.0024142
Reeves's Pheasant,0.0,0.0,0.0,0.0,0.0,0.0,0.0,0.0,0.0,0.0015,0.0,0.0,0.0,0.0,0.0,0.0,0.0,0.0,0.0,0.0,0.0,0.0,0.0,0.0,0.0,0.0,0.0,0.0,0.0,0.0,0.0,0.0,0.0,0.0,0.0,0.0,0.0,0.0,0.0,0.0,0.0,0.0,0.0,0.0,0.0,0.0,0.0,0.0
Golden Pheasant,1.51e-05,0.0,0.0,0.0015,0.0,0.0,0.0015,0.0,0.0,0.0,0.0015,0.0015,0.0,0.0,0.0,0.0,0.0,0.0,0.0015,1.27e-05,0.0,0.0,0.0,0.0,0.0,0.0,0.0015,0.0,0.0,0.0015,0.0,0.0,0.0,0.0,0.0,2.09e-05,2.5e-05,0.0,0.0,0.0,0.0,0.0,0.0,0.0015,0.0,0.0,0.0015,0.0
Ring-necked Pheasant,0.0102191,0.0096622,0.0095463,0.0094878,0.0088233,0.0078382,0.0084304,0.0112474,0.013042,0.0155196,0.0211641,0.0289534,0.0322164,0.0340065,0.034357,0.0320186,0.0319958,0.0325899,0.0332053,0.030313,0.0326846,0.0248685,0.0173967,0.0131893,0.0100361,0.0074569,0.0062544,0.0058287,0.0057141,0.0058274,0.0066156,0.0080557,0.0091929,0.010789,0.010617,0.0106032,0.0121985,0.011726,0.0136125,0.0127922,0.0118157,0.0118485,0.0120341,0.0116289,0.009756,0.0115344,0.0086529,0.0095706
Green Pheasant,0.0,0.0,0.0,0.0,0.0,0.0,0.0,0.0,0.0,0.0,0.0,0.0,0.0,2.1e-05,0.0,0.0,0.0,0.0,1.75e-05,0.0,0.0,0.0,0.0,0.0,0.0,0.0,0.0,0.0,0.0,0.0,0.0,0.0,0.0,0.0,0.0,0.0,0.0,0.0,0.0,0.0,0.0,0.0,0.0,0.0,0.0,0.0,0.0,0.0
Indian Peafowl,0.0015,0.0015,2.02e-05,1.56e-05,2.18e-05,5.44e-05,0.0,0.0,0.0015,2.26e-05,2.03e-05,0.0015,1.98e-05,4.2e-05,1.9e-05,5.6e-05,8.13e-05,4.55e-05,6.98e-05,0.0001016,0.00016,9.74e-05,4.16e-05,0.0001069,0.0001115,5.02e-05,7.82e-05,1.91e-05,4.99e-05,2.59e-05,0.0015,0.0015,0.0015,2.58e-05,4.95e-05,2.09e-05,5e-05,2.59e-05,2.95e-05,6.31e-05,0.0,0.0015,0.0,0.0,0.0,0.0,2.65e-05,0.0
Green Peafowl,0.0,0.0,0.0,0.0,0.0,0.0,0.0,0.0,0.0,0.0,0.0,0.0,0.0,0.0,0.0,0.0,1.63e-05,0.0,0.0,0.0,0.0,0.0,0.0,0.0,0.0,0.0,0.0,0.0,0.0,0.0,0.0,0.0,0.0,0.0,0.0,0.0,0.0,0.0,0.0,0.0,0.0,0.0,0.0,0.0,0.0,0.0,0.0,0.0
Red Junglefowl,0.0,0.0,2.02e-05,3.12e-05,2.18e-05,1.81e-05,2.71e-05,2.31e-05,4.17e-05,6.77e-05,6.1e-05,5.62e-05,1.98e-05,0.0,1.9e-05,1.4e-05,1.63e-05,0.0,1.75e-05,1.27e-05,1.78e-05,1.95e-05,4.16e-05,3.56e-05,4.46e-05,2.51e-05,0.0001564,1.91e-05,2.5e-05,2.59e-05,0.0,3.56e-05,0.0,0.0015,2.47e-05,2.09e-05,0.0,2.59e-05,0.0,0.0,0.0,2.81e-05,3.01e-05,6.59e-05,2.98e-05,6.29e-05,0.0,8.62e-05
Red-legged Partridge,0.0,0.0,0.0,0.0,0.0,0.0,0.0,0.0,0.0,2.26e-05,0.0,0.0,0.0,0.0,0.0,0.0,0.0,0.0,0.0,0.0,0.0,0.0,0.0,0.0,0.0,0.0,0.0,0.0,0.0,0.0,0.0,0.0,0.0,0.0,0.0,0.0,0.0,0.0,0.0,0.0,0.0,0.0,0.0,0.0,0.0,0.0,0.0,0.0
Chukar,0.0013323,0.0015476,0.0022046,0.0018228,0.0014196,0.0015059,0.0019486,0.0031871,0.0046117,0.0048273,0.0060992,0.0071752,0.0058359,0.0052059,0.0051279,0.0048182,0.0052351,0.0064482,0.0068436,0.0054607,0.0057407,0.0042259,0.0036625,0.0036182,0.0024087,0.0018579,0.0024757,0.0016435,0.001572,0.0018648,0.0014788,0.0021743,0.0019814,0.0021939,0.0024006,0.0018994,0.0021497,0.0020191,0.0018603,0.0021461,0.0016564,0.001773,0.0018954,0.0013629,0.0014917,0.0014143,0.0011643,0.001483
Rock Pigeon,0.1206607,0.1209871,0.1180754,0.1195862,0.1113174,0.0991382,0.094575,0.1199797,0.1147907,0.1170062,0.1228983,0.1165295,0.116539,0.1116336,0.1124152,0.1094879,0.1012551,0.0927629,0.0909392,0.0836244,0.0808318,0.0811879,0.0821142,0.086693,0.0893885,0.1028145,0.1083314,0.1155809,0.1186246,0.1300666,0.1309638,0.1288029,0.1301984,0.1340371,0.1249288,0.1248174,0.1207849,0.1241976,0.1331424,0.1316039,0.1251967,0.1301644,0.1281326,0.1216091,0.1191897,0.1237664,0.1227276,0.1214865
Band-tailed Pigeon,0.0036789,0.0035554,0.0043282,0.0037858,0.0051323,0.0080015,0.010149,0.0093998,0.0121447,0.0152715,0.0228516,0.0292903,0.0391838,0.0446282,0.0566729,0.0649896,0.0723808,0.0746776,0.0790852,0.0799797,0.0796054,0.0801947,0.0787223,0.0750009,0.0706767,0.0668859,0.0628046,0.0624152,0.0599611,0.0575225,0.0574912,0.0551427,0.0559408,0.0494283,0.0456357,0.0403882,0.0300962,0.0213036,0.0140849,0.010057,0.0061011,0.005685,0.0041517,0.0033634,0.0039382,0.0037086,0.0043132,0.0040869
Eurasian Collared-Dove,0.0685056,0.0620726,0.0662581,0.0688914,0.0657377,0.0677493,0.0686748,0.0750364,0.080318,0.0872302,0.0945372,0.1008172,0.1052245,0.1136698,0.1177901,0.127262,0.1276582,0.1306023,0.1274267,0.1204902,0.1117924,0.106446,0.1025908,0.1039105,0.1052456,0.1075849,0.1095562,0.1095993,0.109991,0.1124032,0.1099235,0.1134399,0.1094164,0.1059546,0.0963942,0.0912962,0.0782152,0.0718834,0.0724325,0.0747123,0.0657869,0.0677418,0.0666687,0.0620136,0.0629811,0.0712175,0.0720542,0.0705122
African Collared-Dove,1.51e-05,0.0,0.0015,1.56e-05,0.0,0.0,0.0,0.0,0.0,0.0,0.0,0.0,0.0,0.0015,0.0015,1.4e-05,0.0,0.0,0.0,0.0,0.0,0.0,0.0015,0.0,0.0,0.0,2.61e-05,0.0,0.0001497,0.0001295,0.0001297,1.78e-05,0.0,0.0,0.0,0.0,0.0,0.0,0.0,0.0,0.0,2.81e-05,0.0,0.0,0.0,0.0,0.0,0.0015
White-winged Dove,9.08e-05,2.09e-05,0.0,0.0,2.18e-05,3.63e-05,2.71e-05,0.0,2.09e-05,2.26e-05,0.0,1.4e-05,0.0,8.4e-05,3.8e-05,8.4e-05,1.63e-05,0.0,0.0015,0.0015,0.0015,0.0015,0.0,0.0,0.0,0.0001758,0.0015,0.0,0.0,2.59e-05,0.0,0.0,0.0,0.0,0.0,0.0,0.0,0.0015,0.0,0.0,0.0015,0.0,0.0,0.0,0.0,0.0,0.0001852,0.0001207
Mourning Dove,0.0590586,0.0570114,0.0516352,0.0497445,0.0480912,0.0587862,0.0634921,0.0589621,0.0649389,0.0772371,0.0881534,0.1021792,0.1012545,0.108128,0.1184928,0.129279,0.1496066,0.1730238,0.1776885,0.187631,0.1798098,0.1744499,0.1661846,0.1526396,0.1521923,0.1495142,0.142939,0.13945,0.1364657,0.132527,0.1249189,0.1269672,0.1196231,0.1091294,0.0923355,0.0796285,0.0666667,0.0631601,0.063456,0.0647394,0.0636888,0.0667849,0.0617648,0.064102,0.0612507,0.0653404,0.0687465,0.0688395
Yellow-billed Cuckoo,0.0,0.0,0.0,0.0,0.0,0.0,0.0,0.0,0.0,0.0,0.0,0.0,0.0,0.0,0.0,0.0,0.0,0.0,0.0,0.0,1.78e-05,0.0,0.0015,0.0,0.0015,0.0,0.0,0.0015,0.0015,0.0,0.0,0.0,2.3e-05,0.0,0.0,0.0,0.0,0.0,0.0,0.0,0.0,0.0,0.0,0.0,0.0,0.0,0.0,0.0
Black-billed Cuckoo,0.0,0.0,0.0,0.0,0.0,0.0,0.0,0.0,0.0,0.0,0.0,0.0,0.0,0.0,0.0,0.0,0.0,0.0,0.0,0.0,0.0,0.0,0.0,0.0015,0.0,0.0,0.0,0.0,0.0,0.0,0.0,0.0,0.0,0.0,0.0,0.0,0.0,0.0,0.0,0.0,0.0,0.0,0.0,0.0,0.0,0.0,0.0,0.0
Lesser Nighthawk,0.0,0.0,0.0,0.0,0.0,0.0,0.0,0.0,0.0,0.0,0.0,0.0,0.0,0.0,0.0,0.0,0.0,0.0,1.75e-05,0.0012953,0.0006398,0.0001363,4.16e-05,0.0,2.23e-05,0.0,5.21e-05,5.73e-05,0.0,0.0,0.0,0.0,0.0,0.0,0.0,0.0,0.0,0.0,0.0,0.0,0.0,0.0,0.0,0.0,0.0,0.0,0.0,0.0
Common Nighthawk,0.0,0.0,0.0,0.0,0.0,0.0,0.0,0.0,0.0,0.0,0.0,0.0,0.0,0.0,0.0,0.0,0.0,9.1e-05,0.0003841,0.0093593,0.0317249,0.0369036,0.0399126,0.0341496,0.027276,0.0223957,0.0236625,0.0247482,0.0244036,0.0222475,0.0187054,0.013349,0.0064512,0.0033813,0.0015344,0.0005218,0.00015,5.18e-05,0.0,0.0,0.0,0.0,0.0,0.0,0.0,0.0,0.0,0.0
Common Poorwill,0.0,0.0,0.0,0.0,0.0,0.0,0.0,0.0,0.0,0.0,0.0,7.02e-05,7.94e-05,6.3e-05,0.0001899,0.0002241,0.0007154,0.0020786,0.0031599,0.0044574,0.0049054,0.0032132,0.0028509,0.0026913,0.0020295,0.0015818,0.0014333,0.001032,0.0004741,0.0006475,0.0006486,0.0009446,0.0009446,0.0006711,0.0004455,0.0002922,0.00015,0.0014237,0.0001181,0.0015,0.0,0.0,0.0,0.0,0.0,0.0,0.0,0.0
Black Swift,0.0,0.0,0.0,0.0,0.0,0.0,0.0,0.0,0.0,0.0,0.0,0.0,0.0,0.0,0.0,0.0,0.0002601,0.0008496,0.002706,0.0049781,0.0054563,0.0117624,0.0129643,0.0099633,0.0062001,0.0057245,0.0054987,0.004835,0.0051402,0.0054389,0.0051887,0.0055784,0.0048153,0.0035103,0.0019304,0.0008766,0.0001,5.18e-05,0.0,0.0,0.0,0.0,0.0,0.0,0.0,0.0,0.0,0.0
Vaux's Swift,0.0,2.09e-05,0.0,0.0,0.0,0.0,0.0,0.0,0.0,0.0,0.0,0.0015,5.95e-05,0.0010706,0.0108446,0.0322147,0.0468394,0.0501138,0.0614525,0.0568036,0.0500311,0.0564946,0.0533971,0.0441486,0.0421964,0.0412011,0.0438329,0.0450437,0.0474349,0.0483541,0.0445972,0.0451621,0.0439371,0.0429239,0.0436063,0.0240451,0.0063742,0.0013719,0.0002067,0.0001052,5.52e-05,5.63e-05,3.01e-05,0.0,0.0,0.0,0.0015,6.9e-05
White-throated Swift,0.0,0.0,0.0,0.0,0.0,0.0,0.0,0.0,0.0,0.0001128,0.0008336,0.0024572,0.0044265,0.0060666,0.0062864,0.0053084,0.0058854,0.0069034,0.008956,0.0079497,0.0089576,0.009075,0.0068047,0.0057391,0.003836,0.0028622,0.0027102,0.0017964,0.0011728,0.0014245,0.0011934,0.0019783,0.0018662,0.001368,0.0013364,0.0004174,2.5e-05,0.0,0.0,0.0,0.0,0.0,0.0,0.0,0.0,0.0,0.0,0.0
Ruby-throated Hummingbird,0.0,0.0,0.0,0.0,0.0,0.0,0.0,0.0,0.0,0.0,0.0,0.0,0.0,0.0,0.0,0.0,0.0,0.0,0.0,0.0,0.0,0.0,0.0,0.0,0.0,0.0,0.0,0.0,0.0,0.0,0.0,0.0,0.0,0.0,0.0,0.0,0.0,0.0,0.0,0.0015,0.0,0.0,0.0,0.0,0.0,0.0,0.0,0.0
Black-chinned Hummingbird,0.0,0.0,0.0,0.0,0.0,0.0,0.0,0.0,0.0,0.0,0.0,0.0,0.0,2.1e-05,0.0015,0.0003782,0.004097,0.0089971,0.0163059,0.0237221,0.0236915,0.02037,0.0197482,0.0198196,0.0210536,0.0194331,0.0204832,0.0222638,0.0234554,0.0203569,0.0166818,0.0148461,0.0097919,0.0046718,0.0010394,0.0003131,7.5e-05,0.0,0.0,0.0,0.0,0.0,0.0,0.0,0.0,0.0,0.0,0.0
Anna's Hummingbird,0.2311326,0.2563631,0.2539692,0.2613573,0.2773216,0.3149415,0.3175415,0.2793829,0.281207,0.2729467,0.2732023,0.269665,0.2677955,0.2584911,0.2491026,0.2441593,0.241497,0.2341526,0.217493,0.2098419,0.1936906,0.1747809,0.1804807,0.1735287,0.1841518,0.1833338,0.1887786,0.19768,0.2094271,0.2125301,0.221637,0.2305156,0.244937,0.2417469,0.2485955,0.2609059,0.2573678,0.25044,0.2405362,0.2385491,0.2313723,0.2330012,0.2395078,0.2342933,0.2356943,0.2546357,0.2664656,0.2523366
Costa's Hummingbird,0.0,0.0,0.0,0.0,0.0,0.0,0.0,0.0,0.0,0.0,0.0,0.0,0.0,0.0,0.0015,7e-05,6.5e-05,0.0001214,0.0001047,3.81e-05,0.0015,0.0002726,0.0007491,7.13e-05,0.0,0.0,0.0,0.0,0.0,0.0,0.0,0.0,0.0,0.0,0.0,2.09e-05,0.0,0.0,0.0,0.0,0.0,0.0,0.0,0.0,0.0,0.0,0.0,0.0
Calliope Hummingbird,0.0,0.0,0.0,0.0,0.0,0.0,0.0,0.0,0.0,0.0,0.0,1.4e-05,0.0001786,0.0018263,0.0068942,0.015253,0.0208916,0.0249734,0.0290503,0.0281669,0.0255399,0.0270886,0.0256581,0.0224931,0.0197377,0.0179769,0.0170172,0.013989,0.0123515,0.0110849,0.0077312,0.0055071,0.0021197,0.0008518,0.0002227,0.0001461,2.5e-05,0.0,2.95e-05,2.1e-05,0.0,0.0,0.0,0.0,0.0,0.0,0.0,0.0
Rufous Hummingbird,3.03e-05,8.37e-05,2.02e-05,6.23e-05,0.0001092,0.0001633,0.0003383,0.0020093,0.009745,0.0261217,0.0558278,0.0996939,0.1238636,0.1428272,0.1509696,0.1586644,0.1650029,0.1575178,0.1572277,0.1542066,0.1471074,0.1549172,0.1612111,0.1478452,0.1376734,0.1226995,0.1143773,0.0943108,0.0767791,0.0607599,0.0496303,0.0371598,0.0204594,0.0094211,0.003737,0.0013985,0.0010749,0.0004918,0.0002953,0.0003156,8.28e-05,5.63e-05,3.01e-05,4.4e-05,5.97e-05,6.29e-05,5.29e-05,0.0001035
Broad-tailed Hummingbird,0.0,0.0,0.0,0.0,0.0,0.0,0.0,0.0,0.0,0.0,0.0,0.0,0.0,0.0,0.0,0.0,0.0,0.0,0.0,0.0015,0.0015,1.95e-05,0.0015,0.0015,0.0015,0.0015,0.0,0.0,0.0,0.0,0.0,0.0,0.0,0.0,0.0,0.0,0.0,0.0,0.0,0.0,0.0,0.0,0.0,0.0,0.0,0.0,0.0,0.0
Broad-billed Hummingbird,0.0,0.0,0.0,0.0,0.0,0.0,0.0,0.0,0.0,0.0,0.0,0.0,0.0,0.0,0.0,0.0,0.0,0.0,0.0,0.0,0.0,0.0,0.0,0.0,0.0,0.0,0.0,0.0,0.0,0.0,0.0,0.0,0.0,0.0,0.0,0.0,0.0,0.0,0.0,0.0015,0.0,0.0,0.0,0.0,0.0,0.0,0.0,0.0
Virginia Rail,0.0143521,0.0124856,0.012924,0.012183,0.0120556,0.0109408,0.0087552,0.0164207,0.0189057,0.021926,0.0262468,0.0305822,0.0297154,0.0321172,0.0329136,0.0343437,0.0344345,0.0335306,0.031442,0.0296273,0.0264107,0.0250243,0.0234939,0.0223149,0.0204291,0.0238269,0.0229067,0.0244998,0.0241791,0.0247339,0.0272409,0.0292645,0.0307122,0.030199,0.0319747,0.0311835,0.0270466,0.0274902,0.0271364,0.0267836,0.0235762,0.0233874,0.0234664,0.0198505,0.0197207,0.0177572,0.0195285,0.0157786
Giant Wood-Rail,0.0,0.0,0.0,0.0,0.0,0.0,0.0,2.31e-05,0.0,0.0,0.0,0.0,0.0,0.0,0.0,0.0,0.0,0.0,0.0,0.0,0.0,0.0,0.0,0.0,0.0,0.0,0.0,0.0,0.0,0.0,0.0,0.0,0.0,0.0,0.0,0.0,0.0,0.0,0.0,0.0,0.0,0.0,0.0,0.0,0.0,0.0,0.0,0.0
Sora,0.0010143,0.0011503,0.0010113,0.0010127,0.0003713,0.0005262,0.0004601,0.0007621,0.0014816,0.0011053,0.0018907,0.0030049,0.0034936,0.0063185,0.0126868,0.0211496,0.0279313,0.0281141,0.0249825,0.0203695,0.0169199,0.0155015,0.013984,0.0115852,0.0092778,0.0072811,0.0059938,0.0057714,0.0057141,0.0052576,0.0066675,0.0058992,0.0054374,0.0054461,0.0044794,0.0029013,0.0019998,0.0020191,0.0014174,0.001073,0.000911,0.0009287,0.000692,0.0009672,0.0004475,0.0004086,0.0010585,0.0006036
American Coot,0.1166488,0.1183311,0.1187832,0.1225151,0.1153796,0.1017872,0.0921528,0.1287097,0.1301073,0.1352327,0.1366621,0.139768,0.1351384,0.1337168,0.1209238,0.0984369,0.0763641,0.0672736,0.0580133,0.0495778,0.0406114,0.041149,0.0376444,0.0337397,0.0292609,0.0307063,0.0316629,0.0336729,0.0355824,0.0413354,0.0491893,0.0593131,0.0724374,0.0750071,0.0794417,0.0894385,0.0897638,0.0995289,0.1139491,0.1209367,0.1216906,0.1258021,0.1257258,0.1265773,0.1097321,0.1040292,0.1003414,0.1090878
Purple Gallinule,0.0,0.0,0.0,0.0,0.0,0.0,0.0,0.0,0.0,0.0,0.0,0.0,0.0,0.0,0.0,0.0,0.0,0.0,0.0,0.0,0.0,0.0,0.0,0.0,0.0,0.0,0.0015,0.0,0.0,0.0,0.0,0.0,0.0,0.0,0.0,0.0,0.0,0.0,0.0,0.0,0.0,0.0,0.0,0.0,0.0,0.0015,0.0,0.0
Yellow Rail,0.0,0.0,0.0,0.0,0.0,0.0,0.0,0.0,0.0,0.0,0.0,0.0,0.0,0.0,0.0,0.0,0.0,0.0,0.0,0.0,0.0,0.0,0.0,0.0,0.0,0.0,0.0,0.0,0.0,0.0,0.0,0.0,0.0,0.0,0.0,0.0,0.0,0.0,0.0,0.0,0.0,0.0,0.0015,0.0,0.0,0.0,0.0,0.0
Gray Crowned-Crane,0.0,0.0,0.0,0.0,0.0,0.0,0.0,0.0,0.0,0.0,0.0,0.0,0.0,0.0,0.0,0.0,0.0,0.0,0.0,0.0,0.0,0.0,0.0,0.0,0.0,0.0,0.0,0.0,0.0,0.0,0.0,0.0,0.0,0.0,0.0,0.0,0.0,0.0,0.0015,0.0,0.0,0.0,0.0,0.0,0.0,0.0,0.0,0.0
Sandhill Crane,0.0110366,0.0113772,0.010234,0.0107964,0.0107452,0.0100154,0.0077809,0.0116631,0.0121656,0.014888,0.0173013,0.0236738,0.0157807,0.0178009,0.0132946,0.0055045,0.0027801,0.0039296,0.0026711,0.0035558,0.0020439,0.002298,0.0018729,0.0018893,0.0022749,0.001632,0.0015115,0.001548,0.0017217,0.0018389,0.001401,0.0017822,0.002304,0.007382,0.0167545,0.0212899,0.0214473,0.0192586,0.015207,0.0132551,0.0141071,0.0138748,0.0132375,0.0147285,0.0144698,0.0101829,0.0093408,0.0102949
Common Crane,0.001196,0.000732,0.0005663,0.000296,0.0002621,0.0002903,0.0001894,6.93e-05,0.0002713,0.0002256,0.0004066,0.0002808,0.0002382,4.2e-05,0.0,0.0024931,0.0,0.0,0.0,0.0,0.0,0.0,0.0,0.0,0.0,0.0,0.0,0.0,0.0,0.0,0.0,0.0,0.0,0.0,0.0,0.0,0.0,0.0,0.0,0.0,0.0,0.0,0.0,0.0,0.0022973,3.14e-05,0.0,0.0
Black-necked Stilt,0.0,4.18e-05,0.0,7.79e-05,2.18e-05,0.0,0.0,0.0,0.0,0.0,0.0005286,0.0038895,0.0076422,0.0142323,0.0168841,0.0177601,0.0159491,0.0171446,0.0166899,0.0145152,0.0110904,0.0088997,0.0068463,0.0058995,0.0052411,0.0055236,0.0047429,0.0050261,0.007386,0.0079252,0.006927,0.0065587,0.0037325,0.0029683,0.0021778,0.0010645,0.0016998,0.000673,0.0006791,0.0002735,0.0001104,0.0,0.0005716,8.79e-05,0.0004177,0.0007543,5.29e-05,6.9e-05
American Avocet,1.51e-05,4.18e-05,6.07e-05,6.23e-05,6.55e-05,1.81e-05,0.0,0.0,0.0001252,4.51e-05,0.0001017,0.0012216,0.0027393,0.0056048,0.007255,0.0086559,0.0103564,0.0106357,0.0112256,0.0113785,0.0083178,0.0052775,0.0042451,0.004242,0.0023864,0.0024354,0.0018242,0.0017773,0.0025452,0.0032633,0.002776,0.0029942,0.0022579,0.0020907,0.0013612,0.0013776,0.0010249,0.0005954,0.0001181,0.000547,8.28e-05,0.0015,3.01e-05,8.79e-05,0.000895,0.0005029,0.0015,5.17e-05
Black Oystercatcher,0.0109912,0.0131758,0.0146633,0.0144575,0.0129073,0.0123741,0.0117864,0.0136955,0.0142523,0.0151587,0.0165694,0.013901,0.0151257,0.0167723,0.0165233,0.0141044,0.0130552,0.0125171,0.0117318,0.0115055,0.0097929,0.0108471,0.0124441,0.0164154,0.0154333,0.0191318,0.019962,0.0201426,0.0182403,0.019295,0.0159554,0.0165392,0.0162431,0.0166224,0.0134878,0.0121895,0.0098488,0.0112601,0.0085632,0.0131288,0.0094415,0.0113982,0.0096874,0.0118707,0.0102035,0.0102772,0.0092085,0.0107777
Black-bellied Plover,0.015321,0.0147234,0.0139757,0.0139123,0.0139775,0.0102876,0.0098107,0.0122405,0.0102667,0.0098125,0.0108362,0.0112893,0.012962,0.02011,0.0243101,0.0312903,0.0227288,0.0112881,0.0081529,0.0052321,0.0025238,0.0022785,0.0016439,0.0019962,0.0023195,0.0051721,0.0087822,0.0140081,0.0159946,0.019554,0.0255805,0.0235791,0.0222104,0.0234623,0.0284604,0.0317679,0.0283965,0.0260406,0.0266934,0.0261735,0.0239903,0.0215299,0.0164566,0.019279,0.0173936,0.0139229,0.0127544,0.0138989
American Golden-Plover,0.0,0.0,0.0,0.0,0.0,0.0,0.0,0.0,0.0,0.0,0.0,0.0,1.98e-05,0.0,0.0,1.4e-05,0.0001788,6.07e-05,0.0004714,0.0001016,0.0002133,0.0004674,0.0,0.0,0.0,0.0,0.0,7.64e-05,4.99e-05,0.0002331,0.0011156,0.0016218,0.0021888,0.0035877,0.0042319,0.0043832,0.0027747,0.0017861,0.0031005,0.0006943,2.76e-05,5.63e-05,6.02e-05,2.2e-05,0.0004177,6.29e-05,0.0,0.0
Pacific Golden-Plover,4.54e-05,0.0002091,0.0002023,0.0001246,0.0001747,1.81e-05,8.12e-05,6.93e-05,4.17e-05,0.0001128,2.03e-05,0.0,9.92e-05,8.4e-05,0.000114,0.0001821,0.000569,0.0002731,0.0003142,0.000127,3.55e-05,3.89e-05,6.24e-05,0.0001248,6.69e-05,0.0001004,0.0002345,0.0003822,0.001048,0.0011914,0.0025425,0.0034932,0.0032025,0.0026585,0.003737,0.0032352,0.0022497,0.0015531,0.0009154,0.0009047,0.0001932,0.000394,0.0003009,0.0001319,0.0002088,0.0005971,0.0001323,1.72e-05
Eurasian Dotterel,0.0,0.0,0.0,0.0,0.0,0.0,0.0,0.0,0.0,0.0,0.0,0.0,0.0,0.0,0.0,0.0,0.0,0.0,0.0,0.0,0.0,0.0,0.0,0.0,0.0,0.0,0.0,0.0,0.0,0.0,0.0,0.0,0.0,0.0015,0.0,0.0,0.0,0.0,5.91e-05,0.0001894,0.0015,0.0,0.0,0.0,0.0,0.0,0.0,0.0
Killdeer,0.0606937,0.0538534,0.0641142,0.0640151,0.0639469,0.0717046,0.0627613,0.1078316,0.1185468,0.1286459,0.1460955,0.1468589,0.1427806,0.1491456,0.1599529,0.1700655,0.1746765,0.1768927,0.1707577,0.1626516,0.1406736,0.1267381,0.1216731,0.117884,0.120835,0.1381657,0.1403591,0.1508399,0.1579,0.1710393,0.177896,0.1890071,0.1891805,0.1897375,0.1786324,0.1742225,0.1554056,0.1410489,0.1377488,0.1159082,0.0909091,0.0904818,0.0836969,0.0693339,0.0642043,0.0575146,0.0576592,0.0579928
Common Ringed Plover,0.0,0.0,0.0,0.0,0.0,0.0,0.0,0.0,0.0,0.0,0.0,0.0,0.0,0.0,0.0,0.0,0.0,0.0,0.0,0.0,0.0,0.0,0.0,0.0,0.0,0.0,0.0,0.0,0.0,0.0,0.0,0.0,0.0,0.0,0.0,4.17e-05,0.0,0.0,0.0,0.0,0.0,0.0,0.0,0.0,0.0,0.0,0.0,0.0
Semipalmated Plover,0.0021346,0.0016522,0.0024877,0.0017449,0.0013104,0.0011068,0.0009202,0.0011779,0.0008138,0.0006316,0.0008336,0.0010531,0.0006749,0.0007977,0.0047481,0.021906,0.0302725,0.0144136,0.0080656,0.0022732,0.0008887,0.0007205,0.0005619,0.0005347,0.0021633,0.0082101,0.0177469,0.0285321,0.0285458,0.0339023,0.0427033,0.0477285,0.0377163,0.0290375,0.0168783,0.0122104,0.0056243,0.0037016,0.0040158,0.0036399,0.0033404,0.0027299,0.0017449,0.0027918,0.0018199,0.0019172,0.0015877,0.0019314
Piping Plover,0.0,0.0,0.0,0.0,0.0,0.0,0.0,0.0,0.0,0.0,0.0,0.0,0.0,0.0,0.0,0.0,0.0,0.0,0.0,0.0,0.0,0.0,0.0,0.0,0.0,0.0,2.61e-05,0.0,0.0,0.0,0.0,0.0,0.0,0.0,0.0,0.0,0.0,0.0,0.0,0.0,0.0,0.0,0.0,0.0,0.0,0.0,0.0,0.0
Siberian Sand-Plover,0.0,0.0,0.0,0.0,0.0,0.0,0.0,0.0,0.0,0.0,0.0,0.0,0.0,0.0,0.0,0.0,0.0,0.0,0.0,0.0,0.0,0.0,0.0,0.0,0.0,0.0,0.0,0.0,0.0,0.0,0.0003113,0.0002317,0.0002765,0.0,0.0,0.0,0.0,0.0,0.0,0.0,0.0,0.0,0.0,0.0,0.0,0.0,0.0,0.0
Wilson's Plover,0.0,0.0,0.0,0.0,0.0,0.0,0.0,0.0,0.0,0.0,0.0,0.0,0.0,0.0,0.0,0.0,0.0,0.0,0.0,0.0,0.0,0.0,0.0,0.0,0.0,0.0,0.0,0.0,0.0,0.0,0.0,0.0002852,0.0001152,0.0,0.0,0.0,0.00035,0.0002071,0.0002362,6.31e-05,2.76e-05,0.0,0.0,0.0,0.0,0.0,0.0,0.0
Mountain Plover,3.03e-05,0.0,8.09e-05,1.56e-05,0.0,0.0,0.0,0.0,0.0,0.0,0.0,0.0,0.0,0.0,0.0,0.0,1.63e-05,0.0,0.0,0.0,0.0,0.0,0.0,0.0,0.0,0.0,0.0,0.0,0.0,0.0,0.0,0.0,0.0,0.0,0.0,0.0,0.0,0.0,0.0,0.0,0.0,0.0,3.01e-05,0.0002858,0.0009547,0.00044,0.0015,6.9e-05
Snowy Plover,0.0002422,0.0003974,0.0005461,0.0004051,0.0004805,0.0003447,0.0003383,0.0004157,0.0002504,0.0002932,0.0004473,0.0006178,0.0003573,0.0003778,0.0004938,0.0010925,0.0016095,0.0010014,0.0005936,0.0006604,0.0004088,0.0003505,0.0002081,0.0004099,0.0004014,0.0008536,0.0010424,0.0014524,0.0009232,0.0010101,0.0014269,0.0017466,0.002327,0.0010066,0.0010642,0.0012941,0.0011499,0.0008024,0.0008563,0.0006943,0.0003865,0.0004222,0.0004814,0.0005716,0.0004177,0.00066,0.0001588,0.0003276
Upland Sandpiper,0.0,0.0,0.0,0.0,0.0,0.0,0.0,0.0,0.0,0.0,0.0,0.0,0.0,0.0,0.0,0.0015,0.0,0.0,1.75e-05,0.0,3.55e-05,1.95e-05,2.08e-05,1.78e-05,0.0,0.0015,0.0,0.0015,0.0015,2.59e-05,0.0001038,0.0015,0.0001613,0.0004904,2.47e-05,2.09e-05,2.5e-05,0.0,0.0,0.0,2.76e-05,0.0,0.0,0.0,0.0,0.0,0.0,0.0
Bristle-thighed Curlew,0.0,0.0,0.0,0.0,0.0,0.0,0.0,0.0,0.0,0.0,0.0,0.0,0.0,0.0,0.0,0.0,0.0015,0.0015,1.75e-05,0.0015,0.0,0.0,0.0,0.0,0.0,0.0,0.0,0.0,0.0,0.0,0.0,0.0,0.0,0.0,0.0,0.0,0.0,0.0,0.0,0.0,0.0,0.0,0.0,0.0,0.0,0.0,0.0,0.0
Hudsonian Whimbrel,0.0005299,0.0005228,0.0010315,0.0006699,0.000415,0.0003447,0.0002571,0.0002771,0.0005425,0.0002932,0.0007116,0.0015165,0.0023224,0.0070322,0.0130667,0.0221021,0.0270696,0.0186315,0.0128492,0.0077084,0.0033947,0.0020058,0.0019145,0.0022992,0.0024979,0.0055738,0.0062283,0.0078736,0.0051153,0.0060863,0.0071345,0.0083053,0.0085248,0.0096275,0.0073255,0.00622,0.0039745,0.0025626,0.002628,0.0023565,0.0011043,0.0006192,0.0004513,0.0007914,0.0004177,0.0001886,0.0003705,0.0004139
Eurasian Whimbrel,0.0,0.0,0.0,0.0,0.0,0.0,0.0,0.0,0.0,0.0,0.0,0.0,0.0,0.0,0.0,0.0,0.0,0.0,0.0015,0.0,0.0,0.0,0.0,0.0,0.0,0.0,0.0,0.0,0.0,0.0,0.0,0.0,0.0,0.0,0.0,0.0,0.0,0.0,0.0,0.0,0.0,0.0,0.0,0.0,0.0,0.0,0.0,0.0
Long-billed Curlew,0.0003936,0.0004601,0.0007079,0.0002804,0.0002184,0.0002177,0.0001759,0.0003002,0.0002087,0.0003158,0.0027446,0.0054621,0.0050816,0.005143,0.004919,0.0045101,0.0047473,0.0051737,0.0042074,0.0031494,0.0028792,0.001519,0.0011237,0.0008912,0.0008475,0.0006779,0.0007557,0.0007835,0.0012975,0.0016835,0.0024647,0.0023526,0.0015206,0.0020907,0.0018066,0.0017324,0.0010499,0.000673,0.0005906,0.0007364,0.0005245,0.0006473,0.0007822,0.001297,0.0006862,0.0002514,0.0002646,0.0004139
Bar-tailed Godwit,1.51e-05,0.0015,4.05e-05,4.67e-05,2.18e-05,1.81e-05,1.35e-05,0.0,0.0,0.0,0.0,0.0,0.0,0.0,0.0015,0.0,1.63e-05,0.0002579,5.24e-05,0.0001651,0.00016,0.0015,0.0004578,0.0001782,8.92e-05,0.0003766,0.0002085,0.0004013,0.0003493,0.0012173,0.0028279,0.0031724,0.0024883,0.0030973,0.0032915,0.0025882,0.0014498,0.0016308,0.0020374,0.0014097,0.0004693,0.0004222,0.0002106,4.4e-05,0.0002983,0.0001886,0.0001588,0.0001207
Hudsonian Godwit,0.0,0.0,0.0,0.0,0.0,1.81e-05,8.12e-05,0.0001617,2.09e-05,9.02e-05,0.000122,0.0001123,1.98e-05,0.0001469,5.7e-05,1.4e-05,0.0002926,0.0002428,0.000192,1.27e-05,1.78e-05,0.0005063,6.24e-05,0.0001961,4.46e-05,0.000226,2.61e-05,3.82e-05,0.000524,0.0002072,0.0030873,0.0009089,0.0011059,0.0009808,0.0015591,0.0014402,0.0004999,0.0004918,0.0003248,2.1e-05,8.28e-05,0.0001407,0.0015,2.2e-05,0.0,0.0,0.0,0.0
Marbled Godwit,0.0009084,0.0010666,0.0015371,0.0012152,0.0013104,0.0008709,0.0009878,0.0014088,0.0007721,0.0011053,0.0013012,0.0017833,0.0016078,0.0035266,0.0066093,0.010925,0.0078039,0.0033379,0.0021823,0.0011175,0.0004621,0.000409,0.000333,0.0009446,0.0008252,0.0023852,0.0029187,0.0050643,0.0050155,0.007977,0.0102996,0.0126539,0.0112204,0.0146607,0.0137352,0.0120225,0.007724,0.007222,0.0097148,0.0077637,0.0048864,0.003321,0.0020759,0.002528,0.0018498,0.00132,0.0017729,0.0009312
Short-billed Dowitcher,0.0,0.0,2.02e-05,0.0,0.0,0.0,0.0,0.0,0.0,0.0,0.0,4.21e-05,0.0002779,0.0030018,0.0066283,0.0183063,0.0154777,0.0073585,0.0044169,0.0017525,0.0006754,0.0002921,0.0002289,0.0006238,0.001918,0.0070552,0.0087562,0.0108357,0.0103803,0.0138562,0.0242314,0.0248089,0.0254591,0.0205456,0.0133888,0.0109789,0.0060742,0.0046076,0.0040158,0.0028193,0.0004417,8.44e-05,0.0002407,8.79e-05,2.98e-05,0.0,0.0,1.72e-05
Long-billed Dowitcher,0.0043601,0.0025097,0.0039237,0.0043622,0.0046737,0.0035018,0.0026929,0.0041571,0.0050916,0.0042634,0.0036188,0.0051953,0.0046647,0.004912,0.0060205,0.0100286,0.0182903,0.0246397,0.0165503,0.0041272,0.0010131,0.0004674,0.0003121,0.0002852,0.0034346,0.0189309,0.0307508,0.0322587,0.0348588,0.0260548,0.0287456,0.0244168,0.0234546,0.0253465,0.0290791,0.0349405,0.0370204,0.0349451,0.0314475,0.0234594,0.0172542,0.015479,0.0121243,0.0104638,0.0087117,0.00704,0.0050541,0.005225
Jack Snipe,0.0,0.0,0.0,0.0,0.0,0.0,0.0,0.0,0.0,0.0,0.0,0.0,0.0,0.0,0.0,0.0,0.0,0.0,0.0,0.0,0.0,0.0,0.0,0.0,0.0,0.0,0.0,0.0,0.0,0.0,0.0,0.0,0.0,0.0015,0.0,0.0,0.0,0.0,0.0,0.0,0.0,0.0,0.0,0.0,0.0,0.0,0.0,0.0
Wilson's Snipe,0.0170318,0.0144934,0.0161196,0.0163115,0.0143487,0.0136079,0.0097566,0.0170443,0.0150244,0.0174596,0.0209608,0.0266506,0.0318393,0.0372182,0.0374148,0.0331251,0.0279476,0.0240631,0.0239351,0.0223252,0.0216653,0.0224732,0.0188742,0.015346,0.0121772,0.009114,0.0072707,0.0085998,0.0109043,0.0111885,0.0139577,0.0179116,0.0252978,0.0280567,0.0271983,0.0281152,0.0262967,0.0312176,0.035168,0.0385028,0.0338735,0.0333221,0.0298445,0.0251044,0.0232114,0.0201144,0.0223334,0.0174168
Wilson's Phalarope,0.0,0.0,0.0,0.0,0.0,0.0,0.0,0.0,0.0,0.0,0.0,0.0,0.0,0.0015,0.0,0.0007844,0.0054464,0.013124,0.0146124,0.0128643,0.0091176,0.0082571,0.0049735,0.0031369,0.0027878,0.002812,0.0034139,0.0036119,0.0051901,0.0049209,0.0043585,0.0029942,0.0010368,0.0003872,9.9e-05,0.0001879,0.0,0.0001812,2.95e-05,0.0,0.0,0.0,0.0,0.0,0.0,0.0,0.0,0.0
Red Phalarope,0.0001665,0.0003137,0.0007483,0.0003583,2.18e-05,0.0,2.71e-05,0.0015,2.09e-05,6.77e-05,2.03e-05,1.4e-05,0.0,0.0,0.0003039,0.0002101,0.0007479,0.0005462,0.0005587,8.89e-05,7.11e-05,0.0015,0.0,1.78e-05,2.23e-05,0.0002009,0.0003648,0.000688,0.0014473,0.0016835,0.0018161,0.0018714,0.0011981,0.0016519,0.0011632,0.0011062,0.0008499,0.0008024,0.001004,0.001073,0.0012147,0.0026174,0.0040314,0.0017806,0.0007459,0.00044,0.0005557,0.0002759
Red-necked Phalarope,0.0,0.0,0.0,0.0,0.0,0.0,0.0,0.0,0.0,0.0,0.0,0.0,0.0,0.0001259,0.0001329,0.002227,0.0039344,0.0053254,0.0103352,0.0050797,0.001564,0.0006621,0.0003121,0.0005525,0.0003568,0.0020086,0.0019545,0.0047012,0.0114532,0.0193209,0.0293164,0.0353776,0.0291685,0.0237204,0.0134135,0.0076393,0.0030496,0.0008542,0.000502,0.0002525,0.0002209,0.0002814,0.0002106,0.0,0.0,0.0,0.0,0.0
Spotted Sandpiper,0.005102,0.0044547,0.00449,0.0043778,0.0033415,0.0032296,0.0024628,0.0028638,0.0029005,0.0025716,0.0021347,0.0020641,0.0019651,0.0019522,0.0028109,0.0083898,0.0288418,0.0516917,0.0712989,0.070595,0.0591842,0.0560662,0.0541879,0.0512958,0.0511843,0.0518466,0.0575665,0.0619374,0.0662741,0.0702908,0.0642885,0.0588319,0.0408497,0.029244,0.0179919,0.0094552,0.0069991,0.0049182,0.0052855,0.0051758,0.004003,0.0040808,0.0044225,0.0041108,0.0044454,0.0060029,0.0074621,0.0056044
Solitary Sandpiper,0.0,0.0,0.0,0.0,0.0,0.0,0.0,0.0,0.0,0.0,0.0,0.0,7.94e-05,8.4e-05,0.0022221,0.0075214,0.0098199,0.0047792,0.0010126,0.000254,7.11e-05,0.0015,0.000104,0.0001248,0.0006914,0.0015818,0.0022933,0.0054656,0.0120521,0.0148921,0.0154365,0.01285,0.0079027,0.0045169,0.0021778,0.0006262,0.000125,2.59e-05,0.0,0.0,0.0,0.0,0.0,4.4e-05,2.98e-05,0.0015,0.0,0.0
Gray-tailed Tattler,0.0,0.0,0.0,0.0,0.0,0.0,0.0,0.0,0.0,0.0,0.0,0.0,0.0,0.0,0.0,0.0,0.0,0.0,0.0,0.0,0.0,0.0,0.0,0.0,0.0,0.0,0.0,0.0,0.0,0.0,0.0,0.0,0.0,0.0,0.0,0.0,0.0,0.0015,0.0,0.0,0.0,0.0,0.0,0.0,0.0,0.0,0.0,0.0
Wandering Tattler,0.0,0.0,0.0,0.0,0.0,0.0,0.0,0.0,0.0,0.0,2.03e-05,0.0,0.0,0.0,0.0001519,0.0011625,0.0025037,0.0021696,0.0016934,0.0004699,0.0001777,9.74e-05,0.0015,0.0,4.46e-05,0.0004519,0.0011206,0.0023124,0.003144,0.006682,0.0054741,0.0059527,0.0047001,0.005059,0.0030935,0.0020038,0.0010999,0.0002071,0.0002067,0.0001473,5.52e-05,0.0,0.0,0.0,0.0,0.0,0.0,0.0
Marsh Sandpiper,0.0,0.0,0.0,0.0,0.0,0.0,0.0,0.0,0.0,0.0,0.0,0.0,0.0,0.0,0.0,0.0,0.0,0.0,0.0,0.0,0.0,0.0,0.0,0.0,0.0,0.0,0.0,0.0,0.0,0.0,0.0,0.0,0.0,0.0,0.0,0.0,0.0,0.0,0.0015,0.0,0.0,0.0,0.0,0.0,0.0,0.0,0.0,0.0
Wood Sandpiper,0.0,0.0,0.0,0.0,0.0,0.0,0.0,0.0,0.0,0.0,0.0,0.0,0.0,0.0,0.0,0.0,0.0,0.0,0.0,0.0,0.0,0.0,0.0,0.0,0.0,0.0,0.0,0.0,0.0002994,0.0,0.0,0.0,0.0,0.0,0.0,0.0,0.0,0.0,0.0,0.0,0.0,0.0,0.0,0.0,0.0,0.0,0.0,0.0
Lesser Yellowlegs,0.0001363,0.0001255,0.0001416,0.000187,0.0003713,0.0002177,0.0001489,0.0004157,0.0003756,0.0004963,0.0003456,0.0003089,0.0009925,0.0040934,0.0097051,0.0119895,0.0086005,0.0049461,0.0025314,0.0012699,0.0004443,0.00037,0.000541,0.0019784,0.0042821,0.0076075,0.0108931,0.0194546,0.0323635,0.0381239,0.0422104,0.0405283,0.0315416,0.023643,0.0181157,0.0138384,0.0096238,0.0088528,0.0050198,0.0029035,0.0010215,0.0003659,0.0002708,0.0002858,2.98e-05,6.29e-05,5.29e-05,0.0001207
Willet,0.0004542,0.0006902,0.001436,0.0009815,0.0010483,0.0005262,0.0006766,0.0011548,0.000793,0.0009474,0.0016671,0.0013339,0.0006947,0.0013015,0.0011965,0.0017088,0.001577,0.0005007,0.0004888,0.0005334,0.000551,0.0001558,0.0001873,0.0002495,0.0002007,0.0009792,0.0013291,0.0021404,0.0018714,0.0038331,0.0052925,0.0057923,0.0049075,0.0058075,0.0058158,0.0045919,0.0021747,0.0025626,0.0040749,0.0036609,0.0022361,0.0019701,0.0012937,0.001297,0.001074,0.0008486,0.0003969,0.0003449
Spotted Redshank,0.0,0.0,0.0,0.0,0.0,0.0,0.0,0.0,0.0,0.0,0.0,0.0,0.0,0.0,0.0,0.0,0.0,0.0,0.0,0.0,0.0,0.0,0.0,0.0,0.0,0.0,0.0,0.0,0.0,0.0,0.0,0.0,0.0,0.0,0.0,0.0,0.0,0.0,0.0,0.0,0.0,0.0,0.0,0.0,0.0015,0.0,0.0,0.0
Greater Yellowlegs,0.0184852,0.0197428,0.0219849,0.0219823,0.0208788,0.0191055,0.0160895,0.022079,0.0241225,0.0282421,0.0310245,0.038347,0.049208,0.0675301,0.0766908,0.0640652,0.0361579,0.0226369,0.0147172,0.0092323,0.0038745,0.0025901,0.0042868,0.0093038,0.0171729,0.0308318,0.0388815,0.0515986,0.0619573,0.0670793,0.0780646,0.0781336,0.0731516,0.0645278,0.061623,0.0580672,0.0507187,0.0490008,0.0430225,0.0385028,0.0316926,0.0287628,0.0275279,0.0272807,0.0244346,0.0204915,0.0169882,0.0201414
Ruddy Turnstone,0.0015745,0.0012758,0.0011326,0.0009036,0.0009828,0.0006169,0.0006495,0.0005543,0.0004799,0.0003158,0.0003863,0.0002668,0.000397,0.0002939,0.0006078,0.0026052,0.0088119,0.0049158,0.0019728,0.0004572,8.89e-05,1.95e-05,0.0,7.13e-05,6.69e-05,0.0009792,0.0024236,0.0046057,0.0037678,0.0043511,0.0057854,0.0076815,0.0034099,0.0034587,0.0021778,0.0016072,0.0012498,0.0016308,0.0017422,0.0012624,0.0011595,0.0010413,0.0007521,0.0008353,0.0006862,0.0006914,0.0006351,0.0012416
Black Turnstone,0.0212708,0.0197637,0.0218636,0.0190222,0.016773,0.0137712,0.011015,0.0138109,0.0123117,0.0119104,0.0122187,0.0098851,0.0080988,0.0083337,0.0084706,0.0076895,0.0038044,0.000789,0.000611,0.0001524,5.33e-05,5.84e-05,2.08e-05,3.56e-05,0.0004461,0.001632,0.0040914,0.0060772,0.0074858,0.0121209,0.0194059,0.0225989,0.0210815,0.0228945,0.0224466,0.0219161,0.0198225,0.0212777,0.024656,0.0287614,0.0273583,0.026258,0.0235868,0.0226643,0.0206755,0.0201773,0.0189728,0.0202276
Great Knot,0.0,0.0,0.0,0.0,0.0,0.0,0.0,0.0,0.0,0.0,0.0,0.0,0.0,0.0,0.0,0.0,0.0,0.0,3.49e-05,0.0,0.0,0.0,0.0,0.0,0.0,0.0,0.0,0.0,0.0,0.0,0.0,0.0,0.0,0.0,0.0,0.0,0.0,0.0,0.0,0.0,0.0,0.0,0.0,0.0,0.0,0.0,0.0,0.0
Red Knot,0.0004239,0.0003974,0.0001618,7.79e-05,0.0002621,0.000127,1.35e-05,4.62e-05,4.17e-05,4.51e-05,0.0001626,7.02e-05,0.0015,0.0001679,0.0008926,0.0048602,0.0077388,0.0047792,0.0042772,0.0027557,0.0004088,0.0002337,0.000104,5.35e-05,2.23e-05,0.0003515,0.0006254,0.0006498,0.0008733,0.0010878,0.0024906,0.0052754,0.008064,0.0075627,0.0038855,0.0029639,0.0021247,0.0018637,0.0015945,0.0010941,0.000773,0.0004222,0.0002106,0.0001099,0.0001492,0.0001571,0.0001058,0.0004311
Surfbird,0.0050717,0.0041828,0.0060069,0.0054372,0.0050013,0.0033022,0.0022734,0.0027021,0.0024206,0.0023234,0.0021144,0.0019939,0.001191,0.0012805,0.0018802,0.0023251,0.0012519,0.0003186,0.0003492,3.81e-05,3.55e-05,0.0015,0.0015,1.78e-05,0.0002899,0.0006779,0.0011466,0.001548,0.0020711,0.0032374,0.0061746,0.0056675,0.0050227,0.0044653,0.0039597,0.0039866,0.0048744,0.004504,0.0064076,0.0073008,0.0068741,0.0070078,0.0065586,0.0053858,0.0049227,0.0055,0.0044455,0.0043283
Ruff,6.06e-05,0.0,0.0,0.0,0.0,0.0,0.0,0.0,0.0,0.0,0.0,1.4e-05,0.0012505,0.0005248,0.0007027,0.0001681,0.0003739,0.0,5.24e-05,0.0015,0.0,0.0,0.0,0.0,0.0,0.0,0.0004691,0.0015,2.5e-05,2.59e-05,0.0003373,0.0019248,0.0023731,0.0055236,0.0015591,0.0010436,0.00035,0.0003106,8.86e-05,0.0001262,0.0,0.0001407,3.01e-05,2.2e-05,8.95e-05,6.29e-05,0.0015,0.0015
Sharp-tailed Sandpiper,0.0,0.0,0.0,0.0,0.0,0.0,0.0,0.0,0.0,0.0,0.0,0.0,0.0,0.0,0.0,0.0,0.0,0.0,0.0,0.0,0.0,0.0,0.0,0.0,0.0015,0.0,0.0,1.91e-05,0.0003493,0.0004662,0.0,1.78e-05,0.0004838,0.0009808,0.0015344,0.0028387,0.0034496,0.0018637,0.000561,0.0005891,0.0003865,0.0002814,0.0015,0.0,0.0,0.00022,0.0015,0.000138
Curlew Sandpiper,0.0,0.0,0.0,0.0,0.0,0.0,0.0,0.0,0.0,0.0,0.0,0.0,0.0,0.0,0.0,0.0,0.0,0.0,1.75e-05,0.0,0.0,0.0,0.0,0.0,0.0,0.0,0.0015,0.0015,2.5e-05,0.0015,0.0,0.0015,0.0015,5.16e-05,0.0015,2.09e-05,0.0015,0.0,0.0,0.0,0.0,0.0,0.0,0.0,0.0,0.0,0.0,0.0
Stilt Sandpiper,0.0,0.0,0.0,0.0,0.0,0.0,0.0,0.0,0.0,0.0,0.0,0.0,0.0,0.0,0.0,0.0,0.0,1.52e-05,0.000227,5.08e-05,0.0,1.95e-05,0.0,0.0,0.0015,7.53e-05,0.0002867,9.56e-05,0.0009981,0.0037554,0.0074977,0.0093924,0.0103449,0.0065302,0.0012869,0.0006888,0.0006249,0.0002847,0.0002067,4.21e-05,0.0015,0.0,0.0,0.0,0.0,0.0,0.0,0.0
Temminck's Stint,0.0,0.0,0.0,0.0,0.0,0.0,0.0,0.0,0.0,0.0,0.0,0.0,0.0,0.0,0.0,0.0,0.0,0.0,0.0,0.0,0.0,0.0,0.0,0.0,0.0,0.0,0.0,0.0,0.0,0.0,0.0,0.0,0.0,0.0,0.0,0.0,0.0,0.0,0.0,0.0,0.0,0.0004503,0.0,0.0,0.0,0.0,0.0,0.0
Red-necked Stint,0.0,0.0,0.0,0.0,0.0,0.0,0.0,0.0,0.0,0.0,0.0,0.0,0.0,0.0,0.0,0.0,0.0,0.0,0.0,0.0,0.0,0.0,0.0015,1.78e-05,4.46e-05,0.0010294,5.21e-05,0.0002102,9.98e-05,0.0,0.0,3.56e-05,0.0019814,0.0,0.0,0.0,0.0,0.0,0.0,0.0,0.0,0.0,0.0,0.0,0.0,0.0,0.0,0.0
Buff-breasted Sandpiper,0.0,0.0,0.0,0.0,0.0,0.0,0.0,0.0,0.0,0.0,0.0,0.0,0.0,0.0,0.0,0.0,0.0,0.0,0.0,0.0,0.0,0.0,0.0,0.0,0.0,0.0,2.61e-05,1.91e-05,2.5e-05,2.59e-05,0.0002335,0.0017644,0.0014515,0.0008518,0.0003217,0.0001044,0.000225,0.0010095,0.0006496,0.0,0.0,0.0,0.0,0.0,0.0,0.0,0.0,0.0
Sanderling,0.0148517,0.0135104,0.0158162,0.0140369,0.0127544,0.0097614,0.0083763,0.009954,0.0082634,0.0085493,0.0088845,0.0075683,0.0070467,0.0087745,0.0075019,0.0103227,0.0109092,0.0061447,0.0055342,0.0023875,0.0006754,0.0001363,0.000104,0.0001782,0.0010482,0.0025358,0.0061241,0.0085807,0.0095568,0.0127943,0.016578,0.0257534,0.0269106,0.0276695,0.0226198,0.0160927,0.0115986,0.0105612,0.0124018,0.0151697,0.0153218,0.0171676,0.0156142,0.016729,0.0162599,0.0152115,0.0131248,0.0138127
Dunlin,0.0398165,0.0402593,0.0413203,0.0399919,0.0357736,0.0269981,0.0232885,0.0291,0.024832,0.0224448,0.0233802,0.0231964,0.0245147,0.0308577,0.0350217,0.0495546,0.0417994,0.018677,0.0096369,0.0035558,0.0006398,0.0006037,0.0002497,0.0002317,0.0002453,0.000703,0.0005733,0.0009173,0.0014473,0.0013986,0.0020755,0.0021922,0.0025113,0.0034845,0.0064098,0.0099353,0.0116235,0.0175243,0.0318904,0.0510636,0.0529498,0.0523472,0.0441951,0.0481864,0.0422758,0.0369288,0.0326533,0.0380928
Rock Sandpiper,0.001953,0.0012758,0.0014967,0.0018228,0.0020529,0.0013608,0.0008255,0.0009238,0.0010434,0.0013309,0.0008742,0.0006319,0.0002779,0.0002309,0.0004368,0.0006023,9.75e-05,0.0015,0.0,0.0,0.0,0.0,0.0,0.0,0.0,0.0,0.0,0.0,0.0,2.59e-05,7.78e-05,3.56e-05,6.91e-05,7.74e-05,2.47e-05,6.26e-05,0.00015,0.0001035,0.0003543,0.0013676,0.0026502,0.0019419,0.0015644,0.0016047,0.0015216,0.0019172,0.0014025,0.0020693
Baird's Sandpiper,0.0,0.0,0.0,1.56e-05,2.18e-05,0.0,0.0,0.0,0.0,0.0,0.0,0.0,1.98e-05,2.1e-05,0.0002279,0.0004062,0.0004065,0.0001214,0.0001222,3.81e-05,0.0,0.0,0.0,1.78e-05,0.0001338,0.0010294,0.0009642,0.0022933,0.0087085,0.0231281,0.0271112,0.0386391,0.0297675,0.0205715,0.0090083,0.0045919,0.0015748,0.0004659,0.0003543,6.31e-05,0.0,0.0,0.0,0.0,0.0,0.0,0.0,0.0
Little Stint,0.0,0.0,0.0,0.0,0.0,0.0,0.0,0.0,0.0,0.0,0.0,0.0,0.0,0.0,0.0,0.0,0.0,0.0,0.0,0.0006731,0.0,0.0,0.0,0.0,0.0,0.0,0.0,0.0,0.0001248,2.59e-05,0.0,1.78e-05,0.0,0.0,0.0,0.0,0.0,0.0,0.0,0.0,0.0,0.0,0.0,0.0,0.0,0.0,0.0,0.0
White-rumped Sandpiper,0.0,0.0,0.0,0.0,0.0,0.0,0.0,0.0,0.0,0.0,0.0,0.0,0.0,0.0,0.0,0.0,0.0,0.0,0.0015,2.54e-05,0.0011375,0.0,0.0015,0.0,0.0015,0.0,0.0,0.0015,2.5e-05,0.0,0.0,0.0,0.0,0.0,0.0,0.0,0.0,0.0,0.0,0.0,0.0,0.0,0.0,0.0,0.0,0.0,0.0,0.0
Least Sandpiper,0.0062828,0.0058141,0.0078676,0.0069951,0.0055036,0.0047718,0.0040055,0.0059817,0.00409,0.0038799,0.0042288,0.004423,0.0041486,0.0058147,0.0212903,0.0665584,0.0641868,0.0280686,0.0095321,0.002324,0.0005865,0.00037,0.000333,0.0061669,0.0324502,0.0601823,0.0677039,0.0705181,0.0901038,0.1128435,0.1214425,0.1173252,0.0880584,0.0636244,0.0465761,0.0329994,0.0211974,0.0180679,0.0155613,0.0151276,0.0109047,0.0118766,0.0094768,0.0086612,0.0074288,0.0062543,0.0057421,0.0074323
Pectoral Sandpiper,0.0,0.0,0.0,0.0,0.0,0.0,0.0,0.0,0.0,0.0,0.0,0.0,0.0,0.0,3.8e-05,0.0001541,0.0003739,0.0030344,0.002933,0.0009651,1.78e-05,5.84e-05,0.0,0.0015,0.0001561,0.0006528,0.0022151,0.0026182,0.0055395,0.0068115,0.0127643,0.0193017,0.0271179,0.0317219,0.0277427,0.0260906,0.0176478,0.0115966,0.0066438,0.0027983,0.0010767,0.0006754,0.0002708,4.4e-05,0.0,0.0,0.0,0.0
Western Sandpiper,0.0034064,0.0025724,0.003317,0.0029912,0.0027081,0.0015059,0.0017862,0.0017783,0.0012103,0.0016918,0.0015655,0.0014322,0.0019056,0.0036106,0.014833,0.0431397,0.05305,0.0283113,0.0134602,0.0052067,0.0009064,0.0005453,0.0004786,0.0065055,0.0245774,0.0510432,0.0533969,0.0539492,0.0697924,0.0938852,0.1144896,0.1091091,0.0945557,0.0815631,0.0584552,0.0438322,0.0248969,0.0163336,0.0129924,0.0097204,0.0072606,0.0066138,0.0054153,0.0044845,0.0029835,0.0033629,0.0034929,0.0035523
Semipalmated Sandpiper,0.0,0.0,0.0,0.0,0.0,0.0,0.0,0.0,0.0,0.0,0.0,0.0,0.0,0.0,1.9e-05,8.4e-05,0.0011543,0.0010924,0.0006285,0.0001905,0.0002844,1.95e-05,0.0015,0.0014972,0.0063562,0.0105451,0.010424,0.0119632,0.0160196,0.0188547,0.0194318,0.0176621,0.0108979,0.0059366,0.0020788,0.0003966,2.5e-05,5.18e-05,0.0,0.0,0.0,0.0,0.0,0.0,0.0,0.0,0.0,0.0
Long-tailed Jaeger,0.0,0.0,0.0,0.0,0.0,0.0,0.0,0.0,0.0,0.0,0.0,0.0,0.0,0.0,0.0,7e-05,0.0001138,0.0003338,0.0001222,6.35e-05,1.78e-05,3.89e-05,0.0,1.78e-05,2.23e-05,5.02e-05,7.82e-05,0.0002675,0.0004741,0.0009065,0.0008561,0.0018535,0.0014515,0.0016777,0.0009404,0.0005844,0.000325,0.0001294,0.0002067,2.1e-05,0.0,0.0,0.0,0.0,0.0,0.0,0.0,0.0
Parasitic Jaeger,0.0,0.0,0.0,0.0,0.0,0.0,0.0,0.0015,0.0015,0.0,0.0,0.0,0.0,2.1e-05,0.0,0.0001121,0.0005365,0.0011531,0.0030552,0.0019049,0.0004976,0.0003311,0.0003121,0.0003743,0.000959,0.0005775,0.0006776,0.0013951,0.0018964,0.0029784,0.0039434,0.0069686,0.0117964,0.0178097,0.0168535,0.0126487,0.0089489,0.0072738,0.0088584,0.0040817,0.0018773,0.0008443,0.0002407,4.4e-05,0.0,0.0,0.0,0.0
Pomarine Jaeger,0.0,0.0,4.05e-05,3.12e-05,6.55e-05,0.0,0.0,4.62e-05,4.17e-05,4.51e-05,0.0003456,0.0001966,9.92e-05,0.0,0.000114,0.0003081,0.0001788,0.0001365,0.0003142,3.81e-05,1.78e-05,1.95e-05,2.08e-05,3.56e-05,6.69e-05,0.0003515,0.0003388,0.000688,0.0011229,0.0017353,0.001842,0.0021565,0.0020736,0.003278,0.0021778,0.0023377,0.0012998,0.0007766,0.0013583,0.0002525,0.0001104,0.0001689,0.0001504,2.2e-05,0.0001492,9.43e-05,2.65e-05,0.0
South Polar Skua,0.0,0.0,0.0,0.0,0.0,0.0,0.0,0.0,0.0,0.0,0.0,0.0,0.0,0.0,0.0,0.0,0.0,0.0,0.0001047,0.0001397,3.55e-05,3.89e-05,4.16e-05,0.0004099,8.92e-05,0.0005524,0.0002085,0.0005733,0.0009232,0.0012691,0.0009859,0.0014258,0.0011981,0.0019616,0.0016829,0.0015028,0.0008749,0.0002071,8.86e-05,0.0,0.0,0.0,0.0,0.0,0.0,0.0,0.0,0.0
Rhinoceros Auklet,0.0208015,0.0185716,0.0169488,0.016623,0.0172753,0.0129184,0.0106903,0.0158433,0.0177789,0.0201214,0.0218757,0.0213429,0.0263806,0.0298921,0.0299318,0.0279567,0.0248586,0.0218025,0.0225384,0.0195822,0.0173643,0.0218111,0.0239725,0.0354686,0.0389179,0.0486329,0.0488364,0.0539874,0.0504292,0.0508922,0.0484628,0.0378371,0.0355736,0.0448597,0.0407355,0.0393029,0.040045,0.0454028,0.0460934,0.0398704,0.0385667,0.037037,0.0363128,0.0297868,0.0275673,0.0260544,0.024953,0.0221762
Tufted Puffin,1.51e-05,0.0,0.0,0.0,2.18e-05,3.63e-05,0.0,0.0,4.17e-05,0.0015,6.1e-05,2.81e-05,7.94e-05,8.4e-05,0.0004748,0.0010925,0.0012031,0.0012593,0.0010649,0.0009778,0.0015996,0.0016553,0.0023307,0.0037786,0.0034123,0.005147,0.005655,0.0058287,0.0056393,0.0061381,0.0054222,0.0042952,0.0030643,0.0028908,0.0009652,0.000647,0.0004749,7.77e-05,0.0001181,2.1e-05,8.28e-05,2.81e-05,6.02e-05,0.0002858,0.0,6.29e-05,0.0,6.9e-05
Horned Puffin,0.0,0.0,0.0,0.0,0.0,0.0,0.0,0.0,4.17e-05,0.0,0.0,1.4e-05,1.98e-05,0.0,0.0,0.0,0.0,0.0,8.73e-05,5.08e-05,5.33e-05,0.0002532,0.0004578,0.000606,0.0002676,0.0003766,0.0007036,0.00086,0.0007735,0.0007252,0.0002854,0.0005525,0.0002074,0.0003097,2.47e-05,0.0,0.0015,0.0001812,0.0,2.1e-05,0.0,0.0,0.0,0.0,0.0,0.0,0.0,0.0
Cassin's Auklet,0.0001363,0.0001046,0.0002832,0.0001091,0.0001966,0.0001089,6.77e-05,0.0001386,8.35e-05,0.0001128,0.0004473,0.000323,0.0002382,4.2e-05,0.0005128,0.0009804,0.0008454,0.0008952,0.0007856,0.0005334,0.0002844,0.0002337,0.0005827,0.0008733,0.0004907,0.0010294,0.001303,0.0019493,0.00262,0.0027453,0.0025944,0.0026555,0.0024883,0.003691,0.0030688,0.0024212,0.0017748,0.0012425,0.0015355,0.0008416,0.0013527,0.0006192,0.0013237,0.0002418,0.0005072,0.0001257,0.0002911,0.0002242
Least Auklet,0.0,0.0,0.0,0.0,0.0,0.0,0.0,0.0,0.0,0.0,0.0,0.0,0.0,0.0,0.0,0.0,0.0,0.0,0.0,0.0,0.0,0.0,0.0,0.0015,0.0,0.0,0.0,0.0,0.0,0.0,0.0,0.0,0.0,0.0,0.0,0.0,0.0,0.0,0.0,0.0,0.0,0.0,0.0,0.0,0.0,0.0,0.0,0.0
Crested Auklet,0.0,0.0,0.0,0.0,0.0,0.0,0.0,0.0,0.0,0.0,0.0,0.0,0.0,0.0,0.0,0.0,0.0,0.0,0.0,0.0,0.0,7.79e-05,0.0,3.56e-05,0.0,0.0,0.0,0.0,0.0,0.0,0.0,0.0,0.0,0.0,0.0,0.0,0.0,0.0,0.0,0.0,0.0,0.0,0.0,0.0,0.0,0.0,0.0,0.0
Parakeet Auklet,0.0,0.0,0.0,0.0,2.18e-05,9.07e-05,2.71e-05,0.0015,0.0001461,6.77e-05,0.000122,0.0001966,0.0015,2.1e-05,0.0002279,7e-05,9.75e-05,1.52e-05,0.0,1.27e-05,0.0,0.0,0.0,0.0,0.0,0.0,0.0,0.0,2.5e-05,0.0,0.0,0.0,0.0,0.0,0.0,0.0,2.5e-05,0.0,8.86e-05,0.0,0.0,0.0,0.0,0.0,2.98e-05,0.0,0.0,0.0
Long-billed Murrelet,0.0,0.0,0.0,0.0,0.0,0.0,0.0,0.0,0.0,0.0,0.0,0.0,0.0,0.0,0.0,0.0,0.0,0.0,0.0,0.0,0.0,0.0,0.0,0.0,0.0,0.0,0.0,3.82e-05,2.5e-05,0.0015,0.0,0.0015,0.0,0.0,0.0,0.0,0.0,0.0,0.0,0.0,0.0,0.0,0.0015,0.0,0.0,6.29e-05,0.0015,0.0
Kittlitz's Murrelet,0.0015,0.0,0.0,0.0,0.0,0.0,0.0,0.0,0.0,0.0,0.0,0.0,0.0,0.0,0.0,0.0,0.0,0.0,0.0,0.0,0.0,0.0,0.0,0.0,0.0,0.0,0.0,0.0,0.0,0.0,0.0,0.0,0.0,0.0,0.0,0.0,0.0,0.0,0.0,0.0,0.0,0.0,0.0,0.0,0.0,0.0,0.0,0.0
Marbled Murrelet,0.0141553,0.0160619,0.0144611,0.0132735,0.0113785,0.0084913,0.00613,0.0074598,0.0068236,0.0060905,0.0054689,0.0041563,0.0062726,0.0092573,0.0111485,0.0112471,0.011088,0.0105447,0.0098813,0.0091053,0.0089932,0.0110224,0.0120279,0.0149182,0.0146081,0.0166462,0.0152972,0.0163013,0.0156203,0.0189842,0.0185757,0.0150778,0.0143078,0.0164159,0.014255,0.0116886,0.0120235,0.0158677,0.0159747,0.0181153,0.0173371,0.0201508,0.0218418,0.0200484,0.0195417,0.0193601,0.0175439,0.0190033
Pigeon Guillemot,0.0457209,0.0504235,0.0491071,0.0522216,0.0507775,0.0443436,0.0382414,0.0493545,0.0505196,0.0535742,0.0530831,0.0508439,0.0550042,0.0574751,0.0573946,0.0545829,0.0523672,0.0468669,0.0499651,0.0475459,0.0433129,0.0516845,0.0542503,0.0679785,0.0713011,0.0835321,0.0868579,0.0920366,0.0945703,0.1023802,0.0922299,0.0678144,0.0516093,0.0505898,0.0406118,0.0388645,0.03962,0.0427107,0.0470974,0.0494225,0.0499406,0.0495328,0.0506032,0.0468015,0.0446029,0.0464517,0.0485301,0.0470771
Thick-billed Murre,0.0001363,0.0001046,0.0003843,0.000187,0.0001529,0.0001814,6.77e-05,4.62e-05,2.09e-05,0.0,0.0,1.4e-05,0.0,0.0,0.0,1.4e-05,0.0,0.0,0.0,0.0,0.0,0.0,2.08e-05,0.0,0.0,0.0,0.0,1.91e-05,0.0,0.0,0.0,0.0,0.0,0.0,0.0,0.0,0.0,0.0,0.0015,0.0,0.0015,0.0,9.03e-05,0.0,2.98e-05,3.14e-05,7.94e-05,5.17e-05
Common Murre,0.0232086,0.0251804,0.0228344,0.0189599,0.016489,0.0123923,0.0091341,0.0107624,0.0096615,0.009384,0.0082949,0.0068101,0.0062924,0.0071372,0.0067423,0.0074794,0.0069259,0.0053103,0.0068261,0.0050162,0.0046743,0.006037,0.0061388,0.0088226,0.0085196,0.0138341,0.0170954,0.0254935,0.0290448,0.0330735,0.0357504,0.0342726,0.0317259,0.0360065,0.0304898,0.0303486,0.0297463,0.0332626,0.0378551,0.0409224,0.0378213,0.0370089,0.0392912,0.0318312,0.0299839,0.0274373,0.0287899,0.0286084
Ancient Murrelet,0.0049203,0.0051239,0.0058047,0.0035209,0.0023587,0.001887,0.0009066,0.0008545,0.0007512,0.0003609,0.0002643,0.0002949,0.0003374,0.0002729,0.0002659,0.0003642,0.0002114,0.0002883,0.0002793,0.0001778,0.0001066,0.0002337,0.000104,0.0001782,0.0001561,0.0001004,0.0001824,0.0003249,0.0004491,0.0002331,0.0001816,0.0004812,0.0007142,0.0012647,0.0009899,0.0007097,0.0017748,0.0033392,0.0044587,0.0051127,0.0094691,0.0112575,0.0142904,0.012772,0.0114864,0.0095543,0.0087852,0.0058631
Scripps's Murrelet,0.0,0.0,0.0,0.0,0.0,0.0,0.0,0.0,0.0,0.0,0.0,0.0,0.0,0.0,0.0,2.8e-05,0.0,0.0,0.0,0.0,0.0,0.0,0.0,3.56e-05,0.0,0.0001004,2.61e-05,3.82e-05,0.0001248,0.0001295,7.78e-05,0.0001782,0.0001613,0.0001807,0.000198,6.26e-05,0.0001,7.77e-05,2.95e-05,2.1e-05,0.0,0.0,0.0,0.0,0.0,0.0,0.0,0.0
Guadalupe Murrelet,0.0,0.0,0.0,0.0,0.0,0.0,0.0,0.0,0.0,0.0,0.0,0.0,0.0,0.0,0.0,0.0,0.0,0.0,0.0,0.0,0.0,0.0,0.0,0.0,0.0,0.0,5.21e-05,3.82e-05,2.5e-05,0.0,0.0015,0.0015,0.0,2.58e-05,0.0,4.17e-05,0.0,0.0,0.0,0.0,0.0,0.0,0.0,0.0,0.0,0.0,0.0,0.0
Swallow-tailed Gull,0.0,0.0,0.0,0.0,0.0,0.0,0.0,0.0,0.0,0.0,0.0,0.0,0.0,0.0,0.0,0.0,0.0,0.0,0.0,0.0,0.0,0.0,0.0,0.0,0.0,0.0,0.0,0.0,0.0,0.0,0.0,0.0014436,0.0030413,0.0016777,0.0,0.0,0.0,0.0,0.0,0.0,0.0,0.0,0.0,0.0,0.0,0.0,0.0,0.0
Little Gull,0.0,0.0,4.05e-05,0.0015,2.18e-05,3.63e-05,0.0015,6.93e-05,4.17e-05,4.51e-05,0.0001423,2.81e-05,3.97e-05,6.3e-05,0.0015,1.4e-05,0.0015,4.55e-05,0.0015,0.0,0.0,0.0,0.0,0.0,0.0,0.0015,0.0,1.91e-05,0.0015,0.0015,0.0003632,0.0,0.0015,2.58e-05,0.0001237,0.0003131,0.000125,0.000233,0.0006201,0.0001052,0.0001104,0.0003096,3.01e-05,4.4e-05,0.0015,3.14e-05,0.0001058,3.45e-05
Ross's Gull,0.0,0.0,0.0,0.0,0.0,0.0,0.0,0.0,0.0,0.0,0.0,0.0,0.0,0.0,0.0,0.0,0.0,0.0,0.0,0.0,0.0,0.0,0.0,0.0,0.0,0.0,0.0,0.0,0.0,0.0,0.0,0.0,0.0,0.0,0.0,0.0,0.0,0.0,0.0,0.0,0.0,0.0,0.0,8.79e-05,0.0001492,0.0,0.0001588,0.0005001
Black-legged Kittiwake,0.0003482,0.0005647,0.0009304,0.000483,0.0008736,0.0005625,0.0004872,0.0011548,0.0007304,0.0009023,0.0017891,0.001011,0.0006352,0.0002939,0.0004748,0.0005042,0.0004877,0.000349,0.0008904,0.0001143,0.0002666,7.79e-05,0.0001457,0.0004099,0.000513,0.0003013,0.0007557,0.0002675,0.0003493,0.0004662,0.000441,0.0005169,0.000576,0.0025811,0.0011384,0.001148,0.0015498,0.0019414,0.0025099,0.0038503,0.0033956,0.0029551,0.0025272,0.0011871,0.0016409,0.0020743,0.001032,0.0008277
Red-legged Kittiwake,0.0,0.0015,0.0015,0.0015,0.0,0.0,0.0,0.0,2.09e-05,0.0,0.0,0.0,0.0,0.0,0.0,0.0,0.0,0.0,0.0,0.0,0.0,0.0,0.0,0.0015,0.0015,0.0,0.0,0.0,0.0,0.0,5.19e-05,0.0,0.0,5.16e-05,0.0,2.09e-05,0.0,0.0,0.0,0.0,0.0,0.0,0.0015,0.0,0.0,0.0015,0.0015,0.0
Ivory Gull,0.0,0.0,0.0015,0.0,0.0,0.0,0.0,0.0,0.0,0.0,0.0,0.0,0.0,0.0,0.0,0.0,0.0,0.0,0.0,0.0,0.0,0.0,0.0,0.0,0.0,0.0,0.0,0.0,0.0,0.0,0.0,0.0,0.0,0.0,0.0,0.0,0.0,0.0,0.0,0.0,0.0,0.0,0.0,0.0,0.0,0.0,0.0015,0.0
Sabine's Gull,0.0,0.0,0.0,0.0,0.0,0.0,0.0,0.0,0.0,0.0,0.0002236,2.81e-05,9.92e-05,0.0,0.0003229,0.0007984,0.0014957,0.0011834,0.0009078,0.0005842,0.0001244,3.89e-05,6.24e-05,3.56e-05,2.23e-05,0.0003013,0.0002606,0.0007453,0.0012975,0.0021496,0.0025684,0.0040101,0.0059673,0.0089823,0.0074245,0.0045293,0.0022997,0.0020967,0.001004,0.0006522,8.28e-05,0.0001407,9.03e-05,6.59e-05,0.0,0.0,0.0,0.0
Bonaparte's Gull,0.0128382,0.0126529,0.0109621,0.0098772,0.0079934,0.0059512,0.0040461,0.0052888,0.0036309,0.0048499,0.0051436,0.0077649,0.0139942,0.0160796,0.0268361,0.0269903,0.0162906,0.0113488,0.0111383,0.0093974,0.0061139,0.0044791,0.0051191,0.0045984,0.0055756,0.008411,0.0127433,0.0192635,0.0221829,0.025485,0.0261772,0.0234543,0.021381,0.027876,0.0283614,0.0283866,0.0313711,0.0388797,0.0530621,0.0651392,0.064517,0.0612406,0.0492795,0.0364256,0.0251507,0.0183544,0.017438,0.014399
Black-headed Gull,4.54e-05,0.0015,6.07e-05,0.0015,0.0008954,5.44e-05,0.0015,4.62e-05,2.09e-05,0.0015,6.1e-05,1.4e-05,0.0004565,0.0001259,3.8e-05,0.0003081,0.0,0.0,0.0,0.0,0.0,0.0,0.0,0.0,0.0,0.0,0.0,0.0,0.0,0.0,0.0015,0.0015,0.0,2.58e-05,0.0006929,0.0002505,2.5e-05,5.18e-05,0.0,4.21e-05,0.0015,0.0,0.0,0.0,0.0,0.0,2.65e-05,0.0001724
Laughing Gull,0.0,0.0,0.0,0.0,0.0,0.0,0.0,0.0,0.0,0.0,0.0007319,0.0005897,0.0002382,0.0001889,5.7e-05,2.8e-05,3.25e-05,0.0015,0.0001047,0.0,1.78e-05,0.0,0.0,1.78e-05,4.46e-05,7.53e-05,5.21e-05,1.91e-05,0.0,0.0001036,0.0002594,0.0001248,9.22e-05,5.16e-05,2.47e-05,0.0001252,5e-05,2.59e-05,5.91e-05,2.1e-05,2.76e-05,0.0,0.0,0.0,0.0,0.0,0.0,0.0
Franklin's Gull,1.51e-05,0.0001046,2.02e-05,4.67e-05,0.0001092,0.0,0.0,4.62e-05,0.0001252,0.0001805,6.1e-05,0.0001404,1.98e-05,0.0003359,0.000114,0.0002521,0.0005853,0.0011227,0.0021823,0.0024129,0.0015107,0.0016358,0.0010613,0.0006773,0.0005799,0.000226,0.0002085,0.0005542,0.002096,0.0022014,0.0047996,0.0040101,0.0030182,0.0044653,0.002846,0.0023377,0.0022747,0.0019932,0.0013878,0.0014728,0.0017944,0.0005066,0.0006017,0.0003737,0.0005072,0.0003771,0.0,1.72e-05
Black-tailed Gull,0.0,0.0,0.0,0.0,0.0,0.0,0.0,0.0,2.09e-05,0.0,0.0,0.0,0.0,0.0,0.0,0.0,0.0,0.0,0.0,0.0,0.0,0.0,0.0015,0.0,0.0,0.0,0.0,0.0,2.5e-05,0.0001813,5.19e-05,7.13e-05,0.0,5.16e-05,0.000396,0.0002713,0.00015,0.0001553,0.0002067,0.0004208,0.0002209,0.0,0.0,0.0,0.0,0.0,0.0,0.0
Heermann's Gull,0.0002725,0.0001046,8.09e-05,0.0015,4.37e-05,1.81e-05,1.35e-05,2.31e-05,2.09e-05,0.0001128,6.1e-05,4.21e-05,5.95e-05,0.0015,1.9e-05,0.0001821,0.0003089,0.0001062,0.0007682,0.0006477,0.0016529,0.0034859,0.0058891,0.0116387,0.0165485,0.029476,0.0369009,0.0502226,0.0534484,0.0592577,0.0590998,0.0628598,0.0614474,0.0741553,0.0680328,0.0657483,0.0589426,0.0637813,0.0627178,0.0558817,0.0359716,0.0243443,0.0214507,0.0117608,0.0061161,0.0026714,0.0007409,0.0005863
Short-billed Gull,0.1163611,0.1165952,0.1131202,0.1143983,0.1104875,0.0862197,0.0720849,0.0986859,0.095718,0.0890799,0.0865473,0.0710775,0.0721545,0.0723792,0.0622377,0.0473696,0.0252813,0.0098619,0.0041201,0.0020954,0.0009064,0.0009348,0.00077,0.0012833,0.0023864,0.0040674,0.008261,0.0182888,0.0281216,0.0339023,0.0392788,0.0443244,0.053729,0.0584106,0.065162,0.0701524,0.0948631,0.1107631,0.1294809,0.1483095,0.1450184,0.1401272,0.1374289,0.1291053,0.1286771,0.1216607,0.1160594,0.1158303
Ring-billed Gull,0.0710187,0.0694134,0.0678559,0.0676606,0.0644055,0.0507666,0.0429911,0.0598628,0.0560911,0.0536194,0.0493626,0.04409,0.040871,0.0416684,0.041878,0.0405345,0.0384015,0.0377333,0.0359288,0.0381231,0.0376788,0.0344499,0.0333784,0.0356646,0.0431554,0.0546085,0.0615016,0.0719705,0.0796237,0.0932636,0.1006875,0.114438,0.1146925,0.1221124,0.1293835,0.1319349,0.1252093,0.1242493,0.1329652,0.1292474,0.114927,0.1119273,0.1005746,0.097406,0.0843427,0.075649,0.0663915,0.0737886
Western Gull,0.0180764,0.0174004,0.019032,0.0189599,0.0179086,0.0154404,0.0147499,0.0178064,0.0142315,0.0131511,0.014943,0.0140414,0.012307,0.0138965,0.0145481,0.0209395,0.0203876,0.0117736,0.0120635,0.0078862,0.0060784,0.0056475,0.0066174,0.0096959,0.008921,0.0130307,0.0155318,0.0208688,0.0190139,0.020072,0.0275263,0.0306012,0.026565,0.0349224,0.0333111,0.0306199,0.0220972,0.0198799,0.0245674,0.0259,0.021064,0.0213329,0.0182918,0.0195428,0.0170655,0.0174115,0.0193432,0.0189343
American Herring Gull,0.0215887,0.0214786,0.0203264,0.0195519,0.0187604,0.0160029,0.013965,0.0176217,0.0149201,0.0130157,0.0115681,0.0102643,0.0078407,0.0063395,0.0050899,0.0052524,0.0033166,0.0022455,0.001676,0.0004953,0.0002488,0.0001363,6.24e-05,0.0001426,0.0001115,0.0001506,5.21e-05,0.0002484,0.0017467,0.001554,0.0029316,0.0043665,0.0067276,0.0128281,0.0141807,0.0172824,0.0183977,0.0220801,0.0286718,0.032233,0.0317754,0.0290442,0.0287012,0.0287756,0.0238379,0.0216858,0.0222804,0.0226418
Vega Gull,0.0,2.09e-05,0.0,0.0,0.0,0.0,0.0,0.0,0.0,0.0,0.0,0.0,0.0,0.0,0.0,0.0,0.0,0.0,0.0,0.0,0.0,0.0,0.0,0.0,0.0,0.0,0.0,0.0,0.0,0.0,0.0,0.0,0.0,0.0,0.0,0.0,0.0,0.0,0.0,0.0,0.0,0.0,0.0,0.0,0.0,0.0,0.0,0.0
Great Black-backed Gull,0.0,0.0015,0.0001618,1.56e-05,2.18e-05,0.0,0.0015,0.0,0.0,0.0,0.0,0.0,0.0,0.0,0.0,0.0,0.0,0.0,0.0,0.0,0.0,0.0,0.0,0.0,0.0,0.0,0.0,0.0,0.0,0.0,0.0,0.0,0.0,0.0,0.0,0.0,0.0,0.0,0.0,0.0,0.0,0.0,0.0,0.0,0.0,0.0,0.0,0.0
Glaucous Gull,0.0016805,0.001213,0.0011326,0.0018228,0.0020093,0.0015059,0.0010284,0.0014319,0.0009808,0.0006767,0.0006506,0.0005336,0.0004764,0.0002939,0.0002279,0.0004342,0.0002764,0.0001062,0.0001222,6.35e-05,0.0,1.95e-05,2.08e-05,1.78e-05,0.0,0.0,0.0,1.91e-05,4.99e-05,0.0001036,0.0015,0.0001069,2.3e-05,0.0,4.95e-05,2.09e-05,5e-05,0.0,2.95e-05,0.0001683,8.28e-05,0.000985,0.001053,0.0005056,0.0018796,0.0007229,0.0009261,0.0014313
Lesser Black-backed Gull,0.0009841,0.0014849,0.0008495,0.0010438,0.0007207,0.0004355,0.0003654,0.0003464,0.0003339,0.0002707,0.0002846,0.0001123,0.0001786,0.000105,0.0001519,7e-05,3.25e-05,0.0,0.0,2.54e-05,1.78e-05,0.0001168,0.0001249,0.0003386,0.0,0.0,0.0,3.82e-05,4.99e-05,0.0001036,0.0001297,7.13e-05,4.61e-05,0.0,0.0001732,0.0005636,0.0010249,0.0008024,0.0009154,0.0006312,0.0004969,0.000591,0.0005114,0.0015168,0.0010144,0.00154,0.0010849,0.000638
California Gull,0.0257369,0.0234864,0.0211557,0.0218265,0.021403,0.017273,0.0159001,0.0215709,0.0223488,0.025084,0.0250879,0.0251622,0.0279289,0.0241614,0.0240822,0.0223682,0.0234929,0.0232286,0.0273219,0.0287383,0.0294322,0.0306134,0.0321299,0.040673,0.0467238,0.0688443,0.0901676,0.1267032,0.1400339,0.1484033,0.1537683,0.1568732,0.1597585,0.1653976,0.1554929,0.1513671,0.1354331,0.1306171,0.134353,0.1293736,0.1062032,0.0916357,0.0738891,0.0575731,0.0491378,0.0436545,0.0326268,0.0283152
Glaucous-winged Gull,0.2227,0.2210603,0.2077948,0.2124385,0.2071503,0.1741994,0.1537233,0.192822,0.185635,0.1815208,0.1744567,0.1623887,0.1620549,0.1661489,0.162175,0.1520533,0.1358197,0.1230011,0.117074,0.1090609,0.0990491,0.0944304,0.0985745,0.1113606,0.1239797,0.1418815,0.1541188,0.1736962,0.1768889,0.1834192,0.1872357,0.1851753,0.1863696,0.1966549,0.1970451,0.1954707,0.1957255,0.2044937,0.2229965,0.2446506,0.2370317,0.2385174,0.2404104,0.242361,0.240975,0.2346156,0.2309015,0.2335058
Slaty-backed Gull,0.000439,0.0006274,0.0003438,0.0005764,0.0006552,0.0005806,0.0001759,0.0003233,0.0005008,0.0003158,0.0002033,7.02e-05,3.97e-05,8.4e-05,0.0,7e-05,4.88e-05,0.0,1.75e-05,0.0015,0.0,0.0,0.0,0.0,0.0,0.0,2.61e-05,1.91e-05,0.0001497,2.59e-05,2.59e-05,7.13e-05,2.3e-05,0.0001807,2.47e-05,0.0004383,0.0007999,0.000673,0.0016536,0.001052,0.0005521,0.0003659,0.0002407,0.0004616,0.0003282,0.0002829,0.0003175,0.0005173
Iceland Gull,0.0131712,0.0116072,0.0117711,0.0122453,0.0107452,0.0086728,0.0066713,0.0099079,0.0067819,0.006271,0.0045947,0.0036086,0.0027591,0.0021831,0.0021271,0.0016668,0.0012844,0.0005614,0.0004365,8.89e-05,8.89e-05,1.95e-05,2.08e-05,0.0,0.0,0.0,0.0,0.0,0.0,0.0,2.59e-05,5.35e-05,0.0002304,0.0012906,0.0024996,0.0039866,0.0058993,0.0094481,0.0134648,0.0183257,0.0167021,0.016267,0.0132074,0.0137832,0.0130378,0.0122572,0.0138128,0.0130712
Least Tern,0.0,0.0,0.0,0.0,0.0,0.0,0.0,0.0,0.0,0.0,0.0,0.0,0.0,0.0,0.0,0.0,0.0,0.0,0.0,0.0,0.0002488,0.0015,8.32e-05,0.0002852,0.0003791,0.0,0.0,0.0,0.0,0.0,0.0,0.0015,0.0,0.0,0.0,0.0,0.0,0.0,0.0,0.0,0.0,0.0,0.0,0.0,0.0,0.0,0.0,0.0
Caspian Tern,1.51e-05,0.0,0.0,0.0,0.0,0.0015,1.35e-05,0.0,0.0,6.77e-05,0.0002846,0.0022607,0.01058,0.0285906,0.056578,0.0843465,0.0812252,0.0676832,0.0644378,0.0669122,0.0587577,0.0610127,0.0661326,0.0761059,0.088987,0.0937759,0.1025982,0.1153898,0.1170776,0.1244982,0.1371903,0.1389082,0.1249453,0.1113233,0.0797882,0.0480067,0.023647,0.0100953,0.0055513,0.0026089,0.0004693,0.0003377,0.0001504,0.0003078,0.0002088,0.0002514,2.65e-05,5.17e-05
Black Tern,0.0,0.0,0.0,0.0,0.0,0.0,0.0,0.0,0.0,0.0,0.0,0.0,0.0,0.0,1.9e-05,7e-05,0.0006991,0.001942,0.0030901,0.0044193,0.0039634,0.0054722,0.0045365,0.0035825,0.0033231,0.0026614,0.0021109,0.0016626,0.0011478,0.001295,0.0007264,0.0005525,0.0002765,0.0003097,0.0001237,0.0001461,0.0,0.0,0.0,0.0,0.0,0.0,0.0,0.0,0.0,0.0,0.0,0.0
Forster's Tern,0.0,0.0,0.0,0.0,0.0,0.0,0.0,0.0,0.0,0.0,0.0,1.4e-05,1.98e-05,0.0002519,0.0005508,0.0017368,0.0034304,0.0047641,0.0053771,0.0057908,0.0042478,0.0035248,0.0029966,0.0025844,0.0018511,0.0025358,0.0016939,0.0016626,0.0024703,0.0027453,0.0029316,0.0036358,0.0040089,0.0032264,0.0018066,0.0007305,0.000225,0.0001035,2.95e-05,4.21e-05,0.0,0.0015,0.0,0.0,0.0,0.0,0.0,0.0
Arctic Tern,0.0,0.0,0.0,0.0,0.0,0.0,0.0,0.0,0.0,0.0,0.0,0.0,0.0,2.1e-05,1.9e-05,0.0002521,0.0003739,0.0004096,0.0003666,0.0001397,0.0001777,5.84e-05,4.16e-05,0.0002139,0.000223,0.0011549,0.0002345,0.000344,0.000524,0.0011396,0.0018939,0.0014971,0.0010829,0.0017035,0.0011384,0.0004174,5e-05,2.59e-05,0.0002953,4.21e-05,0.0004141,0.0004784,6.02e-05,0.0,0.0,0.0,0.0,0.0
Common Tern,0.0,0.0,0.0,0.0,0.0,0.0,0.0,0.0,0.0,0.0,0.0,0.0,0.0,0.0,5.7e-05,0.0003362,0.0019022,0.0032013,0.003352,0.001181,0.0005154,0.0004284,0.0002289,0.0002495,0.0001784,0.0004519,0.0006515,0.0005351,0.0017966,0.0030043,0.0054741,0.0070933,0.0099071,0.0123377,0.0115079,0.007201,0.0030246,0.0012166,0.0008268,0.0004208,5.52e-05,5.63e-05,0.0,0.0,2.98e-05,0.0,0.0,0.0
Elegant Tern,0.0,0.0,0.0,0.0,0.0,0.0,0.0,0.0,0.0,0.0,0.0,0.0,0.0,0.0,0.0,1.4e-05,0.0,0.0,1.75e-05,0.0,0.0,0.0,0.0015,1.78e-05,0.0015,2.51e-05,2.61e-05,5.73e-05,0.0001747,0.0002072,0.0010896,0.0011763,0.0007834,0.0006453,0.0003217,0.0001461,0.000225,5.18e-05,0.0,2.1e-05,0.0,0.0,0.0,0.0,0.0,0.0,0.0,0.0
Pied-billed Grebe,0.1085038,0.1093381,0.1068301,0.1084315,0.1009435,0.0872902,0.0748725,0.1051756,0.1039606,0.1035618,0.1008193,0.0989637,0.0859899,0.0795583,0.0689989,0.0586027,0.051977,0.0515248,0.0494064,0.0480284,0.0441127,0.043739,0.0426803,0.0409404,0.0402783,0.0461222,0.0495922,0.0548665,0.058963,0.0658362,0.0748476,0.0835338,0.0902472,0.092507,0.1016408,0.1084325,0.1101112,0.1147494,0.1256127,0.1310989,0.1243133,0.1315997,0.1287945,0.1253023,0.1112835,0.1111006,0.1076976,0.1105191
Horned Grebe,0.1240973,0.1198369,0.1186214,0.1149903,0.1090242,0.0871088,0.0739658,0.0938359,0.0917115,0.0850421,0.0854087,0.0761886,0.0787447,0.0749192,0.0734051,0.0557734,0.0269071,0.0082082,0.0032647,0.001816,0.0016173,0.0016748,0.0011653,0.0010872,0.0010036,0.0008034,0.0012769,0.0016244,0.0027448,0.0057238,0.0078869,0.0135629,0.024814,0.0386392,0.0507338,0.0668754,0.0944382,0.1151118,0.1370401,0.15176,0.1520857,0.1564505,0.1485905,0.1379424,0.1278418,0.1238607,0.1178323,0.1203828
Red-necked Grebe,0.0605423,0.0610478,0.0588354,0.0553686,0.0495981,0.0396807,0.0305011,0.0428416,0.0423605,0.041145,0.0432838,0.0412255,0.0443051,0.0431378,0.0408524,0.0288111,0.018778,0.0086482,0.0048708,0.0026668,0.0014752,0.0029601,0.0026012,0.0024418,0.0020518,0.0020588,0.0035702,0.0050261,0.0098812,0.0168864,0.019821,0.0261634,0.0327627,0.0418914,0.0430123,0.0453976,0.0521185,0.0612963,0.0702179,0.0785205,0.0719708,0.0723292,0.0724751,0.0677292,0.0616385,0.0623861,0.0610198,0.0630454
Eared Grebe,0.0066765,0.0064415,0.007544,0.0067458,0.0047829,0.0043001,0.0047633,0.0056583,0.0044239,0.0047145,0.0059975,0.0055604,0.0060741,0.0045762,0.0059446,0.0049162,0.0046661,0.0043241,0.0048359,0.0037844,0.0033413,0.0044012,0.0033295,0.0025131,0.0018065,0.0015064,0.0023715,0.0018537,0.0024454,0.0027971,0.0031911,0.0047942,0.0056909,0.0074078,0.0064345,0.0075767,0.0101237,0.0113119,0.012077,0.0108776,0.0114292,0.0106946,0.0072204,0.0071884,0.0052509,0.0058457,0.005848,0.0062252
Western Grebe,0.0476436,0.0456342,0.0443946,0.040397,0.0353804,0.0282682,0.0241546,0.030555,0.0270022,0.025648,0.0270397,0.0253166,0.0264798,0.0294303,0.0301977,0.0293714,0.0261755,0.0186011,0.0151885,0.0137406,0.0116058,0.0101655,0.0079076,0.0069155,0.00678,0.0069296,0.0051338,0.0053127,0.0068121,0.0081065,0.0118044,0.0168779,0.025436,0.0324446,0.0413295,0.0589647,0.0727909,0.0853955,0.0973543,0.1009068,0.0933661,0.08308,0.0709107,0.0631348,0.0520317,0.050066,0.050647,0.0494396
Clark's Grebe,0.0003179,0.0004183,0.0005259,0.0006387,0.0010265,0.0004173,0.0002977,0.0003233,0.0003756,0.0004512,0.0006099,0.0004914,0.0007543,0.0008816,0.0012915,0.0016668,0.0022274,0.0026551,0.0021124,0.0025271,0.0023283,0.0019279,0.0021018,0.0013368,0.0014274,0.0014813,0.0007818,0.00086,0.0009981,0.0013468,0.0011415,0.0014793,0.0021888,0.0028908,0.0012869,0.001148,0.0014748,0.0017084,0.0020965,0.0013045,0.0018497,0.0012665,0.0010229,0.0009672,0.000537,0.0007229,0.0006351,0.0004484
Red-billed Tropicbird,0.0,0.0,0.0,0.0,0.0,0.0,0.0,0.0,0.0,0.0,0.0,0.0,0.0,0.0,0.0,0.0,0.0,0.0,0.0,0.0,0.0,0.0,0.0015,0.0,0.0,0.0,0.0,0.0,0.0,0.0,0.0,0.0,0.0,0.0,0.0,0.0,0.0,0.0,0.0,0.0,0.0,0.0,0.0,0.0,0.0,0.0,0.0,0.0
Red-throated Loon,0.0286134,0.0290913,0.0292256,0.0263601,0.0209662,0.0173093,0.0135726,0.0161667,0.0154418,0.0121811,0.0117307,0.0096745,0.0094883,0.0101809,0.009914,0.0085159,0.0065845,0.003171,0.0030377,0.0019049,0.0012263,0.0015774,0.0013526,0.0014615,0.0013382,0.0018579,0.0019545,0.0026564,0.003693,0.0045065,0.0066156,0.01064,0.0099993,0.0111246,0.0106912,0.0117512,0.0135983,0.0162042,0.0203449,0.028004,0.0276896,0.0258922,0.026866,0.0265993,0.0289695,0.0268402,0.0304834,0.0296086
Arctic Loon,0.0013777,0.0010248,0.0002427,0.0001091,2.18e-05,0.0,0.0,0.0,0.0,0.0,0.0,0.0,0.0,0.0002519,9.5e-05,1.4e-05,1.63e-05,1.52e-05,0.0,0.0,0.0,0.0,0.0,0.0,0.0,0.0,0.0,0.0,0.0,0.0,0.0,0.0,0.0,0.0,0.0,0.0,0.0,0.0,0.0,0.0,0.0015,0.0,0.0,0.0001099,0.0001193,6.29e-05,0.0002911,0.0010174
Pacific Loon,0.0267512,0.0280038,0.0248367,0.0236025,0.0205294,0.0151501,0.0131396,0.0162359,0.0146071,0.0130157,0.0134182,0.0098992,0.0102029,0.0105588,0.0116802,0.013054,0.0148761,0.0130026,0.0134951,0.0096387,0.0049587,0.0035443,0.0023723,0.0022814,0.001695,0.0024103,0.0023975,0.0028857,0.0037179,0.0040662,0.005552,0.00843,0.0084556,0.0118215,0.014057,0.0214778,0.0289214,0.0342203,0.0442036,0.0474237,0.0407476,0.0425532,0.0399832,0.0356562,0.0331464,0.0332516,0.0320711,0.0310053
Common Loon,0.0614658,0.0600021,0.0612827,0.0576432,0.0526339,0.0443799,0.0405689,0.047784,0.0490172,0.047416,0.0524326,0.0488641,0.0609194,0.0707628,0.0828633,0.0798644,0.0563504,0.0311334,0.0225733,0.0154169,0.0125478,0.0123077,0.0117157,0.0128685,0.0116419,0.0120766,0.0117791,0.0143521,0.0177662,0.022118,0.0264626,0.0341478,0.0465636,0.0615337,0.068701,0.0767481,0.0844644,0.0927728,0.1042343,0.1123525,0.1011236,0.0964483,0.0807786,0.0762805,0.0685303,0.0648061,0.0596703,0.0634937
Yellow-billed Loon,0.0012868,0.0017149,0.0021237,0.0015891,0.0006334,0.0005262,0.0007172,0.0022633,0.000939,0.0010376,0.0015655,0.0012356,0.0007146,0.0008397,0.0005698,0.0003782,0.0002926,0.0001821,8.73e-05,5.08e-05,0.0015,1.95e-05,6.24e-05,1.78e-05,0.0,0.0015,2.61e-05,3.82e-05,2.5e-05,0.0,0.0,1.78e-05,2.3e-05,2.58e-05,9.9e-05,0.0001044,0.000275,0.0003624,0.0004725,0.0003366,0.0003313,0.0005066,0.0007521,0.001297,0.0013724,0.0012886,0.0012701,0.0017417
Laysan Albatross,7.57e-05,0.0,0.0001011,1.56e-05,0.0001092,1.81e-05,0.0,4.62e-05,4.17e-05,6.77e-05,0.0002236,1.4e-05,0.0,0.0,1.9e-05,0.0001401,6.5e-05,0.0015,8.73e-05,1.27e-05,0.0,3.89e-05,0.0,3.56e-05,0.0,7.53e-05,0.0,5.73e-05,0.0001497,0.0003108,0.0001038,0.0002317,6.91e-05,0.0004646,0.0001237,0.0001879,7.5e-05,5.18e-05,0.0001476,0.0,0.0,0.0,0.0001203,0.0,8.95e-05,0.0001886,0.0,0.0
Black-footed Albatross,0.0,0.0,0.0001011,1.56e-05,0.0001529,1.81e-05,2.71e-05,6.93e-05,0.0001252,6.77e-05,0.0005286,0.0003089,0.0001588,0.0015,0.0004748,0.0017648,0.0016908,0.0018055,0.0007507,0.0004445,0.0001955,5.84e-05,0.000333,0.0006416,0.0002007,0.000929,0.0005733,0.0013569,0.0016968,0.0025381,0.0019977,0.0024239,0.0021197,0.002736,0.0021283,0.0022751,0.0013248,0.0008024,0.0006496,0.0001262,0.0,0.0,9.03e-05,0.0,0.0002685,0.0,0.0,0.0
Short-tailed Albatross,0.0,0.0,0.0015,1.56e-05,0.0,0.0,0.0,0.0,0.0,2.26e-05,4.07e-05,1.4e-05,0.0,0.0,0.0,2.8e-05,1.63e-05,0.0015,1.75e-05,0.0,0.0,1.95e-05,0.0,1.78e-05,0.0,5.02e-05,0.0,5.73e-05,0.0,0.0015,0.0015,1.78e-05,2.3e-05,0.0015,2.47e-05,2.09e-05,0.0,0.0,0.0,0.0,0.0,0.0,0.0,0.0,0.0,0.0,0.0,0.0
White-capped Albatross,0.0,0.0,0.0,0.0015,0.0,0.0,0.0,0.0,0.0,0.0,0.0,0.0,0.0,0.0,0.0,0.0,0.0,0.0,0.0,0.0,0.0,0.0,0.0,0.0,0.0,0.0,0.0,0.0,0.0,0.0,0.0,0.0,0.0015,0.0,0.0,0.0,0.0,0.0,0.0,0.0,0.0,0.0,0.0,0.0,0.0,0.0,0.0,0.0
Wilson's Storm-Petrel,0.0,0.0,0.0,0.0,0.0,0.0,0.0,0.0,0.0,0.0,0.0,0.0,0.0,0.0,0.0,0.0,0.0,0.0,0.0,0.0,0.0,0.0,0.0,0.0,0.0,2.51e-05,0.0,3.82e-05,2.5e-05,0.0,0.0,5.35e-05,4.61e-05,2.58e-05,0.0,0.0,0.0,0.0,0.0,0.0,0.0,0.0,0.0,0.0,0.0,0.0,0.0,0.0
Fork-tailed Storm-Petrel,1.51e-05,6.27e-05,4.05e-05,0.0015,0.0015,3.63e-05,0.0,0.0015,8.35e-05,4.51e-05,0.000122,9.83e-05,1.98e-05,2.1e-05,0.0002469,0.0010925,0.001447,0.0022303,0.0012919,0.000381,0.0002666,0.0001168,0.0003121,0.0007129,0.0002899,0.000929,0.0006776,0.0015288,0.0019213,0.0026158,0.0023349,0.0026734,0.0031104,0.0027618,0.0023263,0.0016281,0.0010499,0.0005436,0.0007382,0.0003998,0.0001656,8.44e-05,3.01e-05,0.0001099,0.000537,0.00022,2.65e-05,3.45e-05
Leach's Storm-Petrel,0.0,0.0,2.02e-05,0.0015,0.0,0.0,0.0,0.0,0.0,0.0,0.0,0.0015,5.95e-05,2.1e-05,0.0001709,0.0006303,0.0012681,0.0013048,0.0002095,0.0001905,0.0001422,0.0001363,0.0002913,0.0006951,0.000223,0.0008788,0.000443,0.0009746,0.0013724,0.0012432,0.0005189,0.000606,0.0003456,0.000413,0.000297,0.0003131,0.0003,0.0012166,0.001063,0.0007364,0.0003589,0.0002251,0.0003911,0.0,0.0,0.0002829,2.65e-05,1.72e-05
Ashy Storm-Petrel,0.0,0.0,0.0,0.0,0.0,0.0,0.0,0.0,0.0,0.0,0.0,0.0,0.0,0.0,0.0,0.0,0.0,0.0,0.0,0.0,0.0,0.0,2.08e-05,0.0015,0.0,0.0,0.0,0.0,0.0,0.0,0.0,0.0,0.0,0.0,0.0,0.0,0.0,0.0,0.0,0.0,0.0,0.0,0.0,0.0,0.0,0.0,0.0,0.0
Northern Giant-Petrel,0.0,0.0,0.0,0.0,0.0,0.0,0.0,0.0,0.0,0.0,0.0,0.0,0.0,0.0,0.0,0.0,0.0,0.0,0.0,0.0,0.0,0.0,0.0,0.0,0.0,0.0,0.0,0.0,0.0,0.0,0.0,0.0,0.0,0.0,0.0,0.0,0.0,0.0,0.0,0.0,0.0,0.0,0.0,0.0,0.0,0.0015,0.0,0.0
Northern Fulmar,3.03e-05,4.18e-05,0.0001416,7.79e-05,0.0002621,0.0001814,5.41e-05,0.0001617,0.0002087,6.77e-05,0.0005286,0.000337,0.0001389,2.1e-05,0.0003798,0.0007704,0.0006503,0.0005765,0.0005063,0.0003429,0.0001244,9.74e-05,0.000333,0.0005703,0.0002676,0.0010545,0.0005994,0.0013377,0.0016718,0.0025381,0.0025425,0.0024417,0.0023731,0.0025811,0.0023758,0.0021499,0.0020747,0.0016825,0.0026871,0.0018725,0.0011871,0.001182,0.0015043,0.0005056,0.0025956,0.0005657,0.0002382,6.9e-05
Murphy's Petrel,0.0,0.0,0.0,0.0,0.0,0.0,0.0,0.0,0.0,0.0,0.0,0.0,0.0,0.0,0.0,0.0002941,0.0002926,0.0001669,1.75e-05,0.0,0.0,0.0,0.0015,1.78e-05,0.0,0.0,0.0,0.0,0.0,0.0,0.0,0.0,0.0,0.0,0.0,0.0,0.0,0.0,0.0,0.0,0.0,0.0,0.0,0.0,0.0,0.0,0.0,0.0
Providence Petrel,0.0,0.0,0.0,0.0,0.0,0.0,0.0,0.0,0.0,0.0,0.0,0.0,0.0,0.0,0.0,0.0,0.0,0.0,0.0,0.0,0.0,0.0,0.0,0.0,0.0,0.0,0.0,0.0,0.0,0.0,0.0,0.0,0.0,0.0015,0.0,0.0,0.0,0.0,0.0,0.0,0.0,0.0,0.0,0.0,0.0,0.0,0.0,0.0
Mottled Petrel,1.51e-05,0.0,0.0,0.0,2.18e-05,0.0,0.0,0.0,4.17e-05,0.0,0.0,1.4e-05,0.0,0.0,0.0,0.0,1.63e-05,0.0,1.75e-05,0.0,0.0,0.0,0.0,0.0,0.0,0.0,0.0,0.0,0.0,0.0,0.0,0.0,0.0,0.0,0.0,0.0,0.0,0.0,0.0,0.0,0.0,0.0,0.0,4.4e-05,0.0004177,0.0,0.0,0.0
Hawaiian Petrel,0.0,0.0,0.0,0.0,0.0,0.0,0.0,0.0,0.0,0.0,0.0,0.0,0.0,0.0,0.0,0.0,0.0,6.07e-05,0.0,1.27e-05,0.0,0.0,0.0,0.0,0.0,0.0,0.0,0.0,0.0,0.0,2.59e-05,0.0015,0.0,0.0,0.0,6.26e-05,0.0,0.0,0.0,0.0,0.0,0.0,0.0,0.0,0.0,0.0,0.0,0.0
Cook's Petrel,0.0,0.0,0.0,0.0,0.0,0.0,0.0,0.0,0.0,0.0,0.0,0.0,0.0,0.0,0.0,0.0,0.0,0.0,0.0,0.0,0.0,0.0,0.0,0.0,0.0,0.0,0.0,0.0,0.0,0.0,0.0,0.0,0.0,0.0,0.0,0.0,0.0,0.0,0.0,0.0,0.0,0.0,0.0,0.0,0.0,0.0,0.0015,0.0
Pink-footed Shearwater,0.0,0.0,0.0,3.12e-05,0.0015,1.81e-05,0.0,4.62e-05,2.09e-05,0.0,2.03e-05,5.62e-05,0.0,0.0015,0.0002849,0.0009104,0.0011706,0.0007738,0.0007682,0.0004191,0.000231,5.84e-05,0.0002705,0.0005882,0.0001561,0.0010043,0.0006515,0.0014906,0.0019213,0.0027194,0.0028019,0.0031368,0.0029491,0.003691,0.0030193,0.002776,0.0013998,0.0007507,0.0007973,0.0001473,8.28e-05,8.44e-05,6.02e-05,2.2e-05,0.000179,0.0,0.0,0.0
Flesh-footed Shearwater,0.0,0.0,0.0,0.0,0.0,0.0,0.0,0.0,0.0,0.0,0.0,0.0,0.0,0.0,0.0015,4.2e-05,1.63e-05,3.03e-05,0.0001047,5.08e-05,0.0,1.95e-05,0.0,8.91e-05,0.0015,5.02e-05,0.0001564,0.0001338,0.0001747,0.0004921,0.0002594,0.0006238,0.0006912,0.000413,0.000495,0.0004801,0.00035,5.18e-05,2.95e-05,0.0015,0.0,0.0,0.0,0.0,2.98e-05,0.0,0.0,0.0
Great Shearwater,0.0,0.0,0.0,0.0,0.0,0.0,0.0,0.0,0.0,0.0,0.0,0.0,0.0,0.0,0.0,0.0,0.0,0.0,0.0,0.0,0.0,0.0,0.0,8.91e-05,0.0,0.0,0.0,0.0,0.0,0.0,2.59e-05,5.35e-05,0.0,0.0,0.0,0.0,7.5e-05,0.0,0.0,0.0,0.0,0.0,0.0,0.0,0.0,0.0,0.0,0.0
Wedge-tailed Shearwater,0.0,0.0,0.0015,0.0,0.0,0.0,0.0,0.0,0.0,0.0,0.0,0.0,0.0,0.0,0.0,0.0,0.0,0.0,0.0,0.0,0.0,0.0,0.0,0.0,0.0,0.0,0.0,0.0,0.0,0.0,0.0,1.78e-05,0.0,0.0015,0.0,0.0,0.0,0.0,0.0,0.0,0.0,0.0,0.0,0.0,0.0,0.0,0.0,0.0
Buller's Shearwater,0.0,0.0,0.0,0.0,0.0,0.0,0.0,0.0,0.0,0.0,0.0,0.0,0.0,0.0,0.0,0.0,0.0,0.0,0.0,0.0,0.0,0.0,0.0015,0.0015,0.0,0.0,0.0,0.0,0.0002246,0.001036,0.0010377,0.0017822,0.001751,0.0027102,0.0021036,0.0016698,0.0011749,0.0003883,0.0005315,6.31e-05,8.28e-05,0.0,0.0,0.0,0.0002685,0.0,0.0,0.0
Sooty Shearwater,0.0,0.0,6.07e-05,1.56e-05,0.0,0.0,0.0,6.93e-05,0.0001043,9.02e-05,0.0004269,0.0003651,0.0002183,4.2e-05,0.0009116,0.0024371,0.0029752,0.0025034,0.0017109,0.0009524,0.0006398,0.0002532,0.0008532,0.0016576,0.0010705,0.0027367,0.0027363,0.0046057,0.0058389,0.0075367,0.0105072,0.01285,0.0105292,0.0129572,0.0113099,0.007368,0.0031496,0.0027697,0.0023032,0.0008837,0.0005521,0.0003096,0.0006318,4.4e-05,0.0004774,3.14e-05,0.0,3.45e-05
Short-tailed Shearwater,1.51e-05,0.0001464,0.0001618,6.23e-05,0.0001092,0.000127,2.71e-05,2.31e-05,0.0001252,9.02e-05,6.1e-05,0.0001545,3.97e-05,2.1e-05,5.7e-05,0.0002101,8.13e-05,1.52e-05,1.75e-05,0.0,3.55e-05,0.0,0.0,3.56e-05,0.0,5.02e-05,5.21e-05,0.0004204,0.0002745,0.000777,0.0008561,0.0012476,0.0026035,0.00191,0.0018561,0.0016907,0.0022247,0.0073255,0.0076183,0.0040186,0.0017392,0.000985,0.0012034,0.0003737,0.0012232,0.00022,0.0003705,0.0001035
Manx Shearwater,0.0,0.0,0.0,0.0,0.0,1.81e-05,1.35e-05,0.0,6.26e-05,0.0015,4.07e-05,0.0001264,3.97e-05,2.1e-05,5.7e-05,4.2e-05,9.75e-05,4.55e-05,0.0001571,0.0002032,0.0001777,0.0003311,0.0001665,8.91e-05,4.46e-05,0.0002762,0.0004951,0.0003249,0.0004741,0.0001295,0.0002335,0.0004099,0.0002074,0.0003872,0.0001732,0.0001252,5e-05,0.0001553,0.0002658,2.1e-05,0.0,2.81e-05,0.0,0.0,0.0,0.0,0.0,0.0
Magnificent Frigatebird,0.0,0.0,0.0,0.0,0.0,0.0,0.0,0.0,0.0,0.0,0.0,0.0,0.0,0.0,0.0,0.0,0.0,0.0,0.0,0.0,0.0,0.0,0.0,0.0,0.0015,0.0,0.0,0.0,0.0,0.0,0.0,0.0,0.0,0.0,0.0,0.0,0.0,2.59e-05,5.91e-05,0.0015,0.0,0.0,0.0,0.0,0.0,0.0,0.0,0.0
Red-footed Booby,0.0,0.0,0.0,0.0,0.0,0.0,0.0,2.31e-05,0.0,0.0,0.0,0.0,0.0,0.0,0.0,0.0,0.0,0.0,0.0,0.0,0.0,0.0,0.0,0.0,0.0,0.0,0.0,0.0015,0.0038177,0.0042475,0.0021533,0.0013189,0.0011059,0.0010583,0.0007672,0.0007723,0.0004249,0.0006989,0.0004134,0.0002314,0.0002209,0.0,0.0,0.0,0.0,0.0,0.0,0.0
Cocos Booby,0.0,0.0,0.0,0.0,6.55e-05,0.0,0.0015,0.0,0.0,0.0,0.0,0.0,0.0,0.0,0.0015,0.0,0.0,0.0,1.75e-05,0.0015,0.0,0.0,0.0,0.0,0.0,2.51e-05,0.0,1.91e-05,0.0,5.18e-05,0.0001038,0.0,0.0015,0.000413,0.0001237,8.35e-05,0.000375,2.59e-05,0.0001476,0.0009047,2.76e-05,0.0001689,6.02e-05,0.0,2.98e-05,0.0,0.0,0.0
Nazca Booby,0.0,0.0,0.0,0.0,0.0015,0.0,0.0,0.0,0.0,0.0,0.0,0.0,0.0,0.0,0.0,0.0,0.0,0.0,0.0,0.0,0.0,0.0,0.0,0.0,0.0,0.0,0.0,0.0,0.0,0.0001036,0.0002335,0.0,0.0001382,0.0,0.0,2.09e-05,0.0013248,0.0,0.0,0.0,0.0,0.0,0.0,0.0,0.0,0.0,0.0,0.0
Blue-footed Booby,0.0,0.0,0.0,0.0,0.0,0.0,0.0,0.0,0.0,0.0,0.0,0.0,0.0,0.0,0.0,0.0,0.0,0.0,0.0,0.0,0.0,0.0,0.0,0.0,0.0,0.0,0.0,0.0,0.0015,0.0,0.0,0.0,0.0,0.0,0.0,0.0015,0.0,0.0,0.0,0.0,0.0,0.0,0.0,0.0,0.0,0.0,0.0,0.0
Brandt's Cormorant,0.0284771,0.0276273,0.0253828,0.0252228,0.0238272,0.0193777,0.0160354,0.0212014,0.0218271,0.0206176,0.0206965,0.0189418,0.019969,0.0190814,0.0179097,0.0167797,0.014177,0.0102261,0.0107018,0.0072513,0.0072869,0.0062317,0.0070544,0.008377,0.0073152,0.0112481,0.0126912,0.0138361,0.0142729,0.0175598,0.0193799,0.0206206,0.0226482,0.0272823,0.0294256,0.0298894,0.0270716,0.0335991,0.034666,0.0369459,0.0343152,0.0361364,0.0330937,0.0314135,0.0290292,0.028003,0.032177,0.0272461
Pelagic Cormorant,0.0693231,0.0702708,0.0686852,0.064794,0.0589893,0.0494784,0.0432212,0.0552438,0.0531489,0.0538449,0.0552992,0.0515179,0.0511334,0.052815,0.049133,0.0433638,0.0399785,0.031543,0.0298184,0.025627,0.0228028,0.0259396,0.0257621,0.0339714,0.0342121,0.0422556,0.0434681,0.0509871,0.0513275,0.0577038,0.0555714,0.0567467,0.0608483,0.072013,0.0729824,0.0709664,0.0681665,0.0771381,0.0793716,0.0849587,0.078348,0.0793088,0.0780409,0.0747197,0.0696044,0.0732604,0.0736683,0.0707536
Double-crested Cormorant,0.2334943,0.232312,0.2231863,0.2199944,0.2068883,0.1699174,0.1471062,0.1942077,0.1834648,0.1836412,0.1756765,0.1647477,0.1618167,0.1575843,0.142594,0.118326,0.0921994,0.071719,0.0648394,0.0583783,0.0524305,0.0524635,0.0536469,0.0631127,0.0694054,0.0759497,0.0794308,0.0916353,0.0924244,0.1130507,0.1262939,0.1495126,0.1587678,0.1787936,0.1861806,0.1895429,0.1946257,0.2103955,0.2335085,0.2580951,0.251332,0.2624958,0.2603568,0.2560343,0.2382004,0.231567,0.2275674,0.2365925
White Ibis,0.0015,8.37e-05,0.0015,0.0,0.0,0.0,0.0,0.0,0.0,0.0,0.0,0.0,0.0,0.0,0.0,0.0,0.0,0.0,0.0,0.0,0.0,0.0,0.0,0.0,0.0,0.0,0.0,0.0,0.0,0.0,0.0,0.0,0.0,0.0,0.0,0.0,0.0,0.0,0.0,0.0,0.0,0.0,0.0,0.0,0.0,0.0,0.0,0.0015
Glossy Ibis,0.0,0.0,0.0,0.0,0.0,0.0,0.0,0.0,0.0,0.0,0.0,0.0,0.0,0.0,0.0,0.0,0.0,0.0,0.0,1.27e-05,0.0,0.0,0.0,0.0,0.0,0.0,0.0,0.0,0.0,0.0,0.0,0.0,0.0,0.0,0.0,0.0,0.0,0.0,0.0,0.0,0.0,0.0,0.0,0.0,0.0,0.0,0.0,0.0
White-faced Ibis,0.0003028,0.0003137,0.0003641,0.0002493,0.000415,0.0,0.0,0.0,0.0,0.0,0.0,0.0,0.0,0.0,5.7e-05,0.0003221,0.0012356,0.0022758,0.0023219,0.0023621,0.0021505,0.0003311,0.000333,0.0004099,8.92e-05,5.02e-05,0.0,5.73e-05,0.0015,5.18e-05,2.59e-05,0.0001782,0.0002074,7.74e-05,0.0002722,0.0010019,0.0004249,0.0003106,0.0002067,0.0,0.0015,0.0,0.0015,4.4e-05,0.0,3.14e-05,0.0002646,0.0004311
American Bittern,0.0028008,0.0031371,0.0032967,0.0038013,0.0032323,0.002395,0.0025169,0.0035798,0.0037144,0.0042859,0.0048997,0.0056025,0.0061535,0.007557,0.0086985,0.0095944,0.0110392,0.0112274,0.0130237,0.012496,0.0106105,0.0093671,0.0090105,0.0072541,0.0056871,0.005373,0.005212,0.0059243,0.0054397,0.0065525,0.0075756,0.0074498,0.0055526,0.0055236,0.0071275,0.0065331,0.0045744,0.0044782,0.0043997,0.0051968,0.0037821,0.0042497,0.0046933,0.0046823,0.0031028,0.0029857,0.0025403,0.0030523
Yellow-crowned Night Heron,0.0,0.0,0.0,0.0,0.0,0.0,0.0,0.0,0.0,0.0,0.0,0.0,0.0,0.0,0.0,0.0,0.0,0.0,0.0,1.27e-05,1.78e-05,0.0,0.0,0.0,0.0,0.0,0.0,0.0,0.0,0.0,0.0,0.0,0.0,0.0,0.0,0.0015,0.0,0.0,0.0,0.0,0.0,0.0,0.0,0.0,0.0,0.0,0.0,0.0
Black-crowned Night Heron,0.0019681,0.0017568,0.0009708,0.0018539,0.0019219,0.0011612,0.0011232,0.0016167,0.001419,0.0009023,0.0010572,0.0008425,0.0009131,0.0008607,0.0012915,0.0019329,0.0027151,0.0046275,0.004574,0.0047622,0.0049765,0.0046154,0.0045157,0.0033864,0.0040591,0.0052223,0.0032314,0.0037839,0.0041172,0.0037813,0.0039694,0.0042952,0.0047693,0.0032006,0.0029203,0.0026299,0.0024747,0.0016825,0.0020965,0.0014728,0.0019049,0.0015479,0.0015945,0.0020884,0.0022078,0.0013514,0.0014289,0.0021555
Little Blue Heron,0.0,0.0,0.0,0.0,0.0,0.0,0.0,0.0,0.0,0.0,0.0,0.0,0.0,0.0,0.0,0.0,0.0,0.0,0.0,0.0,0.0,0.0015,0.0,0.0,0.0,0.0,0.0,0.0,0.0,0.0,0.0,0.0,0.0,7.74e-05,0.0,0.0,0.0001,0.0,0.0015,0.0009047,0.0013527,0.0002814,0.0002708,0.0,0.0,0.0,0.0,0.0
Snowy Egret,0.0002271,0.0006065,0.0003843,0.0001714,0.0003494,0.0002903,0.00023,0.0002771,0.0002295,0.0001805,0.000183,0.0001264,5.95e-05,8.4e-05,1.9e-05,0.0001401,3.25e-05,1.52e-05,0.0002444,3.81e-05,0.00016,0.0002337,4.16e-05,0.0015,4.46e-05,2.51e-05,0.0015,0.0002484,0.0005739,2.59e-05,7.78e-05,3.56e-05,6.91e-05,0.0001032,0.0001732,2.09e-05,2.5e-05,2.59e-05,0.0,2.1e-05,8.28e-05,0.0001126,0.0003911,0.0003297,0.000179,0.0001571,7.94e-05,0.0002069
Green Heron,0.0016048,0.0022587,0.002063,0.0026485,0.0019874,0.0012882,0.0012314,0.0023095,0.0016485,0.0013535,0.0013621,0.0015867,0.0016277,0.0017423,0.0031907,0.0040759,0.0051375,0.0054468,0.0063373,0.0069592,0.0075358,0.007517,0.0082406,0.0101059,0.010616,0.0123528,0.01389,0.0187857,0.0203613,0.0205382,0.0217149,0.0268584,0.0255512,0.0217846,0.0192293,0.0148612,0.0084489,0.00497,0.0032776,0.0023354,0.001546,0.0017449,0.001775,0.0016047,0.0015812,0.0014457,0.0017464,0.0017762
Western Cattle-Egret,4.54e-05,0.0,0.0,0.0,2.18e-05,0.0,1.35e-05,0.0,0.0,0.0015,0.0,0.0,0.0,2.1e-05,0.0,0.0,0.0,0.0015,0.0,0.0,0.0,0.0,0.0015,0.0,0.0,0.0,2.61e-05,0.0,0.0,0.0,0.0,0.0015,0.0,0.0,2.47e-05,0.0,0.000125,0.0015,2.95e-05,0.0001894,0.0012975,0.0005066,0.0002708,0.0001759,0.0002088,0.0001257,5.29e-05,3.45e-05
Great Egret,0.0144732,0.0155809,0.012924,0.014738,0.0150476,0.013118,0.010785,0.0139726,0.0125829,0.0134218,0.012117,0.0124266,0.0118504,0.0132667,0.0150989,0.0159533,0.0184204,0.02247,0.0240049,0.0220585,0.0168133,0.0150925,0.0160649,0.0147756,0.0167269,0.0168219,0.015219,0.0165307,0.019488,0.0196576,0.0246465,0.0300308,0.0335461,0.0339416,0.034499,0.0367773,0.032196,0.0292504,0.0263686,0.0223022,0.0218922,0.0219239,0.0220825,0.0215432,0.0177815,0.0165001,0.0141833,0.0188653
Great Blue Heron,0.1893631,0.1933075,0.1958821,0.1961582,0.1814012,0.1565998,0.1448463,0.1766092,0.1774968,0.173964,0.1739891,0.172316,0.1692802,0.1818086,0.1893719,0.1992969,0.1936008,0.1890912,0.1846194,0.1799733,0.1630321,0.1591237,0.1603787,0.1718355,0.1822784,0.2050767,0.2104865,0.2308177,0.2402435,0.2573878,0.274199,0.280668,0.2849112,0.2827091,0.2796545,0.2760175,0.2660417,0.2608718,0.2640111,0.2652065,0.2442095,0.2450749,0.2386053,0.2351506,0.2094099,0.2045383,0.196052,0.203949
American White Pelican,0.0061012,0.0060441,0.0048743,0.0058111,0.0060496,0.0038646,0.0035318,0.0045959,0.0034431,0.0036092,0.0039441,0.0071892,0.0105602,0.0139594,0.0156876,0.0187966,0.0193471,0.0226673,0.0236208,0.0251953,0.0250067,0.0230574,0.0239725,0.0244181,0.0266738,0.0264129,0.0225158,0.0233531,0.0241791,0.0247598,0.0241536,0.0242742,0.0262194,0.0247012,0.020145,0.0181382,0.0155981,0.0125802,0.0117817,0.0095941,0.0090826,0.006276,0.0058064,0.00765,0.0060564,0.00418,0.0036781,0.0055354
Brown Pelican,0.0003785,0.0001255,0.000182,4.67e-05,0.000131,1.81e-05,0.0,6.93e-05,8.35e-05,9.02e-05,0.000244,0.000337,0.0004764,0.0004198,0.0015764,0.0046361,0.0061781,0.0041117,0.005412,0.0024256,0.0025949,0.0038559,0.0048902,0.0076819,0.008408,0.0130558,0.0162354,0.0220727,0.0228316,0.0271684,0.034557,0.042257,0.0339838,0.0429497,0.0374935,0.0314548,0.0176478,0.0139004,0.0128743,0.0106672,0.0054937,0.0047,0.0027077,0.0014289,0.000358,0.0005343,0.0003175,0.0003794
Turkey Vulture,0.0003936,0.0002719,0.0003236,0.000483,0.0006334,0.0009435,0.0008931,0.003141,0.0068445,0.0139857,0.0320816,0.0536241,0.0678074,0.077837,0.0814389,0.0845285,0.0927522,0.0971021,0.1023918,0.1023684,0.0939127,0.0995131,0.1027573,0.0969415,0.0910389,0.0884029,0.0833398,0.0800161,0.078401,0.077206,0.0756259,0.0823932,0.0833583,0.0810211,0.0930779,0.0784179,0.03977,0.0155829,0.0042816,0.0022513,0.0010215,0.0009006,0.0003309,0.0003297,0.0002685,0.0003771,0.0002911,0.0003621
Osprey,6.06e-05,0.0001046,0.0001618,4.67e-05,6.55e-05,7.26e-05,0.0001083,9.24e-05,0.0001461,0.0005414,0.0018704,0.0149962,0.0498233,0.0922373,0.1141815,0.1260715,0.1207648,0.120528,0.1222765,0.1196393,0.1134098,0.1155599,0.1240037,0.1265105,0.1322316,0.143162,0.1413233,0.1436925,0.1471454,0.1549299,0.1602283,0.1642339,0.1543211,0.1295976,0.0948103,0.0542684,0.0295713,0.0157124,0.0087699,0.0048392,0.0027055,0.0016042,0.0011733,0.0006155,0.0005072,0.0003143,0.0001852,0.0002414
White-tailed Kite,0.0004239,0.0003555,0.0003236,0.0002648,0.0001966,0.000127,8.12e-05,9.24e-05,0.0001252,4.51e-05,0.0001017,0.0008284,0.0002779,4.2e-05,7.6e-05,9.8e-05,0.0003739,0.0001517,0.0001571,1.27e-05,5.33e-05,0.0,4.16e-05,3.56e-05,0.0,5.02e-05,0.0015,0.0,2.5e-05,2.59e-05,5.19e-05,7.13e-05,6.91e-05,7.74e-05,0.0003465,0.0002296,0.00015,2.59e-05,0.0001772,0.0001683,0.0001104,0.0001126,0.0001203,0.0001539,0.0002088,9.43e-05,0.0001323,0.0003794
Golden Eagle,0.0040876,0.0051239,0.0064923,0.0064498,0.0049795,0.0053343,0.00636,0.0066283,0.0062393,0.0054815,0.0057739,0.0053498,0.0047044,0.0044922,0.0042353,0.0038798,0.0038694,0.0043544,0.0058135,0.0048511,0.0049409,0.0050438,0.0052648,0.0040103,0.0024756,0.0023852,0.0023715,0.0021977,0.0024204,0.002046,0.0024906,0.0028694,0.0031334,0.0032264,0.0034647,0.0040075,0.0037495,0.0046593,0.0038387,0.0037661,0.0025398,0.0033491,0.0037907,0.0035392,0.0028343,0.0032686,0.0038369,0.0041559
Sharp-shinned Hawk,0.0243592,0.0227544,0.021095,0.0209385,0.0194811,0.0188333,0.0188636,0.016005,0.0140228,0.0138729,0.0139061,0.0127215,0.0128628,0.0157227,0.0165423,0.0133341,0.0121935,0.0103778,0.0082053,0.0057527,0.0049231,0.0050828,0.0046405,0.0042241,0.0053303,0.0041929,0.0052641,0.0070327,0.0103054,0.0118878,0.0139318,0.0170026,0.0241458,0.0294505,0.0317024,0.0313087,0.0328709,0.0322789,0.0307979,0.0316438,0.029346,0.0305077,0.0272271,0.0278962,0.0236888,0.026023,0.0323887,0.0272116
Cooper's Hawk,0.0509894,0.0497752,0.0497138,0.0460211,0.0460164,0.0407693,0.0380925,0.0395852,0.0405033,0.0394081,0.0424502,0.0409447,0.0426774,0.0465385,0.0446508,0.0433918,0.0361254,0.0323927,0.0282123,0.0270366,0.0263752,0.0248491,0.0266986,0.0273411,0.0282796,0.0307816,0.0330441,0.0364821,0.0469857,0.0563311,0.0564016,0.0610954,0.0631754,0.0658183,0.0664489,0.0653934,0.0666417,0.0664475,0.063958,0.0616045,0.0555724,0.0581166,0.0563796,0.0543416,0.0565965,0.0588661,0.0607817,0.0565097
American Goshawk,0.0006964,0.0010457,0.0009708,0.0009659,0.0005242,0.0005806,0.0006495,0.0007852,0.0005634,0.0005414,0.0004473,0.0005195,0.0005558,0.0006507,0.0006078,0.0004902,0.0007804,0.0005917,0.0005761,0.0007493,0.0008887,0.001149,0.0011445,0.001408,0.0009813,0.0011549,0.0012248,0.0007835,0.0014223,0.0010878,0.001401,0.0013545,0.0014515,0.001781,0.0015839,0.0012941,0.0013248,0.0012943,0.0009744,0.0006102,0.0006626,0.0008725,0.0006318,0.0007474,0.0008652,0.0008486,0.0009526,0.0009312
Northern Harrier,0.0776346,0.0808742,0.0841171,0.082383,0.0801957,0.0733376,0.0645746,0.0830966,0.0790451,0.0763123,0.0760364,0.0770451,0.0723133,0.0715395,0.0626175,0.0517956,0.0408402,0.0363829,0.0322102,0.0271001,0.0261975,0.0256475,0.0233899,0.0226714,0.0196708,0.0213161,0.023037,0.0287232,0.0334614,0.0339541,0.0407576,0.0439858,0.045642,0.05712,0.0712748,0.0781883,0.07999,0.08348,0.0822359,0.0903238,0.0869061,0.0938028,0.0887512,0.0916685,0.0827018,0.0822176,0.0711016,0.0851871
Bald Eagle,0.266271,0.2802677,0.2902736,0.2902412,0.2777584,0.2519096,0.2371615,0.28063,0.2686449,0.2655253,0.2659646,0.2501896,0.2359562,0.2500105,0.2389418,0.2382767,0.2197763,0.2071006,0.1980622,0.1954664,0.1701235,0.1668549,0.1680782,0.1682886,0.1723538,0.1731653,0.1749928,0.1709634,0.1520611,0.1340033,0.1146712,0.0885241,0.071631,0.0665152,0.0683792,0.0879357,0.1227847,0.1627148,0.1856139,0.2202234,0.2227038,0.2422605,0.2394777,0.2429545,0.2319052,0.2484128,0.2630785,0.2796862
Harris's Hawk,0.0,0.0,0.0,0.0,0.0,0.0,0.0,0.0,0.0,0.0,0.0,0.0,0.0,0.0,0.0,0.0,0.0,0.0,0.0,0.0,0.0,0.0,2.08e-05,0.0,0.0015,0.0,0.0,0.0,0.0,0.0,0.0,1.78e-05,0.0,0.0,0.0015,0.0,0.0,0.0,0.0,2.1e-05,0.0,0.0,0.0,0.0,0.0,0.0,2.65e-05,0.0
Broad-winged Hawk,0.0,0.0,0.0,0.0,0.0,0.0,0.0,0.0,0.0,0.0,0.0,0.0015,0.0,0.0,0.0001519,0.0001681,0.0004552,0.0002428,0.0001746,5.08e-05,0.0001244,0.0001168,4.16e-05,1.78e-05,0.0,0.0,0.0,0.0,0.0015,0.0,7.78e-05,8.91e-05,0.0002534,0.0006711,0.0010889,0.0007305,0.0006499,0.0003624,0.0,2.1e-05,0.0,0.0,0.0,0.0,0.0,0.0,0.0,0.0001207
Red-shouldered Hawk,0.0038908,0.003409,0.0036001,0.0048451,0.003822,0.0035381,0.0026658,0.0023557,0.0016276,0.0009925,0.0006302,0.0005617,0.0001191,0.0003149,0.0001519,7e-05,0.0001463,4.55e-05,3.49e-05,8.89e-05,7.11e-05,1.95e-05,2.08e-05,0.0,8.92e-05,0.0001004,5.21e-05,0.0001911,0.0004741,0.0014245,0.0011675,0.0015327,0.0027187,0.0032264,0.0035637,0.0042789,0.0035996,0.0033133,0.0034548,0.0040607,0.004279,0.0047563,0.0047234,0.0049242,0.0034012,0.0042429,0.003731,0.0044835
Zone-tailed Hawk,0.0,0.0,0.0,0.0,0.0,0.0,0.0,0.0,0.0,0.0,0.0,0.0,0.0,0.0,0.0,0.0,0.0,0.0,0.0,0.0,0.0,0.0,0.0,0.0,0.0,0.0,0.0,0.0,0.0,0.0,0.0,0.0,0.0,0.0,0.0,0.0,0.0,0.0,0.0,0.0,0.0002485,0.0,0.0,0.0,0.0,0.0,0.0,0.0
Swainson's Hawk,0.0,0.0,2.02e-05,0.0,0.0,0.0,4.06e-05,2.31e-05,2.09e-05,0.0,6.1e-05,9.83e-05,0.0020842,0.007452,0.0125539,0.0144546,0.013543,0.0144136,0.0115747,0.0108959,0.0118013,0.010185,0.0093643,0.0078067,0.0071814,0.0075573,0.0074271,0.0062492,0.0068121,0.0072777,0.0064081,0.0078062,0.0071193,0.0062205,0.003935,0.0024212,0.0005249,5.18e-05,2.95e-05,2.1e-05,0.0,2.81e-05,3.01e-05,4.4e-05,2.98e-05,3.14e-05,0.0,0.0
Red-tailed Hawk,0.1749201,0.1779149,0.1846773,0.1887892,0.1796104,0.1650186,0.1527084,0.1936534,0.1909979,0.1966344,0.1943196,0.1893903,0.1758704,0.1741257,0.1639793,0.1603871,0.1561585,0.1556061,0.1545042,0.1514763,0.1355905,0.1294839,0.1242951,0.1113785,0.1055355,0.1076602,0.1074975,0.1008084,0.0985627,0.0912175,0.0906214,0.0980057,0.1052462,0.1157628,0.1295568,0.1402421,0.1449319,0.1540433,0.1558791,0.1699384,0.1675179,0.1791906,0.1812028,0.184678,0.1769199,0.1819096,0.1911566,0.1885325
Rough-legged Hawk,0.0215433,0.023821,0.0283963,0.0268742,0.0235651,0.0207566,0.0190124,0.0195617,0.0174033,0.015655,0.012239,0.011205,0.0074437,0.0058777,0.0030767,0.0009244,0.000439,0.0001365,0.0001222,0.0015,0.0,0.0,0.0,0.0,0.0015,0.0,0.0,0.0,0.0,0.0,0.0,0.0,0.0,2.58e-05,4.95e-05,0.0003966,0.0015498,0.0042452,0.006319,0.0107513,0.0151837,0.0197287,0.0205482,0.021785,0.0223462,0.025143,0.0209309,0.0243663
Ferruginous Hawk,0.0001514,0.0001046,0.0002629,0.0002493,0.0001092,0.0002359,0.0001489,0.0006236,0.0010016,0.0014211,0.0015858,0.0015165,0.0010917,0.0013854,0.0010066,0.0009384,0.0008779,0.0015172,0.0013094,0.0017271,0.0016351,0.001519,0.0014983,0.0006238,0.0007137,0.0006277,0.0004951,0.0002102,0.0001248,0.0001813,7.78e-05,8.91e-05,0.0001152,0.0002065,0.0002475,0.0003757,0.0002,0.0001035,0.0015,0.0001262,0.000138,0.0001689,6.02e-05,6.59e-05,0.0001193,9.43e-05,0.0001058,0.0001035
American Barn Owl,0.0070701,0.0063578,0.0062901,0.0075715,0.0060496,0.0059149,0.0045603,0.0045498,0.0047577,0.0055717,0.0055096,0.0050128,0.0043868,0.0039254,0.0039124,0.0045521,0.0043409,0.0050523,0.0048184,0.0051813,0.0052786,0.0053165,0.0050983,0.0043846,0.0048396,0.0050466,0.0054726,0.0056758,0.0051901,0.0053094,0.0056298,0.0067012,0.0070041,0.0068399,0.0063108,0.007034,0.0066492,0.0057983,0.0062009,0.0061647,0.0046379,0.005094,0.0062878,0.0060673,0.0056984,0.0065372,0.0085205,0.0072254
Flammulated Owl,0.0,0.0,0.0,0.0,0.0,0.0,0.0,0.0,0.0,0.0,0.0,0.0,0.0,0.0,0.0,1.4e-05,0.0001788,0.0007738,0.0016236,0.0020192,0.0018839,0.0019279,0.0016231,0.0011763,0.000736,0.0005775,0.0004951,0.0001911,0.0015,7.77e-05,2.59e-05,1.78e-05,2.3e-05,7.74e-05,0.0015,0.0,0.0015,0.0,0.0,0.0015,0.0,0.0,0.0,0.0,0.0,0.0,0.0,0.0
Western Screech-Owl,0.0021044,0.0011503,0.0011731,0.0012619,0.0013759,0.0011975,0.0013938,0.0015012,0.0019824,0.0026618,0.002277,0.0020922,0.0014887,0.0012595,0.0011965,0.0010225,0.0012519,0.0012896,0.0014316,0.0017779,0.0017951,0.0013632,0.0014359,0.0011942,0.0010705,0.0010294,0.0008079,0.0010893,0.0008733,0.0012432,0.0008561,0.0013723,0.0014285,0.0015487,0.0015096,0.001315,0.0010749,0.0005954,0.0009744,0.0009678,0.0006902,0.0006473,0.0006318,0.0004177,0.0007757,0.0007543,0.0022757,0.0017417
Snowy Owl,0.0027856,0.0018404,0.0023664,0.0025862,0.0022277,0.0031207,0.0024358,0.0016167,0.0013981,0.0013986,0.0007319,0.0005897,0.0001191,8.4e-05,1.9e-05,2.8e-05,3.25e-05,0.0015,1.75e-05,1.27e-05,0.0015,1.95e-05,0.0,0.0,0.0,5.02e-05,5.21e-05,0.0,0.0,0.0,0.0,0.0,0.0,0.0,0.0,0.0,0.0,0.0,0.0015,6.31e-05,0.000635,0.0017449,0.0054153,0.0068147,0.004505,0.0027657,0.0020375,0.0027763
Great Horned Owl,0.0187122,0.0173586,0.0183039,0.0212033,0.0208352,0.0209018,0.0202033,0.0238343,0.0228288,0.0224448,0.0215504,0.0224662,0.0220136,0.0212016,0.0216132,0.0191047,0.0178513,0.0175542,0.0164106,0.015201,0.0138985,0.0123856,0.0112371,0.0101772,0.0103707,0.0099425,0.0103719,0.0113326,0.0106797,0.0127943,0.0112077,0.0139372,0.0177868,0.0174741,0.0168288,0.0150491,0.0152981,0.0153241,0.0134353,0.0130657,0.0112083,0.0116796,0.0148621,0.0142669,0.01444,0.0167201,0.0210103,0.0195896
Northern Hawk Owl,0.0002271,0.0002719,0.0002225,0.0001246,0.0001747,0.0001996,9.47e-05,6.93e-05,2.09e-05,0.0015,0.0,0.0,0.0,0.0,0.0,0.0,0.0,0.0,0.0,0.0,3.55e-05,0.0001363,6.24e-05,0.0001604,0.0001561,2.51e-05,0.0001042,1.91e-05,0.0,0.0015,2.59e-05,8.91e-05,0.0,5.16e-05,0.0001485,4.17e-05,0.0001,0.0001553,5.91e-05,6.31e-05,5.52e-05,0.0001407,0.0007822,0.0001099,0.0015,0.0015,0.0015,1.72e-05
Northern Pygmy-Owl,0.0025131,0.0030325,0.00449,0.0041597,0.0028392,0.0031026,0.0032477,0.0036029,0.0034222,0.0034062,0.0032936,0.0036086,0.0033546,0.002582,0.0021461,0.002115,0.001951,0.0021241,0.0021124,0.0019938,0.0015818,0.0020643,0.0023515,0.0017823,0.0022303,0.0014813,0.00172,0.0018728,0.0018465,0.001813,0.0023868,0.0030655,0.0042624,0.004233,0.0048011,0.0053642,0.0063742,0.005876,0.0049312,0.0039765,0.0036165,0.0029551,0.0030386,0.0028138,0.0022674,0.0025457,0.0035723,0.0026729
Burrowing Owl,0.0001514,6.27e-05,0.0001416,3.12e-05,2.18e-05,9.07e-05,0.0005142,0.0006467,0.0001669,0.000406,0.0013215,0.0022607,0.0012902,0.0013854,0.0012535,0.0011625,0.001073,0.0013807,0.0012744,0.0013461,0.0016707,0.0013437,0.0013526,0.0013189,0.0009144,0.0006277,0.0006776,0.0007071,0.0003743,0.0004144,0.0002594,0.000303,0.0002074,0.0002839,0.000198,0.0001879,5e-05,2.59e-05,2.95e-05,0.0032612,2.76e-05,0.0001407,0.0002708,0.0001759,0.0002983,6.29e-05,0.0001058,0.0002759
Spotted Owl,0.0,0.0,0.0,0.0,2.18e-05,0.0,0.0,0.0,0.0,2.26e-05,0.0015,2.81e-05,0.0,2.1e-05,7.6e-05,9.8e-05,1.63e-05,3.03e-05,0.0001047,8.89e-05,7.11e-05,0.0002142,0.0003538,0.0001426,0.0001338,0.0001004,7.82e-05,3.82e-05,4.99e-05,5.18e-05,7.78e-05,5.35e-05,6.91e-05,5.16e-05,7.42e-05,6.26e-05,2.5e-05,0.0015,0.0015,2.1e-05,0.0,5.63e-05,0.0015,2.2e-05,0.0,0.0,0.0,0.0
Barred Owl,0.0067824,0.0069643,0.0069373,0.0069328,0.0065519,0.0075841,0.0093235,0.0096076,0.0115605,0.0104216,0.0103889,0.0106293,0.0102823,0.0096562,0.0108826,0.0115413,0.0117383,0.0131543,0.0117318,0.0117341,0.0110726,0.010964,0.0128186,0.0142053,0.0135376,0.0121268,0.0128997,0.011753,0.0107795,0.0093497,0.0098327,0.0092855,0.0099993,0.0116924,0.0115079,0.0111459,0.0136733,0.0118813,0.0103644,0.0101833,0.0096348,0.0082179,0.0082433,0.0069686,0.006862,0.0073858,0.0101876,0.0064666
Great Gray Owl,0.00109,0.0003765,0.0004045,0.0004051,0.0003494,9.07e-05,0.00023,0.0002079,0.0001878,0.0002481,0.0001423,0.0001123,0.0006749,0.0002939,0.0003039,0.0001821,0.0002764,0.0003338,0.000611,0.0003556,0.000551,0.00037,0.0004162,0.0003386,0.0002453,0.0001255,0.0002345,5.73e-05,9.98e-05,7.77e-05,0.0,3.56e-05,4.61e-05,0.0001032,2.47e-05,8.35e-05,5e-05,5.18e-05,0.0001476,6.31e-05,0.0015,0.0001689,0.0001203,0.0001759,0.0001193,3.14e-05,7.94e-05,0.0003276
Long-eared Owl,0.0025283,0.0022169,0.0016383,0.0019007,0.0012012,0.0014697,0.0012314,0.0013395,0.0013355,0.0012632,0.0013825,0.0010671,0.0008734,0.0009446,0.0007977,0.0005603,0.0006828,0.0006827,0.0005761,0.0006731,0.0006576,0.0009932,0.0004162,0.0003565,0.0004461,0.0004519,0.0001564,0.000172,0.0001996,0.0002072,0.0001816,0.0001069,0.0001613,0.0001807,0.0002475,0.0003966,0.0004749,0.0002847,0.0003543,0.0011782,0.0005797,0.0009006,0.0005114,0.0008353,0.0009845,0.0007229,0.0015348,0.0023452
Short-eared Owl,0.0120509,0.013845,0.013915,0.0117467,0.0105049,0.0086365,0.0064006,0.0072288,0.0068236,0.0046694,0.0038831,0.0028223,0.002382,0.0023091,0.0020891,0.0012045,0.0012681,0.0007738,0.0005237,0.0007239,0.0009242,0.0008569,0.0005202,0.0004278,0.0005353,0.0005775,0.0003127,0.0004778,0.0002495,0.0002849,0.0002854,0.0001426,0.0002765,0.0004646,0.000594,0.0005009,0.0004749,0.0015272,0.002067,0.0045025,0.0066532,0.0111449,0.0111616,0.0123544,0.0125306,0.0107486,0.0093938,0.0121055
Boreal Owl,0.0,0.0,4.05e-05,0.0015,0.0,0.0,0.0,0.0,0.0,0.0,0.0,0.0,0.0,2.1e-05,1.9e-05,0.0,0.0,0.0,0.0,1.27e-05,0.0015,1.95e-05,6.24e-05,5.35e-05,6.69e-05,5.02e-05,0.0015,3.82e-05,9.98e-05,2.59e-05,0.0,3.56e-05,9.22e-05,0.0002839,0.0008167,0.001315,0.0010749,0.0006212,0.0006496,0.0001473,5.52e-05,2.81e-05,0.0,2.2e-05,0.0,0.0,5.29e-05,0.0
Northern Saw-whet Owl,0.005647,0.0042246,0.0045709,0.0052502,0.0051542,0.0049896,0.0041543,0.0047114,0.0039648,0.0030904,0.0022974,0.0015305,0.0013299,0.0009236,0.0007787,0.0006863,0.0010568,0.0011683,0.00103,0.0008889,0.0008709,0.0005648,0.0005827,0.0005347,0.0004907,0.0004268,0.0002606,0.0004395,0.0003493,0.0003626,0.0003892,0.0003564,0.0006221,0.0008518,0.0008662,0.0019203,0.0030996,0.0030803,0.0032481,0.0041448,0.0025674,0.0027299,0.001775,0.0026599,0.0026255,0.0032057,0.0065095,0.0045353
Belted Kingfisher,0.1164822,0.1115131,0.1112797,0.1069047,0.0975583,0.0803955,0.0709753,0.0887318,0.0900839,0.0925086,0.0937036,0.0935999,0.090218,0.0885218,0.0814389,0.0784358,0.0693243,0.0648308,0.067074,0.0710775,0.0697592,0.0709056,0.0746853,0.0870495,0.1038851,0.1249592,0.1393688,0.1623636,0.1734455,0.192484,0.1915942,0.1991303,0.2051471,0.2012493,0.1969213,0.193133,0.1898763,0.1936478,0.2033603,0.2071577,0.1911769,0.1877744,0.1807515,0.1657067,0.1434155,0.1362122,0.1392924,0.1295568
Williamson's Sapsucker,1.51e-05,0.0002091,0.0001011,3.12e-05,0.0,1.81e-05,4.06e-05,6.93e-05,0.0003339,0.000767,0.0013215,0.0012356,0.0013895,0.0010916,0.0019372,0.0015267,0.0019997,0.0025793,0.0038059,0.0045844,0.0056163,0.0070302,0.0089481,0.0064699,0.0047504,0.0037661,0.0037005,0.0018537,0.0019962,0.0015799,0.0016345,0.0013367,0.0014746,0.0010841,0.0010394,0.0002296,0.0002,0.0001294,5.91e-05,0.0001262,2.76e-05,2.81e-05,6.02e-05,2.2e-05,0.0,6.29e-05,5.29e-05,0.0015
Yellow-bellied Sapsucker,0.0002422,0.0004601,0.0003641,9.35e-05,4.37e-05,1.81e-05,9.47e-05,2.31e-05,6.26e-05,0.0015,0.0,1.4e-05,0.0003176,8.4e-05,1.9e-05,2.8e-05,0.0,0.0,0.0,0.0,1.78e-05,1.95e-05,0.0,0.0,0.0,0.0,0.0,0.0,0.0,0.0,0.0,0.0,0.0,0.0,0.0,0.0004801,0.0,0.0,0.0,0.0,0.0,0.0,0.0006619,0.0002858,0.0010144,0.0014457,0.0001323,0.0002759
Red-naped Sapsucker,0.000212,2.09e-05,0.0002427,0.0002648,0.000131,9.07e-05,9.47e-05,0.0001617,8.35e-05,2.26e-05,4.07e-05,0.0007863,0.0037516,0.0052479,0.0082237,0.0074374,0.0077388,0.0086633,0.0120461,0.01482,0.0161557,0.0184226,0.0209343,0.0188037,0.014452,0.0110723,0.0076616,0.0054083,0.0044665,0.0039108,0.0039694,0.0036001,0.0039629,0.0036136,0.0035142,0.002776,0.0012998,0.00044,0.0003248,0.0002525,0.000138,5.63e-05,6.02e-05,2.2e-05,2.98e-05,0.0002514,7.94e-05,0.0001724
Red-breasted Sapsucker,0.0220126,0.0210185,0.0214186,0.0171683,0.0148511,0.0185249,0.0171856,0.0241576,0.030967,0.0364756,0.0441377,0.0455643,0.0462106,0.0470843,0.0510892,0.0489803,0.0488392,0.0472462,0.0454958,0.0572227,0.0606949,0.0621422,0.067069,0.0542901,0.0383157,0.0311582,0.0254346,0.0205057,0.016868,0.0154878,0.0147101,0.0161471,0.023109,0.0257079,0.0302175,0.0347735,0.0313961,0.0263253,0.0214965,0.0217341,0.0172542,0.0214455,0.0206986,0.0215212,0.0190345,0.0182601,0.026673,0.0277289
Lewis's Woodpecker,0.0011355,0.0009411,0.0013551,0.0012931,0.0018782,0.0019051,0.0013397,0.0016398,0.0019824,0.0019174,0.0023583,0.0025415,0.0024217,0.0027709,0.0029248,0.0053785,0.0104214,0.0129874,0.0118715,0.0112769,0.0112859,0.0098929,0.0100094,0.0092682,0.0061109,0.0055487,0.0054205,0.0036119,0.0034934,0.0032892,0.0033986,0.0044556,0.009262,0.0077691,0.0075482,0.0041327,0.0028996,0.0029768,0.0028938,0.0027983,0.0016288,0.0016605,0.0023166,0.0018026,0.0012232,0.0021686,0.0021698,0.001552
Acorn Woodpecker,0.0011355,0.0012339,0.0014158,0.0014333,0.0010046,0.0012701,0.000839,0.0011779,0.0014398,0.0014437,0.0014028,0.0013199,0.001191,0.0011965,0.0010256,0.0008964,0.0008292,0.0012593,0.0008031,0.0010413,0.0009597,0.0008763,0.0011445,0.0006595,0.0006245,0.0006779,0.0005994,0.000688,0.0003743,0.0004921,0.0005967,0.000802,0.0008986,0.000826,0.0013612,0.0010436,0.0011499,0.0020967,0.0017126,0.0015359,0.0012147,0.0016605,0.0022263,0.001341,0.0011337,0.0017286,0.0012701,0.0010174
American Three-toed Woodpecker,6.06e-05,6.27e-05,8.09e-05,0.0001558,6.55e-05,0.000127,9.47e-05,4.62e-05,6.26e-05,9.02e-05,0.000122,0.0001123,5.95e-05,0.0001259,5.7e-05,0.0001401,0.0001951,0.0002579,0.0006809,0.000927,0.0010486,0.0016943,0.0021226,0.0033864,0.003836,0.0026865,0.0029708,0.0026755,0.0018215,0.0014504,0.0017642,0.0013902,0.0013363,0.0012389,0.0014849,0.0016281,0.0014748,0.0011907,0.001063,0.000547,0.0002485,0.0001689,6.02e-05,4.4e-05,8.95e-05,0.0002514,7.94e-05,8.62e-05
Black-backed Woodpecker,0.0001211,8.37e-05,0.0005663,0.0003272,0.0001966,0.0003266,0.0003383,0.000231,0.0004591,0.0002707,0.0002643,0.0007161,0.0004168,0.0005878,0.0007217,0.0006583,0.0008129,0.0008193,0.0014839,0.0021335,0.0024349,0.0028043,0.0023307,0.0026557,0.0029439,0.002109,0.0018242,0.001548,0.0011229,0.0011396,0.001375,0.0011585,0.0008064,0.0007743,0.0007424,0.0007514,0.0007999,0.0005695,0.0007677,0.0004629,0.0003865,0.0002251,0.0003009,0.0002418,0.0001492,0.00022,7.94e-05,0.0002587
Downy Woodpecker,0.1100329,0.1078532,0.1096212,0.1052222,0.1009653,0.1112764,0.1115577,0.103813,0.1028338,0.1041709,0.112855,0.1147603,0.1182064,0.1188757,0.1198982,0.120651,0.1099532,0.1013807,0.0912535,0.0916757,0.0889363,0.0876728,0.0969514,0.0954265,0.100785,0.1038188,0.1031976,0.1039043,0.1023056,0.1032607,0.1026592,0.1155608,0.1272032,0.1265519,0.1247309,0.1232311,0.1168604,0.1083299,0.1007795,0.1016642,0.0954366,0.1081842,0.1081561,0.1211695,0.1152217,0.1261864,0.1400069,0.1333678
Hairy Woodpecker,0.0426627,0.0426226,0.0474081,0.0451019,0.0439416,0.0517101,0.0555623,0.0458902,0.0470139,0.0498522,0.0515583,0.0495942,0.0467863,0.0457198,0.0484493,0.052608,0.0562691,0.0586861,0.0606494,0.0648803,0.0626677,0.0651217,0.0674019,0.065501,0.062001,0.0563409,0.0561593,0.0534714,0.0533237,0.0531196,0.0518355,0.0547506,0.057784,0.0562424,0.0586532,0.057775,0.0541182,0.0509422,0.0485443,0.0455932,0.0406096,0.0443544,0.0469027,0.0501429,0.0477057,0.0525803,0.0598026,0.0523883
White-headed Woodpecker,0.0014837,0.001464,0.0019012,0.0011217,0.0012667,0.0015785,0.0018268,0.0017552,0.0014816,0.00194,0.002094,0.0024994,0.0027194,0.0031697,0.0034946,0.0031794,0.0037881,0.0043544,0.0080307,0.0074036,0.0066116,0.0064849,0.0053064,0.004545,0.0042375,0.0027618,0.0025018,0.0020831,0.0023954,0.0024604,0.0019717,0.0019248,0.0016819,0.001781,0.0030688,0.0020455,0.0019998,0.0018379,0.0020079,0.001599,0.0011871,0.000985,0.000722,0.0009453,0.0009547,0.0014143,0.0023021,0.0010864
Pileated Woodpecker,0.0290524,0.0332741,0.0352325,0.0361282,0.0369092,0.0432732,0.0430317,0.0433959,0.04716,0.0488597,0.0551569,0.0563481,0.0573663,0.055208,0.0594838,0.0597793,0.0611465,0.0566985,0.0558834,0.0575275,0.0520572,0.0477313,0.0497139,0.0456279,0.0440252,0.0416029,0.0389597,0.0408011,0.0445903,0.0469296,0.0498119,0.0542159,0.0571389,0.0577137,0.0552875,0.0518263,0.047619,0.0432284,0.0408965,0.0376191,0.0328244,0.0321963,0.0337555,0.0355023,0.0316546,0.0331573,0.0375751,0.0351957
Northern Flicker,0.296141,0.2948447,0.2952086,0.2891506,0.2948808,0.3169555,0.317731,0.3292455,0.346751,0.3634703,0.3823368,0.3794546,0.3543809,0.3308493,0.3171899,0.2954227,0.2774761,0.2673342,0.2592353,0.257083,0.2463699,0.2561246,0.2752471,0.2648736,0.2613408,0.2660122,0.2673234,0.259369,0.2451342,0.2399316,0.2358023,0.2523481,0.2814782,0.3164701,0.3873834,0.4447714,0.447669,0.4389884,0.4242013,0.4047844,0.3689645,0.3772656,0.3651734,0.3584524,0.3417567,0.353762,0.3649546,0.3429902
Crested Caracara,0.0,0.0,0.0,0.0015,0.0015,0.0,0.0,0.0,0.0,0.0,0.0,0.0,0.0,0.0,0.0,0.0,0.0,0.0,0.0,0.0015,0.0,0.0,0.0012278,8.91e-05,6.69e-05,0.0,0.0,0.0,0.0,0.0015,0.0,0.0,0.0,0.0,0.0,0.0,0.0,0.0,0.0,0.0,0.0,0.0,0.0,0.0,0.0,0.0,0.0,0.0
Eurasian Kestrel,0.0,0.0,0.0,0.0,0.0,0.0,0.0,0.0,0.0,0.0,0.0,0.0,0.0,0.0,0.0,0.0,0.0,0.0,0.0,0.0,0.0,0.0,0.0,0.0,0.0,0.0,0.0,0.0,0.0,0.0,0.0,0.0,0.0,0.0,0.0,0.0,0.0,0.0,0.0,0.0015,0.0001656,8.44e-05,0.0015,2.2e-05,0.0,0.0,0.0,0.0
American Kestrel,0.074743,0.0707309,0.0728516,0.0721786,0.0663274,0.0585684,0.0518546,0.06596,0.0611202,0.0612889,0.058613,0.0615996,0.0566914,0.0573282,0.0563311,0.0496666,0.0474085,0.0490973,0.0526711,0.0531081,0.0518973,0.0505745,0.0497555,0.0438456,0.0398992,0.0400713,0.0388033,0.0368261,0.0390508,0.0400145,0.0423661,0.0491543,0.0532452,0.0579201,0.061128,0.0587977,0.0526184,0.0538414,0.0559558,0.0617097,0.0641581,0.0733986,0.069256,0.0706529,0.0695746,0.0728518,0.070493,0.0754958
Merlin,0.020211,0.0176095,0.0196186,0.0192559,0.0159867,0.0139889,0.0132884,0.012864,0.0117483,0.0108051,0.0114055,0.0123283,0.011513,0.0134766,0.0134465,0.01325,0.0083729,0.0054165,0.0038408,0.0027811,0.0025949,0.0030574,0.0034336,0.0044202,0.0051965,0.0067037,0.0085737,0.0120588,0.0161693,0.0148662,0.0151252,0.0168957,0.0220261,0.0293214,0.0312322,0.0326863,0.0314461,0.0316059,0.0293214,0.0286141,0.0257847,0.0238658,0.0228346,0.0203341,0.0221075,0.0226601,0.0231801,0.0216934
Eurasian Hobby,0.0,0.0,0.0,0.0,0.0,0.0,0.0,0.0,0.0,0.0,0.0,0.0,0.0,0.0,0.0,0.0,0.0,0.0,0.0,0.0,0.0,0.0,0.0,0.0,0.0,0.0,0.0,0.0,0.0,0.0,0.0,0.0,0.0,0.0,0.0,0.0,0.0,0.0,0.0,0.0004418,0.0006902,0.0,0.0,0.0,0.0,0.0,0.0,0.0
Gyrfalcon,0.0009386,0.0006902,0.000991,0.0014333,0.0018127,0.0009435,0.0006495,0.000485,0.0004799,0.0004286,0.0002643,9.83e-05,9.92e-05,4.2e-05,0.0015,0.0,0.0,0.0,0.0,0.0,0.0,0.0,0.0,0.0,0.0,0.0,0.0,0.0,0.0,0.0,0.0,0.0,0.0,0.0,0.0,0.0,0.0,0.0015,0.0015,0.0002314,0.0003589,0.0005347,0.0005415,0.0003517,0.0004774,0.0005343,0.0005028,0.0009829
Peregrine Falcon,0.0181672,0.0168148,0.0179196,0.0174332,0.0155936,0.0111766,0.0108662,0.0130719,0.0102667,0.0093614,0.0087218,0.0093937,0.0090317,0.0107477,0.0100849,0.013124,0.0125512,0.0086178,0.0079784,0.0062988,0.0067004,0.006816,0.0072833,0.0059174,0.0069138,0.0089633,0.0106585,0.0117721,0.0174918,0.0176116,0.0233493,0.0256822,0.0256434,0.0259144,0.0293514,0.0277813,0.0276465,0.0261182,0.0244198,0.0270361,0.0244872,0.0254981,0.0226541,0.0228842,0.0202876,0.0211201,0.0205075,0.0206242
Prairie Falcon,0.002937,0.0034508,0.0039439,0.0040506,0.0032541,0.0023224,0.0027741,0.0028176,0.0028588,0.0023911,0.0032122,0.0033419,0.0029576,0.0027499,0.002412,0.0023391,0.0022599,0.0032165,0.0035964,0.0030986,0.0027193,0.002999,0.0024971,0.0020853,0.0011151,0.0012805,0.0014594,0.0012804,0.0013474,0.0016835,0.002309,0.0027625,0.0027648,0.0033813,0.0024996,0.0023168,0.0020997,0.0016567,0.002126,0.0013676,0.0019601,0.0023922,0.0029483,0.0026599,0.0032221,0.0034257,0.0032018,0.0031557
Cockatiel,0.0,0.0,0.0,0.0,0.0,0.0,0.0,0.0,0.0,0.0,0.0,0.0,0.0,0.0,0.0,0.0,0.0015,0.0,0.0,0.0,0.0,0.0,0.0,0.0,0.0,0.0,0.0,5.73e-05,0.0,0.0,0.0,0.0,2.3e-05,0.0,0.0,0.0015,0.0,2.59e-05,0.0,0.0,0.0,0.0,0.0,0.0,0.0,0.0,0.0,0.0
Rose-ringed Parakeet,0.0015,0.0,0.0015,0.0015,0.0,0.0,0.0,0.0,0.0,0.0,0.0,1.4e-05,0.0,0.0,0.0,0.0,0.0,0.0,0.0,0.0,0.0,0.0,0.0,0.0,0.0,0.0,0.0,0.0,0.0,0.0,0.0,0.0,0.0,0.0,0.0,0.0,0.0,0.0,0.0,0.0,0.0,0.0,0.0,0.0,0.0,0.0,0.0,0.0015
Red-rumped Parrot,0.0,0.0,0.0,0.0,0.0,0.0,0.0,0.0,0.0,0.0,0.0,0.0,0.0,0.0,0.0,0.0,0.0,0.0,0.0,0.0,0.0,0.0,0.0,0.0,0.0,0.0,0.0,3.82e-05,0.0,0.0,0.0,0.0,0.0,0.0,0.0,0.0,0.0,0.0015,0.0,0.0,0.0,0.0,0.0,0.0,0.0,0.0,0.0,0.0
Budgerigar,0.0,0.0,0.0,0.0,0.0,0.0,0.0,0.0,0.0,0.0,0.0,0.0,0.0,0.0,0.0,0.0,0.0,3.03e-05,0.0001222,0.0,0.0015,9.74e-05,0.000104,0.0001604,6.69e-05,0.0,0.0,1.91e-05,2.5e-05,5.18e-05,5.19e-05,3.56e-05,4.61e-05,0.0015,2.47e-05,4.17e-05,2.5e-05,0.0,2.95e-05,0.0,2.76e-05,2.81e-05,3.01e-05,0.0,0.0,0.0,0.0,0.0
Monk Parakeet,3.03e-05,0.0,8.09e-05,9.35e-05,4.37e-05,1.81e-05,2.71e-05,2.31e-05,2.09e-05,4.51e-05,2.03e-05,1.4e-05,3.97e-05,4.2e-05,1.9e-05,0.0,8.13e-05,6.07e-05,1.75e-05,0.0,0.0015,0.0,0.0,7.13e-05,6.69e-05,2.51e-05,5.21e-05,9.56e-05,0.0,2.59e-05,0.0,1.78e-05,0.0,0.0,2.47e-05,0.0,0.0,0.0015,0.0,6.31e-05,0.0015,0.0,3.01e-05,4.4e-05,0.0,3.14e-05,0.0,1.72e-05
Blue-and-yellow Macaw,0.0,0.0,0.0,0.0,0.0,0.0,0.0,0.0,0.0,0.0,0.0,0.0,0.0,0.0,0.0,0.0,0.0,0.0,0.0,0.0,0.0,0.0,0.0,0.0,0.0,0.0,0.0015,0.0,0.0,0.0,0.0,0.0,0.0,0.0,0.0,0.0,0.0,0.0,0.0,0.0,0.0,0.0,0.0,0.0,0.0,0.0,0.0,0.0
Military Macaw,0.0,0.0,0.0,0.0,0.0,0.0,0.0,0.0,0.0,0.0,0.0,0.0,0.0,0.0,0.0,0.0,1.63e-05,0.0,0.0,0.0,0.0,0.0,0.0,0.0,0.0,0.0,0.0,0.0,0.0,0.0,0.0,0.0,0.0,0.0,0.0,0.0,0.0,0.0,0.0,0.0,0.0,0.0,0.0,0.0,0.0,0.0,0.0,0.0
Mitred Parakeet,0.0,2.09e-05,0.0,0.0,0.0,0.0,0.0,0.0,0.0,0.0015,6.1e-05,5.62e-05,0.0,0.0,0.0,1.4e-05,1.63e-05,3.03e-05,1.75e-05,1.27e-05,0.0015,3.89e-05,0.0015,3.56e-05,0.0,5.02e-05,0.0,3.82e-05,0.0,2.59e-05,0.0,1.78e-05,2.3e-05,2.58e-05,0.0,0.0015,0.0,5.18e-05,0.0,0.0,0.0,0.0,0.0,0.0,0.0,0.0,0.0,0.0
Red-masked Parakeet,0.0,0.0,0.0,0.0,0.0,0.0,0.0,0.0,0.0,0.0,0.0,0.0,0.0,0.0,0.0,0.0,0.0,0.0,0.0,0.0,0.0,0.0,0.0,0.0,0.0,0.0,0.0,0.0,0.0,0.0,0.0,0.0,0.0,0.0,0.0,0.0,2.5e-05,0.0,0.0,0.0,0.0,0.0,0.0,0.0,0.0,0.0,0.0,0.0
Olive-sided Flycatcher,0.0,0.0,0.0,0.0,0.0,0.0,0.0,0.0,0.0,0.0,0.0,0.0,0.0,0.0,3.8e-05,0.0012746,0.0088769,0.0262327,0.0468052,0.0625564,0.0695637,0.0664654,0.0639059,0.05773,0.0504037,0.0504155,0.0550126,0.0555736,0.0462871,0.0289555,0.0182384,0.0176621,0.0105523,0.0058333,0.0019056,0.0002296,2.5e-05,0.0,0.0,0.0,0.0,0.0,0.0,0.0,0.0,0.0,0.0,0.0
Greater Pewee,0.0,0.0,0.0,0.0,0.0,0.0,0.0,0.0,0.0,0.0,0.0,0.0,0.0,0.0,0.0,0.0,0.0,0.0,0.0,0.0,0.0,0.0,0.0,0.0,0.0,0.0,0.0,0.0,0.0,0.0,0.0,0.0,0.0,0.0,0.0,0.0,0.0,0.0,0.0,0.0,0.0,0.0,0.0,2.2e-05,0.0,0.0,0.0,0.0
Western Wood-Pewee,0.0,0.0,0.0,0.0,0.0,0.0,0.0,0.0,0.0,0.0,0.0,0.0,0.0,0.0,5.7e-05,0.0004902,0.0084867,0.0407829,0.1134253,0.1877199,0.2093842,0.2215774,0.2099053,0.1847574,0.147598,0.1311105,0.1312381,0.1243717,0.1297535,0.1221673,0.0910883,0.0700601,0.045665,0.0263273,0.0107902,0.0016907,7.5e-05,0.0,2.95e-05,0.0,0.0,0.0002251,0.0,0.0,0.0,0.0,0.0,0.0
Eastern Wood-Pewee,0.0,0.0,0.0,0.0,0.0,0.0,0.0,0.0,0.0,0.0,0.0,0.0,0.0,0.0,0.0,0.0,0.0,0.0,0.0,0.0,0.0,0.0,0.0,0.0,0.0,0.0,0.0,3.82e-05,0.0002246,0.0001554,7.78e-05,0.0004277,0.0,0.0,0.0,0.0,0.0,0.0,0.0,0.0,0.0,0.0,0.0,0.0,0.0,0.0,0.0,0.0
Yellow-bellied Flycatcher,0.0,0.0,0.0,0.0,0.0,0.0,0.0,0.0,0.0,0.0,0.0,0.0,0.0,0.0,0.0,0.0,0.0,0.0,0.0,0.0,0.0,0.0,0.0,0.0,0.0,0.0,0.0,0.0,0.0,0.0,0.0,5.35e-05,0.0,0.0,0.0,0.0,0.0,0.0,0.0,0.0,0.0,0.0,0.0,0.0,0.0,0.0,0.0,0.0
Alder Flycatcher,0.0,0.0,0.0,0.0,0.0,0.0,0.0,0.0,0.0,0.0,0.0,0.0,0.0,0.0,0.0,0.0,0.0,0.0,0.0,0.0,0.0,5.84e-05,0.0003954,0.0001426,0.0,0.0,0.0,0.0,0.0,0.0,0.0,0.0,0.0,0.0,0.0,0.0,0.0,0.0,0.0,0.0,0.0,0.0,0.0,0.0,0.0,0.0,0.0,0.0
Willow Flycatcher,0.0,0.0,0.0,0.0,0.0,0.0,0.0,0.0,0.0,0.0,0.0,0.0,0.0,0.0,0.0,0.0,0.0001626,0.0012441,0.0190642,0.0815417,0.1420599,0.163408,0.1766101,0.1612127,0.1222847,0.0950313,0.0816199,0.0809907,0.0741841,0.0607081,0.047918,0.0381044,0.0251826,0.0161578,0.007177,0.0016281,0.000125,2.59e-05,0.0,0.0,0.0,0.0,0.0,0.0,0.0,0.0,0.0,0.0
Least Flycatcher,1.51e-05,0.0,0.0,0.0,0.0,0.0,0.0,0.0,0.0,0.0,0.0,0.0,0.0,0.0,0.0,0.0,9.75e-05,0.0004096,0.0009777,0.002616,0.0050653,0.0050633,0.0075955,0.004242,0.0018065,0.0010294,0.0006254,0.0002867,0.0002246,0.000259,0.0001038,0.0002852,0.0003686,0.0003872,7.42e-05,8.35e-05,0.0,0.0,0.0001476,0.0,0.0,0.0,0.0,0.0,0.0,0.0,0.0,0.0
Hammond's Flycatcher,0.0,0.0,0.0,0.0,0.0,0.0,0.0,0.0,0.0,0.0,0.0,0.0,0.0,0.0002519,0.004957,0.0205334,0.0341094,0.0383553,0.0452689,0.0494635,0.0474185,0.0539435,0.0436375,0.0377321,0.0273429,0.0221196,0.0169651,0.0103962,0.0074608,0.0064748,0.0078609,0.0142936,0.0188466,0.0166224,0.0099983,0.0055312,0.0010249,0.0003365,5.91e-05,0.0,0.0,0.0,0.0,2.2e-05,0.0,0.0,0.0,0.0
Gray Flycatcher,0.0,0.0,0.0,0.0,0.0,0.0,0.0,0.0,0.0,0.0,0.0,0.0,0.0,2.1e-05,0.0014244,0.0039638,0.0072836,0.0080564,0.009794,0.0108451,0.0088687,0.0073807,0.0058683,0.0054361,0.0035238,0.0029878,0.0031011,0.0025417,0.0027448,0.0023568,0.0022052,0.0031368,0.0037325,0.0027102,0.0010394,0.0001879,5e-05,0.0,0.0,0.0,2.76e-05,0.0,0.0,0.0,0.0,0.0,0.0,0.0
Dusky Flycatcher,0.0,0.0,0.0,0.0,0.0,0.0,0.0,0.0,0.0,0.0,0.0,0.0,0.0,0.0,0.0004558,0.0069332,0.0159979,0.0193446,0.0272172,0.0271763,0.0285968,0.0288802,0.0233691,0.0163797,0.0133146,0.0096161,0.0095901,0.0058861,0.0044166,0.0036777,0.0035802,0.0060062,0.0060595,0.0046202,0.0017324,0.0006262,5e-05,0.0,0.0,0.0,0.0,0.0,0.0,0.0,0.0,0.0,0.0,0.0
Western Flycatcher,0.0,0.0,0.0,0.0,0.0,0.0,0.0,0.0,0.0,0.0,0.0,0.0,0.0,0.0002099,0.0083756,0.0509973,0.0966866,0.1108785,0.1232542,0.1443393,0.1614858,0.1692113,0.1758818,0.1757031,0.1664436,0.1565944,0.1439033,0.1108414,0.0619074,0.0364922,0.0296796,0.0293001,0.0238693,0.0162094,0.0091568,0.0026508,0.0006499,0.000233,0.0,4.21e-05,0.0,0.0,0.0,0.0,0.0,0.0,0.0,0.0
Black Phoebe,0.0071306,0.0077382,0.0082924,0.0099084,0.008452,0.0062596,0.005697,0.0083836,0.0076583,0.0077147,0.0069937,0.0062484,0.0044265,0.0032537,0.0044822,0.0035436,0.0031053,0.0038841,0.0037535,0.0035685,0.0021505,0.0021422,0.0026636,0.0030656,0.0028547,0.0031133,0.0035442,0.0035928,0.0044416,0.0045324,0.0053444,0.0072003,0.0057139,0.0046202,0.0056921,0.0063035,0.0061992,0.0062384,0.0064962,0.0065434,0.0050796,0.0071485,0.0074009,0.0085513,0.0070112,0.00594,0.0057156,0.0084325
Eastern Phoebe,0.0,0.0,0.0,0.0,0.0,0.0,0.0,0.0,0.0,0.0,0.0,0.0,0.0,0.0,0.0,0.0,0.0,0.0,6.98e-05,0.0002413,0.000231,0.0003895,0.0001457,0.0001069,2.23e-05,2.51e-05,0.0,0.0,0.0,0.0,0.0,1.78e-05,0.0001382,2.58e-05,0.0,0.0,0.0,0.0,0.0,0.0,0.0,0.0,0.0,0.0,0.0004177,0.00088,2.65e-05,0.0
Say's Phoebe,0.000651,0.0006065,0.0007281,0.000483,0.0008954,0.0016874,0.0030988,0.0096538,0.020909,0.0278812,0.0390754,0.0441883,0.0353726,0.0368823,0.0338822,0.0264441,0.0273298,0.0285541,0.0314595,0.0319131,0.0338754,0.0307887,0.0281552,0.0237051,0.0162362,0.0138844,0.0137076,0.0114855,0.009981,0.0104374,0.0103775,0.0162541,0.0158745,0.0154092,0.0106912,0.0041327,0.0019748,0.0009319,0.0005906,0.0009468,0.0010215,0.0010976,0.0010831,0.0011211,0.0008055,0.0008171,0.000688,0.0008622
Vermilion Flycatcher,4.54e-05,2.09e-05,0.0,1.56e-05,6.55e-05,0.0015,0.0015,0.0,0.0,0.0015,0.0,0.0,0.0,0.0,0.0,0.0,0.0,0.0,0.0,0.0,0.0,0.0,0.0,0.0,0.0,0.0,0.0,0.0,0.0,0.0,0.0,0.0,0.0,0.0,0.0,0.0,0.0,0.0,0.0,2.1e-05,0.0005521,0.0002251,6.02e-05,0.0001759,0.0006564,0.0006914,0.0002911,0.0002587
Dusky-capped Flycatcher,0.0,0.0,0.0,0.0,0.0,0.0,0.0,0.0,0.0,0.0,0.0,0.0,0.0,0.0,0.0,0.0,0.0,0.0,0.0,0.0,0.0,0.0,0.0,0.0,0.0,0.0,0.0,0.0,0.0,0.0,0.0,0.0,0.0,0.0,0.0,0.0,0.0,0.0,0.0,0.0,0.0,0.0,0.0002106,0.0,0.0,0.0,0.0,0.0
Ash-throated Flycatcher,0.0,0.0,0.0001214,0.0,0.0,0.0,0.0,0.0,0.0,0.0,0.0,0.0,0.0,0.0,0.0,1.4e-05,0.0008292,0.0029889,0.003963,0.0044574,0.0056518,0.0049075,0.0043076,0.004135,0.0032785,0.0026614,0.0027624,0.0023315,0.0013474,0.000518,0.0002594,0.0003564,0.0001152,0.0001291,4.95e-05,2.09e-05,0.0,0.0,0.0002658,8.42e-05,0.0,0.0010976,0.0001805,2.2e-05,0.0,0.0,0.0,0.0
Variegated Flycatcher,0.0,0.0,0.0,0.0,0.0,0.0,0.0,0.0,0.0,0.0,0.0,0.0,0.0,0.0,0.0,0.0,0.0,0.0,0.0,0.0,0.0,0.0,0.0,0.0,0.0,0.0,0.0,0.0,0.0,0.0,0.0,0.0,6.91e-05,0.0,0.0,0.0,0.0,0.0,0.0,0.0,0.0,0.0,0.0,0.0,0.0,0.0,0.0,0.0
Tropical Kingbird,0.0015,0.0,0.0,0.0,0.0,0.0,0.0,0.0,0.0,0.0,0.0,0.0,0.0,0.0,0.0,0.0,0.0,0.0,0.0,0.0,0.0,0.0,0.0,0.0,0.0,0.0,0.0,0.0,0.0,0.0,0.0,0.0,0.0,2.58e-05,7.42e-05,0.0002922,0.0003,0.0006471,0.0023327,0.0050285,0.0069845,0.0050659,0.0025572,0.0017586,0.0005669,0.00066,0.0004498,1.72e-05
Western Kingbird,0.0,0.0,0.0,0.0,0.0,0.0,0.0,0.0,0.0,0.0,0.0,0.0,0.0015,0.0002309,0.0055078,0.0253235,0.0420596,0.0541648,0.0590084,0.0672551,0.0635031,0.0541772,0.050359,0.0413503,0.0391186,0.0356273,0.0305944,0.0217861,0.0159447,0.0129238,0.0088987,0.0066121,0.0025344,0.0008776,7.42e-05,2.09e-05,0.0001,5.18e-05,2.95e-05,0.0,0.0,8.44e-05,9.03e-05,0.0,0.0,0.0,0.0,0.0
Eastern Kingbird,0.0,0.0,0.0,0.0,0.0,0.0,0.0,0.0,0.0,0.0,0.0,0.0,0.0,0.0,0.0,2.8e-05,4.88e-05,0.0017751,0.0125698,0.0416661,0.0588643,0.0685881,0.0595568,0.0470538,0.0409474,0.0421552,0.0415917,0.0408202,0.0423945,0.0464375,0.0372033,0.0224028,0.0061056,0.0006195,2.47e-05,0.0,2.5e-05,0.0,0.0,0.0,0.0,0.0,0.0,0.0,0.0,0.0,0.0,0.0
Scissor-tailed Flycatcher,0.0,0.0,0.0,0.0,0.0,0.0,0.0,0.0,0.0,0.0,0.0,0.0,0.0,0.0,0.0,0.0,0.0002114,1.52e-05,0.0015,1.27e-05,0.0015,1.95e-05,2.08e-05,0.0,0.0015,0.0,0.0,1.91e-05,0.0015,0.0006993,0.0004151,0.0,0.0015,5.16e-05,4.95e-05,4.17e-05,0.0015,0.0,0.0,0.0014938,0.0002209,0.0001689,0.0002407,0.0002418,0.0,0.0,0.0,0.0
Fork-tailed Flycatcher,0.0,0.0,0.0,0.0,0.0,0.0,0.0,0.0,0.0,0.0,0.0,0.0,0.0,0.0,0.0,0.0,0.0,0.0,0.0,0.0,0.0,0.0,0.0,0.0,0.0,0.0,0.0,0.0,0.0,0.0,0.0,0.0,0.0,0.0015,0.0,0.0,0.0,0.0,0.0,0.0,0.0,0.0,0.0,0.0,0.0,0.0,0.0,0.0
White-eyed Vireo,0.0,0.0,0.0,0.0,0.0,0.0,0.0,0.0,0.0,0.0,0.0,0.0,0.0,0.0,0.0,0.0,0.0,0.0,0.0,0.0,0.0,0.0,0.0,0.0,0.0,0.0015,0.0,0.0,0.0,0.0,0.0,0.0,0.0,0.0,0.0,0.0,0.0,0.0,0.0,0.0,0.0,0.0,0.0,0.0,0.0,0.0,0.0,0.0
Bell's Vireo,0.0,0.0,0.0,0.0,0.0,0.0,0.0,0.0,0.0,0.0,0.0,0.0,0.0,0.0,0.0,0.0,0.0,0.0,0.0,0.0,1.78e-05,0.0,0.0,0.0,0.0,0.0,0.0,0.0,0.0,0.0,0.0,0.0,0.0015,0.0,0.0,2.09e-05,0.0,0.0,0.0,0.0,0.0,0.0,0.0,0.0,0.0,0.0,0.0,0.0
Hutton's Vireo,0.0072215,0.0081146,0.0106183,0.0130398,0.0159867,0.0180713,0.0156836,0.0245964,0.0311131,0.0301595,0.0386078,0.0345559,0.0316805,0.0272472,0.0283175,0.0278027,0.0278988,0.0265969,0.0219623,0.0203441,0.0198525,0.0187342,0.0194361,0.0226001,0.0216334,0.0218685,0.0220207,0.0181168,0.018415,0.0169641,0.0196653,0.0218503,0.0240306,0.0214232,0.0219021,0.0229806,0.0201475,0.0176538,0.0139668,0.0143912,0.0133617,0.0124958,0.011312,0.010244,0.0091294,0.00836,0.0120399,0.0097603
Yellow-throated Vireo,0.0,0.0,0.0,0.0,0.0,0.0,0.0,0.0,0.0,0.0,0.0,0.0,0.0,0.0,0.0,0.0,0.0,0.0,0.0,0.0,0.0,3.89e-05,0.0,0.0,0.0,0.0,0.0,0.0,0.0,0.0,0.0,0.0,2.3e-05,0.0,0.0,0.0,0.0,0.0,0.0,0.0001052,0.0,0.0,0.0,0.0,0.0,0.0,0.0,0.0
Cassin's Vireo,0.0,0.0,0.0,0.0,0.0,0.0,0.0,0.0,0.0,0.0,0.0,2.81e-05,3.97e-05,0.0006927,0.0050899,0.0143565,0.0265982,0.0312851,0.0362605,0.036688,0.0347107,0.0374294,0.0344605,0.0288561,0.0219457,0.0158678,0.0140724,0.0096891,0.0085587,0.0086504,0.00921,0.0122262,0.0146303,0.0103761,0.0066078,0.0037779,0.0009499,0.0001294,8.86e-05,2.1e-05,0.0,0.0,0.0,0.0,0.0,0.0,0.0,0.0
Blue-headed Vireo,0.0,0.0,0.0,0.0,0.0,0.0,0.0,0.0,0.0,0.0,0.0,0.0,0.0,0.0,0.0,0.0,0.0,0.0,0.0,0.0,0.0,0.0,0.0,0.0,0.0,0.0,0.0,0.0,0.0,0.0,0.0,0.0015,4.61e-05,0.0,0.0,0.0,0.0,0.0,0.0,0.0,0.0,0.0,0.0,0.0,0.0,0.0,0.0,0.0
Philadelphia Vireo,0.0,0.0,0.0,0.0,0.0,0.0,0.0,0.0,0.0,0.0,0.0,0.0,0.0,0.0,0.0,0.0,0.0,0.0,0.0,0.0015,0.0015,0.0,0.0,0.0,0.0,0.0,0.0,0.0,0.0,0.0,0.0,0.0,2.3e-05,2.58e-05,0.0,4.17e-05,0.0,0.0,0.0,0.0,0.0,0.0,0.0,0.0,0.0,0.0,0.0,0.0
Western Warbling Vireo,0.0,0.0,0.0,0.0,0.0,0.0,0.0,0.0,0.0,0.0,0.0,0.0,0.0,0.0015,0.0007027,0.024035,0.0882162,0.1216052,0.1422835,0.1541558,0.1614325,0.1615774,0.1501197,0.126564,0.1003167,0.0722589,0.0564199,0.0438779,0.0316399,0.028567,0.0356985,0.0548753,0.0580375,0.0423044,0.0226198,0.0065122,0.0010749,0.000233,8.86e-05,0.0,0.0,0.0,3.01e-05,2.2e-05,0.0,0.0,0.0,0.0
Red-eyed Vireo,0.0,0.0,0.0,0.0,0.0,0.0,0.0,0.0,0.0,0.0,0.0,0.0,0.0,0.0,0.0,0.0,3.25e-05,0.0001214,0.0004539,0.0084831,0.0214343,0.0315482,0.0341068,0.026646,0.0177751,0.0146376,0.0104501,0.0075487,0.0066374,0.0062935,0.0059671,0.0050259,0.0044006,0.0028134,0.000198,2.09e-05,0.0,0.0,0.0,0.0,0.0,0.0,0.0,0.0,0.0,0.0,0.0,0.0
Yellow-green Vireo,0.0,0.0,0.0,0.0,0.0,0.0,0.0,0.0,0.0,0.0,0.0,0.0,0.0,0.0,0.0,0.0,0.0,0.0,0.0,0.0,0.0,0.0,0.0,0.0,0.0,0.0,0.0,0.0,0.0,0.0,0.0,0.0,0.0,0.0,0.0,0.0,0.0,0.0,0.002067,0.0,0.0,0.0,0.0,0.0,0.0,0.0,0.0,0.0
Loggerhead Shrike,0.0001968,0.0001255,8.09e-05,0.0001091,8.74e-05,0.0002903,0.00023,0.0003464,0.001106,0.0021881,0.0031512,0.0059957,0.0035333,0.004975,0.0043872,0.0032075,0.0027476,0.0038841,0.0040328,0.0028446,0.0032702,0.0031548,0.0027677,0.0024775,0.0020295,0.0026614,0.0016939,0.002255,0.0016968,0.001036,0.0012194,0.0012297,0.0008986,0.0008001,0.0003465,0.0003966,0.000325,0.0003624,0.0003543,0.000547,0.0001656,0.0003096,0.0002407,0.0002418,0.0002387,0.0002829,0.0002117,0.0001035
Northern Shrike,0.0168804,0.0189271,0.0202253,0.0190222,0.0164235,0.0124286,0.0128419,0.0147117,0.0133133,0.0134218,0.0147397,0.0109944,0.0056969,0.002561,0.0004938,0.0001541,4.88e-05,0.0,5.24e-05,0.0,0.0,0.0,0.0,0.0,0.0,0.0,0.0,0.0,0.0,0.0,0.0,0.0,0.0,0.0,2.47e-05,0.0002505,0.0032246,0.0107942,0.0183665,0.0219445,0.0257571,0.0248508,0.0247601,0.0235436,0.0199893,0.0216858,0.0183112,0.0193309
Canada Jay,0.0024829,0.0033044,0.003317,0.0032872,0.0031231,0.0035381,0.0035589,0.0037876,0.0037144,0.0036769,0.0043914,0.004086,0.0036325,0.0030018,0.0041023,0.0037957,0.0041946,0.0055985,0.006861,0.0101975,0.0095441,0.0127167,0.0157528,0.0192315,0.0203622,0.0188054,0.0226983,0.0240602,0.0239295,0.022895,0.0220521,0.0225098,0.0226943,0.0211909,0.0180167,0.0198915,0.0174228,0.0129944,0.010453,0.0065223,0.0039754,0.0035742,0.0029483,0.0034073,0.0023868,0.0025457,0.0027255,0.0037593
Pinyon Jay,0.0,0.0,0.0,0.0,0.0,0.0,0.0,0.0,0.0,0.0,0.0,0.0,0.0,0.0,0.0,0.0015,0.0,0.0,0.0,0.0,0.0,0.0,0.0,0.0,0.0,0.0,0.0,0.0,0.0,0.0,0.0,0.0,0.0,0.0,0.0,0.0,0.0,2.59e-05,0.0,0.0,0.0,0.0,0.0,0.0,0.0,0.0,0.0,0.0
Steller's Jay,0.1685465,0.1708251,0.1730275,0.1661681,0.1695641,0.2016148,0.2105577,0.1923139,0.2016402,0.2114773,0.2220302,0.2159286,0.2074318,0.1986859,0.1951836,0.1859908,0.179245,0.17577,0.1755587,0.1701949,0.1562606,0.1522493,0.1562793,0.1518376,0.1531067,0.1592558,0.1693899,0.1846274,0.1954287,0.206884,0.214736,0.2470548,0.2737599,0.2798441,0.2980672,0.3139428,0.3001375,0.2954028,0.273903,0.253298,0.2218756,0.2206743,0.208851,0.2002418,0.1860791,0.1950154,0.2070599,0.1888084
Blue Jay,0.0016956,0.0010666,0.0012337,0.0011529,0.0008081,0.0005443,0.0004466,0.0009007,0.0006886,0.0008797,0.0003863,0.0004212,0.0005161,0.0002939,0.0003609,0.0002661,0.0002114,6.07e-05,0.0001047,0.0015,0.0015,7.79e-05,0.0,1.78e-05,0.0,2.51e-05,5.21e-05,0.0,0.0,0.0,0.0,1.78e-05,0.0,2.58e-05,2.47e-05,0.0001461,0.0002,0.0005177,0.001565,0.0016411,0.0014079,0.0021952,0.0018653,0.0014948,0.0014321,0.0017914,0.0015877,0.0012243
California Scrub-Jay,0.0520188,0.0512392,0.0532532,0.0565682,0.0534419,0.0597478,0.0561171,0.0563062,0.0546513,0.0547924,0.0544046,0.053273,0.0495256,0.0472732,0.0460942,0.0448905,0.044921,0.0456835,0.0419169,0.0417804,0.0341065,0.0329114,0.0353345,0.0353973,0.0355056,0.0366818,0.0370573,0.0364821,0.0370795,0.0389526,0.0417175,0.0501167,0.0594429,0.0623855,0.0761749,0.0765602,0.0683165,0.069709,0.0642532,0.0604473,0.0543853,0.0571879,0.061855,0.056474,0.053076,0.054246,0.0657299,0.0593895
Woodhouse's Scrub-Jay,0.0,0.0,0.0,0.0,0.0,0.0,0.0,0.0,0.0,0.0,0.0,1.4e-05,0.0,0.0,0.0,0.0,0.0,0.0,0.0,0.0,0.0,0.0,0.0,0.0,0.0,0.0,0.0,0.0,0.0,0.0,0.0,0.0,0.0,0.0,0.0,0.0,0.0,0.0,0.0,0.0,0.0,0.0,0.0,0.0,0.0,0.0,0.0,0.0
Black-billed Magpie,0.0515495,0.0506745,0.0566713,0.0564903,0.0527649,0.0491518,0.0507179,0.058685,0.0613914,0.0603641,0.0636957,0.0662613,0.0604629,0.0626601,0.0575846,0.0573421,0.0569032,0.0652557,0.0663757,0.0670392,0.0632898,0.0585394,0.0484861,0.0388728,0.0297292,0.0277687,0.0254346,0.0219581,0.0223326,0.0257699,0.029031,0.0350389,0.0430846,0.0502542,0.0518722,0.0536631,0.0554431,0.055498,0.0602374,0.0568916,0.0537228,0.0554711,0.0540028,0.0535502,0.046214,0.0549689,0.0536636,0.0523366
Clark's Nutcracker,0.001847,0.0028443,0.0033776,0.0031003,0.00273,0.0035199,0.0046009,0.0032564,0.0025041,0.0028423,0.0022567,0.0018675,0.001846,0.0022671,0.0018992,0.0020309,0.0024224,0.002822,0.0037535,0.0050035,0.0058473,0.0057838,0.0073041,0.008074,0.0104822,0.0111477,0.0134991,0.0136067,0.0139984,0.0145295,0.0146582,0.0163967,0.014469,0.0118215,0.0123493,0.0113129,0.0091739,0.0082056,0.0067324,0.004229,0.0025398,0.0024766,0.0028581,0.0019785,0.0016111,0.0017286,0.0015348,0.0021728
American Crow,0.4137738,0.420663,0.4216977,0.4309528,0.4339783,0.4292116,0.4256621,0.4689485,0.4845582,0.494011,0.5091589,0.5101519,0.5209218,0.5065494,0.5042828,0.4958121,0.4822137,0.4634805,0.4559881,0.4457553,0.4286857,0.4166894,0.4329414,0.4399529,0.4503323,0.4651134,0.4570922,0.4604315,0.4429584,0.4408588,0.429939,0.4248873,0.4246711,0.43946,0.4392308,0.4628679,0.4670916,0.4810002,0.4945373,0.5051442,0.475499,0.475318,0.4677939,0.4459661,0.4382123,0.4400339,0.4397873,0.4256079
Common Raven,0.1449442,0.1528391,0.1668993,0.1660123,0.1581637,0.1532614,0.1414092,0.1677406,0.1691916,0.1707609,0.1847033,0.1915667,0.1795625,0.1804442,0.1830285,0.1845622,0.1825128,0.1909725,0.183345,0.1812433,0.1687728,0.1704966,0.1660805,0.1572737,0.1509434,0.1483843,0.146405,0.1449538,0.1475696,0.1542307,0.1605137,0.1756759,0.1875907,0.1914668,0.2029846,0.2002296,0.1935508,0.1920429,0.1812142,0.178228,0.1604781,0.1717044,0.167123,0.1642998,0.153977,0.1632724,0.1726602,0.1644766
Black-capped Chickadee,0.3654944,0.3713061,0.3749368,0.3716115,0.3761466,0.4087272,0.4213859,0.3902169,0.3908435,0.3830502,0.3886393,0.3796091,0.3827663,0.3728326,0.3655822,0.3572189,0.3342817,0.3050523,0.2940468,0.2908883,0.2761042,0.2686076,0.2891479,0.3097351,0.3401133,0.3479374,0.3494905,0.3546926,0.3529793,0.3518427,0.3554547,0.3682475,0.3782918,0.3673696,0.3802559,0.3975579,0.3980752,0.3943104,0.3849288,0.3925183,0.3824642,0.3952775,0.4043443,0.4078918,0.3951011,0.4069395,0.4190416,0.4029143
Mountain Chickadee,0.0181672,0.0182788,0.0202455,0.0189288,0.0181925,0.0215005,0.0227879,0.0205317,0.0187179,0.0187905,0.0179722,0.0184925,0.0183612,0.0194383,0.0203027,0.0199031,0.0217208,0.0234107,0.0278108,0.0298813,0.0296099,0.0333009,0.0367287,0.035522,0.0336099,0.0298777,0.0310896,0.0311503,0.0290448,0.0297066,0.0269555,0.0290862,0.0254591,0.0235655,0.0275942,0.0269881,0.0251469,0.0249793,0.0231205,0.0189989,0.0167573,0.0176179,0.0203676,0.0194988,0.016976,0.019423,0.0222804,0.0191585
Chestnut-backed Chickadee,0.1795074,0.1806128,0.1836054,0.1731632,0.1805495,0.2052799,0.2312075,0.1948544,0.2000334,0.2002887,0.2092829,0.2139628,0.2125531,0.2017297,0.1961522,0.1955011,0.1855856,0.1781369,0.1729923,0.1782081,0.1731272,0.1859396,0.2024347,0.217196,0.2286453,0.2303849,0.2312564,0.2422077,0.2372991,0.2309963,0.2261513,0.2231906,0.2236712,0.2185943,0.2163487,0.2156544,0.2102987,0.2041054,0.1928188,0.1920301,0.1797753,0.1889283,0.1892055,0.1976698,0.1898085,0.2001383,0.2224339,0.20776
Boreal Chickadee,0.0,0.0015,0.0,0.0015,0.0,0.0,1.35e-05,0.0015,0.0,0.0,0.0,0.0,0.0,0.0015,0.0,0.0,0.0015,3.03e-05,1.75e-05,0.000127,0.00016,0.0002142,0.0006659,0.0009446,0.0010482,0.0003766,0.0004951,0.0007453,0.000524,0.0004403,0.000934,0.0003743,0.000553,0.0002839,0.0008909,0.000814,0.0007499,0.00044,0.0004429,0.0001894,5.52e-05,5.63e-05,0.0,2.2e-05,0.0,0.0,0.0,0.0015
Eurasian Skylark,0.0,2.09e-05,0.0015,0.0,4.37e-05,1.81e-05,2.71e-05,2.31e-05,2.09e-05,2.26e-05,2.03e-05,1.4e-05,0.0015,2.1e-05,0.0,2.8e-05,3.25e-05,1.52e-05,0.0015,0.0015,0.0015,3.89e-05,4.16e-05,3.56e-05,0.0015,0.0001004,2.61e-05,0.0015,2.5e-05,0.0015,0.0015,3.56e-05,0.0,2.58e-05,2.47e-05,0.0,0.0015,0.0015,2.95e-05,0.0002104,0.000138,0.0003659,0.0,4.4e-05,0.0,0.0,2.65e-05,0.0015
Horned Lark,0.0095378,0.0119837,0.0166657,0.0170281,0.014174,0.0138982,0.016279,0.0183376,0.0189057,0.0183168,0.0176876,0.0202758,0.0176069,0.0190394,0.0200179,0.0156451,0.0190707,0.0253376,0.0223289,0.0211696,0.0324536,0.0246738,0.0172719,0.0145439,0.0121103,0.012403,0.0119094,0.0105873,0.0090079,0.0071741,0.0096251,0.009036,0.0122342,0.0166998,0.0158388,0.0126696,0.0099488,0.0096293,0.009951,0.0089419,0.0081164,0.0093718,0.009537,0.0080457,0.0084432,0.0082343,0.0079119,0.0101397
Bank Swallow,0.0,0.0,0.0,0.0,0.0,0.0,0.0,0.0,0.0,0.0,0.0,2.81e-05,0.0001389,0.0006927,0.0028109,0.0090481,0.0163393,0.0237597,0.0364525,0.0374119,0.0343375,0.031334,0.0290292,0.0245963,0.0248004,0.025961,0.0257994,0.0234869,0.0231311,0.0230763,0.0228305,0.0228306,0.0154137,0.0090855,0.003044,0.000814,7.5e-05,2.59e-05,2.95e-05,2.1e-05,2.76e-05,0.0,3.01e-05,0.0,0.0,0.0,0.0,0.0
Tree Swallow,0.0002574,0.0003137,0.0002225,0.0006855,0.0020093,0.0039191,0.0060623,0.0228874,0.0408163,0.0631387,0.0993962,0.1303603,0.1418476,0.1663798,0.1832564,0.2016359,0.2138096,0.2169625,0.2186976,0.2164582,0.193033,0.1915093,0.1919675,0.1803372,0.1492261,0.1305581,0.1055951,0.0820609,0.0628057,0.0444433,0.0323518,0.0224919,0.0116582,0.0048783,0.0018809,0.0009601,0.0004,0.000233,8.86e-05,0.0001473,5.52e-05,0.0001126,0.0002106,0.0003297,0.0001193,0.00022,0.0003175,0.0002759
Violet-green Swallow,4.54e-05,0.0,0.0,6.23e-05,0.000131,0.000127,0.0012855,0.0094459,0.0232461,0.0554916,0.1053734,0.1538937,0.1816468,0.2294387,0.2479061,0.2688666,0.283329,0.2970262,0.2991096,0.2866468,0.2676264,0.268705,0.2783061,0.2795779,0.2804095,0.2705315,0.2139786,0.1488906,0.1111388,0.0925902,0.0819562,0.078294,0.0633597,0.0553907,0.0623407,0.0434982,0.0193726,0.0078432,0.0012107,0.0002314,8.28e-05,8.44e-05,9.03e-05,6.59e-05,8.95e-05,0.0015,0.0001058,8.62e-05
Purple Martin,0.0,0.0,0.0,0.0,0.0,0.0,0.0,0.0,0.0,4.51e-05,0.0015,0.0002668,0.0010917,0.0069063,0.017188,0.0265841,0.0360766,0.0431497,0.0383205,0.0404089,0.0412868,0.0376241,0.0413276,0.0497629,0.0492216,0.056843,0.057332,0.0685497,0.0788003,0.0868664,0.0864444,0.0640183,0.0281547,0.010247,0.0021531,0.000334,7.5e-05,2.59e-05,0.0,0.0,5.52e-05,0.0,0.0,0.0,0.0,0.0,0.0,0.0
Northern Rough-winged Swallow,0.0,0.0,0.0,0.0,2.18e-05,0.0,4.06e-05,2.31e-05,2.09e-05,0.0001353,0.0009352,0.0068101,0.0189765,0.040157,0.0528555,0.070186,0.0787702,0.0847975,0.0954434,0.0919931,0.0803341,0.0742356,0.0706274,0.0639147,0.0632276,0.0614879,0.0602246,0.0506431,0.0425691,0.0329958,0.0254767,0.0182858,0.0098611,0.0037168,0.0010889,0.0002087,7.5e-05,2.59e-05,0.0,2.1e-05,0.0,0.0,6.02e-05,0.0,5.97e-05,0.0,0.0,0.0
Barn Swallow,0.0018319,0.002928,0.004935,0.0045959,0.0058094,0.0049714,0.0033153,0.0043881,0.0045073,0.0045115,0.0033342,0.01018,0.0234428,0.067908,0.1194614,0.1935823,0.2346524,0.2556668,0.2779853,0.276335,0.2546521,0.249036,0.2528145,0.2535023,0.264374,0.2838384,0.2860084,0.2963671,0.2971604,0.3045505,0.3131664,0.2979201,0.2389927,0.1721085,0.1214641,0.066771,0.0280715,0.0124249,0.0042225,0.0026089,0.0019877,0.0010413,0.0012034,0.0015168,0.0014321,0.0010686,0.0014289,0.001483
Cliff Swallow,0.0,0.0,0.0,0.0,0.0,1.81e-05,0.0,0.0,8.35e-05,0.000406,0.0013215,0.0062063,0.0169121,0.0388345,0.0532543,0.0747381,0.09085,0.0957366,0.1109288,0.1122484,0.1080245,0.1131646,0.104422,0.0994368,0.0926669,0.0914158,0.0797175,0.0678999,0.0542469,0.0422677,0.0344532,0.0242029,0.0114278,0.0043105,0.0020294,0.0007723,0.0001,7.77e-05,0.0015,2.1e-05,0.0002761,5.63e-05,3.01e-05,0.0001539,2.98e-05,3.14e-05,0.0,0.0
Cave Swallow,0.0,0.0,0.0,0.0,0.0,0.0,0.0,0.0,0.0,0.0,0.0,0.0001545,0.0,0.0,0.0,0.0,0.0,0.0,0.0,0.0,0.0,0.0,0.0,0.0,0.0,0.0,0.0,0.0,0.0,0.0,0.0,0.0,0.0,0.0,0.0,0.0,0.0,0.0,0.0,0.0,0.0,0.0,0.0,0.0,0.0,0.0,0.0,0.0
Red-whiskered Bulbul,0.0,0.0,0.0,0.0,0.0,0.0,0.0,0.0,0.0,0.0,0.0,0.0,0.0,0.0,0.0,0.0,0.0,0.0,0.0,0.0,0.0,0.0,0.0,0.0,0.0,0.0,0.0,0.0,0.0,0.0,0.0,1.78e-05,0.0,0.0,0.0,0.0,0.0,0.0,0.0,0.0,0.0,0.0,0.0,0.0,0.0,0.0,0.0015,0.0
Bushtit,0.0679152,0.0695388,0.0687863,0.0663208,0.068424,0.083099,0.0877955,0.0820111,0.0934018,0.1046897,0.1264562,0.1410458,0.1408154,0.1352282,0.1274951,0.1201748,0.1164889,0.1060082,0.1017807,0.0958918,0.0836577,0.0784031,0.0838414,0.0827541,0.0909942,0.0953074,0.0945196,0.0906033,0.0853628,0.0800808,0.0786872,0.0772069,0.0747644,0.0730196,0.072339,0.0723231,0.0700662,0.0753779,0.079785,0.0817396,0.0804185,0.0845435,0.0869761,0.0836448,0.0792112,0.0805833,0.0814215,0.0808415
Swinhoe's White-eye,0.0,0.0,0.0,0.0,0.0,0.0,0.0,0.0,0.0,0.0,0.0015,0.0015,0.0,0.0,1.9e-05,1.4e-05,0.0,0.0015,1.75e-05,1.27e-05,0.0,0.0,0.0,0.0,0.0015,0.0,0.0015,0.0015,2.5e-05,0.0,0.0,1.78e-05,0.0015,0.0,2.47e-05,2.09e-05,0.0,0.0,0.0015,0.0,0.0,0.0,0.0015,0.0,0.0,0.0,0.0,0.0
Ruby-crowned Kinglet,0.1584031,0.1482589,0.1563214,0.15129,0.1459771,0.1301823,0.1089731,0.1457308,0.154355,0.1589181,0.1790514,0.1896431,0.1847235,0.1770016,0.1656506,0.1219536,0.0591468,0.0279775,0.0160265,0.0102483,0.0109126,0.0102434,0.0110706,0.0113179,0.0087872,0.0055487,0.0050556,0.0026373,0.0025701,0.0022532,0.003217,0.0075211,0.0199295,0.041814,0.0772143,0.117345,0.152356,0.1765376,0.1848166,0.1887479,0.1825636,0.199257,0.2016005,0.2042647,0.1970881,0.1957697,0.2131989,0.190119
Golden-crowned Kinglet,0.1615067,0.156499,0.1597799,0.1535334,0.1496025,0.1273338,0.1067132,0.1417585,0.1428571,0.1373305,0.1426393,0.1350361,0.1186431,0.0988077,0.0940117,0.0829458,0.0736002,0.0653467,0.0638094,0.0642073,0.0653692,0.0724635,0.0761835,0.0805618,0.0798653,0.0794898,0.0835744,0.0845644,0.0864607,0.083888,0.0836944,0.0864033,0.1032878,0.1248742,0.1567055,0.1844918,0.2051244,0.2181093,0.2238233,0.2211282,0.2102532,0.2079253,0.2008183,0.1998901,0.1911212,0.1860582,0.2149718,0.1917055
White-breasted Nuthatch,0.0110366,0.0122556,0.0124588,0.0133202,0.0124268,0.0140071,0.0139921,0.0138571,0.0135011,0.0139406,0.0135402,0.0141818,0.0131605,0.0132247,0.0135225,0.013208,0.013543,0.0131998,0.0157821,0.0177027,0.0158891,0.0170399,0.0173759,0.016451,0.0172175,0.0162193,0.0142809,0.0152503,0.0149466,0.0166274,0.0157738,0.0168422,0.017902,0.0165707,0.0198728,0.0188896,0.015973,0.0168772,0.0142621,0.0139915,0.0129476,0.0136778,0.0151027,0.014157,0.0115759,0.0135144,0.014395,0.0121573
Pygmy Nuthatch,0.0113697,0.0100178,0.0110026,0.0115286,0.0106797,0.0117754,0.0123006,0.0134414,0.013042,0.0143692,0.0149023,0.0151507,0.0137163,0.0149041,0.0144911,0.0145386,0.0139331,0.0141557,0.0167772,0.0163566,0.0166711,0.0176631,0.0177505,0.0168253,0.0153441,0.0147129,0.0133167,0.0140654,0.0135493,0.015695,0.0136723,0.0149174,0.0148838,0.0151769,0.0162101,0.0141307,0.0130484,0.0146511,0.0122542,0.0105409,0.0101869,0.0106946,0.0113722,0.0111893,0.007936,0.0117858,0.0133365,0.0101397
Red-breasted Nuthatch,0.1467155,0.1496601,0.159153,0.1517262,0.1501922,0.184741,0.1999621,0.1710432,0.1747214,0.1744378,0.1820196,0.1857676,0.1897852,0.190877,0.1937022,0.1934422,0.1884308,0.1888181,0.1766585,0.1836434,0.1879854,0.1971957,0.2061388,0.2170356,0.2296713,0.2324186,0.2396737,0.2518967,0.2572113,0.2640439,0.2648852,0.2677289,0.2806027,0.263867,0.2594847,0.2462743,0.232371,0.2212932,0.1996398,0.1852764,0.1663032,0.1735056,0.171034,0.1719719,0.1672236,0.1765982,0.1931148,0.1677531
Brown Creeper,0.0680817,0.0701872,0.0791214,0.0754347,0.0750633,0.0711422,0.0639522,0.0877849,0.0949042,0.0917417,0.0963669,0.091255,0.0862281,0.0794534,0.0816668,0.0838002,0.0863465,0.0824913,0.0773568,0.080348,0.081365,0.0868744,0.0905629,0.0958721,0.1052679,0.107836,0.1097647,0.1120645,0.1116628,0.1058766,0.1027111,0.1038336,0.1117434,0.1084583,0.1068874,0.1055103,0.1002375,0.0969662,0.0910353,0.0823497,0.0755873,0.0779298,0.0778002,0.0798417,0.0773316,0.0817148,0.0932762,0.0828591
Blue-gray Gnatcatcher,6.06e-05,0.0,0.0,0.0,0.0,0.0,0.0015,0.0,0.0,0.0,0.0,0.0,0.0,0.0,0.0,0.0,4.88e-05,6.07e-05,0.0001047,0.0002413,0.00016,0.0002337,0.0001665,0.0002317,0.0001115,0.0001506,2.61e-05,9.56e-05,9.98e-05,0.0,2.59e-05,0.0015,4.61e-05,0.0004904,0.0001732,0.0002505,5e-05,0.0005177,0.0006201,0.0012624,0.0006626,0.0017168,0.0008123,0.0003737,0.0002685,0.0001571,0.0002646,6.9e-05
Rock Wren,0.001196,0.0011294,0.0007079,0.0008724,0.000961,0.0006169,0.0010014,0.0016167,0.002045,0.0024588,0.0044321,0.0059114,0.0044464,0.004912,0.004919,0.0061488,0.0088119,0.012335,0.0161138,0.0188202,0.0203146,0.0182668,0.0143794,0.0127259,0.0084303,0.0078837,0.0069841,0.0050643,0.0041671,0.0040662,0.0035283,0.00663,0.006336,0.0070464,0.0052219,0.003757,0.0031996,0.0030027,0.0042816,0.0041659,0.0033128,0.0025892,0.0022564,0.0018466,0.0021183,0.0013514,0.0014554,0.0013795
Canyon Wren,0.0026191,0.002677,0.0029529,0.0026952,0.0036909,0.0024857,0.0028958,0.0036952,0.0051333,0.0055943,0.0077663,0.0087759,0.007543,0.0064864,0.0055457,0.0051824,0.005544,0.0062206,0.0067737,0.0063877,0.0067715,0.0061149,0.0041411,0.0042241,0.0034123,0.0032388,0.0038829,0.0029048,0.0033686,0.0030561,0.0026981,0.0042239,0.0043545,0.0040007,0.003836,0.0023586,0.0031496,0.0040122,0.004754,0.0037661,0.0036717,0.0045874,0.0041217,0.003869,0.0029238,0.0028914,0.0023815,0.0022763
Northern House Wren,0.0,6.27e-05,2.02e-05,1.56e-05,0.0,0.0,0.0,0.0,0.0,2.26e-05,0.0,1.4e-05,0.0003176,0.0018683,0.0118322,0.0397921,0.0704624,0.0924139,0.1007507,0.111169,0.1084333,0.1059396,0.0993445,0.0933946,0.0782595,0.0661578,0.0512861,0.0377434,0.0323386,0.0282821,0.02488,0.0259673,0.0225791,0.0168805,0.0115327,0.0049885,0.0006249,0.0002847,2.95e-05,6.31e-05,5.52e-05,2.81e-05,9.03e-05,4.4e-05,0.0,0.0,0.0,1.72e-05
Pacific Wren,0.1134392,0.1063265,0.1110774,0.1079174,0.1132611,0.1040733,0.0869024,0.1181321,0.1305037,0.1274278,0.1338768,0.1276363,0.120767,0.1072463,0.1001842,0.0911256,0.075665,0.065817,0.060824,0.0613626,0.0600551,0.0680234,0.0742066,0.0834848,0.0795308,0.0749203,0.067756,0.0560896,0.0449646,0.0380721,0.0395123,0.0380153,0.0454116,0.0518029,0.068206,0.0888332,0.1159355,0.1347329,0.1486447,0.1575459,0.1552881,0.1632331,0.1538253,0.1501209,0.1507847,0.1451694,0.1650393,0.1369891
Winter Wren,6.06e-05,0.0006902,0.0004652,1.56e-05,0.0,0.0,0.0,0.0,0.0,0.0,0.0,0.0,0.0,0.0,0.0,0.0,0.0,0.0,0.0,0.0,0.0,0.0,0.0,0.0,0.0,0.0,0.0,0.0,0.0,0.0,0.0,0.0,0.0,0.0,0.0,2.09e-05,0.0,0.0,0.0,0.0,5.52e-05,0.0004784,9.03e-05,0.0002638,5.97e-05,6.29e-05,0.0001058,5.17e-05
Marsh Wren,0.0446762,0.0458852,0.0501385,0.0483891,0.0457543,0.0441078,0.0373753,0.0634195,0.0690914,0.0759514,0.0885397,0.0978685,0.0954782,0.1035518,0.108066,0.11411,0.1077909,0.1015172,0.097905,0.0951679,0.0856838,0.0813632,0.0792842,0.0771041,0.0721263,0.0734138,0.0611628,0.0499742,0.0424194,0.0412577,0.0434816,0.0454294,0.0458263,0.0481377,0.0532828,0.0605093,0.0647169,0.0656192,0.0722258,0.0714932,0.0643514,0.0665597,0.0655555,0.0622774,0.0555522,0.0537746,0.0506734,0.0521297
Bewick's Wren,0.1458677,0.1552233,0.1608923,0.1643921,0.1784747,0.1762315,0.1604217,0.1971639,0.2012854,0.2023415,0.2130848,0.2153248,0.2137242,0.2076913,0.2086491,0.2099277,0.2057781,0.1959794,0.1787535,0.1712998,0.1630321,0.1507108,0.1554261,0.1598759,0.1694768,0.174044,0.1717093,0.1745944,0.1716988,0.1657818,0.1717214,0.1800959,0.1953552,0.1840332,0.1872943,0.1995199,0.2013248,0.1901015,0.184108,0.1741884,0.1633493,0.164584,0.1621589,0.1607826,0.1575273,0.1605695,0.168347,0.1634592
American Dipper,0.0103553,0.0100596,0.0107194,0.0101577,0.0091509,0.0076204,0.0081733,0.0088224,0.0084095,0.0080079,0.0074613,0.0072594,0.0065902,0.0064444,0.0064764,0.0060087,0.0075763,0.0091337,0.0103177,0.0097149,0.0083533,0.0092892,0.0097388,0.0099633,0.0101253,0.0091642,0.0087562,0.0088482,0.0090328,0.0089353,0.0089506,0.0076815,0.0091929,0.0100147,0.0111614,0.0117512,0.0120485,0.0114413,0.0117522,0.0108355,0.008779,0.0110886,0.0105599,0.0101121,0.0095471,0.0099001,0.014739,0.0104156
European Starling,0.2467261,0.253937,0.2554659,0.2578831,0.2558967,0.2554296,0.2324795,0.2751565,0.2779308,0.2914214,0.3037998,0.3087983,0.3211719,0.3428146,0.343874,0.353143,0.3679196,0.37533,0.3706529,0.3533939,0.3159158,0.2977605,0.2860472,0.268474,0.240198,0.2239574,0.2053267,0.1973551,0.1896646,0.1923804,0.195382,0.2080415,0.2152616,0.2288672,0.2425817,0.2585681,0.2537183,0.2576879,0.2684403,0.2722548,0.2582889,0.2657886,0.2535877,0.2433062,0.2421087,0.2520272,0.25559,0.2595103
Gray Catbird,0.0001514,0.0001673,0.0004045,0.0004206,0.0001092,5.44e-05,5.41e-05,2.31e-05,0.0,0.0,0.0,0.0,0.0,0.0,0.0,1.4e-05,8.13e-05,0.0004552,0.0060056,0.0282939,0.0419799,0.0407205,0.0370201,0.0342388,0.0303091,0.0248312,0.0196753,0.0173333,0.0163939,0.0183626,0.0176158,0.0204245,0.0178559,0.0119247,0.0055931,0.0009393,0.000225,0.0001294,0.0015,0.0002735,8.28e-05,0.0001689,0.0002407,2.2e-05,2.98e-05,0.0003143,0.0001058,0.0003104
Brown Thrasher,0.0,0.0,0.0,1.56e-05,0.0,0.0,0.0,0.0,0.0,0.0,0.0,0.0,0.0,0.0015,0.0,0.0015,0.0,0.0,3.49e-05,1.27e-05,1.78e-05,9.74e-05,0.0015,1.78e-05,0.0,0.0,0.0,0.0,0.0,0.0,0.0015,0.0,0.0,0.0015,0.0,0.0,0.0,0.0015,0.0,0.0,0.0,0.0,3.01e-05,0.0,0.0,0.0,0.0,0.0
Sage Thrasher,0.0,0.0,0.0,0.0,2.18e-05,0.0,0.0015,0.0,4.17e-05,0.0003384,0.0017891,0.003735,0.0046647,0.0063815,0.0080527,0.0056166,0.0050725,0.0065089,0.0056041,0.0057019,0.0074824,0.0074197,0.0059099,0.0045093,0.0030777,0.0020086,0.0019284,0.001376,0.001048,0.0009842,0.0014269,0.0012297,0.0009907,0.0008518,0.000594,0.0002296,0.000125,0.0001035,5.91e-05,2.1e-05,0.0,0.0,0.0,0.0,0.0,0.0,0.0,0.0
Long-tailed Mockingbird,0.0,0.0,0.0,0.0,0.0,0.0,0.0,0.0,0.0,0.0,0.0,0.0,0.0,0.0,0.0,0.0,0.0,0.0,0.0,0.0,0.0,0.0,0.0,0.0002674,0.0,0.0,0.0,0.0,0.0,0.0,0.0,0.0,0.0,0.0,0.0,0.0,0.0,0.0,0.0,0.0,0.0,0.0,0.0,0.0,0.0,0.0,0.0,0.0
Northern Mockingbird,0.0001968,0.0002928,0.0005865,0.0007634,0.001769,0.0004173,0.00023,0.000739,0.0006469,0.0002932,0.0002643,0.0001966,9.92e-05,0.0001469,0.000114,8.4e-05,9.75e-05,0.0001669,0.0002444,0.0003937,0.0002844,0.0003116,0.0002705,0.0002495,0.0004461,0.0002009,0.0001042,0.0001147,0.0004491,5.18e-05,0.0001297,3.56e-05,0.0002304,7.74e-05,4.95e-05,0.0002296,5e-05,0.0002071,0.0001772,0.0001473,0.0005521,0.0003096,0.0001203,0.0001539,5.97e-05,0.0003143,0.0004234,0.0002759
Eastern Bluebird,0.0,0.0,0.0,0.0,0.0,0.0,0.0,0.0,0.0,0.0,0.0,0.0,0.0,0.0,0.0,0.0,0.0,0.0,0.0,0.0,0.0,0.0,0.0,0.0,0.0,0.0,0.0,0.0,0.0,0.0,0.0,0.0,0.0,0.0,0.0,0.0,0.0,0.0,0.0,0.0,0.0,0.0,0.0,0.0,0.0017602,0.00044,2.65e-05,0.0
Western Bluebird,0.0011203,0.0014431,0.0013955,0.00148,0.0018564,0.0024131,0.002747,0.0068824,0.0147531,0.0191288,0.0212048,0.0245724,0.0237008,0.0239305,0.0235124,0.022004,0.0235579,0.029161,0.0292249,0.0327386,0.0315294,0.0331256,0.0274685,0.0251488,0.0211651,0.0176505,0.0162614,0.0135494,0.0120271,0.011059,0.0096511,0.0105152,0.0104371,0.0113053,0.0167545,0.013421,0.0146482,0.0145993,0.0103939,0.0057228,0.0024294,0.0016323,0.0013538,0.001275,0.0018498,0.00154,0.0016141,0.0014485
Mountain Bluebird,0.0004693,0.0002301,0.000445,0.0003272,0.0002621,0.0004536,0.0007037,0.0016167,0.0046325,0.0080305,0.0134385,0.0171024,0.0160586,0.0191234,0.0160105,0.0108409,0.0105352,0.0136246,0.0144902,0.0171566,0.0173998,0.0176631,0.0183124,0.0161302,0.0129578,0.0110221,0.0118834,0.0093642,0.0079848,0.0062417,0.0056038,0.0060775,0.0058291,0.0057043,0.0077957,0.0074723,0.0059993,0.0053324,0.0030414,0.0011993,0.0007178,0.0010413,0.0004814,0.0004177,0.0018199,0.00044,0.0002117,0.0005001
Townsend's Solitaire,0.0054048,0.0056886,0.0064923,0.0056864,0.0046737,0.0043364,0.0043302,0.0054043,0.0046951,0.0043536,0.0045337,0.0049566,0.0078606,0.0143583,0.0184415,0.0145806,0.0132666,0.0126536,0.0124651,0.0125087,0.0108949,0.0130867,0.014525,0.0139736,0.0129801,0.0107208,0.0105282,0.0089629,0.007386,0.0061122,0.0050331,0.0064339,0.0105753,0.0137831,0.0127206,0.0099979,0.0084489,0.0066525,0.0048426,0.0037872,0.0029539,0.0055162,0.0049941,0.0045505,0.0044454,0.0049972,0.0064301,0.0065356
Varied Thrush,0.1009644,0.0966433,0.093623,0.081604,0.085328,0.1185158,0.1262128,0.113998,0.1120571,0.1181792,0.1140342,0.0888399,0.074477,0.0607918,0.0514501,0.0342736,0.020664,0.0150205,0.0153108,0.0164963,0.016991,0.0221616,0.0263864,0.0357894,0.0330746,0.029953,0.0261382,0.0196839,0.0118026,0.0077439,0.0068491,0.0070755,0.0079488,0.0122087,0.0275447,0.0536422,0.0712161,0.077397,0.0735841,0.0743756,0.0693482,0.0784363,0.073498,0.0785887,0.0932932,0.0936891,0.12114,0.1198138
Veery,0.0,0.0,0.0,0.0,0.0,0.0,0.0,0.0,0.0,0.0,0.0,0.0,0.0,0.0,0.0,0.0,0.0,0.0002276,0.0032472,0.0160264,0.0246868,0.0272249,0.0233066,0.0194097,0.0160578,0.011223,0.006098,0.0020831,0.0009732,0.0008288,0.0010118,0.0007129,0.0002304,0.0,0.0,0.0015,0.0,0.0,0.0,0.0,0.0,0.0,0.0,0.0,0.0,0.0,0.0,0.0
Swainson's Thrush,0.0,0.0,0.0,0.0,0.0,0.0,0.0,0.0,0.0,0.0,0.0,0.0,0.0015,0.0,0.0,0.0002521,0.0092183,0.0576847,0.1296264,0.2040764,0.2387097,0.2761636,0.2837166,0.277956,0.2815023,0.2673931,0.2131447,0.1244291,0.0675966,0.0476807,0.0418212,0.0506158,0.0563095,0.0426658,0.0317519,0.0158005,0.0036745,0.0005695,0.0001772,6.31e-05,2.76e-05,2.81e-05,0.0,0.0,0.0,0.0,0.0,0.0
Hermit Thrush,0.0155178,0.0127157,0.0119532,0.0113417,0.0105268,0.0103057,0.0071855,0.0102312,0.0079922,0.0089328,0.0092911,0.0103625,0.0109175,0.0167723,0.0292671,0.0370189,0.0224036,0.0136095,0.0154853,0.018325,0.0199947,0.0258617,0.0310269,0.0384807,0.0415273,0.0404479,0.0372397,0.0230474,0.008933,0.0060604,0.0052925,0.0052398,0.0104831,0.0169579,0.0266043,0.0321436,0.0299213,0.0310882,0.024095,0.0209346,0.0169506,0.0176179,0.0172388,0.0163772,0.0173041,0.0175687,0.0219364,0.0190895
Song Thrush,0.0,0.0015,0.0,0.0,0.0,0.0,0.0,0.0,0.0,0.0,0.0,0.0,0.0,0.0,0.0,0.0,0.0,0.0,0.0,0.0,0.0,0.0,0.0,0.0,0.0,0.0,0.0,0.0,0.0,0.0,0.0,0.0,0.0,0.0,0.0,0.0,0.0,0.0,0.0,0.0,0.0,0.0,0.0,0.0,0.0,0.0,0.0,0.0
Redwing,0.0001211,6.27e-05,0.0001214,0.0,0.0015,3.63e-05,0.0015,0.0015,2.09e-05,0.0,0.0,0.0,0.0,0.0,0.0,0.0,0.0,0.0,0.0,0.0,0.0,0.0,0.0,0.0,0.0,0.0,0.0,0.0,0.0,0.0,0.0,0.0,0.0,0.0,0.0,0.0,0.0,0.0,0.0,0.0,0.0,0.0,0.0,0.0,0.0,0.0,0.0015,0.0002414
Dusky Thrush,0.0,0.0,0.0,0.0,0.0,0.0,0.0,0.0,0.0,0.0,0.0,0.0,0.0,0.0,0.0,0.0,0.0,0.0,0.0,0.0,0.0,0.0,0.0,0.0015,0.0,0.0,0.0,0.0,0.0,0.0,0.0,0.0,0.0,0.0,0.0,0.0,0.0,0.0,0.0,0.0,0.0,0.0,0.0,0.0,0.0,0.0,0.0,0.0
American Robin,0.3110987,0.3124124,0.3241915,0.3354833,0.3691579,0.3769754,0.3811554,0.4827594,0.5322816,0.5644808,0.5954012,0.6038642,0.6168963,0.6073513,0.619281,0.6393075,0.6434122,0.6422242,0.6405203,0.6513683,0.6388696,0.6413048,0.6439913,0.6257263,0.6033275,0.5589897,0.5190368,0.4553099,0.3757611,0.3106887,0.2656635,0.2493361,0.264613,0.2853419,0.3264286,0.3914214,0.4291214,0.426434,0.4077836,0.3568348,0.3196312,0.314646,0.3065676,0.2925698,0.2999284,0.3091961,0.3323543,0.3215554
Red-flanked Bluetail,0.0,0.0,0.0,0.0,0.0,0.0,0.0,0.0,0.0,0.0,0.0008945,0.0031312,1.98e-05,0.0,0.0,0.0,0.0,0.0,0.0,0.0,0.0,0.0,0.0,0.0,0.0,0.0,0.0,0.0,0.0,0.0,0.0,0.0,0.0,0.0,0.0,0.0,0.0,0.0,0.0,0.0,0.0,0.0,0.0,0.0,0.0,0.0,0.0015,0.0
Northern Wheatear,0.0,0.0,0.0,0.0,0.0,0.0,0.0,0.0,0.0,0.0,0.0,0.0,0.0,0.0,0.0,0.0,0.0,0.0,0.0,0.0,0.0,0.0,0.0,0.0,0.0,0.0,0.0,0.0,0.0,0.0,0.0,7.13e-05,0.0015,0.0,0.0,0.0,0.0,0.0,0.0007087,0.0006733,0.0004417,0.0,0.0,0.0,0.0,0.0,0.0,0.0
Bohemian Waxwing,0.0046326,0.0057722,0.0063507,0.0048296,0.0029484,0.0029393,0.0030718,0.0024712,0.0015859,0.001579,0.0007116,0.0001966,0.0001985,0.0001469,0.000114,7e-05,0.0,0.0,0.0015,0.0,0.0,0.0,0.0,0.0,0.0,2.51e-05,2.61e-05,0.0,0.0,2.59e-05,0.0015,0.0,2.3e-05,2.58e-05,0.0001237,0.0001461,0.000275,0.0004918,0.0007677,0.0006312,0.0010215,0.0019982,0.0022865,0.0024621,0.003073,0.00462,0.0048953,0.0047077
Cedar Waxwing,0.0190302,0.0203493,0.0201444,0.017106,0.0175373,0.0144788,0.0125577,0.0140881,0.0138767,0.0118878,0.0116088,0.012202,0.0111954,0.0098451,0.0103888,0.0128999,0.0215257,0.0516614,0.1275489,0.2293987,0.2651915,0.2687634,0.2691916,0.2672441,0.2679201,0.2642798,0.2610429,0.2484377,0.2395449,0.2315143,0.2252951,0.2098594,0.1786052,0.1442583,0.1314871,0.127489,0.1102862,0.1013926,0.0963798,0.0719771,0.0466554,0.0404424,0.0287915,0.0255661,0.024554,0.024263,0.0226509,0.0214002
Phainopepla,0.0,0.0,0.0,0.0,0.0,0.0,0.0,0.0,0.0,0.0,0.0,0.0,0.0,0.0,0.0,0.0,0.0,0.0,0.0,0.0,0.0,0.0,0.0,0.0,0.0,0.0,0.0,0.0,0.0,0.0,0.0,0.0,0.0,0.0,0.0006929,0.001148,0.00025,0.0003365,0.0,0.0,0.0,0.0,0.0015,0.0,0.0,0.0,0.0,0.0
Village Weaver,0.0,0.0,0.0,0.0,0.0,0.0,0.0,0.0,0.0,0.0,0.0,0.0,0.0,0.0,0.0,0.0,0.0,0.0,0.0,0.0,0.0,0.0,0.0,0.0,0.0,0.0,0.0,0.0,0.0015,0.0,0.0,0.0,0.0,0.0,0.0,0.0,0.0,0.0,0.0,0.0,0.0,0.0,0.0,0.0,0.0,0.0,0.0,0.0
Northern Red Bishop,0.0,0.0,0.0,0.0,0.0,0.0,0.0,0.0,0.0,0.0,0.0,0.0,0.0,0.0,0.0,0.0,0.0,0.0,0.0,0.0,0.0,0.0,2.08e-05,0.0,0.0,2.51e-05,0.0,0.0,0.0,0.0,0.0,0.0,0.0,0.0,0.0,0.0,0.0,0.0,0.0,0.0,0.0,0.0,0.0,0.0,0.0,0.0,0.0,0.0
Zebra Finch,0.0,0.0,0.0,0.0,0.0,0.0,0.0,0.0,0.0,0.0,0.0,0.0,0.0,0.0,0.0,0.0,0.0,0.0,0.0,0.0,0.0,0.0,0.0,0.0,0.0,0.0,0.0,0.0,0.0,0.0,2.59e-05,0.0,0.0,0.0,0.0,0.0,0.0,0.0,0.0,0.0,0.0,0.0,0.0,0.0,0.0,0.0,0.0,0.0
Black-and-white Mannikin,0.0,0.0,0.0,0.0,0.0,0.0,0.0,0.0,0.0,0.0,0.0,0.0,0.0,0.0,0.0,0.0,0.0,0.0,0.0,0.0,0.0,0.0,0.0,0.0,0.0,0.0,0.0,0.0,0.0,0.0,0.0,0.0001782,2.3e-05,5.16e-05,4.95e-05,2.09e-05,5e-05,2.59e-05,0.0,0.0,0.0,0.0,0.0,0.0,0.0,0.0,0.0,0.0
Pin-tailed Whydah,0.0,0.0,0.0,0.0,0.0,0.0,0.0,0.0,0.0,0.0,0.0,0.0,0.0,0.0,0.0,0.0,0.0,0.0,0.0,0.0,0.0,0.0,0.0,0.0,0.0,0.0,0.0,0.0,0.0,2.59e-05,0.0,0.0,0.0,0.0,0.0,0.0,0.0,0.0,0.0,0.0,0.0,0.0,0.0,0.0,0.0,0.0,0.0,0.0
Siberian Accentor,0.0,0.0015,0.0,0.0,0.0009828,0.0033748,0.0009472,0.0009238,0.0006052,0.0004286,0.0002643,5.62e-05,0.0,0.0,0.0,0.0,0.0,0.0,0.0,0.0,0.0,0.0,0.0,0.0,0.0,0.0,0.0,0.0,0.0,0.0,0.0,0.0,0.0,0.0,0.0,0.0,0.0,0.0,0.0,0.0015,0.0,0.0,0.0,0.0,0.0,0.0,0.0,0.0
House Sparrow,0.1224168,0.1168044,0.1200574,0.1173428,0.1170831,0.1310533,0.1380127,0.136539,0.133446,0.139857,0.140159,0.1388975,0.1449641,0.1468995,0.1490323,0.153412,0.1540125,0.1532544,0.1568959,0.1513747,0.1454368,0.1407205,0.1451878,0.1482373,0.1530844,0.1614904,0.1575066,0.1517763,0.1372642,0.1312579,0.1160462,0.1053663,0.0946248,0.0916036,0.0947856,0.099353,0.1024372,0.1064661,0.1139196,0.1132151,0.1106203,0.1151075,0.1133006,0.1111453,0.111552,0.123075,0.1246858,0.1280221
Eurasian Tree Sparrow,0.0,0.0,0.0,0.0,0.0,0.0,0.0,0.0,0.0,0.0,0.0,0.0,0.0,0.0,0.0,0.0,0.0,0.0,0.0,0.0,0.0,0.0,0.0,0.0,0.0,0.0,0.0,0.0,0.0,0.0,0.0,0.0,0.0,0.0,0.0,0.0,0.0,0.0,0.0,0.0001894,0.0001656,0.0004222,0.0002407,0.0,0.0,0.0,0.0,0.0
Gray Wagtail,0.0,0.0,0.0,0.0,0.0,0.0,0.0,0.0,0.0,0.0,0.0,0.0,0.0,0.0,0.0,0.0,0.0,0.0,0.0,0.0,0.0,0.0,0.0,0.0,0.0,0.0,0.0,0.0,0.0,0.0,0.0,0.0,0.0,0.0,0.0,2.09e-05,0.0,0.0,0.0,0.0,0.0,0.0,0.0,0.0,0.0,0.0,0.0,0.0
Eastern Yellow Wagtail,0.0,0.0,0.0,0.0,0.0,0.0,0.0,0.0,0.0,0.0,0.0,0.0,0.0,0.0,0.0,0.0,0.0,0.0,0.0,0.0,0.0,0.0,0.0,0.0,0.0,0.0,0.0,0.0015,0.0,0.0,0.0,0.0,0.0,0.0015,0.0,0.0,0.0,0.0,0.0,0.0,0.0,0.0,0.0,0.0,0.0,0.0,0.0,0.0
White Wagtail,0.0,0.0,2.02e-05,0.0014956,0.0,0.0015,0.0,0.0015,0.0,2.26e-05,0.0,0.0,0.0,0.0,0.0,0.0015,0.0015,0.0015,1.75e-05,0.000254,0.0,0.0,0.0,0.0,0.0,0.0,0.0,0.0,0.0,0.0,0.0,0.0,0.0,5.16e-05,0.0,2.09e-05,0.0,0.0,2.95e-05,0.0,2.76e-05,0.0015,0.0,2.2e-05,0.0,0.0,0.0,0.0
Red-throated Pipit,0.0,0.0,0.0,0.0,0.0,0.0,0.0,0.0,0.0,0.0,0.0,0.0,0.0,0.0,0.0,0.0,0.0015,0.0,0.0,0.0,0.0,0.0,0.0,0.0,0.0,0.0,0.0,0.0,0.0,0.0,0.0,0.0,0.0,0.0015,0.0,0.0,0.0,0.0,0.0,0.0,0.0,0.0,0.0,0.0,0.0,0.0,0.0,0.0
Siberian Pipit,0.0,0.0,0.0,0.0,0.0,0.0,0.0,0.0,0.0,0.0,0.0,0.0,0.0,0.0,0.0,0.0,0.0,0.0,0.0,0.0,0.0,0.0,0.0,0.0,0.0,0.0,0.0,0.0,0.0,0.0,0.0,0.0,0.0,0.0,0.0,0.0,0.0,0.0,0.0,0.0,0.0,2.81e-05,0.0,0.0,0.0,0.0,0.0,0.0
American Pipit,0.0043147,0.0030953,0.0038428,0.0029756,0.00273,0.0028667,0.0020298,0.0027483,0.0024415,0.0025716,0.0029276,0.0024713,0.005022,0.015156,0.0272539,0.0271584,0.0206802,0.0125019,0.0060056,0.0027938,0.0015285,0.0014606,0.0020601,0.0030656,0.0045497,0.0073564,0.0097464,0.00967,0.0087584,0.0073554,0.0083539,0.0133134,0.0379467,0.0693287,0.0838221,0.0808808,0.0749656,0.0595103,0.0468612,0.0321488,0.0209811,0.0156197,0.0104997,0.0083315,0.0062355,0.0059715,0.0058744,0.0057769
Brambling,0.000212,0.0003765,0.0006068,0.0001246,0.0004586,0.0001996,0.0002436,0.0006236,0.0004591,0.0003609,0.000244,0.0001825,0.0001985,4.2e-05,1.9e-05,0.0,0.0,0.0,0.0007158,0.0,0.0,0.0,0.0,0.0,0.0,0.0,0.0,0.0,0.0,0.0,0.0,0.0,0.0,0.0,0.0,0.0,0.0,0.0,0.0,0.0002525,0.0016288,8.44e-05,0.0,0.0015,2.98e-05,0.0005343,0.0005028,0.0002069
Evening Grosbeak,0.0057681,0.0054376,0.0059665,0.0053281,0.0054599,0.0077293,0.0085657,0.0068593,0.0078461,0.008617,0.009657,0.0118509,0.0132995,0.0160796,0.0203597,0.0288672,0.0423685,0.0563041,0.064787,0.0585434,0.0367546,0.0333204,0.0312559,0.0281432,0.0307329,0.0261869,0.0239752,0.0184035,0.0191137,0.0166274,0.0190427,0.0215117,0.0238463,0.021449,0.020739,0.0211856,0.0227722,0.0182232,0.0150594,0.0106251,0.0071225,0.0066982,0.0060471,0.0065289,0.006325,0.0050915,0.0059273,0.0063114
Pine Grosbeak,0.0016653,0.0013176,0.0017192,0.0018851,0.0015506,0.0011794,0.0014073,0.0014319,0.000939,0.0006091,0.0006912,0.0003932,0.0011116,0.0001889,0.0003039,0.0001681,0.0002276,0.0003338,0.0005412,0.0005969,0.0006043,0.0008374,0.0010821,0.0016576,0.0021633,0.0019584,0.0027102,0.0025799,0.0017467,0.0016576,0.0016863,0.0011941,0.0013133,0.0011873,0.0013364,0.0015654,0.0011999,0.0011907,0.0013583,0.0016832,0.0016288,0.0024485,0.0022263,0.0016487,0.0014022,0.0016972,0.0028049,0.0021555
Gray-crowned Rosy-Finch,0.0008629,0.0010039,0.0014764,0.001371,0.0012012,0.0009616,0.0011638,0.0008314,0.0005843,0.0003384,0.0004269,0.000351,0.0002779,0.000105,0.0001329,5.6e-05,9.75e-05,0.0001214,0.0001222,0.0002667,0.0003377,0.0002142,0.0004786,0.0012298,0.0015166,0.0031384,0.0034139,0.0039368,0.0030193,0.0024345,0.0025684,0.0015862,0.001175,0.0010324,0.0010147,0.0014611,0.0023497,0.0025109,0.0024508,0.002104,0.0014632,0.0034335,0.0026475,0.0011211,0.0008652,0.0009743,0.0007938,0.0011209
House Finch,0.2359772,0.2399665,0.2357462,0.2323487,0.2378789,0.2565,0.2626558,0.2621308,0.2667668,0.2721346,0.2916014,0.2994749,0.3090635,0.3110962,0.3163353,0.3106056,0.3043507,0.3034441,0.2927723,0.2873833,0.2753755,0.2680818,0.2683592,0.2709871,0.2816584,0.2875794,0.2862429,0.2881686,0.2754766,0.2764238,0.2667272,0.2685487,0.2606041,0.2606664,0.2666865,0.286412,0.2893888,0.2986125,0.2886376,0.2928949,0.2739972,0.2829562,0.2835224,0.273049,0.2692583,0.2860016,0.2797491,0.2689602
Purple Finch,0.0303393,0.0318728,0.0292458,0.0279491,0.0282607,0.0333122,0.0337352,0.0342271,0.0397104,0.0480928,0.0689816,0.0909461,0.1116162,0.1319325,0.1521471,0.168917,0.1574429,0.1464269,0.1440468,0.1334053,0.1230427,0.1329114,0.1416918,0.1420882,0.1353316,0.1182053,0.0971256,0.0711105,0.0560186,0.0484577,0.0435335,0.0444848,0.046771,0.0498155,0.0570446,0.0561052,0.0488939,0.04196,0.0355519,0.0326958,0.0297877,0.031549,0.0333343,0.0347109,0.0358017,0.0383116,0.0409092,0.0407484
Cassin's Finch,0.0027554,0.0023842,0.0022046,0.0018539,0.0019656,0.0027942,0.0028823,0.0028869,0.0032136,0.0036994,0.0056112,0.0079755,0.010183,0.012658,0.017321,0.0194829,0.022176,0.0261872,0.0336592,0.0372341,0.0380165,0.0379163,0.0392051,0.034114,0.0287702,0.0232745,0.0228286,0.0180977,0.0159697,0.0129497,0.011052,0.0094459,0.0091699,0.0081821,0.0094786,0.0072636,0.0062992,0.0040381,0.003189,0.0023775,0.0014632,0.0018012,0.0019254,0.001319,0.0012829,0.0014457,0.0027255,0.0025349
Redpoll,0.0055561,0.0066925,0.0063912,0.0046582,0.0043024,0.0031389,0.003789,0.0032102,0.0025875,0.0024588,0.0015248,0.0007863,0.0002779,0.0002519,5.7e-05,1.4e-05,1.63e-05,0.0,0.0,1.27e-05,0.0,0.0,0.0,0.0,0.0,0.0,0.0,0.0,0.0,0.0,0.0,0.0,0.0,0.0,0.0,0.0,0.0,0.0,0.0,0.0008416,0.0014632,0.0022515,0.0023166,0.0023302,0.004147,0.0046829,0.0038369,0.0052595
Red Crossbill,0.0181824,0.0181533,0.02065,0.0206269,0.0172534,0.0175633,0.016482,0.0188919,0.0218271,0.0221064,0.0209202,0.0234491,0.0238001,0.02265,0.027102,0.0276066,0.028354,0.0316037,0.0334148,0.0413741,0.0410735,0.0446933,0.0445531,0.0460022,0.0500245,0.0542569,0.0558987,0.0558412,0.0585637,0.0537153,0.0536516,0.0473008,0.0434763,0.038123,0.034796,0.0323106,0.0293213,0.0272313,0.0279927,0.0279829,0.0234658,0.023894,0.019074,0.0207518,0.0199296,0.0190458,0.0213278,0.0193827
White-winged Crossbill,0.0006056,0.000983,0.0007686,0.0008724,0.0004586,0.0004717,0.0004736,0.0004619,0.0003756,0.000203,0.0001017,0.0002106,9.92e-05,6.3e-05,1.9e-05,0.0001121,3.25e-05,9.1e-05,0.0001222,0.0001397,0.0002488,0.0003505,0.0001457,0.0002317,0.000223,0.0002009,0.000417,0.0006115,0.0006238,0.0005698,0.0008561,0.0006951,0.0007834,0.0004904,0.0004455,0.0004801,0.0005249,0.0005954,0.0003839,0.0004629,0.0009938,0.0010413,0.0007521,0.0007254,0.0018796,0.0006286,0.0005557,0.0006725
European Goldfinch,0.0,0.0,0.0,0.0,0.0,0.0,0.0,2.31e-05,0.0,0.0,0.0,0.0,0.0,4.2e-05,0.0,0.0,3.25e-05,0.0,1.75e-05,0.0,0.0,0.0,0.0,0.0,0.0,0.0,0.0,0.0,0.0,0.0,0.0,0.0,2.3e-05,0.0,0.0,0.0,0.0,0.0,0.0,0.0,0.0,0.0,0.0,0.0,0.0,0.0,0.0,0.0
Pine Siskin,0.1139388,0.1090035,0.0922274,0.0870412,0.0928628,0.1098249,0.1039798,0.1076006,0.1225951,0.1336762,0.1435949,0.1583588,0.1835126,0.198434,0.2027235,0.1925878,0.1874878,0.1709756,0.1563722,0.1405423,0.1213721,0.1144304,0.1148476,0.1186504,0.1225077,0.1177534,0.1192245,0.1134405,0.1079699,0.0999197,0.0869114,0.0775098,0.0694192,0.0620241,0.064469,0.0687122,0.0737658,0.0771381,0.090238,0.09996,0.1019242,0.1096758,0.1229881,0.1354364,0.1348529,0.142718,0.145405,0.1384204
Lesser Goldfinch,0.0109003,0.0110007,0.0114678,0.0123855,0.01199,0.013499,0.0132613,0.0157278,0.0175494,0.0171212,0.0185415,0.0192086,0.0196514,0.0196902,0.0205306,0.0220461,0.0214281,0.0212259,0.0203736,0.0211315,0.0204212,0.0175268,0.0167308,0.0172887,0.0173514,0.0176002,0.0185026,0.0178875,0.0203863,0.019554,0.0183163,0.0227771,0.024284,0.0230493,0.0214814,0.0196619,0.0168229,0.0150393,0.0155613,0.0156957,0.0133893,0.0155353,0.0150727,0.0131897,0.0122919,0.0163115,0.013363,0.0124332
Lawrence's Goldfinch,0.0,0.0,0.0,0.0,0.0,0.0,0.0,0.0,0.0,0.0,0.0,0.0,0.0,0.0,0.0,0.0,0.0015,0.0,3.49e-05,0.0,0.0,0.0,0.0,0.0,0.0,0.0,0.0,0.0,0.0,0.0,0.0,0.0,0.0,0.0,0.0,0.0,0.0,0.0,0.0,0.0,0.0,0.0,0.0,0.0,0.0,0.0,0.0,0.0
American Goldfinch,0.0865063,0.0807069,0.0786158,0.0746557,0.0740587,0.0787626,0.081882,0.0785468,0.0802763,0.0827412,0.0922602,0.1062653,0.1275358,0.1476762,0.1804266,0.2548042,0.3217305,0.3168867,0.3064595,0.3074735,0.3005243,0.3006426,0.3025492,0.2967062,0.3108301,0.3149464,0.3099836,0.2851492,0.2670925,0.2544612,0.2410948,0.2409417,0.2307675,0.2000878,0.1864281,0.181841,0.1733033,0.1635691,0.1472568,0.129563,0.1080805,0.1068614,0.1058094,0.1018685,0.1005728,0.1034634,0.0987537,0.0972581
Lapland Longspur,0.0003482,0.0003346,0.0007281,0.0003427,0.0004586,0.0003992,0.0006631,0.0004388,0.0004591,0.000406,0.0004473,0.0002949,0.0003176,0.0002519,0.0007977,0.0004062,0.0003739,0.0001669,3.49e-05,2.54e-05,1.78e-05,1.95e-05,0.0,1.78e-05,0.0,2.51e-05,0.0,0.0,2.5e-05,2.59e-05,2.59e-05,0.0002673,0.0009446,0.002323,0.0052466,0.005406,0.007774,0.0089822,0.0052855,0.0033453,0.0030367,0.0018012,0.0005114,0.0008134,0.0007459,0.0005029,0.0005028,0.0006036
Chestnut-collared Longspur,0.0,0.0,0.0,0.0,0.0,0.0,0.0,0.0,0.0,0.0,0.0,0.0,0.0,0.0,0.0,0.0,0.0,0.0,0.0,0.0015,0.0,0.0,0.0,0.0,2.23e-05,0.0,2.61e-05,3.82e-05,0.0,0.0,0.0,0.0,0.0,0.0,0.0,0.0,5e-05,0.0005436,2.95e-05,0.0003156,0.0,0.0,0.0,2.2e-05,2.98e-05,3.14e-05,0.0,0.0
Smith's Longspur,0.0,0.0,0.0,0.0,0.0,0.0,0.0,0.0,0.0,0.0,0.0,0.0,0.0,0.0,0.0,0.0,0.0,1.52e-05,0.0,0.0,0.0,0.0,0.0,0.0,0.0,0.0,0.0,0.0,0.0,0.0,0.0,0.0004634,0.0001382,0.0,0.0,0.0,0.0,0.0,0.0,0.0,0.0,0.0,0.0,0.0,0.0,0.0,0.0,0.0
Thick-billed Longspur,0.0,0.0,0.0,0.0,0.0,0.0,0.0,0.0,0.0,0.0,0.0,0.0,0.0,0.0,0.0,0.0,0.0,0.0,0.0,0.0,0.0,0.0015,0.0,0.0,0.0,0.0,0.0,0.0,0.0,0.0,0.0,0.0,0.0,0.0,0.0,0.0,0.0,0.0,0.0,0.0,0.0,0.0,0.0,0.0,0.0,0.0,0.0,0.0
Snow Bunting,0.0015896,0.0028443,0.0038024,0.0044868,0.0024897,0.00176,0.0030041,0.0022171,0.0020867,0.0013986,0.0008945,0.0002247,0.0001985,8.4e-05,3.8e-05,0.0015,9.75e-05,0.0,0.0015,0.0,0.0,0.0,0.0,0.0,0.0,0.0,0.0,0.0,0.0,0.0,0.0,0.0,0.0,0.0,2.47e-05,0.0,0.0015,0.0003365,0.0004134,0.0079741,0.006598,0.0041934,0.0026475,0.0018466,0.0015216,0.0019172,0.0015083,0.0019314
McKay's Bunting,0.0015,0.0015,2.02e-05,7.79e-05,2.18e-05,0.000254,0.0015,0.0015,0.0015,0.0015,0.0,0.0,0.0,0.0,0.0,0.0,0.0,0.0,0.0,0.0,0.0,0.0,0.0,0.0,0.0,0.0,0.0,0.0,0.0,0.0,0.0,0.0,0.0,0.0,0.0,0.0,0.0,0.0,0.0,0.0,0.0,0.0,0.0,0.0,0.0,0.0,2.65e-05,1.72e-05
Little Bunting,0.0,0.0,0.0,0.0,0.0,0.0,0.0,0.0,0.0,0.0,0.0,0.0,0.0,0.0,0.0,0.0,0.0,0.0,0.0,0.0,0.0,0.0,0.0,0.0,0.0,0.0,0.0,0.0,0.0,0.0,0.0,0.0,0.0,0.0,0.0,0.0,0.0,5.18e-05,0.0,6.31e-05,0.0,0.0,0.0,0.0,0.0,0.0,0.0,0.0
Rustic Bunting,3.03e-05,2.09e-05,0.0001011,3.12e-05,2.18e-05,0.0015,1.35e-05,0.0015,0.0015,2.26e-05,2.03e-05,0.0,0.0,0.0,0.0,0.0,0.0,0.0,0.0,0.0,0.0,0.0,0.0,0.0,0.0,0.0,0.0,0.0,0.0,0.0,0.0,0.0,0.0,0.0,0.0,0.0,0.0,0.0,0.0,0.0,0.0,0.0015,0.0,0.0,0.0002088,0.0019486,0.0001058,1.72e-05
Cassin's Sparrow,0.0,0.0,0.0,0.0,0.0,0.0,0.0,0.0,0.0,0.0,0.0,0.0,0.0,0.0,0.0,0.0,0.0,0.0,0.0,0.0,0.0,0.0,0.0,0.0,0.0,0.0,0.0,0.0,0.0,0.0,0.0,0.0,0.0,0.0,0.0,0.0,0.000125,0.0,0.0,0.0,0.0,0.0,0.0,0.0,0.0,0.0,0.0,0.0
Grasshopper Sparrow,0.0,0.0,0.0,0.0,0.0,0.0,0.0,0.0,0.0,0.0,0.0,0.0,7.94e-05,0.0004828,0.0030578,0.0024651,0.0042921,0.0075558,0.0066341,0.0067052,0.0086555,0.0065433,0.0041619,0.0039033,0.0031447,0.0023601,0.0023715,0.0009555,0.0007236,0.000777,0.0004151,0.0006951,0.0001382,0.0001549,4.95e-05,8.35e-05,0.0015,5.18e-05,2.95e-05,6.31e-05,0.0,0.0002814,0.0,2.2e-05,0.0,3.14e-05,0.0,0.0
Chipping Sparrow,7.57e-05,6.27e-05,0.0001011,4.67e-05,8.74e-05,3.63e-05,4.06e-05,4.62e-05,0.0001252,9.02e-05,0.0002033,0.0008425,0.0026996,0.0105588,0.0233415,0.0423553,0.0588054,0.0786982,0.0898568,0.0949267,0.0878521,0.0911392,0.086838,0.0819698,0.074022,0.0571945,0.0520679,0.0415464,0.0381026,0.031649,0.0281489,0.0327398,0.0310578,0.0247787,0.0202688,0.0100188,0.0043745,0.0017861,0.0003543,0.0002946,8.28e-05,0.0003096,6.02e-05,8.79e-05,8.95e-05,9.43e-05,2.65e-05,3.45e-05
Clay-colored Sparrow,9.08e-05,0.0015,0.0002427,6.23e-05,2.18e-05,1.81e-05,1.35e-05,2.31e-05,0.0001461,0.0,0.0,0.0015,1.98e-05,0.0,0.0015,0.0,1.63e-05,3.03e-05,0.000227,0.0009905,0.0010664,0.0015969,0.0015815,0.001408,0.0007806,0.0003264,0.0001824,0.0001338,7.49e-05,0.0001554,0.0001816,0.0004456,0.0006682,0.0004388,0.0002475,0.0007097,0.0004,0.0002589,0.0007382,0.0012834,0.0005521,0.0034054,0.0013538,0.0002418,0.0005967,0.0003457,0.0001058,5.17e-05
Field Sparrow,0.0,0.0,0.0,0.0,0.0,0.0,0.0,0.0,0.0,0.0,0.0,0.0,0.0,0.0,0.0,0.0,0.0,0.0,0.0,0.0,0.0,0.0,0.0,0.0,0.0,0.0,0.0,0.0,0.0,0.0,0.0,0.0,0.0,0.0,0.0,0.0,0.0,0.0,0.0,8.42e-05,0.0,0.0,0.0,0.0,0.0,0.0,0.0,0.0
Brewer's Sparrow,0.0,0.0,0.0,0.0,0.0,0.0,0.0,0.0,0.0,6.77e-05,0.000366,0.00205,0.0042479,0.007515,0.0109206,0.0081377,0.0089094,0.0121226,0.0123429,0.0110737,0.0147516,0.0142941,0.0100718,0.0084126,0.0045274,0.0031886,0.0037526,0.0028475,0.0028945,0.0032633,0.0032949,0.0031368,0.0026035,0.0018842,0.0008414,0.0001461,0.0001,0.0,2.95e-05,8.42e-05,0.000138,0.0001689,0.0001504,8.79e-05,2.98e-05,0.0,0.0,0.0
Black-throated Sparrow,0.0,0.0,0.0,0.0,0.0,0.0,0.0,0.0,0.0,0.0,0.0,0.0,0.0,0.0,0.0,0.0015,0.0,0.0001517,0.0003492,0.0007239,0.0006754,0.0013048,0.0006659,0.0005347,0.0003345,0.0001506,5.21e-05,0.0015,0.0,0.0,0.0,0.0015,0.0,0.0,0.0,0.0,0.0,0.0,0.0,0.0,0.0,0.0,0.0,0.0,0.0,0.0,0.0,0.0
Lark Sparrow,0.0015,0.0,0.0,0.0,0.0,1.81e-05,4.06e-05,0.0,0.0,0.0,0.0,0.0,0.0015,2.1e-05,3.8e-05,0.0007563,0.0045197,0.0128509,0.0175105,0.0186679,0.0168133,0.0153846,0.0142129,0.0129576,0.0099023,0.008411,0.0088083,0.0072429,0.004716,0.0042475,0.0031911,0.0036536,0.0022579,0.0012647,0.0004207,0.0002922,0.0001,0.0001553,2.95e-05,0.0001683,0.0,5.63e-05,3.01e-05,0.0015,8.95e-05,0.0,0.0,0.0
Lark Bunting,0.0,0.0,0.0,0.0,0.0,0.0,0.0,0.0,0.0,0.0,0.0,0.0,0.0,0.0,0.0,0.0015,4.88e-05,0.0,0.0,0.0,1.78e-05,0.0,0.0015,0.0015,0.0,0.0,2.61e-05,0.0,0.0,0.0,0.0015,5.35e-05,0.0015,2.58e-05,0.0015,2.09e-05,0.0,0.0,0.0,0.0015,0.0,0.0,0.0,0.0,0.0,0.0,0.0,0.0
American Tree Sparrow,0.0031944,0.002907,0.0038226,0.0032561,0.0024242,0.0022317,0.0020975,0.0020555,0.0024415,0.0019174,0.0015045,0.0010952,0.000794,0.0002309,7.6e-05,5.6e-05,0.0,0.0,0.0,0.0,0.0,0.0,0.0,0.0,0.0,0.0,0.0,0.0,0.0,0.0,0.0,0.0,0.0,0.0,2.47e-05,0.0,0.000225,0.0005177,0.0010335,0.0017042,0.005052,0.0039683,0.0059869,0.0036272,0.0031923,0.0031429,0.0025932,0.0030523
Fox Sparrow,0.1141962,0.1067029,0.1013288,0.0872437,0.0838866,0.0916629,0.0824774,0.0855678,0.0777513,0.0817712,0.081058,0.0759218,0.0623089,0.0491414,0.0371109,0.0185024,0.0079502,0.0041724,0.0043645,0.0041907,0.0048876,0.0054722,0.0069088,0.0087513,0.010616,0.0092897,0.0092774,0.0054083,0.0037179,0.0039367,0.0026203,0.0032972,0.0133171,0.0232816,0.0476403,0.0721561,0.0849144,0.0980534,0.1014882,0.1123735,0.1036082,0.1148542,0.115557,0.1172785,0.1223522,0.1261864,0.1449287,0.1387825
Dark-eyed Junco,0.4223578,0.4257241,0.4183201,0.4041721,0.4138639,0.4929511,0.5293712,0.4917204,0.4887943,0.5045679,0.4986074,0.4716925,0.4423359,0.4107015,0.3815357,0.3521346,0.3321357,0.3281748,0.3257507,0.3260397,0.3143162,0.3263875,0.3463739,0.3480376,0.3501494,0.3347059,0.3115993,0.2780018,0.2430133,0.2204553,0.2165521,0.2122298,0.2282331,0.2500323,0.2880936,0.3388437,0.3850519,0.4297732,0.4305498,0.4451177,0.4388924,0.4586288,0.4668612,0.4672016,0.4612745,0.4872714,0.4968379,0.4742887
White-crowned Sparrow,0.1073835,0.1044024,0.0984568,0.0953917,0.0936927,0.0913726,0.0849538,0.0872999,0.0901674,0.094223,0.117897,0.1822292,0.2518957,0.3237122,0.4069854,0.4281612,0.3524257,0.2764224,0.2418994,0.2276081,0.2230872,0.227556,0.2330871,0.2396,0.2393506,0.2326194,0.2012092,0.1654786,0.137389,0.1217529,0.1157349,0.1399775,0.1922678,0.2348553,0.2659688,0.2442705,0.2113486,0.1833454,0.162641,0.1465632,0.1277641,0.132838,0.1272601,0.1194328,0.1165642,0.1168521,0.1150009,0.1154682
Golden-crowned Sparrow,0.1685313,0.1657011,0.1591934,0.1551069,0.149406,0.148671,0.1390817,0.1476016,0.1425441,0.1451129,0.139915,0.141804,0.1443884,0.155737,0.1688413,0.1691831,0.1291214,0.0633136,0.0196927,0.0037844,0.000551,7.79e-05,4.16e-05,7.13e-05,0.0015,0.0,5.21e-05,0.0001147,0.0001248,7.77e-05,0.0001816,0.0006773,0.0138239,0.0446274,0.1152276,0.1649969,0.1866767,0.208247,0.2029174,0.2025711,0.1869254,0.197878,0.1946509,0.1902836,0.1893609,0.1945125,0.2013178,0.1921711
Harris's Sparrow,0.0033912,0.002677,0.002427,0.0031626,0.0024461,0.0016874,0.0009202,0.0010855,0.001106,0.0008346,0.0008539,0.0014041,0.0006153,0.0005668,0.0005128,0.0006443,0.0003252,0.0001365,3.49e-05,0.0015,1.78e-05,0.0,4.16e-05,0.0015,0.0,0.0,0.0,0.0,0.0,0.0,0.0,0.0,0.0,0.0,2.47e-05,2.09e-05,0.00015,0.0001812,0.0004134,0.0011151,0.0031748,0.0036024,0.0022865,0.0018246,0.0032221,0.0019172,0.0017729,0.0022935
White-throated Sparrow,0.0149123,0.0145143,0.0141779,0.0137097,0.0141085,0.0125011,0.0105279,0.0116862,0.0110388,0.00979,0.0092911,0.0094077,0.009528,0.0091943,0.0093632,0.0067931,0.0043734,0.0025034,0.0010649,0.0002794,5.33e-05,9.74e-05,2.08e-05,3.56e-05,0.0,0.0,7.82e-05,0.0,0.0,0.0,0.0,1.78e-05,0.0005069,0.0032006,0.0070037,0.0124191,0.015873,0.0195175,0.0198429,0.0209135,0.016426,0.0190532,0.0174193,0.0159376,0.015335,0.017443,0.0187346,0.0169684
Sagebrush Sparrow,1.51e-05,0.0,0.0,0.0,0.0001092,0.0004173,0.0008119,0.0020555,0.0027753,0.0033385,0.0036798,0.0045213,0.0044067,0.0045342,0.0046341,0.0029553,0.0029102,0.004491,0.0049232,0.0031113,0.00423,0.0036806,0.0025596,0.0016398,0.0014497,0.0011047,0.0009121,0.001032,0.0004991,0.0006475,0.000908,0.0007664,0.0005069,0.0008001,0.0003465,0.0002087,0.0003,0.0,0.0,0.0,0.0,0.0,0.0,0.0,0.0,3.14e-05,0.0,0.0
Vesper Sparrow,0.0,0.0,0.0,0.0,0.0,0.0,2.71e-05,2.31e-05,6.26e-05,0.0004286,0.0020127,0.0063748,0.0096471,0.0148411,0.0192772,0.015295,0.0179489,0.0220907,0.0223115,0.0220839,0.0287745,0.0276144,0.0228696,0.017663,0.0117757,0.0091642,0.0072186,0.005695,0.0060635,0.0061381,0.0067454,0.0091251,0.0095155,0.0077175,0.0046032,0.0011689,0.0004999,0.0003624,0.0001772,6.31e-05,0.0002209,2.81e-05,0.0,6.59e-05,0.0,0.0,2.65e-05,0.0
LeConte's Sparrow,0.0,0.0,0.0,0.0,0.0,0.0,0.0,0.0,0.0,0.0,0.0,0.0,0.0,0.0,0.0,0.0,0.0,0.0,5.24e-05,0.0015,0.0,7.79e-05,2.08e-05,3.56e-05,0.0,0.0,0.0,0.0,0.0,0.0,0.0,0.0002317,0.0,0.0,0.0,0.0,0.0,2.59e-05,0.0001476,0.0,0.0,0.0,0.0015,0.0,0.0,0.0,0.0,0.0
Nelson's Sparrow,0.0,0.0,0.0,0.0,0.0,0.0,0.0,0.0,0.0,0.0,0.0,0.0,0.0,0.0,0.0,0.0,0.0,0.0,0.0,0.0,0.0,0.0,0.0,0.0,0.0,0.0,0.0,0.0,0.0,0.0,0.0,0.0,0.0,0.0015,0.0,0.0,0.0,0.0,0.0,0.0,0.0,0.0,0.0,0.0,0.0,0.0,0.0,0.0
Savannah Sparrow,0.0049203,0.0052494,0.0049552,0.0046426,0.005591,0.0051891,0.003816,0.004365,0.0044656,0.0054364,0.0142924,0.0416468,0.0808488,0.1240396,0.1647579,0.1868732,0.1724816,0.1559247,0.1315992,0.1230046,0.1222607,0.1164362,0.1104568,0.1000962,0.0923324,0.0822767,0.0719516,0.0662564,0.0641781,0.0627541,0.0669866,0.0915005,0.1272262,0.1528018,0.170614,0.1470048,0.1153106,0.1002537,0.067147,0.0390709,0.0207327,0.0139874,0.0098679,0.0081117,0.0067725,0.0067572,0.0068535,0.0057251
Song Sparrow,0.4427202,0.4489595,0.4547054,0.4487287,0.4534594,0.4546131,0.419072,0.4748609,0.490881,0.4917552,0.5063533,0.5036367,0.5103418,0.489882,0.4852715,0.4918483,0.4958054,0.4823547,0.4737081,0.4810083,0.4717142,0.4624927,0.4664863,0.4692903,0.4712744,0.4493711,0.4057019,0.347335,0.3125312,0.2843231,0.2790245,0.3057264,0.3501832,0.3705444,0.4071572,0.4440618,0.4732408,0.4730017,0.4725979,0.4789497,0.4656434,0.4733761,0.4747134,0.4789844,0.4769974,0.4837513,0.4956736,0.4877393
Lincoln's Sparrow,0.0207712,0.0204538,0.020913,0.0189755,0.0168385,0.0148417,0.0097836,0.0128871,0.0119152,0.0119781,0.0117104,0.0116824,0.0136369,0.0227549,0.03939,0.0458849,0.0270046,0.0090123,0.0039804,0.0024763,0.0027015,0.0032132,0.0031422,0.0048658,0.0047281,0.0035401,0.0042999,0.002771,0.0022956,0.0016835,0.0039175,0.0159333,0.0458263,0.0619725,0.0651372,0.056794,0.0474441,0.0413388,0.0337211,0.0324854,0.0273583,0.0297478,0.0290622,0.0298527,0.0289098,0.0258344,0.0252441,0.0237972
Swamp Sparrow,0.0022103,0.0025933,0.0019619,0.0020409,0.0014196,0.0009616,0.000433,0.0009238,0.0007512,0.0006542,0.0003253,0.0004072,0.0002779,0.0003149,0.0001519,9.8e-05,1.63e-05,0.0,0.0,0.0,0.0,0.0015,0.0,0.0,0.0,0.0,0.0,0.0,0.0,0.0,0.0,0.0,0.0,2.58e-05,0.0015,0.0003548,0.0004999,0.0008542,0.0019489,0.00263,0.0036165,0.0036024,0.0046933,0.0041767,0.0028045,0.0032057,0.0021698,0.0018796
Green-tailed Towhee,0.0015,0.0,2.02e-05,0.0,0.0,1.81e-05,0.0,0.0,0.0,0.0,0.0,0.0,0.0,0.0,0.0,0.0,4.88e-05,0.0002276,0.0003492,0.0007366,0.0010664,0.000779,0.0007908,0.0007129,0.0007137,0.0005273,0.0003388,0.0002484,9.98e-05,0.0,0.0001038,3.56e-05,2.3e-05,2.58e-05,0.0,0.0,0.0001,0.0001035,2.95e-05,2.1e-05,0.0,0.0,0.0015,0.0,2.98e-05,0.0001886,5.29e-05,1.72e-05
Spotted Towhee,0.2966709,0.30183,0.2946423,0.2840874,0.2933738,0.3401796,0.3452144,0.34077,0.3452277,0.3519208,0.3598918,0.3519756,0.347751,0.3435283,0.3549275,0.3591378,0.3611725,0.3629798,0.3688024,0.3752873,0.3733049,0.3666602,0.3690563,0.3618508,0.3693073,0.3545909,0.3311704,0.2937298,0.2564877,0.2237963,0.2053963,0.2048513,0.2300763,0.2483804,0.2844062,0.3136923,0.3272341,0.3277076,0.3175161,0.3260746,0.3136957,0.3289148,0.3326213,0.3377446,0.3370129,0.3409391,0.3607473,0.3468012
Yellow-breasted Chat,0.0,0.0,0.0,0.0,0.0,0.0,0.0,0.0,0.0,0.0,0.0,0.0,0.0,0.0,1.9e-05,0.0,0.0018859,0.0116067,0.0264141,0.0335259,0.0378566,0.0333788,0.0297784,0.0263965,0.0207413,0.0185794,0.0137336,0.0080838,0.0053399,0.0042216,0.0042288,0.0054358,0.0039168,0.0016261,0.000594,6.26e-05,0.0,0.0,2.95e-05,0.0,0.0,0.0,0.0,0.0,0.0,0.0,0.0,0.0
Yellow-headed Blackbird,0.0009538,0.0013385,0.0011528,0.0015423,0.0015069,0.0011431,0.001042,0.0016167,0.0013355,0.0021204,0.0048793,0.0119633,0.0156616,0.0207817,0.0287163,0.0363046,0.0392144,0.0448946,0.0489874,0.048638,0.0407713,0.0415579,0.0338778,0.0259687,0.0189348,0.0153657,0.0135773,0.0120779,0.0118026,0.0119137,0.0104294,0.010034,0.0079027,0.0051364,0.003935,0.0028387,0.0018248,0.0009578,0.0009449,0.0009468,0.0011319,0.0012946,0.0005716,0.0008353,0.0009249,0.0010371,0.0003705,0.000638
Bobolink,0.0,0.0,0.0,0.0,0.0,0.0,0.0,0.0,0.0,0.0,0.0,0.0,0.0,0.0,0.0,0.0,1.63e-05,4.55e-05,0.0008554,0.0028192,0.0030747,0.0045959,0.0038498,0.0024953,0.0014274,0.0009541,0.0003388,5.73e-05,9.98e-05,5.18e-05,0.0001297,8.91e-05,4.61e-05,7.74e-05,0.0001732,0.0001044,0.000225,2.59e-05,0.0001181,4.21e-05,2.76e-05,0.0,0.0,0.0,0.0,0.0,0.0,0.0
Western Meadowlark,0.0209075,0.0207885,0.0246547,0.0246464,0.0248974,0.0256373,0.022436,0.0358207,0.0438838,0.0525592,0.0715433,0.084473,0.0732463,0.0789076,0.0771656,0.0656759,0.0683163,0.0881809,0.0848464,0.0848816,0.0926331,0.077702,0.0621579,0.0458953,0.0310005,0.0257099,0.0200141,0.0140272,0.0118275,0.0120691,0.0115968,0.0148817,0.0178559,0.0225589,0.0270745,0.0275308,0.0291964,0.0307258,0.0314475,0.0337899,0.0284902,0.0309299,0.0277987,0.0240492,0.0228534,0.0230373,0.0194491,0.0207277
Eastern Meadowlark,0.0,0.0,0.0,0.0,0.0,0.0,0.0,0.0,0.0,0.0,0.0,0.0,0.0,0.0,0.0,0.0,0.0,0.0,0.0,0.0,0.0001244,0.0,0.0,0.0,0.0,0.0,0.0,0.0,0.0,0.0,0.0,0.0,0.0,0.0,0.0,0.0,0.0,0.0,0.0,0.0,0.0,0.0,0.0,0.0,0.0,0.0,0.0,0.0
Orchard Oriole,1.51e-05,6.27e-05,4.05e-05,4.67e-05,0.0,1.81e-05,2.71e-05,0.0,0.0,0.0,0.0,0.0,0.0,2.1e-05,0.0,0.0,0.0,0.0,0.0,0.0,0.0,0.0,0.0015,0.0,0.0,0.0,0.0,0.0,0.0,0.0,0.0,0.0,0.0,2.58e-05,2.47e-05,0.0001252,5e-05,0.0004918,0.0002953,0.001578,0.0016564,0.0006192,0.000361,8.79e-05,0.0,0.0,0.0001058,6.9e-05
Hooded Oriole,0.0004693,0.0001882,0.0002629,4.67e-05,2.18e-05,0.0,0.0,0.0,0.0,0.0,0.0,0.0,0.0,0.0,0.0,1.4e-05,0.0,0.0,0.0015,7.62e-05,1.78e-05,0.0015,0.0015,7.13e-05,6.69e-05,2.51e-05,2.61e-05,0.0015,0.0,2.59e-05,0.0,0.0,0.0001613,0.0,0.0,0.0,0.0,0.0,0.0003248,0.0001262,0.0,5.63e-05,6.02e-05,0.0001759,2.98e-05,0.0001257,0.0,5.17e-05
Bullock's Oriole,3.03e-05,2.09e-05,6.07e-05,1.56e-05,0.0,9.07e-05,9.47e-05,2.31e-05,2.09e-05,0.0,0.0,1.4e-05,0.0,2.1e-05,0.0001519,0.0027453,0.0236229,0.0635412,0.0914455,0.1070163,0.1004888,0.0890944,0.0799709,0.0674438,0.0524555,0.043285,0.0346077,0.0231429,0.0182902,0.011836,0.0060449,0.0027981,0.0009677,0.0002839,0.0001485,4.17e-05,0.0,0.0,0.0,0.0001683,0.0011871,0.0005347,0.0003009,0.0001319,5.97e-05,0.00022,0.0001588,8.62e-05
Baltimore Oriole,0.0,0.0,0.0,0.0,0.0,0.0,0.0,0.0,2.09e-05,0.0,0.0,0.0,0.0,0.0,0.0,0.0,1.63e-05,0.0,0.0,0.0,0.0001244,5.84e-05,0.0015,0.0,0.0,0.0,2.61e-05,0.0,0.0,0.0,0.0,0.0,0.0,0.0,0.0,0.0,0.0,0.0,0.0,0.0,0.0,0.0,0.0,0.0,0.0,0.0,0.0,0.0
Scott's Oriole,0.0,0.0,0.0,0.0,0.0,0.0,1.35e-05,0.0,0.0015,0.0015,0.0,0.0,0.0,0.0015,0.0,0.0,0.0,0.0,0.0,0.0,0.0,0.0,0.0,0.0,0.0,0.0,0.0,0.0,0.0,0.0,0.0,0.0,0.0,0.0,0.0,0.0,0.0,0.0,0.0,0.0,0.0,0.0,0.0,0.0,0.0,0.0,0.0,0.0
Red-winged Blackbird,0.1388582,0.1661194,0.1850616,0.2101795,0.2192059,0.2185068,0.2137918,0.26899,0.2904303,0.3076403,0.3247403,0.3421326,0.3405058,0.356669,0.356238,0.3653006,0.3569292,0.3573358,0.3440817,0.3389676,0.3061939,0.2940019,0.276787,0.2433786,0.2187653,0.1956112,0.1653767,0.1300094,0.1102405,0.1025096,0.0966143,0.1038693,0.1125268,0.1232223,0.1418319,0.1652682,0.167779,0.1655622,0.1681332,0.1583244,0.1378958,0.1310931,0.1225669,0.1174984,0.1085685,0.1161921,0.1245535,0.1360924
Tricolored Blackbird,0.0002422,0.0003555,0.0002629,0.0003895,0.000415,0.0001814,0.0003112,0.0006005,0.0003339,0.0004963,0.0009149,0.0018815,0.0011314,0.0011965,0.0009876,0.0008964,0.0009105,0.0012896,0.0014316,0.0013461,0.0014396,0.0010127,0.0009989,0.0006773,0.0007137,0.0014311,0.0010945,0.0007644,0.0009981,0.0002331,0.0001297,0.0001426,9.22e-05,0.0001032,4.95e-05,6.26e-05,2.5e-05,5.18e-05,2.95e-05,0.0001052,0.0002761,0.0002814,0.0002708,0.0002418,0.0003879,0.0002829,0.0003175,0.000138
Brown-headed Cowbird,0.0055561,0.0059186,0.0045911,0.0057332,0.0045864,0.0040642,0.0038837,0.0045498,0.0051125,0.0046694,0.0061398,0.0092814,0.0159593,0.0354339,0.0830532,0.155793,0.2184431,0.2452132,0.2596543,0.2522065,0.2373945,0.2210516,0.2078452,0.19661,0.1812971,0.1567451,0.1106247,0.0727922,0.0652261,0.0610448,0.0567648,0.043166,0.0230168,0.0111762,0.0080432,0.0062409,0.0050494,0.0038828,0.005758,0.0054493,0.0057974,0.0059383,0.0049039,0.0044625,0.0042962,0.0051857,0.0054246,0.0042594
Rusty Blackbird,0.0006359,0.0010248,0.0006472,0.0018383,0.0007426,0.0002722,0.0002977,0.000485,6.26e-05,0.0002707,0.0006099,0.0001404,0.0,0.0,0.0,0.0,0.0,0.0,0.0,0.0,0.0,0.0,0.0,0.0015,0.0,0.0,0.0,0.0,0.0,0.0,0.0,0.0,0.0,0.0,0.0,6.26e-05,7.5e-05,0.0001294,0.0002362,0.0004839,0.0010215,0.001576,0.0004513,0.0003957,0.0006265,0.0015714,0.0011643,0.0002932
Brewer's Blackbird,0.0282349,0.0282966,0.0277694,0.0276843,0.0247882,0.022825,0.0223007,0.0287766,0.0305288,0.0345582,0.0417387,0.0480356,0.0527016,0.0697972,0.0772795,0.0821194,0.0881837,0.0952511,0.1019902,0.101543,0.1006132,0.1003895,0.0902091,0.0820768,0.0706098,0.0665093,0.0584526,0.0532612,0.048932,0.0499081,0.0520431,0.0525228,0.0536599,0.0557262,0.0563269,0.0502192,0.0425697,0.0391644,0.0375303,0.0376191,0.0351986,0.0345041,0.0316496,0.0286876,0.0287607,0.0275002,0.0272022,0.0264011
Common Grackle,7.57e-05,0.0003137,0.0015,0.0,0.0005242,0.0,0.0,0.0,0.0015,2.26e-05,0.0015,0.0015,0.0015,0.0,9.5e-05,4.2e-05,1.63e-05,0.0001214,8.73e-05,0.0,1.78e-05,5.84e-05,2.08e-05,0.0,0.0015,0.0,0.0,0.0,0.0,0.0,0.0015,0.0,0.0,0.0,0.0,0.0,0.0,0.0015,0.0015,0.0,2.76e-05,0.0,0.0,0.0,0.0,0.0005971,0.0002911,3.45e-05
Great-tailed Grackle,0.000106,0.0002091,0.0002832,0.0003272,0.0001529,0.0001633,4.06e-05,4.62e-05,0.0001461,2.26e-05,6.1e-05,5.62e-05,0.0015,0.0015,5.7e-05,1.4e-05,1.63e-05,0.0015,0.0015,6.35e-05,0.0003732,5.84e-05,4.16e-05,1.78e-05,8.92e-05,5.02e-05,0.0001042,1.91e-05,0.0,0.0004144,0.0002075,0.0002673,9.22e-05,0.0015,0.0,0.0,0.0,0.0,5.91e-05,4.21e-05,2.76e-05,0.0012383,0.0006017,0.0001099,2.98e-05,3.14e-05,0.0,1.72e-05
Ovenbird,0.0,0.0,0.0,0.0,0.0,0.0,0.0,0.0,0.0,0.0,0.0,0.0,0.0,0.0,0.0,0.0015,0.0,0.0,0.0,0.0015,0.0001422,0.0001168,2.08e-05,8.91e-05,0.0015,0.0015,0.0,0.0,0.0,0.0,0.0,0.0,2.3e-05,7.74e-05,0.0015,0.0,0.0,0.0,0.0,2.1e-05,0.0,0.0,0.0015,0.0015,0.0015,3.14e-05,0.0,3.45e-05
Northern Waterthrush,0.0008932,0.0011712,0.0014764,0.0007634,0.000677,0.0005262,0.000406,0.000739,0.0002713,0.0001805,0.0001626,8.42e-05,0.0001985,2.1e-05,5.7e-05,0.0,0.0,4.55e-05,0.0006634,0.0017271,0.0018128,0.0019669,0.0024555,0.0017823,0.0011597,0.000477,0.0003648,0.0002102,0.0002745,0.0004921,0.0008043,0.0022456,0.0014285,0.0011357,0.0002227,0.000167,0.0001,0.0005954,0.0003543,0.0001052,0.0006902,0.0010695,0.0012335,0.0014509,0.0011934,0.0009429,0.0008997,0.0006725
Golden-winged Warbler,0.0,0.0,0.0,0.0,0.0,0.0,0.0,0.0,0.0,0.0,0.0,0.0,0.0,0.0,0.0,0.0,0.0,0.0,0.0,0.0,0.0,0.0,0.0,0.0,0.0,0.0,0.0,0.0,0.0,0.0,0.0015,0.0,0.0,0.0015,0.0,0.0,0.0,0.0,0.0,0.0,0.0,0.0,0.0,0.0,0.0,0.0,0.0,0.0
Blue-winged Warbler,0.0,0.0,0.0,0.0,0.0,0.0,0.0,0.0,0.0,0.0,0.0,0.0,0.0,0.0,0.0,0.0,0.0,0.0,0.0,0.0,0.0,0.0,0.0,0.0015,0.0,0.0,0.0,0.0,4.99e-05,0.0,0.0,0.0,0.0,0.0,0.0015,0.0,0.0,0.0,0.0,0.0,0.0,0.0,0.0,0.0,0.0,0.0,0.0,0.0
Black-and-white Warbler,0.0005753,0.0002928,0.0001618,0.0015,0.0,0.0,0.0,0.0,2.09e-05,0.0,0.0015,0.0,0.0,0.0,1.9e-05,0.0,1.63e-05,0.0001517,3.49e-05,0.0003302,1.78e-05,0.0008569,0.0002705,0.0001426,2.23e-05,0.0,2.61e-05,0.0,0.0,0.0,5.19e-05,0.0002495,0.0001382,5.16e-05,0.0015,8.35e-05,0.0,0.0015,0.0,0.0,0.0,0.0,3.01e-05,0.0023082,0.000895,0.0001886,0.0005821,0.0002242
Prothonotary Warbler,0.0,0.0,0.0,0.0,0.0,0.0,0.0,0.0,0.0,0.0,0.0,0.0,0.0,0.0,0.0,0.0,0.0,0.0,0.0,0.0,0.0,0.0,0.0,0.0,0.0,0.0,0.0,0.0,0.0,0.0015,0.0,0.0,0.0015,0.0,0.0,0.0,0.0,0.0,5.91e-05,4.21e-05,5.52e-05,0.0,0.0,0.0,0.0,0.0,0.0,0.0
Tennessee Warbler,0.0,0.0,4.05e-05,0.0008569,0.0004368,0.0001089,8.12e-05,0.0001155,0.0,0.0,0.0,0.0,0.0,0.0,1.9e-05,0.0,1.63e-05,0.0,0.0015,0.0015,0.0,0.0,0.0,0.0,0.0,2.51e-05,5.21e-05,0.0,2.5e-05,0.0,0.0015,7.13e-05,0.0002074,0.000413,0.0001732,6.26e-05,0.0,5.18e-05,0.0015,0.0,5.52e-05,2.81e-05,0.0001203,8.79e-05,0.0015,0.0015,2.65e-05,0.0
Orange-crowned Warbler,0.0060557,0.0067552,0.0065125,0.0061226,0.0065301,0.0076749,0.0070772,0.0072981,0.007387,0.0068801,0.0092911,0.0201634,0.050002,0.0864646,0.1411316,0.1991428,0.2042824,0.1632226,0.1305342,0.0990031,0.088492,0.0852386,0.0872126,0.0853919,0.0680227,0.0446659,0.033904,0.0288188,0.0295189,0.0341871,0.0435076,0.0691511,0.0851784,0.0871125,0.0800851,0.0503235,0.0278215,0.0185856,0.0108664,0.0088367,0.0069293,0.0076832,0.0079425,0.0085513,0.0073692,0.0070715,0.0092085,0.0083118
Lucy's Warbler,0.0,0.0,0.0,0.0,0.0,0.0,0.0,0.0,0.0,0.0,0.0,0.0,0.0,0.0,0.0,0.0,0.0,0.0,0.0,0.0,0.0,0.0,0.0,0.0,0.0,0.0,0.0,0.0,0.0,0.0,0.0,0.0,0.0,0.0,2.47e-05,0.0,0.0,0.0,0.0,0.0,5.52e-05,0.0,0.0,0.0,0.0,0.0,0.0,0.0
Nashville Warbler,7.57e-05,8.37e-05,6.07e-05,3.12e-05,8.74e-05,3.63e-05,0.0,0.0,0.0,0.0,0.0,0.0,1.98e-05,0.0006717,0.0106737,0.0355202,0.0445958,0.0407525,0.0426327,0.0368912,0.0317604,0.0320351,0.0284466,0.0227783,0.0148981,0.0075071,0.0063326,0.0066314,0.0072363,0.0089353,0.0088727,0.0099093,0.007534,0.0042072,0.0016086,0.000647,0.000375,0.0002071,0.0004134,0.0001894,2.76e-05,8.44e-05,0.0,6.59e-05,0.0001193,0.0015,0.0001588,1.72e-05
MacGillivray's Warbler,1.51e-05,0.0,4.05e-05,7.79e-05,4.37e-05,1.81e-05,1.35e-05,0.0,0.0,0.0,0.0,1.4e-05,0.0,8.4e-05,0.0007217,0.0056166,0.0184041,0.0328175,0.0500524,0.0603213,0.0556652,0.0583252,0.0521486,0.047838,0.0388064,0.02807,0.0215777,0.0163396,0.0169428,0.0176893,0.0163964,0.0191948,0.0180402,0.0120538,0.0061376,0.0017742,0.00025,0.0002071,0.0,2.1e-05,0.0,0.0,0.0001203,6.59e-05,2.98e-05,6.29e-05,0.0,0.0
Mourning Warbler,0.0,0.0,0.0,0.0,0.0,0.0,0.0,0.0,0.0,0.0,0.0,0.0,0.0,0.0,0.0,0.0,0.0,0.0,0.0,0.0015,0.0,0.0,0.0,0.0,0.0,0.0,0.0,0.0,0.0,0.0,0.0,0.0015,0.0,0.0,0.0,0.0,0.0,0.0,0.0,0.0,0.0,0.0,0.0,0.0,0.0,0.0,0.0,0.0
Common Yellowthroat,0.0003482,0.0001882,0.0002629,0.0003739,0.0002621,0.000127,0.0001083,0.0003002,0.0002087,0.0002481,0.0004269,0.0070347,0.0292787,0.0741845,0.1149032,0.1440977,0.1545002,0.154013,0.1545042,0.1596038,0.1476584,0.1501071,0.1534908,0.1449578,0.1368482,0.1433629,0.1257134,0.0979227,0.0855874,0.0852866,0.0944091,0.1028356,0.1035412,0.0959657,0.0874601,0.0558339,0.0246219,0.0093705,0.0038091,0.0019357,0.0008282,0.0004784,0.0008123,0.0006595,0.0004177,0.00044,0.0003705,0.0003276
Hooded Warbler,3.03e-05,0.0,0.0,3.12e-05,0.0015,0.0,0.0,2.31e-05,0.0,0.0015,0.0,0.0015,0.0015,0.0,0.0,0.0,0.0,0.0,8.73e-05,0.0,1.78e-05,3.89e-05,0.0,0.0,0.0005353,0.000226,0.0,1.91e-05,7.49e-05,5.18e-05,2.59e-05,5.35e-05,0.0,0.0,0.0,0.0,0.0,0.0,0.0,0.0,0.0015,0.0014072,0.0003309,8.79e-05,5.97e-05,6.29e-05,0.000344,0.0001207
American Redstart,0.0,0.0,0.0,0.0,0.0,0.0,0.0,0.0,0.0,0.0,0.0,0.0,0.0,0.0,0.0,0.0,0.0,7.59e-05,0.0006634,0.003759,0.0084244,0.0093476,0.0086984,0.0077175,0.0050627,0.0027116,0.0019284,0.0007835,0.0009732,0.0006216,0.0007524,0.0021922,0.0016358,0.0008776,0.000198,6.26e-05,0.0,7.77e-05,0.0,2.1e-05,0.0,0.0,0.0,2.2e-05,0.0,0.0,0.0,0.0
Cape May Warbler,0.0,6.27e-05,0.0,0.0,0.0015,0.0015,1.35e-05,0.0,0.0,0.0,0.0,0.0,0.0,0.0,0.0,0.0,0.0,0.0,0.0,0.0,0.0,0.0,0.0,0.0,0.0,0.0,0.0,0.0,0.0,0.0,0.0,0.0,0.0,0.0,0.0015,0.0,0.0,0.0,0.0,0.0,0.0,0.0,0.0,0.0,0.0,0.0,0.0,0.0
Northern Parula,0.0,0.0,0.0,0.0,2.18e-05,0.0,0.0,0.0,0.0,0.0,0.0,0.0002668,3.97e-05,0.0,0.0,0.0,0.0,0.0,0.0,0.0001016,3.55e-05,0.0002142,0.0002913,0.0001782,8.92e-05,0.0015,0.0,5.73e-05,0.0003493,0.000259,2.59e-05,0.0001604,0.0001382,5.16e-05,2.47e-05,0.0,0.0,0.0,0.0,0.0,0.0,0.0,0.0,0.0,0.0,3.14e-05,0.0001588,0.0
Magnolia Warbler,0.0,0.0,0.0,0.0,0.0,0.0,0.0,0.0,0.0,0.0,0.0,0.0,0.0,0.0,0.0,0.0,0.0,0.0,0.0,1.27e-05,7.11e-05,3.89e-05,0.0014359,7.13e-05,0.0,0.0,0.0,0.0,0.0,0.0,0.0,0.0015,0.0001152,0.0001549,7.42e-05,2.09e-05,0.0015,0.0,0.0,2.1e-05,0.0,0.0,0.0,4.4e-05,0.0,0.0,0.0,0.0
Bay-breasted Warbler,0.0,0.0,0.0,0.0,0.0,0.0,0.0,0.0,0.0,0.0,0.0,0.0,0.0,0.0,0.0,0.0,0.0,0.0,0.0,1.27e-05,0.0015,0.0001558,2.08e-05,3.56e-05,4.46e-05,5.02e-05,0.0,0.0,0.0,0.0,0.0,0.0,0.0,0.0,2.47e-05,0.0,0.0,0.0,0.0,0.0,0.0,0.0,0.0,0.0,0.0,0.0,0.0,0.0
Blackburnian Warbler,0.0,0.0,0.0,0.0,0.0,0.0,0.0,0.0,0.0,0.0,0.0,0.0,0.0,0.0,0.0,0.0,0.0,0.0,0.0015,0.0015,0.0,0.0,0.0,0.0015,0.0,0.0,0.0,0.0,0.0,0.0,0.0,5.35e-05,0.0,0.0015,2.47e-05,6.26e-05,0.0,0.0,0.0015,0.0,2.76e-05,0.0,0.0003911,0.0,2.98e-05,0.0,0.0,0.0
Northern Yellow Warbler,0.0001211,2.09e-05,2.02e-05,0.0,2.18e-05,0.0,0.0,0.0,0.0,0.0,0.0,0.0,0.0,0.0,0.0005698,0.0225783,0.0944267,0.1665453,0.2219623,0.2312274,0.1981872,0.1823564,0.1698887,0.1514455,0.1180249,0.0961611,0.0756261,0.0597206,0.0625062,0.0675455,0.0627319,0.0688303,0.0672304,0.0547196,0.0360334,0.0146942,0.0048244,0.0019414,0.0007677,0.0003577,0.0003037,8.44e-05,0.0001504,0.0001319,8.95e-05,3.14e-05,0.0,1.72e-05
Chestnut-sided Warbler,0.0,0.0,0.0,0.0,0.0,0.0,0.0,0.0,0.0,0.0,0.0,0.0,0.0,0.0,0.0,0.0,0.0,0.0,0.0,0.0,0.00016,0.0016164,0.000978,0.0002852,8.92e-05,0.0,0.0,0.0,0.0,2.59e-05,7.78e-05,0.0001604,0.0005299,0.0003614,0.0004455,4.17e-05,5e-05,0.0,2.95e-05,0.0,0.0,0.0,0.0,0.0,0.0,0.0,0.0,0.0
Blackpoll Warbler,0.0,0.0,0.0,0.0,0.0,0.0,0.0,0.0,0.0,0.0,0.0,0.0,0.0,0.0,0.0,0.0,0.0,0.0,1.75e-05,5.08e-05,0.0,0.0,0.0015,1.78e-05,0.0,0.0,0.0,0.0,0.0,0.0,0.0,5.35e-05,0.0002304,0.0006969,0.0015,0.0001879,0.0,0.0,0.0,0.0,0.0,0.0,0.0,0.0,0.0,0.0,0.0,0.0
Black-throated Blue Warbler,7.57e-05,6.27e-05,0.0015,0.0015,0.0015,1.81e-05,0.0,0.0,0.0015,2.26e-05,0.0015,0.0002106,0.0002977,0.0,0.0,0.0,0.0,0.0,0.0,0.0,0.0001066,0.0001168,0.0,0.0,0.0,0.0,0.0,0.0,0.0,0.0,0.0,0.0,0.0,0.0,0.0015,0.0015,0.0015,0.0006989,2.95e-05,0.0015,0.0006626,0.0002814,0.0007521,8.79e-05,2.98e-05,3.14e-05,0.0001058,0.0001552
Palm Warbler,0.0006964,0.0007529,0.0008495,0.0006387,0.0004586,0.0003084,0.0001624,0.0002771,0.0001461,0.0002256,0.0002033,9.83e-05,5.95e-05,8.4e-05,3.8e-05,1.4e-05,1.63e-05,6.07e-05,3.49e-05,0.0,0.0,0.0,0.0,0.0015,0.0,0.0,0.0,0.0,0.0,0.0,0.0,0.0,0.0,0.0001807,0.0006187,0.0015863,0.0010499,0.0009836,0.0018603,0.0027141,0.0018773,0.0027581,0.0012636,0.0006815,0.0009249,0.0010371,0.001032,0.0009657
Yellow-rumped Warbler,0.0653717,0.0693297,0.0729729,0.0759332,0.080567,0.0768938,0.067254,0.0873923,0.0901674,0.0996143,0.1119401,0.1351344,0.1548493,0.1988748,0.2729759,0.320144,0.2722735,0.1882264,0.132699,0.0957775,0.0829468,0.0878092,0.0911039,0.086693,0.0789509,0.0623415,0.0532666,0.0435913,0.0414213,0.0415685,0.0434557,0.058725,0.0933576,0.1350954,0.1793006,0.2140263,0.2145982,0.1815076,0.1413512,0.1101433,0.0859951,0.0846279,0.0833058,0.0765663,0.0715138,0.0737318,0.071816,0.0723745
Yellow-throated Warbler,6.06e-05,0.0015,2.02e-05,0.0,0.0,0.0,0.0,0.0,0.0,0.0,0.0,0.0,0.0,0.0,0.0,0.0,0.0,0.0,0.0,0.0,0.0,0.0,0.0,0.0,0.0,0.0,0.0,0.0,0.0,0.0,0.0,0.0,0.0,0.0,0.0,0.0,0.0,0.0,0.0,0.0,0.0,0.0,0.0,0.0,0.0,6.29e-05,0.0008997,0.000138
Prairie Warbler,0.0,0.0,0.0,0.0,0.0,0.0,0.0,0.0,0.0,0.0,0.0,0.0,0.0,0.0,0.0,0.0,0.0,0.0,0.0,0.0,0.0,0.0,0.0,0.0,0.0,0.0,0.0,0.0,0.0,0.0,0.0,0.0,0.0,0.0,0.0,0.0,0.0,0.0,2.95e-05,0.0,2.76e-05,0.0,0.0,0.0,0.0,0.0,0.0,0.0
Black-throated Gray Warbler,0.0,4.18e-05,0.0,0.0,0.0,3.63e-05,0.0,0.0,0.0,0.0,0.0,2.81e-05,0.0002382,0.0036106,0.0266272,0.0601154,0.0777948,0.0692156,0.0599337,0.0507842,0.0446281,0.0470107,0.0450942,0.0419741,0.0359293,0.0272415,0.0192323,0.0159956,0.0178661,0.0204346,0.0253989,0.0328111,0.0388452,0.0346127,0.0326429,0.018493,0.0064242,0.0021226,0.000561,0.0002525,0.0001932,0.0001407,3.01e-05,2.2e-05,0.0001492,0.0,5.29e-05,0.0
Townsend's Warbler,0.0217401,0.0225871,0.021904,0.0197233,0.0210972,0.0302458,0.0303116,0.0197695,0.0165895,0.0166926,0.0156952,0.0160353,0.0164754,0.0138755,0.0157636,0.0279147,0.0447259,0.053831,0.0581006,0.0505429,0.0399893,0.043408,0.0428884,0.0433109,0.0343459,0.0246554,0.0181638,0.0153649,0.0159198,0.0190878,0.0220262,0.0280169,0.0295832,0.0293214,0.0266043,0.023732,0.0197975,0.019181,0.0169492,0.0157378,0.0160395,0.016858,0.0178405,0.0182458,0.0187064,0.0229116,0.0283136,0.0256424
Hermit Warbler,0.0,0.0,0.0,0.0002337,0.0001092,0.0015,4.06e-05,2.31e-05,0.0,0.0,0.0,0.0,0.0,0.0,7.6e-05,0.0007704,0.0020485,0.0036565,0.0041027,0.005194,0.0041411,0.0047322,0.0048278,0.0050084,0.0042375,0.003264,0.0019545,0.0017773,0.0014972,0.0017353,0.0017642,0.0013902,0.0010829,0.000413,0.000198,0.0001461,2.5e-05,0.0,0.0,0.0,0.0,0.0,0.0,0.0,0.0,3.14e-05,0.0,0.0
Black-throated Green Warbler,0.0,0.0,0.0,0.0,0.0,0.0,0.0,0.0,0.0,0.0,0.0,0.0,0.0,0.0,0.0,0.0,0.0,0.0,0.0,0.0,0.0,0.0015,0.0,0.0,0.0015,0.0,0.0,0.0,0.0,0.0,0.0,0.0,0.0,0.0,0.0,0.0,0.0,0.0,0.0,0.0,0.0,0.0006754,6.02e-05,0.0003297,0.0006862,0.0002514,0.0001323,0.0
Canada Warbler,0.0,0.0,0.0,0.0,0.0,0.0,0.0,0.0,0.0,0.0,0.0,0.0,0.0,0.0,0.0,0.0,0.0,0.0,0.0,0.0,0.0,0.0,0.0,0.0,0.0,0.0,0.0,0.0,0.0,0.0,0.0,0.0,0.0005299,0.0002581,0.0,0.0,0.0,0.0,0.0,0.0,0.0,0.0,0.0,0.0,0.0,0.0,0.0,0.0
Wilson's Warbler,0.0001514,8.37e-05,2.02e-05,9.35e-05,0.0,1.81e-05,0.0015,2.31e-05,0.0,2.26e-05,0.0,0.0,9.92e-05,0.0001889,0.0059066,0.0717267,0.1831632,0.2108178,0.2237605,0.1849387,0.1322847,0.1058423,0.1013006,0.1046769,0.0903921,0.0653544,0.0444323,0.0441264,0.0471604,0.0475512,0.051602,0.0671728,0.0613091,0.0446016,0.0261341,0.0115216,0.0035496,0.0011131,0.000502,0.0003366,0.0005521,0.000788,0.0007822,0.0005496,0.000358,0.0001886,0.0002911,8.62e-05
Painted Redstart,0.0,0.0,0.0,0.0,0.0,0.0,0.0,0.0,0.0,0.0,0.0,0.0,0.0,0.0,0.0,0.0,0.0,0.0,0.0,0.0,0.0,0.0,0.0,0.0,0.0,0.0,0.0,0.0,0.0,0.0,0.0,0.0002495,0.0003456,7.74e-05,4.95e-05,0.0,0.0,0.0,0.0,0.0,0.0,0.0,0.0,0.0,0.0,0.0015,0.0,0.0
Summer Tanager,0.0009841,0.0015,0.0,0.0,0.0,0.0,0.0,0.0,0.0,0.0,0.0,0.0,0.0,0.0,0.0,0.0,0.0,0.0,0.0,0.0,0.0,0.0,0.0015,0.0015,0.0,0.0,0.0,0.0,0.0,0.0,0.0,0.0,0.0,0.0,0.0,0.0,0.0,0.0,0.0,0.0,8.28e-05,0.0,0.0,2.2e-05,0.0002088,0.0005971,0.0,0.0
Scarlet Tanager,0.0,0.0,0.0,0.0,0.0,0.0,0.0,0.0,0.0,0.0,0.0,0.0,0.0,0.0,0.0,0.0,0.0,0.0,0.0,0.0,0.0015,0.0,0.0,0.0,0.0,0.0,0.0,0.0,0.0,0.0,0.0,0.0,0.0,0.0,0.0,0.0,0.0,0.0,0.0,0.0,0.0,0.0,0.0,0.0,0.0,0.0,0.0,0.0
Western Tanager,0.0001817,8.37e-05,0.0001214,7.79e-05,4.37e-05,9.07e-05,0.0001218,6.93e-05,0.0001043,2.26e-05,4.07e-05,4.21e-05,9.92e-05,0.0001679,0.0005128,0.0118074,0.0718768,0.1391443,0.1849686,0.1822211,0.1577002,0.1519766,0.1488919,0.1426229,0.1359784,0.1189334,0.1065593,0.0789841,0.0658,0.0602937,0.0658711,0.0789178,0.0741654,0.0521643,0.0298463,0.012607,0.0025997,0.0011131,0.0004725,0.0002735,0.0005245,0.0004784,0.0002708,0.0001539,0.000179,0.0001886,0.0002117,0.0003449
Rose-breasted Grosbeak,0.0004693,0.000251,0.0015,0.0,0.0,1.81e-05,2.71e-05,4.62e-05,0.0,2.26e-05,0.0,9.83e-05,7.94e-05,0.0,0.0,0.0,0.0015,7.59e-05,0.0001571,0.0003429,8.89e-05,0.0004674,0.0002497,7.13e-05,0.000223,0.0001004,2.61e-05,0.0015,0.0015,0.0,2.59e-05,7.13e-05,0.0001152,7.74e-05,0.0002227,0.0001044,2.5e-05,0.0,0.0004134,8.42e-05,0.0,0.0,0.0,0.0001539,0.0,0.0015,2.65e-05,0.0009312
Black-headed Grosbeak,0.0,0.0,0.0015,0.0015,0.0015,0.0,0.0,0.0,0.0,0.0,2.03e-05,2.81e-05,3.97e-05,6.3e-05,9.5e-05,0.0099025,0.0895331,0.2064027,0.2829784,0.3142422,0.2994579,0.2764362,0.2626574,0.2273732,0.1854454,0.1513219,0.1287885,0.1096375,0.0978142,0.0846391,0.0713711,0.0504019,0.0307122,0.0133443,0.0044794,0.0010645,0.0004249,0.0002847,5.91e-05,6.31e-05,2.76e-05,2.81e-05,3.01e-05,0.0,8.95e-05,0.0002514,0.0001852,1.72e-05
Blue Grosbeak,0.0,0.0,0.0,0.0,0.0,0.0,0.0,0.0,0.0,0.0,0.0,0.0,0.0,0.0,0.0,0.0,0.0,0.0,0.0,0.0,0.0,0.0,0.0011653,0.0,0.0,0.0,0.0,0.0,0.0,0.0,0.0,0.0015,0.0,0.0,0.0,0.0,0.0,0.0,2.95e-05,4.21e-05,0.0,0.0,0.0015,0.0,0.0,0.0,0.0,0.0
Lazuli Bunting,0.0,0.0,0.0,0.0,0.0,0.0,0.0,0.0,0.0,0.0,0.0,0.0,0.0,0.0,0.0,0.0015687,0.0135592,0.0397815,0.0650663,0.0832942,0.0872834,0.0814606,0.0778483,0.0653941,0.0515188,0.0441387,0.0333307,0.0209452,0.0165685,0.0131051,0.0091062,0.008127,0.0049305,0.0020649,0.0004702,0.000167,7.5e-05,2.59e-05,0.0,0.0,0.0,0.0,0.0,0.0,2.98e-05,0.0,0.0,0.0
Indigo Bunting,0.0,0.0,0.0,0.0,0.0015,0.0,0.0,0.0,0.0,4.51e-05,2.03e-05,7.02e-05,0.0001588,2.1e-05,0.0,0.0015,0.0015,0.0,1.75e-05,0.0003048,0.0003199,0.0014021,0.0012694,0.0011229,0.0004237,0.0003013,0.0001564,5.73e-05,4.99e-05,0.0015,0.0015,3.56e-05,2.3e-05,0.0015,0.0,0.0,5e-05,0.0003883,0.0004134,0.0,0.0,0.0,3.01e-05,0.0,0.0,0.0,0.0003969,8.62e-05
Painted Bunting,0.0,0.0,0.0,0.0,0.0,0.0,0.0015,0.0015,2.09e-05,0.0015,0.0015,0.0015,0.0,0.0,0.0,0.0,0.0,0.0,0.0,0.0,0.0,0.0,0.0,0.0,6.69e-05,0.000226,5.21e-05,3.82e-05,2.5e-05,0.0,0.0,0.0,0.0,0.0,0.0,6.26e-05,0.0,0.0,0.0001476,0.0001683,0.0,0.0,0.0009928,0.0003737,0.0015,0.0,0.0,0.0
Dickcissel,6.06e-05,0.0004392,0.0,0.0,0.0,0.0,0.0015,2.31e-05,2.09e-05,2.26e-05,2.03e-05,0.0,0.0,0.0,0.0,0.0,0.0,0.0,0.0,2.54e-05,0.0006043,5.84e-05,0.0,0.0,0.0,0.0,0.0,0.0,0.0,0.0,0.0,0.0,0.0015,0.0,0.0,0.0,0.0,0.0015,0.0003839,0.0001683,0.0,0.000197,0.0,0.0,0.0,0.0,0.0001323,0.0002759
